feedback_id,submitted_at,user_id,hotspot_id,location,metro,rating,category,feedback_text,platform,status,source,cleaned_text,token_count,dominant_topic,topic_confidence,topic_probabilities
FB0001,2026-04-01T12:06:30Z,USER141,H011,Waterkloof Ridge,Gauteng,2,Incident Reporting,Adding a location while reporting was difficult on my phone and I had to repeat the process. Please save unfinished reports automatically.,Web,resolved,mock,adding location reporting difficult phone repeat process save unfinished reports automatically,11,topic_1,0.505055,"[0.505055, 0.005051, 0.005051, 0.005052, 0.005051, 0.459587, 0.005051, 0.005051, 0.005052]"
FB0002,2026-04-02T19:02:04Z,USER131,H014,Centurion Central,Gauteng,2,Incident Reporting,The form cleared my description before the report was sent during a stressful situation. A clear confirmation screen would make reporting easier.,Web,reviewed,mock,form cleared description report sent stressful situation clear confirmation screen reporting easier,12,topic_4,0.541179,"[0.004632, 0.00463, 0.00463, 0.541179, 0.004631, 0.00463, 0.00463, 0.00463, 0.426409]"
FB0003,2026-04-03T09:16:59Z,USER058,H010,Bedfordview,Gauteng,3,Incident Reporting,I was unsure whether my report had been submitted successfully despite having a stable internet connection. A clear confirmation screen would make reporting easier. This area mainly receives home invasion warnings.,iOS,resolved,mock,unsure whether report submitted successfully despite stable internet connection clear confirmation screen reporting easier home invasion warnings,17,topic_1,0.488632,"[0.488632, 0.003268, 0.003268, 0.48849, 0.003268, 0.003268, 0.003268, 0.003268, 0.003269]"
FB0004,2026-04-03T14:45:16Z,USER172,H010,Bedfordview,Gauteng,5,Positive Experience,The neighbourhood chat helped residents coordinate effectively while keeping the community informed. I would recommend this feature to other neighbourhood groups. This area mainly receives home invasion warnings.,Android,resolved,mock,neighbourhood chat helped residents coordinate effectively keeping community informed recommend feature neighbourhood groups home invasion warnings,16,topic_3,0.972216,"[0.003473, 0.003473, 0.972216, 0.003473, 0.003475, 0.003473, 0.003473, 0.003473, 0.003473]"
FB0005,2026-04-04T01:59:36Z,USER174,H007,Garsfontein,Gauteng,2,Safety Alerts,Several alerts appeared together instead of arriving in real time when residents needed immediate information. Please make urgent notifications faster and more reliable.,Web,new,mock,several alerts appeared together instead arriving real time residents needed immediate information urgent notifications faster reliable,16,topic_3,0.972221,"[0.003472, 0.003472, 0.972221, 0.003472, 0.003472, 0.003472, 0.003473, 0.003473, 0.003472]"
FB0006,2026-04-04T05:02:21Z,USER092,H007,Garsfontein,Gauteng,2,Safety Alerts,The safety alert arrived long after the incident was reported when residents needed immediate information. Critical warnings should be prioritised over ordinary updates.,Web,new,mock,safety alert arrived long incident reported residents needed immediate information critical warnings prioritised ordinary updates,15,topic_1,0.592853,"[0.592853, 0.003833, 0.380322, 0.003832, 0.003832, 0.003832, 0.003833, 0.003831, 0.003832]"
FB0007,2026-04-04T13:37:19Z,USER030,H005,Sea Point,Cape Town,3,Location Accuracy,The street name and map marker did not match which made the warning confusing. Showing both the street and nearest landmark would improve accuracy.,Mobile Web,reviewed,mock,street name map marker match made warning confusing showing street nearest landmark accuracy,13,topic_6,0.696591,"[0.004274, 0.004274, 0.004274, 0.004274, 0.273494, 0.696591, 0.004274, 0.004274, 0.004274]"
FB0008,2026-04-04T15:06:18Z,USER036,H003,Bryanston,Gauteng,3,Community Chat,It is difficult to distinguish verified updates from general discussion although moderation controls are still needed. Verified security updates should be visually distinct. This area mainly receives home invasion warnings.,Web,reviewed,mock,difficult distinguish verified updates general discussion although moderation controls still needed verified security updates visually distinct home invasion warnings,19,topic_2,0.835936,"[0.002925, 0.835936, 0.002925, 0.143591, 0.002924, 0.002925, 0.002924, 0.002925, 0.002925]"
FB0009,2026-04-04T19:00:51Z,USER046,H005,Sea Point,Cape Town,3,Location Accuracy,A nearby incident was assigned to the wrong community causing unnecessary concern in another neighbourhood. Allow reporters to adjust the pin before submitting. This area mainly receives vehicle theft warnings.,Web,resolved,mock,nearby incident assigned wrong community causing unnecessary concern another neighbourhood allow reporters adjust pin submitting vehicle theft warnings,18,topic_6,0.584473,"[0.003087, 0.003087, 0.003087, 0.003087, 0.393919, 0.584473, 0.003087, 0.003087, 0.003087]"
FB0010,2026-04-05T02:34:50Z,USER013,H002,Somerset West,Cape Town,2,Community Chat,The chat helped residents share information about a recent concern without requiring a separate messaging application. Verified security updates should be visually distinct. This area mainly receives home invasion warnings.,Android,reviewed,mock,chat helped residents share information recent concern without requiring separate messaging application verified security updates visually distinct home invasion warnings,20,topic_2,0.491991,"[0.002779, 0.491991, 0.002779, 0.00278, 0.002778, 0.002778, 0.002778, 0.488558, 0.002779]"
FB0011,2026-04-05T08:41:17Z,USER084,H012,Menlo Park,Gauteng,1,Location Accuracy,The street name and map marker did not match when accurate directions were particularly important. Allow reporters to adjust the pin before submitting.,Web,resolved,mock,street name map marker match accurate directions particularly important allow reporters adjust pin submitting,14,topic_6,0.968254,"[0.003968, 0.003968, 0.003968, 0.003968, 0.003968, 0.968254, 0.003968, 0.003968, 0.003968]"
FB0012,2026-04-05T19:13:02Z,USER009,H005,Sea Point,Cape Town,2,Safety Alerts,The notification was delayed and lacked a clear incident time during a period of increased neighbourhood activity. A delivery timestamp would help residents judge whether an alert is current.,Mobile Web,resolved,mock,notification delayed lacked clear incident time period increased neighbourhood activity delivery timestamp help residents judge whether alert current,18,topic_3,0.975305,"[0.003088, 0.003087, 0.975305, 0.003087, 0.003087, 0.003087, 0.003086, 0.003086, 0.003087]"
FB0013,2026-04-05T23:00:13Z,USER021,H001,Rondebosch,Cape Town,3,Application Performance,Messages occasionally appear only after I refresh the browser on a normal mobile connection. Older messages should load only when requested.,Mobile Web,reviewed,mock,messages occasionally appear refresh browser normal mobile connection older messages load requested,12,topic_4,0.921345,"[0.00463, 0.00463, 0.00463, 0.921345, 0.00463, 0.046246, 0.00463, 0.004631, 0.00463]"
FB0014,2026-04-06T00:46:50Z,USER093,H002,Somerset West,Cape Town,1,Safety Alerts,Several alerts appeared together instead of arriving in real time when residents needed immediate information. A delivery timestamp would help residents judge whether an alert is current.,iOS,resolved,mock,several alerts appeared together instead arriving real time residents needed immediate information delivery timestamp help residents judge whether alert current,20,topic_3,0.977776,"[0.002779, 0.002778, 0.977776, 0.002778, 0.002778, 0.002778, 0.002778, 0.002778, 0.002778]"
FB0015,2026-04-06T04:58:51Z,USER058,H004,Newlands,Cape Town,3,Application Performance,The application loads slowly when opening a busy community group during periods of heavy community activity. Please improve loading speed and automatic reconnection.,Web,resolved,mock,application loads slowly opening busy community group periods heavy community activity loading speed automatic reconnection,15,topic_7,0.420607,"[0.003704, 0.320127, 0.003704, 0.003704, 0.003704, 0.003704, 0.420607, 0.237043, 0.003704]"
FB0016,2026-04-06T12:31:34Z,USER117,H011,Waterkloof Ridge,Gauteng,2,Location Accuracy,The street name and map marker did not match causing unnecessary concern in another neighbourhood. Showing both the street and nearest landmark would improve accuracy.,Android,reviewed,mock,street name map marker match causing unnecessary concern another neighbourhood showing street nearest landmark accuracy,15,topic_6,0.970370,"[0.003704, 0.003704, 0.003704, 0.003704, 0.003704, 0.97037, 0.003704, 0.003704, 0.003704]"
FB0017,2026-04-06T20:28:07Z,USER161,H001,Rondebosch,Cape Town,4,Positive Experience,The location-based warnings are relevant and easy to understand and the information felt timely. Please continue improving the alert details.,iOS,resolved,mock,location based warnings relevant easy understand information felt timely continue improving alert details,13,topic_5,0.907311,"[0.004274, 0.004274, 0.004274, 0.004274, 0.907311, 0.004274, 0.062772, 0.004274, 0.004274]"
FB0018,2026-04-07T00:05:58Z,USER009,H014,Centurion Central,Gauteng,4,Community Chat,The chat helped residents share information about a recent concern when many residents post at the same time. Verified security updates should be visually distinct. This area mainly receives vehicle theft warnings.,Mobile Web,resolved,mock,chat helped residents share information recent concern many residents post time verified security updates visually distinct vehicle theft warnings,19,topic_2,0.421812,"[0.002925, 0.421812, 0.002926, 0.199467, 0.002926, 0.002924, 0.101587, 0.262508, 0.002925]"
FB0019,2026-04-07T02:53:13Z,USER104,H002,Somerset West,Cape Town,4,Positive Experience,The incident report was simple to submit and appeared quickly and the information felt timely. I would recommend this feature to other neighbourhood groups.,iOS,resolved,mock,incident report simple submit appeared quickly information felt timely recommend feature neighbourhood groups,13,topic_5,0.550217,"[0.004274, 0.004274, 0.374088, 0.004274, 0.550217, 0.004274, 0.050051, 0.004274, 0.004274]"
FB0020,2026-04-07T17:08:20Z,USER089,H007,Garsfontein,Gauteng,2,Privacy and Trust,Residents need confidence that private group messages remain private to build trust among community members. Please add a simple privacy notice near the submission form.,Web,reviewed,mock,residents need confidence private group messages remain private build trust among community members add simple privacy notice near submission form,20,topic_9,0.948783,"[0.002778, 0.002778, 0.002778, 0.002778, 0.002778, 0.002778, 0.031771, 0.002778, 0.948783]"
FB0021,2026-04-10T05:21:44Z,USER063,H001,Rondebosch,Cape Town,3,Privacy and Trust,I want clearer information about who can see my incident report to build trust among community members. Please add a simple privacy notice near the submission form.,iOS,new,mock,want clearer information see incident report build trust among community members add simple privacy notice near submission form,18,topic_9,0.939005,"[0.003087, 0.003087, 0.003087, 0.003087, 0.039388, 0.003087, 0.003087, 0.003086, 0.939005]"
FB0022,2026-04-10T09:21:24Z,USER101,H012,Menlo Park,Gauteng,4,Community Chat,Messages are easy to send but the conversation becomes cluttered when many residents post at the same time. Verified security updates should be visually distinct.,Mobile Web,new,mock,messages easy send conversation becomes cluttered many residents post time verified security updates visually distinct,15,topic_2,0.693639,"[0.003704, 0.693639, 0.046782, 0.237356, 0.003704, 0.003704, 0.003704, 0.003704, 0.003704]"
FB0023,2026-04-10T21:49:38Z,USER174,H011,Waterkloof Ridge,Gauteng,2,Application Performance,The interface becomes unresponsive after several alerts arrive which makes the service feel unreliable. A lightweight mobile mode would make the service more accessible.,iOS,reviewed,mock,interface becomes unresponsive several alerts arrive makes service feel unreliable lightweight mobile mode service accessible,15,topic_8,0.671554,"[0.003831, 0.003832, 0.003832, 0.301626, 0.003832, 0.003831, 0.003831, 0.671554, 0.003831]"
FB0024,2026-04-11T10:09:19Z,USER032,H010,Bedfordview,Gauteng,5,Positive Experience,Community alerts made it easier to avoid an affected route and the information felt timely. I would recommend this feature to other neighbourhood groups.,Android,new,mock,community alerts made easier avoid affected route information felt timely recommend feature neighbourhood groups,14,topic_5,0.622965,"[0.003968, 0.003969, 0.349254, 0.003969, 0.622965, 0.003968, 0.003969, 0.003968, 0.003968]"
FB0025,2026-04-12T15:50:06Z,USER036,H009,Fourways,Gauteng,4,Positive Experience,The incident report was simple to submit and appeared quickly without requiring technical knowledge. I would recommend this feature to other neighbourhood groups.,Mobile Web,resolved,mock,incident report simple submit appeared quickly without requiring technical knowledge recommend feature neighbourhood groups,14,topic_5,0.366605,"[0.003969, 0.003969, 0.319896, 0.003968, 0.366605, 0.003969, 0.003968, 0.289686, 0.003969]"
FB0026,2026-04-13T04:31:14Z,USER175,H001,Rondebosch,Cape Town,2,Location Accuracy,The location pin was too broad to identify the affected area which made the warning confusing. Allow reporters to adjust the pin before submitting.,iOS,reviewed,mock,location pin broad identify affected made warning confusing allow reporters adjust pin submitting,13,topic_5,0.518392,"[0.004274, 0.004274, 0.004274, 0.042683, 0.518392, 0.413284, 0.004274, 0.004274, 0.004274]"
FB0027,2026-04-13T09:56:35Z,USER047,H003,Bryanston,Gauteng,3,Location Accuracy,The alert location was missing a useful landmark and residents could not tell how close it was. Allow reporters to adjust the pin before submitting.,Web,new,mock,alert location missing useful landmark residents tell close allow reporters adjust pin submitting,13,topic_6,0.965810,"[0.004274, 0.004274, 0.004274, 0.004274, 0.004274, 0.96581, 0.004274, 0.004274, 0.004274]"
FB0028,2026-04-14T20:57:53Z,USER068,H010,Bedfordview,Gauteng,4,Privacy and Trust,I want clearer information about who can see my incident report because reports may contain personal details. Verified roles and clear retention rules would improve trust.,Android,resolved,mock,want clearer information see incident report reports may contain personal details verified roles clear retention rules trust,17,topic_9,0.973852,"[0.003268, 0.003268, 0.003268, 0.003268, 0.003269, 0.003268, 0.003269, 0.003268, 0.973852]"
FB0029,2026-04-15T01:33:59Z,USER017,H003,Bryanston,Gauteng,1,Safety Alerts,Important warnings sometimes disappear without being opened during a period of increased neighbourhood activity. Please make urgent notifications faster and more reliable.,Android,reviewed,mock,important warnings sometimes disappear without opened period increased neighbourhood activity urgent notifications faster reliable,14,topic_1,0.586608,"[0.586608, 0.003969, 0.385611, 0.003968, 0.003969, 0.003969, 0.003968, 0.003969, 0.003969]"
FB0030,2026-04-15T18:52:51Z,USER037,H003,Bryanston,Gauteng,3,Application Performance,Messages occasionally appear only after I refresh the browser which makes the service feel unreliable. Please improve loading speed and automatic reconnection. This area mainly receives home invasion warnings.,Android,new,mock,messages occasionally appear refresh browser makes service feel unreliable loading speed automatic reconnection home invasion warnings,16,topic_8,0.971319,"[0.003585, 0.003585, 0.003585, 0.003588, 0.003585, 0.003585, 0.003584, 0.971319, 0.003585]"
FB0031,2026-04-16T03:59:31Z,USER070,H013,Table View,Cape Town,5,Positive Experience,The location-based warnings are relevant and easy to understand while keeping the community informed. A weekly safety summary would make the service even more useful. This area mainly receives home invasion warnings.,iOS,reviewed,mock,location based warnings relevant easy understand keeping community informed weekly safety summary service even useful home invasion warnings,18,topic_5,0.554265,"[0.003176, 0.003175, 0.003176, 0.13202, 0.554265, 0.003176, 0.294662, 0.003175, 0.003176]"
FB0032,2026-04-17T17:18:28Z,USER036,H009,Fourways,Gauteng,2,Incident Reporting,The incident form takes too many steps to complete during a stressful situation. A clear confirmation screen would make reporting easier.,Web,resolved,mock,incident form takes many steps complete stressful situation clear confirmation screen reporting easier,13,topic_4,0.964439,"[0.004447, 0.004445, 0.004445, 0.964439, 0.004445, 0.004445, 0.004445, 0.004444, 0.004445]"
FB0033,2026-04-17T17:40:15Z,USER133,H005,Sea Point,Cape Town,2,Privacy and Trust,The application should explain how location information is stored because reports may contain personal details. Please add a simple privacy notice near the submission form.,iOS,reviewed,mock,application explain location information stored reports may contain personal details add simple privacy notice near submission form,17,topic_9,0.973853,"[0.003268, 0.003268, 0.003268, 0.003268, 0.003268, 0.003268, 0.00327, 0.003268, 0.973853]"
FB0034,2026-04-18T07:35:59Z,USER091,H014,Centurion Central,Gauteng,5,Positive Experience,The incident report was simple to submit and appeared quickly during a situation that could have caused confusion. Please continue improving the alert details. This area mainly receives vehicle theft warnings.,Mobile Web,new,mock,incident report simple submit appeared quickly situation caused confusion continue improving alert details vehicle theft warnings,16,topic_5,0.972220,"[0.003473, 0.003472, 0.003473, 0.003472, 0.97222, 0.003472, 0.003472, 0.003472, 0.003473]"
FB0035,2026-04-18T07:37:30Z,USER067,H013,Table View,Cape Town,1,Safety Alerts,Important warnings sometimes disappear without being opened during a period of increased neighbourhood activity. Critical warnings should be prioritised over ordinary updates. This area mainly receives home invasion warnings.,Android,reviewed,mock,important warnings sometimes disappear without opened period increased neighbourhood activity critical warnings prioritised ordinary updates home invasion warnings,18,topic_1,0.843560,"[0.84356, 0.003087, 0.104042, 0.003087, 0.033876, 0.003087, 0.003086, 0.003087, 0.003087]"
FB0036,2026-04-19T11:40:49Z,USER028,H012,Menlo Park,Gauteng,3,Application Performance,The page sometimes disconnects and takes too long to reconnect which makes the service feel unreliable. Please improve loading speed and automatic reconnection.,Web,reviewed,mock,page sometimes disconnects takes long reconnect makes service feel unreliable loading speed automatic reconnection,14,topic_8,0.539699,"[0.003969, 0.003968, 0.003968, 0.00397, 0.003968, 0.003968, 0.003968, 0.539699, 0.432521]"
FB0037,2026-04-19T18:19:50Z,USER055,H004,Newlands,Cape Town,2,Location Accuracy,The street name and map marker did not match which made the warning confusing. Allow reporters to adjust the pin before submitting. This area mainly receives home invasion warnings.,Android,resolved,mock,street name map marker match made warning confusing allow reporters adjust pin submitting home invasion warnings,16,topic_6,0.660717,"[0.003473, 0.003472, 0.003473, 0.110725, 0.207722, 0.660717, 0.003472, 0.003473, 0.003473]"
FB0038,2026-04-19T21:32:47Z,USER083,H008,Claremont,Cape Town,3,Incident Reporting,The reporting screen needs more incident categories during a stressful situation. Please save unfinished reports automatically. This area mainly receives home invasion warnings.,Android,resolved,mock,reporting screen needs incident categories stressful situation save unfinished reports automatically home invasion warnings,14,topic_1,0.925061,"[0.925061, 0.003968, 0.003969, 0.00397, 0.003969, 0.047153, 0.003968, 0.003969, 0.003972]"
FB0039,2026-04-20T05:18:37Z,USER040,H005,Sea Point,Cape Town,2,Privacy and Trust,Residents need confidence that private group messages remain private especially in private neighbourhood groups. Please add a simple privacy notice near the submission form. This area mainly receives vehicle theft warnings.,Mobile Web,reviewed,mock,residents need confidence private group messages remain private especially private neighbourhood groups add simple privacy notice near submission form vehicle theft warnings,22,topic_9,0.847255,"[0.002585, 0.002585, 0.134654, 0.002584, 0.002585, 0.002584, 0.002584, 0.002584, 0.847255]"
FB0040,2026-04-20T15:51:58Z,USER079,H013,Table View,Cape Town,2,Incident Reporting,The form cleared my description before the report was sent during a stressful situation. Please save unfinished reports automatically.,Mobile Web,reviewed,mock,form cleared description report sent stressful situation save unfinished reports automatically,11,topic_1,0.534569,"[0.534569, 0.005051, 0.005051, 0.005051, 0.005051, 0.005051, 0.005051, 0.005051, 0.430077]"
FB0041,2026-04-21T00:23:25Z,USER137,H002,Somerset West,Cape Town,3,Application Performance,The interface becomes unresponsive after several alerts arrive which makes the service feel unreliable. Please improve loading speed and automatic reconnection.,Mobile Web,reviewed,mock,interface becomes unresponsive several alerts arrive makes service feel unreliable loading speed automatic reconnection,14,topic_8,0.968253,"[0.003968, 0.003968, 0.003969, 0.003968, 0.003968, 0.003968, 0.003968, 0.968253, 0.003968]"
FB0042,2026-04-21T11:27:53Z,USER103,H003,Bryanston,Gauteng,2,Community Chat,It is difficult to distinguish verified updates from general discussion when many residents post at the same time. Please add pinned messages for verified safety information.,Android,reviewed,mock,difficult distinguish verified updates general discussion many residents post time add pinned messages verified safety information,16,topic_2,0.704655,"[0.003472, 0.704655, 0.003473, 0.229081, 0.003472, 0.003472, 0.045429, 0.003472, 0.003473]"
FB0043,2026-04-21T12:25:56Z,USER125,H011,Waterkloof Ridge,Gauteng,2,Community Chat,It is difficult to distinguish verified updates from general discussion without requiring a separate messaging application. Verified security updates should be visually distinct. This area mainly receives home invasion warnings.,Android,reviewed,mock,difficult distinguish verified updates general discussion without requiring separate messaging application verified security updates visually distinct home invasion warnings,19,topic_2,0.801106,"[0.002925, 0.801106, 0.002925, 0.132358, 0.002924, 0.002925, 0.002924, 0.048988, 0.002925]"
FB0044,2026-04-21T13:02:38Z,USER082,H005,Sea Point,Cape Town,3,Application Performance,The application uses too much mobile data when loading message history which makes the service feel unreliable. Older messages should load only when requested.,iOS,resolved,mock,application uses much mobile data loading message history makes service feel unreliable older messages load requested,16,topic_4,0.707725,"[0.003472, 0.003473, 0.003472, 0.707725, 0.003472, 0.003472, 0.003472, 0.235827, 0.035615]"
FB0045,2026-04-22T01:40:18Z,USER162,H006,Cape Town City Centre,Cape Town,3,Incident Reporting,Adding a location while reporting was difficult on my phone during a stressful situation. A clear confirmation screen would make reporting easier.,Android,reviewed,mock,adding location reporting difficult phone stressful situation clear confirmation screen reporting easier,12,topic_4,0.587962,"[0.004631, 0.00463, 0.00463, 0.587962, 0.00463, 0.379627, 0.00463, 0.00463, 0.00463]"
FB0046,2026-04-22T03:50:11Z,USER086,H009,Fourways,Gauteng,2,Location Accuracy,The map placed the reported incident on the wrong street when accurate directions were particularly important. Allow reporters to adjust the pin before submitting. This area mainly receives vehicle theft warnings.,Mobile Web,reviewed,mock,map placed reported incident wrong street accurate directions particularly important allow reporters adjust pin submitting vehicle theft warnings,18,topic_6,0.849783,"[0.003087, 0.003087, 0.003087, 0.003087, 0.128608, 0.849783, 0.003087, 0.003086, 0.003087]"
FB0047,2026-04-22T13:29:51Z,USER153,H002,Somerset West,Cape Town,3,Application Performance,The page sometimes disconnects and takes too long to reconnect on a normal mobile connection. Older messages should load only when requested.,Android,reviewed,mock,page sometimes disconnects takes long reconnect normal mobile connection older messages load requested,13,topic_4,0.525815,"[0.004274, 0.004274, 0.004274, 0.525815, 0.004274, 0.004274, 0.042711, 0.004274, 0.405832]"
FB0048,2026-04-22T19:00:43Z,USER034,H007,Garsfontein,Gauteng,2,Incident Reporting,The reporting screen needs more incident categories despite having a stable internet connection. The form should require fewer actions for urgent reports.,iOS,new,mock,reporting screen needs incident categories despite stable internet connection form require fewer actions urgent reports,15,topic_1,0.969347,"[0.969347, 0.003832, 0.003832, 0.003833, 0.003832, 0.003832, 0.003831, 0.003831, 0.003832]"
FB0049,2026-04-22T21:45:06Z,USER130,H005,Sea Point,Cape Town,2,Safety Alerts,Several alerts appeared together instead of arriving in real time especially during evening hours. A delivery timestamp would help residents judge whether an alert is current.,iOS,resolved,mock,several alerts appeared together instead arriving real time especially evening hours delivery timestamp help residents judge whether alert current,19,topic_3,0.914596,"[0.064935, 0.002924, 0.914596, 0.002924, 0.002924, 0.002924, 0.002924, 0.002924, 0.002924]"
FB0050,2026-04-23T01:36:40Z,USER162,H014,Centurion Central,Gauteng,3,Location Accuracy,The location pin was too broad to identify the affected area and residents could not tell how close it was. Please improve address validation before publishing an incident. This area mainly receives vehicle theft warnings.,Android,new,mock,location pin broad identify affected residents tell close address validation publishing incident vehicle theft warnings,15,topic_6,0.541898,"[0.003832, 0.003832, 0.003832, 0.003832, 0.431279, 0.541898, 0.003832, 0.003831, 0.003832]"
FB0051,2026-04-23T22:16:15Z,USER123,H004,Newlands,Cape Town,5,Positive Experience,Community alerts made it easier to avoid an affected route without requiring technical knowledge. I would recommend this feature to other neighbourhood groups.,Web,reviewed,mock,community alerts made easier avoid affected route without requiring technical knowledge recommend feature neighbourhood groups,15,topic_5,0.406496,"[0.003704, 0.003705, 0.286994, 0.003705, 0.406496, 0.003704, 0.003704, 0.250365, 0.037624]"
FB0052,2026-04-24T16:28:49Z,USER039,H007,Garsfontein,Gauteng,3,Privacy and Trust,The application should explain how location information is stored especially in private neighbourhood groups. Please add a simple privacy notice near the submission form.,Android,resolved,mock,application explain location information stored especially private neighbourhood groups add simple privacy notice near submission form,16,topic_9,0.809225,"[0.003473, 0.003473, 0.166465, 0.003473, 0.003473, 0.003473, 0.003474, 0.003472, 0.809225]"
FB0053,2026-04-24T19:47:13Z,USER104,H007,Garsfontein,Gauteng,2,Application Performance,Messages occasionally appear only after I refresh the browser on a normal mobile connection. Please improve loading speed and automatic reconnection.,Web,reviewed,mock,messages occasionally appear refresh browser normal mobile connection loading speed automatic reconnection,12,topic_4,0.456360,"[0.00463, 0.00463, 0.00463, 0.45636, 0.00463, 0.04623, 0.046272, 0.427989, 0.00463]"
FB0054,2026-04-25T09:41:18Z,USER112,H013,Table View,Cape Town,4,Privacy and Trust,It is unclear how long submitted feedback and reports are retained to build trust among community members. Please add a simple privacy notice near the submission form. This area mainly receives home invasion warnings.,Mobile Web,reviewed,mock,unclear long submitted feedback reports retained build trust among community members add simple privacy notice near submission form home invasion warnings,21,topic_9,0.978834,"[0.002646, 0.002646, 0.002646, 0.002646, 0.002646, 0.002646, 0.002646, 0.002646, 0.978834]"
FB0055,2026-04-25T12:30:04Z,USER155,H012,Menlo Park,Gauteng,3,Privacy and Trust,It is unclear how long submitted feedback and reports are retained before users share sensitive safety information. Please add a simple privacy notice near the submission form.,iOS,reviewed,mock,unclear long submitted feedback reports retained users share sensitive safety information add simple privacy notice near submission form,18,topic_9,0.728572,"[0.003175, 0.003175, 0.003175, 0.003175, 0.003175, 0.003175, 0.249205, 0.003175, 0.728572]"
FB0056,2026-04-25T18:30:06Z,USER180,H008,Claremont,Cape Town,2,Community Chat,The chat helped residents share information about a recent concern when many residents post at the same time. Please add pinned messages for verified safety information.,Mobile Web,resolved,mock,chat helped residents share information recent concern many residents post time add pinned messages verified safety information,17,topic_2,0.376696,"[0.003268, 0.376696, 0.00327, 0.187534, 0.003268, 0.003268, 0.128838, 0.290589, 0.003269]"
FB0057,2026-04-27T14:11:17Z,USER121,H009,Fourways,Gauteng,2,Safety Alerts,I did not receive the warning until it was too late to be useful while people were still travelling home. A delivery timestamp would help residents judge whether an alert is current.,Android,resolved,mock,receive warning late useful people still travelling home delivery timestamp help residents judge whether alert current,16,topic_1,0.971322,"[0.971322, 0.003585, 0.003587, 0.003584, 0.003584, 0.003585, 0.003584, 0.003584, 0.003584]"
FB0058,2026-04-27T17:25:25Z,USER159,H006,Cape Town City Centre,Cape Town,4,Privacy and Trust,Residents need confidence that private group messages remain private before users share sensitive safety information. Please add a simple privacy notice near the submission form.,Android,reviewed,mock,residents need confidence private group messages remain private users share sensitive safety information add simple privacy notice near submission form,20,topic_9,0.727546,"[0.002778, 0.002779, 0.002778, 0.002778, 0.002778, 0.002778, 0.253008, 0.002778, 0.727546]"
FB0059,2026-04-27T23:07:43Z,USER058,H006,Cape Town City Centre,Cape Town,3,Incident Reporting,The reporting screen needs more incident categories during a stressful situation. A clear confirmation screen would make reporting easier.,Web,reviewed,mock,reporting screen needs incident categories stressful situation clear confirmation screen reporting easier,12,topic_4,0.510955,"[0.456635, 0.00463, 0.00463, 0.510955, 0.00463, 0.00463, 0.00463, 0.00463, 0.00463]"
FB0060,2026-04-28T01:07:48Z,USER099,H009,Fourways,Gauteng,4,Positive Experience,The incident report was simple to submit and appeared quickly without requiring technical knowledge. A weekly safety summary would make the service even more useful.,iOS,resolved,mock,incident report simple submit appeared quickly without requiring technical knowledge weekly safety summary service even useful,16,topic_5,0.372760,"[0.003473, 0.003473, 0.003473, 0.003472, 0.37276, 0.003473, 0.306783, 0.29962, 0.003473]"
FB0061,2026-04-28T13:30:31Z,USER114,H001,Rondebosch,Cape Town,1,Application Performance,The page sometimes disconnects and takes too long to reconnect on a normal mobile connection. A lightweight mobile mode would make the service more accessible. This area mainly receives home invasion warnings.,Mobile Web,reviewed,mock,page sometimes disconnects takes long reconnect normal mobile connection lightweight mobile mode service accessible home invasion warnings,17,topic_4,0.617818,"[0.003269, 0.003268, 0.003268, 0.617818, 0.003268, 0.003268, 0.03278, 0.003268, 0.329792]"
FB0062,2026-04-28T16:55:28Z,USER049,H010,Bedfordview,Gauteng,1,Application Performance,The page sometimes disconnects and takes too long to reconnect even though other websites work correctly. Please improve loading speed and automatic reconnection.,iOS,new,mock,page sometimes disconnects takes long reconnect even though websites work correctly loading speed automatic reconnection,15,topic_9,0.377567,"[0.003704, 0.003704, 0.003704, 0.369436, 0.003704, 0.003704, 0.003704, 0.230774, 0.377567]"
FB0063,2026-04-29T17:45:34Z,USER054,H008,Claremont,Cape Town,3,Application Performance,Messages occasionally appear only after I refresh the browser even though other websites work correctly. Please improve loading speed and automatic reconnection.,Android,new,mock,messages occasionally appear refresh browser even though websites work correctly loading speed automatic reconnection,14,topic_4,0.653407,"[0.003968, 0.003968, 0.003968, 0.653407, 0.003968, 0.003968, 0.003969, 0.318815, 0.003968]"
FB0064,2026-04-30T10:20:43Z,USER029,H001,Rondebosch,Cape Town,4,Community Chat,The chat helped residents share information about a recent concern without requiring a separate messaging application. Basic moderation and message reporting would improve the group.,Android,resolved,mock,chat helped residents share information recent concern without requiring separate messaging application basic moderation message reporting group,17,topic_2,0.603656,"[0.003268, 0.603656, 0.003269, 0.003268, 0.003268, 0.003268, 0.003269, 0.373465, 0.003268]"
FB0065,2026-05-01T12:48:39Z,USER179,H009,Fourways,Gauteng,2,Incident Reporting,The incident form takes too many steps to complete and I had to repeat the process. A clear confirmation screen would make reporting easier.,iOS,resolved,mock,incident form takes many steps complete repeat process clear confirmation screen reporting easier,13,topic_4,0.965807,"[0.004276, 0.004274, 0.004274, 0.965807, 0.004274, 0.004274, 0.004274, 0.004274, 0.004274]"
FB0066,2026-05-01T16:31:40Z,USER017,H010,Bedfordview,Gauteng,3,Application Performance,The application uses too much mobile data when loading message history on a normal mobile connection. Older messages should load only when requested. This area mainly receives home invasion warnings.,iOS,reviewed,mock,application uses much mobile data loading message history normal mobile connection older messages load requested home invasion warnings,18,topic_4,0.975307,"[0.003087, 0.003087, 0.003087, 0.975307, 0.003087, 0.003087, 0.003087, 0.003087, 0.003087]"
FB0067,2026-05-01T19:50:02Z,USER094,H008,Claremont,Cape Town,3,Privacy and Trust,Residents need confidence that private group messages remain private because reports may contain personal details. Please add a simple privacy notice near the submission form. This area mainly receives home invasion warnings.,Web,reviewed,mock,residents need confidence private group messages remain private reports may contain personal details add simple privacy notice near submission form home invasion warnings,23,topic_9,0.980674,"[0.002416, 0.002416, 0.002416, 0.002416, 0.002416, 0.002416, 0.002416, 0.002416, 0.980674]"
FB0068,2026-05-01T19:53:47Z,USER160,H007,Garsfontein,Gauteng,3,Incident Reporting,The reporting screen needs more incident categories during a stressful situation. The form should require fewer actions for urgent reports.,Android,reviewed,mock,reporting screen needs incident categories stressful situation form require fewer actions urgent reports,13,topic_1,0.965810,"[0.96581, 0.004274, 0.004274, 0.004274, 0.004274, 0.004274, 0.004274, 0.004274, 0.004274]"
FB0069,2026-05-02T13:52:06Z,USER133,H014,Centurion Central,Gauteng,2,Location Accuracy,The location pin was too broad to identify the affected area and residents could not tell how close it was. Please improve address validation before publishing an incident.,iOS,reviewed,mock,location pin broad identify affected residents tell close address validation publishing incident,12,topic_6,0.655470,"[0.00463, 0.00463, 0.00463, 0.00463, 0.312121, 0.65547, 0.00463, 0.00463, 0.00463]"
FB0070,2026-05-02T16:54:47Z,USER007,H013,Table View,Cape Town,4,Community Chat,Messages are easy to send but the conversation becomes cluttered and a pinned update feature would help. Please add pinned messages for verified safety information.,Mobile Web,reviewed,mock,messages easy send conversation becomes cluttered pinned update feature help add pinned messages verified safety information,16,topic_2,0.772891,"[0.202017, 0.772891, 0.003585, 0.003584, 0.003585, 0.003584, 0.003585, 0.003584, 0.003585]"
FB0071,2026-05-02T23:29:12Z,USER124,H005,Sea Point,Cape Town,2,Incident Reporting,The form cleared my description before the report was sent during a stressful situation. The form should require fewer actions for urgent reports. This area mainly receives vehicle theft warnings.,Web,resolved,mock,form cleared description report sent stressful situation form require fewer actions urgent reports vehicle theft warnings,16,topic_1,0.598079,"[0.598079, 0.003584, 0.003585, 0.003585, 0.003586, 0.003584, 0.003585, 0.003584, 0.376828]"
FB0072,2026-05-03T01:30:14Z,USER092,H009,Fourways,Gauteng,3,Community Chat,The community chat is useful but important messages get buried without requiring a separate messaging application. Basic moderation and message reporting would improve the group.,Web,new,mock,community chat useful important messages get buried without requiring separate messaging application basic moderation message reporting group,17,topic_2,0.973854,"[0.003268, 0.973854, 0.003268, 0.003268, 0.003268, 0.003268, 0.003269, 0.003268, 0.003268]"
FB0073,2026-05-03T13:39:53Z,USER076,H012,Menlo Park,Gauteng,5,Positive Experience,The service helped me understand recent safety activity nearby while keeping the community informed. Please continue improving the alert details.,Mobile Web,reviewed,mock,service helped understand recent safety activity nearby keeping community informed continue improving alert details,14,topic_5,0.968252,"[0.003969, 0.003969, 0.003969, 0.003968, 0.968252, 0.003968, 0.003969, 0.003969, 0.003968]"
FB0074,2026-05-05T06:57:10Z,USER096,H004,Newlands,Cape Town,2,Incident Reporting,The incident form takes too many steps to complete despite having a stable internet connection. A clear confirmation screen would make reporting easier.,Mobile Web,reviewed,mock,incident form takes many steps complete despite stable internet connection clear confirmation screen reporting easier,15,topic_4,0.970367,"[0.003706, 0.003704, 0.003704, 0.970367, 0.003704, 0.003704, 0.003704, 0.003704, 0.003704]"
FB0075,2026-05-05T16:05:34Z,USER013,H008,Claremont,Cape Town,4,Community Chat,It is difficult to distinguish verified updates from general discussion and a pinned update feature would help. Basic moderation and message reporting would improve the group.,iOS,resolved,mock,difficult distinguish verified updates general discussion pinned update feature help basic moderation message reporting group,15,topic_2,0.724827,"[0.21358, 0.724827, 0.003704, 0.03937, 0.003704, 0.003704, 0.003704, 0.003704, 0.003704]"
FB0076,2026-05-05T20:09:55Z,USER158,H009,Fourways,Gauteng,3,Community Chat,It is difficult to distinguish verified updates from general discussion without requiring a separate messaging application. Please add pinned messages for verified safety information. This area mainly receives vehicle theft warnings.,iOS,reviewed,mock,difficult distinguish verified updates general discussion without requiring separate messaging application add pinned messages verified safety information vehicle theft warnings,20,topic_2,0.977203,"[0.00285, 0.977203, 0.002849, 0.002849, 0.00285, 0.002849, 0.00285, 0.002849, 0.00285]"
FB0077,2026-05-06T04:27:32Z,USER063,H009,Fourways,Gauteng,2,Privacy and Trust,The application should explain how location information is stored to build trust among community members. Users should be able to remove their own stored information.,Android,new,mock,application explain location information stored build trust among community members users able remove stored information,15,topic_7,0.970367,"[0.003704, 0.003704, 0.003704, 0.003704, 0.003704, 0.003704, 0.970367, 0.003704, 0.003706]"
FB0078,2026-05-06T06:00:34Z,USER097,H010,Bedfordview,Gauteng,4,Positive Experience,The location-based warnings are relevant and easy to understand without requiring technical knowledge. Please continue improving the alert details.,iOS,reviewed,mock,location based warnings relevant easy understand without requiring technical knowledge continue improving alert details,14,topic_5,0.680144,"[0.003969, 0.003969, 0.003968, 0.003968, 0.680144, 0.003969, 0.003968, 0.292076, 0.003968]"
FB0079,2026-05-06T07:50:19Z,USER058,H003,Bryanston,Gauteng,4,Positive Experience,Community alerts made it easier to avoid an affected route without requiring technical knowledge. I would recommend this feature to other neighbourhood groups. This area mainly receives home invasion warnings.,Mobile Web,new,mock,community alerts made easier avoid affected route without requiring technical knowledge recommend feature neighbourhood groups home invasion warnings,18,topic_3,0.358359,"[0.003087, 0.003087, 0.358359, 0.003088, 0.352136, 0.003087, 0.003087, 0.238227, 0.035843]"
FB0080,2026-05-06T20:19:44Z,USER140,H011,Waterkloof Ridge,Gauteng,3,Application Performance,Messages occasionally appear only after I refresh the browser even though other websites work correctly. A lightweight mobile mode would make the service more accessible. This area mainly receives home invasion warnings.,Web,resolved,mock,messages occasionally appear refresh browser even though websites work correctly lightweight mobile mode service accessible home invasion warnings,18,topic_4,0.975307,"[0.003087, 0.003087, 0.003087, 0.975307, 0.003087, 0.003087, 0.003087, 0.003087, 0.003087]"
FB0081,2026-05-07T13:55:22Z,USER138,H006,Cape Town City Centre,Cape Town,5,Positive Experience,The incident report was simple to submit and appeared quickly during a situation that could have caused confusion. I would recommend this feature to other neighbourhood groups.,iOS,reviewed,mock,incident report simple submit appeared quickly situation caused confusion recommend feature neighbourhood groups,13,topic_5,0.633825,"[0.004274, 0.004274, 0.336258, 0.004274, 0.633825, 0.004274, 0.004274, 0.004274, 0.004274]"
FB0082,2026-05-07T14:20:44Z,USER037,H004,Newlands,Cape Town,1,Safety Alerts,The notification was delayed and lacked a clear incident time when residents needed immediate information. Critical warnings should be prioritised over ordinary updates.,iOS,reviewed,mock,notification delayed lacked clear incident time residents needed immediate information critical warnings prioritised ordinary updates,15,topic_3,0.970366,"[0.003705, 0.003704, 0.970366, 0.003704, 0.003704, 0.003704, 0.003704, 0.003704, 0.003704]"
FB0083,2026-05-07T19:17:28Z,USER132,H011,Waterkloof Ridge,Gauteng,2,Location Accuracy,The alert location was missing a useful landmark when accurate directions were particularly important. Please improve address validation before publishing an incident.,Web,new,mock,alert location missing useful landmark accurate directions particularly important address validation publishing incident,13,topic_6,0.965810,"[0.004274, 0.004274, 0.004274, 0.004274, 0.004274, 0.96581, 0.004274, 0.004274, 0.004274]"
FB0084,2026-05-07T19:39:31Z,USER123,H005,Sea Point,Cape Town,3,Incident Reporting,The form cleared my description before the report was sent when I needed to submit details quickly. Please save unfinished reports automatically.,iOS,reviewed,mock,form cleared description report sent needed submit details quickly save unfinished reports automatically,13,topic_1,0.585329,"[0.585329, 0.004274, 0.004274, 0.004274, 0.004275, 0.004274, 0.004274, 0.004274, 0.384754]"
FB0085,2026-05-07T21:03:00Z,USER109,H012,Menlo Park,Gauteng,2,Safety Alerts,Several alerts appeared together instead of arriving in real time while people were still travelling home. A delivery timestamp would help residents judge whether an alert is current.,iOS,resolved,mock,several alerts appeared together instead arriving real time people still travelling home delivery timestamp help residents judge whether alert current,20,topic_3,0.977775,"[0.00278, 0.002778, 0.977775, 0.002778, 0.002778, 0.002778, 0.002778, 0.002778, 0.002778]"
FB0086,2026-05-07T21:21:41Z,USER038,H012,Menlo Park,Gauteng,4,Privacy and Trust,The application should explain how location information is stored before users share sensitive safety information. Verified roles and clear retention rules would improve trust. This area mainly receives vehicle theft warnings.,iOS,resolved,mock,application explain location information stored users share sensitive safety information verified roles clear retention rules trust vehicle theft warnings,19,topic_7,0.976602,"[0.002925, 0.002925, 0.002925, 0.002924, 0.002925, 0.002924, 0.976602, 0.002924, 0.002926]"
FB0087,2026-05-08T04:09:51Z,USER085,H008,Claremont,Cape Town,2,Location Accuracy,A nearby incident was assigned to the wrong community and residents could not tell how close it was. Allow reporters to adjust the pin before submitting.,Android,resolved,mock,nearby incident assigned wrong community residents tell close allow reporters adjust pin submitting,13,topic_6,0.649493,"[0.004274, 0.004274, 0.004274, 0.004274, 0.279121, 0.649493, 0.004274, 0.004274, 0.045743]"
FB0088,2026-05-08T06:11:00Z,USER085,H005,Sea Point,Cape Town,2,Incident Reporting,The form cleared my description before the report was sent and I had to repeat the process. Please save unfinished reports automatically.,Web,reviewed,mock,form cleared description report sent repeat process save unfinished reports automatically,11,topic_9,0.482947,"[0.481699, 0.005051, 0.005051, 0.005051, 0.005051, 0.005051, 0.005051, 0.005051, 0.482947]"
FB0089,2026-05-08T18:16:42Z,USER150,H008,Claremont,Cape Town,4,Community Chat,The private group feature makes neighbourhood coordination easier although moderation controls are still needed. Basic moderation and message reporting would improve the group.,Mobile Web,reviewed,mock,private group feature makes neighbourhood coordination easier although moderation controls still needed basic moderation message reporting group,17,topic_2,0.615119,"[0.003367, 0.615119, 0.003368, 0.361308, 0.003367, 0.003367, 0.003367, 0.003367, 0.003368]"
FB0090,2026-05-08T18:56:06Z,USER138,H002,Somerset West,Cape Town,3,Incident Reporting,The form cleared my description before the report was sent despite having a stable internet connection. A clear confirmation screen would make reporting easier.,iOS,resolved,mock,form cleared description report sent despite stable internet connection clear confirmation screen reporting easier,14,topic_4,0.635002,"[0.004118, 0.004115, 0.004115, 0.635002, 0.004116, 0.004115, 0.004115, 0.004115, 0.336188]"
FB0091,2026-05-09T12:35:09Z,USER006,H002,Somerset West,Cape Town,3,Application Performance,The application uses too much mobile data when loading message history on a normal mobile connection. Older messages should load only when requested.,Android,new,mock,application uses much mobile data loading message history normal mobile connection older messages load requested,15,topic_4,0.970369,"[0.003704, 0.003704, 0.003704, 0.970369, 0.003704, 0.003704, 0.003704, 0.003704, 0.003704]"
FB0092,2026-05-09T20:38:46Z,USER143,H005,Sea Point,Cape Town,5,Positive Experience,The location-based warnings are relevant and easy to understand while keeping the community informed. Please continue improving the alert details.,Mobile Web,resolved,mock,location based warnings relevant easy understand keeping community informed continue improving alert details,13,topic_5,0.965810,"[0.004274, 0.004274, 0.004274, 0.004274, 0.96581, 0.004274, 0.004274, 0.004274, 0.004274]"
FB0093,2026-05-09T23:32:12Z,USER154,H011,Waterkloof Ridge,Gauteng,4,Privacy and Trust,It is unclear how long submitted feedback and reports are retained to build trust among community members. Please add a simple privacy notice near the submission form.,Android,reviewed,mock,unclear long submitted feedback reports retained build trust among community members add simple privacy notice near submission form,18,topic_9,0.975308,"[0.003087, 0.003087, 0.003086, 0.003086, 0.003087, 0.003086, 0.003087, 0.003086, 0.975308]"
FB0094,2026-05-10T13:23:18Z,USER124,H003,Bryanston,Gauteng,3,Location Accuracy,The map placed the reported incident on the wrong street and residents could not tell how close it was. Please improve address validation before publishing an incident.,Mobile Web,new,mock,map placed reported incident wrong street residents tell close address validation publishing incident,13,topic_6,0.964443,"[0.004445, 0.004445, 0.004445, 0.004444, 0.004445, 0.964443, 0.004444, 0.004444, 0.004445]"
FB0095,2026-05-11T08:01:12Z,USER171,H004,Newlands,Cape Town,3,Community Chat,The private group feature makes neighbourhood coordination easier without requiring a separate messaging application. Basic moderation and message reporting would improve the group.,Mobile Web,reviewed,mock,private group feature makes neighbourhood coordination easier without requiring separate messaging application basic moderation message reporting group,17,topic_2,0.619622,"[0.003268, 0.619622, 0.003269, 0.357498, 0.003268, 0.003268, 0.003268, 0.003269, 0.003269]"
FB0096,2026-05-11T09:50:16Z,USER053,H014,Centurion Central,Gauteng,2,Application Performance,The page sometimes disconnects and takes too long to reconnect even though other websites work correctly. A lightweight mobile mode would make the service more accessible. This area mainly receives vehicle theft warnings.,Android,reviewed,mock,page sometimes disconnects takes long reconnect even though websites work correctly lightweight mobile mode service accessible vehicle theft warnings,19,topic_4,0.557441,"[0.003004, 0.003003, 0.003003, 0.557441, 0.003005, 0.003003, 0.003004, 0.003003, 0.421534]"
FB0097,2026-05-11T13:04:59Z,USER053,H013,Table View,Cape Town,5,Positive Experience,The location-based warnings are relevant and easy to understand without requiring technical knowledge. A weekly safety summary would make the service even more useful.,Mobile Web,new,mock,location based warnings relevant easy understand without requiring technical knowledge weekly safety summary service even useful,16,topic_5,0.385829,"[0.003473, 0.003473, 0.003472, 0.003473, 0.385829, 0.003473, 0.322995, 0.270341, 0.003472]"
FB0098,2026-05-11T13:31:25Z,USER154,H010,Bedfordview,Gauteng,2,Incident Reporting,I was unsure whether my report had been submitted successfully when I needed to submit details quickly. The form should require fewer actions for urgent reports.,Web,resolved,mock,unsure whether report submitted successfully needed submit details quickly form require fewer actions urgent reports,15,topic_1,0.969346,"[0.969346, 0.003832, 0.003832, 0.003831, 0.003833, 0.003831, 0.003831, 0.003831, 0.003832]"
FB0099,2026-05-11T16:07:52Z,USER127,H006,Cape Town City Centre,Cape Town,4,Community Chat,The community chat is useful but important messages get buried without requiring a separate messaging application. Please add pinned messages for verified safety information.,iOS,reviewed,mock,community chat useful important messages get buried without requiring separate messaging application add pinned messages verified safety information,18,topic_2,0.975305,"[0.003087, 0.975305, 0.003087, 0.003087, 0.003087, 0.003087, 0.003088, 0.003087, 0.003087]"
FB0100,2026-05-12T02:07:33Z,USER070,H012,Menlo Park,Gauteng,3,Incident Reporting,I was unsure whether my report had been submitted successfully during a stressful situation. Please save unfinished reports automatically.,Android,reviewed,mock,unsure whether report submitted successfully stressful situation save unfinished reports automatically,11,topic_1,0.959595,"[0.959595, 0.005051, 0.005051, 0.005051, 0.005051, 0.005051, 0.005051, 0.005051, 0.005051]"
FB0101,2026-05-13T12:14:41Z,USER023,H013,Table View,Cape Town,4,Privacy and Trust,It is unclear how long submitted feedback and reports are retained because reports may contain personal details. Users should be able to remove their own stored information.,Web,reviewed,mock,unclear long submitted feedback reports retained reports may contain personal details users able remove stored information,16,topic_9,0.717541,"[0.003473, 0.003472, 0.003472, 0.003472, 0.003472, 0.003472, 0.258153, 0.003472, 0.717541]"
FB0102,2026-05-14T03:57:32Z,USER055,H010,Bedfordview,Gauteng,2,Location Accuracy,The map placed the reported incident on the wrong street when accurate directions were particularly important. Showing both the street and nearest landmark would improve accuracy.,Android,reviewed,mock,map placed reported incident wrong street accurate directions particularly important showing street nearest landmark accuracy,15,topic_6,0.970370,"[0.003704, 0.003704, 0.003704, 0.003704, 0.003704, 0.97037, 0.003704, 0.003704, 0.003704]"
FB0103,2026-05-14T05:21:47Z,USER148,H011,Waterkloof Ridge,Gauteng,3,Incident Reporting,I was unsure whether my report had been submitted successfully during a stressful situation. The form should require fewer actions for urgent reports.,Android,reviewed,mock,unsure whether report submitted successfully stressful situation form require fewer actions urgent reports,13,topic_1,0.965811,"[0.965811, 0.004274, 0.004274, 0.004274, 0.004274, 0.004274, 0.004274, 0.004274, 0.004274]"
FB0104,2026-05-14T14:10:01Z,USER102,H014,Centurion Central,Gauteng,1,Safety Alerts,The safety alert arrived long after the incident was reported especially during evening hours. A delivery timestamp would help residents judge whether an alert is current.,Mobile Web,reviewed,mock,safety alert arrived long incident reported especially evening hours delivery timestamp help residents judge whether alert current,17,topic_1,0.973853,"[0.973853, 0.003268, 0.00327, 0.003268, 0.003268, 0.003268, 0.003268, 0.003268, 0.003268]"
FB0105,2026-05-15T00:11:14Z,USER143,H011,Waterkloof Ridge,Gauteng,2,Privacy and Trust,Residents need confidence that private group messages remain private before users share sensitive safety information. Users should be able to remove their own stored information. This area mainly receives home invasion warnings.,Android,reviewed,mock,residents need confidence private group messages remain private users share sensitive safety information users able remove stored information home invasion warnings,21,topic_7,0.498369,"[0.002711, 0.002711, 0.002711, 0.002712, 0.00271, 0.002711, 0.498369, 0.002711, 0.482656]"
FB0106,2026-05-16T10:34:50Z,USER148,H003,Bryanston,Gauteng,3,Community Chat,It is difficult to distinguish verified updates from general discussion although moderation controls are still needed. Verified security updates should be visually distinct.,iOS,resolved,mock,difficult distinguish verified updates general discussion although moderation controls still needed verified security updates visually distinct,16,topic_2,0.972222,"[0.003472, 0.972222, 0.003472, 0.003472, 0.003472, 0.003472, 0.003472, 0.003472, 0.003472]"
FB0107,2026-05-16T19:23:43Z,USER074,H009,Fourways,Gauteng,4,Privacy and Trust,It is unclear how long submitted feedback and reports are retained to build trust among community members. Verified roles and clear retention rules would improve trust. This area mainly receives vehicle theft warnings.,Android,resolved,mock,unclear long submitted feedback reports retained build trust among community members verified roles clear retention rules trust vehicle theft warnings,20,topic_9,0.977775,"[0.002778, 0.002778, 0.002778, 0.002778, 0.002779, 0.002778, 0.002779, 0.002778, 0.977775]"
FB0108,2026-05-17T04:57:53Z,USER103,H013,Table View,Cape Town,2,Incident Reporting,Adding a location while reporting was difficult on my phone during a stressful situation. A clear confirmation screen would make reporting easier. This area mainly receives home invasion warnings.,Mobile Web,reviewed,mock,adding location reporting difficult phone stressful situation clear confirmation screen reporting easier home invasion warnings,15,topic_4,0.648366,"[0.003705, 0.003704, 0.003704, 0.648366, 0.003704, 0.325704, 0.003704, 0.003704, 0.003704]"
FB0109,2026-05-18T03:39:22Z,USER074,H006,Cape Town City Centre,Cape Town,2,Location Accuracy,The alert location was missing a useful landmark when accurate directions were particularly important. Allow reporters to adjust the pin before submitting.,Web,new,mock,alert location missing useful landmark accurate directions particularly important allow reporters adjust pin submitting,14,topic_6,0.968253,"[0.003969, 0.003968, 0.003968, 0.003968, 0.003969, 0.968253, 0.003969, 0.003968, 0.003968]"
FB0110,2026-05-19T10:21:45Z,USER051,H006,Cape Town City Centre,Cape Town,2,Location Accuracy,A nearby incident was assigned to the wrong community causing unnecessary concern in another neighbourhood. Please improve address validation before publishing an incident.,Mobile Web,reviewed,mock,nearby incident assigned wrong community causing unnecessary concern another neighbourhood address validation publishing incident,14,topic_6,0.630367,"[0.003968, 0.003968, 0.003969, 0.003968, 0.341854, 0.630367, 0.003969, 0.003968, 0.003968]"
FB0111,2026-05-19T18:46:08Z,USER091,H008,Claremont,Cape Town,2,Location Accuracy,A nearby incident was assigned to the wrong community and residents could not tell how close it was. Showing both the street and nearest landmark would improve accuracy. This area mainly receives home invasion warnings.,iOS,reviewed,mock,nearby incident assigned wrong community residents tell close showing street nearest landmark accuracy home invasion warnings,16,topic_6,0.675916,"[0.003585, 0.003585, 0.003586, 0.003586, 0.254278, 0.675916, 0.003585, 0.003585, 0.048295]"
FB0112,2026-05-21T05:28:40Z,USER177,H006,Cape Town City Centre,Cape Town,4,Positive Experience,The location-based warnings are relevant and easy to understand during a situation that could have caused confusion. Please continue improving the alert details. This area mainly receives vehicle theft warnings.,Mobile Web,reviewed,mock,location based warnings relevant easy understand situation caused confusion continue improving alert details vehicle theft warnings,16,topic_5,0.939451,"[0.003473, 0.003472, 0.003475, 0.003472, 0.939451, 0.003472, 0.03624, 0.003472, 0.003472]"
FB0113,2026-05-21T22:48:39Z,USER152,H008,Claremont,Cape Town,2,Incident Reporting,I was unsure whether my report had been submitted successfully when I needed to submit details quickly. Please save unfinished reports automatically.,Android,reviewed,mock,unsure whether report submitted successfully needed submit details quickly save unfinished reports automatically,13,topic_1,0.965809,"[0.965809, 0.004274, 0.004274, 0.004274, 0.004275, 0.004274, 0.004274, 0.004274, 0.004274]"
FB0114,2026-05-22T05:58:04Z,USER085,H008,Claremont,Cape Town,2,Application Performance,The interface becomes unresponsive after several alerts arrive during periods of heavy community activity. A lightweight mobile mode would make the service more accessible.,Mobile Web,reviewed,mock,interface becomes unresponsive several alerts arrive periods heavy community activity lightweight mobile mode service accessible,15,topic_8,0.383012,"[0.003704, 0.315189, 0.003705, 0.279573, 0.003705, 0.003704, 0.003704, 0.383012, 0.003704]"
FB0115,2026-05-22T07:58:32Z,USER066,H002,Somerset West,Cape Town,2,Location Accuracy,The location pin was too broad to identify the affected area causing unnecessary concern in another neighbourhood. Showing both the street and nearest landmark would improve accuracy.,Android,new,mock,location pin broad identify affected causing unnecessary concern another neighbourhood showing street nearest landmark accuracy,15,topic_6,0.698787,"[0.003704, 0.003704, 0.003704, 0.003704, 0.275286, 0.698787, 0.003704, 0.003704, 0.003704]"
FB0116,2026-05-22T10:46:23Z,USER072,H013,Table View,Cape Town,1,Application Performance,The page sometimes disconnects and takes too long to reconnect even though other websites work correctly. A lightweight mobile mode would make the service more accessible.,iOS,reviewed,mock,page sometimes disconnects takes long reconnect even though websites work correctly lightweight mobile mode service accessible,16,topic_4,0.624435,"[0.003472, 0.003472, 0.003472, 0.624435, 0.003472, 0.003472, 0.003472, 0.003472, 0.351258]"
FB0117,2026-05-22T17:03:33Z,USER006,H003,Bryanston,Gauteng,1,Safety Alerts,Several alerts appeared together instead of arriving in real time while people were still travelling home. Please make urgent notifications faster and more reliable. This area mainly receives home invasion warnings.,iOS,reviewed,mock,several alerts appeared together instead arriving real time people still travelling home urgent notifications faster reliable home invasion warnings,19,topic_3,0.976606,"[0.002925, 0.002924, 0.976606, 0.002925, 0.002924, 0.002924, 0.002924, 0.002924, 0.002924]"
FB0118,2026-05-22T20:23:53Z,USER062,H013,Table View,Cape Town,5,Positive Experience,The incident report was simple to submit and appeared quickly without requiring technical knowledge. Please continue improving the alert details.,iOS,new,mock,incident report simple submit appeared quickly without requiring technical knowledge continue improving alert details,14,topic_5,0.646824,"[0.003969, 0.003969, 0.003969, 0.003968, 0.646824, 0.003969, 0.003968, 0.325396, 0.003969]"
FB0119,2026-05-22T21:37:46Z,USER160,H013,Table View,Cape Town,3,Location Accuracy,The location pin was too broad to identify the affected area which made the warning confusing. Please improve address validation before publishing an incident.,Mobile Web,reviewed,mock,location pin broad identify affected made warning confusing address validation publishing incident,12,topic_5,0.629038,"[0.00463, 0.00463, 0.00463, 0.00463, 0.629038, 0.338554, 0.00463, 0.00463, 0.00463]"
FB0120,2026-05-22T23:06:45Z,USER152,H001,Rondebosch,Cape Town,3,Incident Reporting,Adding a location while reporting was difficult on my phone during a stressful situation. The form should require fewer actions for urgent reports.,iOS,reviewed,mock,adding location reporting difficult phone stressful situation form require fewer actions urgent reports,13,topic_1,0.619659,"[0.619659, 0.004274, 0.004274, 0.004274, 0.004274, 0.350424, 0.004274, 0.004274, 0.004274]"
FB0121,2026-05-23T00:46:26Z,USER108,H007,Garsfontein,Gauteng,3,Location Accuracy,The street name and map marker did not match and residents could not tell how close it was. Please improve address validation before publishing an incident.,Mobile Web,new,mock,street name map marker match residents tell close address validation publishing incident,12,topic_6,0.961352,"[0.004831, 0.004831, 0.004831, 0.004831, 0.004831, 0.961352, 0.004831, 0.004831, 0.004831]"
FB0122,2026-05-23T14:41:25Z,USER046,H014,Centurion Central,Gauteng,2,Location Accuracy,A nearby incident was assigned to the wrong community causing unnecessary concern in another neighbourhood. Allow reporters to adjust the pin before submitting.,iOS,reviewed,mock,nearby incident assigned wrong community causing unnecessary concern another neighbourhood allow reporters adjust pin submitting,15,topic_6,0.663558,"[0.003704, 0.003704, 0.003704, 0.003704, 0.310515, 0.663558, 0.003704, 0.003704, 0.003704]"
FB0123,2026-05-23T16:22:24Z,USER111,H008,Claremont,Cape Town,2,Safety Alerts,Several alerts appeared together instead of arriving in real time when residents needed immediate information. Critical warnings should be prioritised over ordinary updates.,Android,reviewed,mock,several alerts appeared together instead arriving real time residents needed immediate information critical warnings prioritised ordinary updates,17,topic_3,0.973854,"[0.003269, 0.003269, 0.973854, 0.003268, 0.003268, 0.003268, 0.003268, 0.003268, 0.003268]"
FB0124,2026-05-23T23:15:13Z,USER044,H002,Somerset West,Cape Town,2,Location Accuracy,The street name and map marker did not match causing unnecessary concern in another neighbourhood. Please improve address validation before publishing an incident. This area mainly receives home invasion warnings.,Mobile Web,resolved,mock,street name map marker match causing unnecessary concern another neighbourhood address validation publishing incident home invasion warnings,17,topic_6,0.906004,"[0.003269, 0.003268, 0.003269, 0.003269, 0.071116, 0.906004, 0.003268, 0.003268, 0.003269]"
FB0125,2026-05-24T05:05:12Z,USER116,H014,Centurion Central,Gauteng,3,Privacy and Trust,Security and staff accounts should have visible verification to build trust among community members. Users should be able to remove their own stored information.,Web,reviewed,mock,security staff accounts visible verification build trust among community members users able remove stored information,15,topic_7,0.969345,"[0.003831, 0.003832, 0.003831, 0.003831, 0.003832, 0.003831, 0.969345, 0.003831, 0.003834]"
FB0126,2026-05-24T05:56:55Z,USER096,H005,Sea Point,Cape Town,3,Application Performance,The application loads slowly when opening a busy community group even though other websites work correctly. Older messages should load only when requested. This area mainly receives vehicle theft warnings.,Mobile Web,new,mock,application loads slowly opening busy community group even though websites work correctly older messages load requested vehicle theft warnings,19,topic_7,0.518011,"[0.002925, 0.002925, 0.002924, 0.461516, 0.002926, 0.002924, 0.518011, 0.002924, 0.002925]"
FB0127,2026-05-24T15:05:41Z,USER134,H013,Table View,Cape Town,1,Location Accuracy,The alert location was missing a useful landmark when accurate directions were particularly important. Showing both the street and nearest landmark would improve accuracy.,Android,new,mock,alert location missing useful landmark accurate directions particularly important showing street nearest landmark accuracy,14,topic_6,0.968253,"[0.003969, 0.003968, 0.003968, 0.003968, 0.003969, 0.968253, 0.003969, 0.003968, 0.003968]"
FB0128,2026-05-25T02:11:26Z,USER084,H004,Newlands,Cape Town,3,Incident Reporting,I was unsure whether my report had been submitted successfully despite having a stable internet connection. A clear confirmation screen would make reporting easier.,Android,reviewed,mock,unsure whether report submitted successfully despite stable internet connection clear confirmation screen reporting easier,14,topic_1,0.558418,"[0.558418, 0.003968, 0.003968, 0.413803, 0.003968, 0.003968, 0.003968, 0.003968, 0.003969]"
FB0129,2026-05-25T06:35:17Z,USER179,H012,Menlo Park,Gauteng,1,Application Performance,The application uses too much mobile data when loading message history on a normal mobile connection. Please improve loading speed and automatic reconnection. This area mainly receives vehicle theft warnings.,Web,reviewed,mock,application uses much mobile data loading message history normal mobile connection loading speed automatic reconnection vehicle theft warnings,18,topic_4,0.608789,"[0.003176, 0.003176, 0.003175, 0.608789, 0.11401, 0.003175, 0.044202, 0.217122, 0.003176]"
FB0130,2026-05-25T10:09:19Z,USER173,H009,Fourways,Gauteng,3,Application Performance,The application loads slowly when opening a busy community group during periods of heavy community activity. Older messages should load only when requested.,Web,resolved,mock,application loads slowly opening busy community group periods heavy community activity older messages load requested,15,topic_7,0.415777,"[0.003704, 0.342233, 0.003704, 0.219766, 0.003704, 0.003704, 0.415777, 0.003704, 0.003704]"
FB0131,2026-05-25T15:05:58Z,USER002,H001,Rondebosch,Cape Town,4,Community Chat,The community chat is useful but important messages get buried although moderation controls are still needed. Please add pinned messages for verified safety information.,iOS,reviewed,mock,community chat useful important messages get buried although moderation controls still needed add pinned messages verified safety information,18,topic_2,0.974600,"[0.003175, 0.9746, 0.003175, 0.003175, 0.003175, 0.003175, 0.003176, 0.003175, 0.003175]"
FB0132,2026-05-26T01:15:45Z,USER143,H006,Cape Town City Centre,Cape Town,3,Privacy and Trust,It is unclear how long submitted feedback and reports are retained to build trust among community members. Verified roles and clear retention rules would improve trust.,Web,reviewed,mock,unclear long submitted feedback reports retained build trust among community members verified roles clear retention rules trust,17,topic_9,0.973854,"[0.003268, 0.003268, 0.003268, 0.003268, 0.003268, 0.003268, 0.003269, 0.003268, 0.973854]"
FB0133,2026-05-26T07:49:02Z,USER047,H007,Garsfontein,Gauteng,4,Positive Experience,The neighbourhood chat helped residents coordinate effectively and the information felt timely. I would recommend this feature to other neighbourhood groups. This area mainly receives vehicle theft warnings.,Android,reviewed,mock,neighbourhood chat helped residents coordinate effectively information felt timely recommend feature neighbourhood groups vehicle theft warnings,16,topic_3,0.778154,"[0.003473, 0.003473, 0.778154, 0.003472, 0.197537, 0.003472, 0.003473, 0.003473, 0.003473]"
FB0134,2026-05-26T09:16:49Z,USER139,H002,Somerset West,Cape Town,4,Privacy and Trust,Residents need confidence that private group messages remain private before users share sensitive safety information. Verified roles and clear retention rules would improve trust.,Mobile Web,resolved,mock,residents need confidence private group messages remain private users share sensitive safety information verified roles clear retention rules trust,19,topic_9,0.584759,"[0.002924, 0.002925, 0.002924, 0.002924, 0.002924, 0.002924, 0.394771, 0.002924, 0.584759]"
FB0135,2026-05-27T03:27:00Z,USER061,H008,Claremont,Cape Town,4,Positive Experience,The location-based warnings are relevant and easy to understand during a situation that could have caused confusion. I would recommend this feature to other neighbourhood groups.,Android,reviewed,mock,location based warnings relevant easy understand situation caused confusion recommend feature neighbourhood groups,13,topic_5,0.608873,"[0.004274, 0.004274, 0.36121, 0.004274, 0.608873, 0.004274, 0.004274, 0.004274, 0.004274]"
FB0136,2026-05-27T06:33:34Z,USER068,H006,Cape Town City Centre,Cape Town,2,Location Accuracy,The location pin was too broad to identify the affected area when accurate directions were particularly important. Please improve address validation before publishing an incident.,Android,reviewed,mock,location pin broad identify affected accurate directions particularly important address validation publishing incident,13,topic_6,0.670071,"[0.004445, 0.004445, 0.004444, 0.004444, 0.298817, 0.670071, 0.004445, 0.004444, 0.004445]"
FB0137,2026-05-27T17:08:57Z,USER044,H005,Sea Point,Cape Town,4,Positive Experience,The neighbourhood chat helped residents coordinate effectively while keeping the community informed. I would recommend this feature to other neighbourhood groups. This area mainly receives vehicle theft warnings.,Web,resolved,mock,neighbourhood chat helped residents coordinate effectively keeping community informed recommend feature neighbourhood groups vehicle theft warnings,16,topic_3,0.799327,"[0.003473, 0.003473, 0.799327, 0.003472, 0.176364, 0.003472, 0.003473, 0.003473, 0.003473]"
FB0138,2026-05-27T18:05:29Z,USER057,H014,Centurion Central,Gauteng,3,Community Chat,It is difficult to distinguish verified updates from general discussion and a pinned update feature would help. Verified security updates should be visually distinct.,iOS,reviewed,mock,difficult distinguish verified updates general discussion pinned update feature help verified security updates visually distinct,15,topic_2,0.732193,"[0.241881, 0.732193, 0.003704, 0.003704, 0.003704, 0.003704, 0.003704, 0.003704, 0.003704]"
FB0139,2026-05-28T05:42:26Z,USER131,H007,Garsfontein,Gauteng,3,Application Performance,The application loads slowly when opening a busy community group on a normal mobile connection. Older messages should load only when requested.,Android,new,mock,application loads slowly opening busy community group normal mobile connection older messages load requested,14,topic_7,0.493243,"[0.003968, 0.003969, 0.003968, 0.478978, 0.003968, 0.003968, 0.493243, 0.003968, 0.003969]"
FB0140,2026-05-29T03:55:57Z,USER056,H008,Claremont,Cape Town,2,Safety Alerts,Important warnings sometimes disappear without being opened especially during evening hours. Please make urgent notifications faster and more reliable.,Web,resolved,mock,important warnings sometimes disappear without opened especially evening hours urgent notifications faster reliable,13,topic_1,0.640290,"[0.64029, 0.004445, 0.328595, 0.004445, 0.004445, 0.004445, 0.004444, 0.004446, 0.004445]"
FB0141,2026-05-29T05:46:49Z,USER096,H010,Bedfordview,Gauteng,3,Application Performance,Messages occasionally appear only after I refresh the browser during periods of heavy community activity. Older messages should load only when requested.,Web,reviewed,mock,messages occasionally appear refresh browser periods heavy community activity older messages load requested,13,topic_4,0.590191,"[0.004274, 0.341506, 0.004274, 0.590191, 0.004275, 0.042658, 0.004274, 0.004275, 0.004274]"
FB0142,2026-05-30T17:29:46Z,USER073,H010,Bedfordview,Gauteng,3,Safety Alerts,The safety alert arrived long after the incident was reported especially during evening hours. Critical warnings should be prioritised over ordinary updates.,Web,reviewed,mock,safety alert arrived long incident reported especially evening hours critical warnings prioritised ordinary updates,14,topic_1,0.968250,"[0.96825, 0.003969, 0.00397, 0.003968, 0.003969, 0.003969, 0.003969, 0.003968, 0.003969]"
FB0143,2026-05-30T17:30:41Z,USER028,H004,Newlands,Cape Town,3,Privacy and Trust,Residents need confidence that private group messages remain private to build trust among community members. Verified roles and clear retention rules would improve trust.,Web,new,mock,residents need confidence private group messages remain private build trust among community members verified roles clear retention rules trust,19,topic_9,0.937597,"[0.002924, 0.002925, 0.002924, 0.002924, 0.002924, 0.002924, 0.041933, 0.002924, 0.937597]"
FB0144,2026-05-31T06:19:59Z,USER033,H007,Garsfontein,Gauteng,4,Positive Experience,The incident report was simple to submit and appeared quickly and the information felt timely. A weekly safety summary would make the service even more useful.,Android,new,mock,incident report simple submit appeared quickly information felt timely weekly safety summary service even useful,15,topic_5,0.549596,"[0.003704, 0.003704, 0.003704, 0.003704, 0.549596, 0.003704, 0.424476, 0.003704, 0.003704]"
FB0145,2026-05-31T15:54:22Z,USER159,H008,Claremont,Cape Town,2,Location Accuracy,The map placed the reported incident on the wrong street causing unnecessary concern in another neighbourhood. Showing both the street and nearest landmark would improve accuracy.,iOS,new,mock,map placed reported incident wrong street causing unnecessary concern another neighbourhood showing street nearest landmark accuracy,16,topic_6,0.971325,"[0.003584, 0.003584, 0.003585, 0.003584, 0.003584, 0.971325, 0.003584, 0.003584, 0.003584]"
FB0146,2026-05-31T21:03:05Z,USER126,H005,Sea Point,Cape Town,3,Location Accuracy,The alert location was missing a useful landmark which made the warning confusing. Please improve address validation before publishing an incident.,Web,resolved,mock,alert location missing useful landmark made warning confusing address validation publishing incident,12,topic_6,0.663291,"[0.004832, 0.004831, 0.004831, 0.004831, 0.30289, 0.663291, 0.004831, 0.004831, 0.004831]"
FB0147,2026-05-31T21:14:53Z,USER119,H005,Sea Point,Cape Town,3,Privacy and Trust,The application should explain how location information is stored before users share sensitive safety information. Verified roles and clear retention rules would improve trust.,Android,new,mock,application explain location information stored users share sensitive safety information verified roles clear retention rules trust,16,topic_7,0.972219,"[0.003472, 0.003473, 0.003472, 0.003472, 0.003472, 0.003472, 0.972219, 0.003472, 0.003474]"
FB0148,2026-06-01T15:18:59Z,USER138,H001,Rondebosch,Cape Town,1,Application Performance,The application loads slowly when opening a busy community group on a normal mobile connection. Please improve loading speed and automatic reconnection.,iOS,reviewed,mock,application loads slowly opening busy community group normal mobile connection loading speed automatic reconnection,14,topic_7,0.535081,"[0.003968, 0.003969, 0.003968, 0.190517, 0.003968, 0.003968, 0.535081, 0.250591, 0.003968]"
FB0149,2026-06-01T16:47:58Z,USER029,H010,Bedfordview,Gauteng,2,Safety Alerts,I did not receive the warning until it was too late to be useful especially during evening hours. A delivery timestamp would help residents judge whether an alert is current. This area mainly receives home invasion warnings.,Web,new,mock,receive warning late useful especially evening hours delivery timestamp help residents judge whether alert current home invasion warnings,18,topic_1,0.974598,"[0.974598, 0.003175, 0.003177, 0.003176, 0.003175, 0.003175, 0.003175, 0.003175, 0.003175]"
FB0150,2026-06-02T02:54:59Z,USER158,H009,Fourways,Gauteng,4,Community Chat,Messages are easy to send but the conversation becomes cluttered although moderation controls are still needed. Verified security updates should be visually distinct.,iOS,new,mock,messages easy send conversation becomes cluttered although moderation controls still needed verified security updates visually distinct,16,topic_2,0.972221,"[0.003472, 0.972221, 0.003472, 0.003472, 0.003472, 0.003472, 0.003472, 0.003472, 0.003472]"
FB0151,2026-06-02T05:26:45Z,USER012,H010,Bedfordview,Gauteng,2,Community Chat,It is difficult to distinguish verified updates from general discussion although moderation controls are still needed. Basic moderation and message reporting would improve the group.,Web,new,mock,difficult distinguish verified updates general discussion although moderation controls still needed basic moderation message reporting group,16,topic_2,0.972221,"[0.003472, 0.972221, 0.003472, 0.003472, 0.003472, 0.003472, 0.003472, 0.003472, 0.003472]"
FB0152,2026-06-02T07:49:57Z,USER128,H011,Waterkloof Ridge,Gauteng,3,Community Chat,It is difficult to distinguish verified updates from general discussion and a pinned update feature would help. Please add pinned messages for verified safety information.,Android,resolved,mock,difficult distinguish verified updates general discussion pinned update feature help add pinned messages verified safety information,16,topic_2,0.745848,"[0.229844, 0.745848, 0.003473, 0.003472, 0.003472, 0.003472, 0.003473, 0.003472, 0.003473]"
FB0153,2026-06-02T08:38:35Z,USER104,H011,Waterkloof Ridge,Gauteng,3,Safety Alerts,The notification was delayed and lacked a clear incident time when residents needed immediate information. A delivery timestamp would help residents judge whether an alert is current.,Android,reviewed,mock,notification delayed lacked clear incident time residents needed immediate information delivery timestamp help residents judge whether alert current,18,topic_3,0.975305,"[0.003088, 0.003087, 0.975305, 0.003087, 0.003087, 0.003087, 0.003087, 0.003086, 0.003087]"
FB0154,2026-06-02T15:08:47Z,USER060,H014,Centurion Central,Gauteng,5,Positive Experience,The service helped me understand recent safety activity nearby while keeping the community informed. I would recommend this feature to other neighbourhood groups.,Mobile Web,reviewed,mock,service helped understand recent safety activity nearby keeping community informed recommend feature neighbourhood groups,14,topic_5,0.643056,"[0.003968, 0.003969, 0.329164, 0.003968, 0.643056, 0.003968, 0.003969, 0.003969, 0.003968]"
FB0155,2026-06-03T02:45:06Z,USER035,H003,Bryanston,Gauteng,3,Privacy and Trust,It is unclear how long submitted feedback and reports are retained because reports may contain personal details. Please add a simple privacy notice near the submission form.,Android,new,mock,unclear long submitted feedback reports retained reports may contain personal details add simple privacy notice near submission form,18,topic_9,0.975308,"[0.003087, 0.003086, 0.003086, 0.003086, 0.003087, 0.003086, 0.003086, 0.003086, 0.975308]"
FB0156,2026-06-03T23:22:58Z,USER017,H014,Centurion Central,Gauteng,3,Safety Alerts,The notification was delayed and lacked a clear incident time while people were still travelling home. Please make urgent notifications faster and more reliable.,Web,reviewed,mock,notification delayed lacked clear incident time people still travelling home urgent notifications faster reliable,14,topic_3,0.968251,"[0.003969, 0.003968, 0.968251, 0.003969, 0.003969, 0.003969, 0.003968, 0.003968, 0.003969]"
FB0157,2026-06-04T01:56:47Z,USER163,H013,Table View,Cape Town,3,Location Accuracy,The street name and map marker did not match when accurate directions were particularly important. Showing both the street and nearest landmark would improve accuracy.,Web,resolved,mock,street name map marker match accurate directions particularly important showing street nearest landmark accuracy,14,topic_6,0.968254,"[0.003968, 0.003968, 0.003968, 0.003968, 0.003968, 0.968254, 0.003968, 0.003968, 0.003968]"
FB0158,2026-06-04T11:56:37Z,USER026,H011,Waterkloof Ridge,Gauteng,4,Positive Experience,Community alerts made it easier to avoid an affected route while keeping the community informed. Please continue improving the alert details.,Mobile Web,resolved,mock,community alerts made easier avoid affected route keeping community informed continue improving alert details,14,topic_5,0.967076,"[0.004115, 0.004115, 0.004116, 0.004116, 0.967076, 0.004115, 0.004115, 0.004116, 0.004115]"
FB0159,2026-06-04T21:56:55Z,USER170,H004,Newlands,Cape Town,4,Positive Experience,Community alerts made it easier to avoid an affected route and the information felt timely. Please continue improving the alert details.,iOS,reviewed,mock,community alerts made easier avoid affected route information felt timely continue improving alert details,14,topic_5,0.968249,"[0.003968, 0.003969, 0.003969, 0.003969, 0.968249, 0.003968, 0.00397, 0.003969, 0.003969]"
FB0160,2026-06-06T18:35:36Z,USER087,H004,Newlands,Cape Town,4,Privacy and Trust,The application should explain how location information is stored before users share sensitive safety information. Please add a simple privacy notice near the submission form.,Mobile Web,reviewed,mock,application explain location information stored users share sensitive safety information add simple privacy notice near submission form,17,topic_9,0.505977,"[0.003268, 0.003268, 0.003268, 0.003268, 0.003268, 0.003268, 0.471146, 0.003268, 0.505977]"
FB0161,2026-06-06T22:23:57Z,USER093,H002,Somerset West,Cape Town,5,Positive Experience,The neighbourhood chat helped residents coordinate effectively and the information felt timely. I would recommend this feature to other neighbourhood groups. This area mainly receives home invasion warnings.,Web,new,mock,neighbourhood chat helped residents coordinate effectively information felt timely recommend feature neighbourhood groups home invasion warnings,16,topic_3,0.972215,"[0.003473, 0.003473, 0.972215, 0.003473, 0.003476, 0.003473, 0.003473, 0.003473, 0.003473]"
FB0162,2026-06-07T00:19:08Z,USER025,H002,Somerset West,Cape Town,4,Community Chat,The chat helped residents share information about a recent concern when many residents post at the same time. Basic moderation and message reporting would improve the group.,iOS,new,mock,chat helped residents share information recent concern many residents post time basic moderation message reporting group,16,topic_2,0.374362,"[0.003473, 0.374362, 0.003474, 0.24932, 0.003472, 0.003473, 0.046924, 0.312029, 0.003473]"
FB0163,2026-06-07T04:27:01Z,USER103,H010,Bedfordview,Gauteng,3,Incident Reporting,Adding a location while reporting was difficult on my phone and I had to repeat the process. A clear confirmation screen would make reporting easier.,iOS,new,mock,adding location reporting difficult phone repeat process clear confirmation screen reporting easier,12,topic_4,0.587963,"[0.004632, 0.00463, 0.00463, 0.587963, 0.00463, 0.379626, 0.00463, 0.00463, 0.00463]"
FB0164,2026-06-07T11:16:39Z,USER083,H006,Cape Town City Centre,Cape Town,4,Positive Experience,The location-based warnings are relevant and easy to understand and the information felt timely. A weekly safety summary would make the service even more useful.,Android,reviewed,mock,location based warnings relevant easy understand information felt timely weekly safety summary service even useful,15,topic_5,0.531496,"[0.003704, 0.003704, 0.003704, 0.003704, 0.531496, 0.003704, 0.442576, 0.003704, 0.003704]"
FB0165,2026-06-07T22:22:49Z,USER158,H007,Garsfontein,Gauteng,5,Positive Experience,The neighbourhood chat helped residents coordinate effectively without requiring technical knowledge. I would recommend this feature to other neighbourhood groups.,iOS,reviewed,mock,neighbourhood chat helped residents coordinate effectively without requiring technical knowledge recommend feature neighbourhood groups,14,topic_3,0.662895,"[0.003968, 0.003969, 0.662895, 0.003968, 0.003968, 0.003968, 0.003968, 0.309325, 0.003968]"
FB0166,2026-06-08T23:33:34Z,USER041,H009,Fourways,Gauteng,1,Location Accuracy,The street name and map marker did not match when accurate directions were particularly important. Please improve address validation before publishing an incident.,iOS,reviewed,mock,street name map marker match accurate directions particularly important address validation publishing incident,13,topic_6,0.965812,"[0.004274, 0.004274, 0.004274, 0.004274, 0.004274, 0.965812, 0.004274, 0.004274, 0.004274]"
FB0167,2026-06-09T08:06:19Z,USER165,H007,Garsfontein,Gauteng,2,Incident Reporting,I was unsure whether my report had been submitted successfully despite having a stable internet connection. The form should require fewer actions for urgent reports.,Android,resolved,mock,unsure whether report submitted successfully despite stable internet connection form require fewer actions urgent reports,15,topic_1,0.970369,"[0.970369, 0.003704, 0.003704, 0.003704, 0.003704, 0.003704, 0.003704, 0.003704, 0.003704]"
FB0168,2026-06-09T13:16:00Z,USER048,H014,Centurion Central,Gauteng,3,Application Performance,The interface becomes unresponsive after several alerts arrive during periods of heavy community activity. Please improve loading speed and automatic reconnection.,iOS,reviewed,mock,interface becomes unresponsive several alerts arrive periods heavy community activity loading speed automatic reconnection,14,topic_8,0.637985,"[0.003968, 0.334234, 0.003969, 0.003968, 0.003969, 0.003968, 0.003969, 0.637985, 0.003969]"
FB0169,2026-06-10T15:28:45Z,USER064,H006,Cape Town City Centre,Cape Town,2,Community Chat,It is difficult to distinguish verified updates from general discussion without requiring a separate messaging application. Basic moderation and message reporting would improve the group.,Android,new,mock,difficult distinguish verified updates general discussion without requiring separate messaging application basic moderation message reporting group,16,topic_2,0.972221,"[0.003472, 0.972221, 0.003472, 0.003472, 0.003472, 0.003472, 0.003472, 0.003473, 0.003472]"
FB0170,2026-06-11T08:28:28Z,USER043,H011,Waterkloof Ridge,Gauteng,1,Application Performance,Messages occasionally appear only after I refresh the browser even though other websites work correctly. Older messages should load only when requested.,Android,reviewed,mock,messages occasionally appear refresh browser even though websites work correctly older messages load requested,14,topic_4,0.968253,"[0.003968, 0.003968, 0.003968, 0.968253, 0.003968, 0.003968, 0.003968, 0.003969, 0.003968]"
FB0171,2026-06-11T12:03:29Z,USER127,H009,Fourways,Gauteng,2,Privacy and Trust,Residents need confidence that private group messages remain private especially in private neighbourhood groups. Please add a simple privacy notice near the submission form.,iOS,reviewed,mock,residents need confidence private group messages remain private especially private neighbourhood groups add simple privacy notice near submission form,19,topic_9,0.836368,"[0.002924, 0.002925, 0.143163, 0.002924, 0.002924, 0.002924, 0.002924, 0.002924, 0.836368]"
FB0172,2026-06-12T16:55:40Z,USER069,H003,Bryanston,Gauteng,1,Safety Alerts,Important warnings sometimes disappear without being opened during a period of increased neighbourhood activity. A delivery timestamp would help residents judge whether an alert is current.,Android,resolved,mock,important warnings sometimes disappear without opened period increased neighbourhood activity delivery timestamp help residents judge whether alert current,18,topic_1,0.975305,"[0.975305, 0.003087, 0.003088, 0.003087, 0.003087, 0.003087, 0.003086, 0.003087, 0.003087]"
FB0173,2026-06-14T03:19:59Z,USER043,H012,Menlo Park,Gauteng,3,Safety Alerts,Several alerts appeared together instead of arriving in real time during a period of increased neighbourhood activity. A delivery timestamp would help residents judge whether an alert is current.,iOS,new,mock,several alerts appeared together instead arriving real time period increased neighbourhood activity delivery timestamp help residents judge whether alert current,20,topic_3,0.977776,"[0.002779, 0.002778, 0.977776, 0.002778, 0.002778, 0.002778, 0.002778, 0.002778, 0.002778]"
FB0174,2026-06-14T20:49:33Z,USER107,H011,Waterkloof Ridge,Gauteng,3,Location Accuracy,The map placed the reported incident on the wrong street which made the warning confusing. Allow reporters to adjust the pin before submitting. This area mainly receives home invasion warnings.,Web,reviewed,mock,map placed reported incident wrong street made warning confusing allow reporters adjust pin submitting home invasion warnings,17,topic_6,0.669410,"[0.003269, 0.003268, 0.003269, 0.144167, 0.166813, 0.66941, 0.003269, 0.003268, 0.003268]"
FB0175,2026-06-15T00:44:38Z,USER155,H001,Rondebosch,Cape Town,2,Incident Reporting,The form cleared my description before the report was sent and I had to repeat the process. The form should require fewer actions for urgent reports. This area mainly receives home invasion warnings.,Web,new,mock,form cleared description report sent repeat process form require fewer actions urgent reports home invasion warnings,16,topic_1,0.588920,"[0.58892, 0.003584, 0.003585, 0.003586, 0.003584, 0.003585, 0.003584, 0.003585, 0.385987]"
FB0176,2026-06-15T12:28:06Z,USER147,H003,Bryanston,Gauteng,5,Positive Experience,The neighbourhood chat helped residents coordinate effectively while keeping the community informed. Please continue improving the alert details.,Mobile Web,reviewed,mock,neighbourhood chat helped residents coordinate effectively keeping community informed continue improving alert details,13,topic_3,0.495777,"[0.004274, 0.004274, 0.495777, 0.004274, 0.474306, 0.004274, 0.004274, 0.004275, 0.004274]"
FB0177,2026-06-15T14:44:21Z,USER066,H002,Somerset West,Cape Town,2,Privacy and Trust,I want clearer information about who can see my incident report because reports may contain personal details. Verified roles and clear retention rules would improve trust. This area mainly receives home invasion warnings.,Web,resolved,mock,want clearer information see incident report reports may contain personal details verified roles clear retention rules trust home invasion warnings,20,topic_9,0.977773,"[0.002778, 0.002778, 0.002778, 0.002779, 0.002778, 0.002778, 0.002779, 0.002778, 0.977773]"
FB0178,2026-06-16T01:53:41Z,USER159,H014,Centurion Central,Gauteng,5,Positive Experience,The neighbourhood chat helped residents coordinate effectively without requiring technical knowledge. Please continue improving the alert details.,Mobile Web,reviewed,mock,neighbourhood chat helped residents coordinate effectively without requiring technical knowledge continue improving alert details,14,topic_3,0.371471,"[0.003969, 0.003969, 0.371471, 0.003968, 0.245069, 0.003969, 0.003968, 0.359649, 0.003969]"
FB0179,2026-06-17T09:53:26Z,USER106,H009,Fourways,Gauteng,3,Application Performance,Messages occasionally appear only after I refresh the browser which makes the service feel unreliable. Please improve loading speed and automatic reconnection.,Web,reviewed,mock,messages occasionally appear refresh browser makes service feel unreliable loading speed automatic reconnection,13,topic_8,0.965809,"[0.004274, 0.004274, 0.004274, 0.004276, 0.004274, 0.004274, 0.004274, 0.965809, 0.004274]"
FB0180,2026-06-17T16:38:25Z,USER153,H006,Cape Town City Centre,Cape Town,2,Safety Alerts,I did not receive the warning until it was too late to be useful during a period of increased neighbourhood activity. Please make urgent notifications faster and more reliable.,Web,reviewed,mock,receive warning late useful period increased neighbourhood activity urgent notifications faster reliable,12,topic_3,0.470956,"[0.449979, 0.00463, 0.470956, 0.00463, 0.051286, 0.00463, 0.00463, 0.00463, 0.00463]"
FB0181,2026-06-18T04:27:07Z,USER170,H008,Claremont,Cape Town,3,Safety Alerts,I did not receive the warning until it was too late to be useful when residents needed immediate information. Critical warnings should be prioritised over ordinary updates. This area mainly receives home invasion warnings.,Web,resolved,mock,receive warning late useful residents needed immediate information critical warnings prioritised ordinary updates home invasion warnings,16,topic_3,0.503560,"[0.430313, 0.003473, 0.50356, 0.04529, 0.003473, 0.003473, 0.003473, 0.003473, 0.003473]"
FB0182,2026-06-18T05:01:07Z,USER151,H012,Menlo Park,Gauteng,3,Community Chat,The community chat is useful but important messages get buried and a pinned update feature would help. Verified security updates should be visually distinct.,Web,new,mock,community chat useful important messages get buried pinned update feature help verified security updates visually distinct,16,topic_2,0.752462,"[0.222447, 0.752462, 0.003585, 0.003584, 0.003584, 0.003585, 0.003585, 0.003584, 0.003584]"
FB0183,2026-06-18T09:02:47Z,USER132,H008,Claremont,Cape Town,3,Privacy and Trust,The application should explain how location information is stored before users share sensitive safety information. Users should be able to remove their own stored information.,iOS,reviewed,mock,application explain location information stored users share sensitive safety information users able remove stored information,15,topic_7,0.970369,"[0.003704, 0.003704, 0.003704, 0.003704, 0.003704, 0.003704, 0.970369, 0.003704, 0.003704]"
FB0184,2026-06-18T18:15:29Z,USER001,H011,Waterkloof Ridge,Gauteng,2,Safety Alerts,I did not receive the warning until it was too late to be useful when residents needed immediate information. Please make urgent notifications faster and more reliable. This area mainly receives home invasion warnings.,Mobile Web,resolved,mock,receive warning late useful residents needed immediate information urgent notifications faster reliable home invasion warnings,15,topic_3,0.630104,"[0.300508, 0.003704, 0.630104, 0.047162, 0.003704, 0.003704, 0.003705, 0.003704, 0.003704]"
FB0185,2026-06-18T18:48:34Z,USER020,H013,Table View,Cape Town,3,Community Chat,It is difficult to distinguish verified updates from general discussion when many residents post at the same time. Verified security updates should be visually distinct. This area mainly receives home invasion warnings.,Web,reviewed,mock,difficult distinguish verified updates general discussion many residents post time verified security updates visually distinct home invasion warnings,18,topic_2,0.595342,"[0.003087, 0.595342, 0.003088, 0.38305, 0.003087, 0.003087, 0.003087, 0.003087, 0.003087]"
FB0186,2026-06-19T07:03:08Z,USER027,H012,Menlo Park,Gauteng,5,Positive Experience,The service helped me understand recent safety activity nearby while keeping the community informed. Please continue improving the alert details. This area mainly receives vehicle theft warnings.,iOS,reviewed,mock,service helped understand recent safety activity nearby keeping community informed continue improving alert details vehicle theft warnings,17,topic_5,0.973854,"[0.003268, 0.003268, 0.003268, 0.003268, 0.973854, 0.003268, 0.003268, 0.003268, 0.003268]"
FB0187,2026-06-19T19:05:01Z,USER093,H011,Waterkloof Ridge,Gauteng,2,Privacy and Trust,The application should explain how location information is stored especially in private neighbourhood groups. Users should be able to remove their own stored information.,Android,new,mock,application explain location information stored especially private neighbourhood groups users able remove stored information,14,topic_7,0.632042,"[0.004116, 0.004115, 0.195004, 0.004116, 0.004115, 0.004116, 0.632042, 0.004115, 0.148261]"
FB0188,2026-06-19T20:17:45Z,USER128,H004,Newlands,Cape Town,3,Privacy and Trust,The application should explain how location information is stored to build trust among community members. Please add a simple privacy notice near the submission form. This area mainly receives home invasion warnings.,Mobile Web,resolved,mock,application explain location information stored build trust among community members add simple privacy notice near submission form home invasion warnings,20,topic_9,0.977773,"[0.002778, 0.002778, 0.002778, 0.002778, 0.002778, 0.002778, 0.002779, 0.002778, 0.977773]"
FB0189,2026-06-20T16:29:03Z,USER142,H011,Waterkloof Ridge,Gauteng,5,Positive Experience,The neighbourhood chat helped residents coordinate effectively while keeping the community informed. I would recommend this feature to other neighbourhood groups.,Mobile Web,reviewed,mock,neighbourhood chat helped residents coordinate effectively keeping community informed recommend feature neighbourhood groups,13,topic_3,0.965805,"[0.004274, 0.004274, 0.965805, 0.004274, 0.004277, 0.004274, 0.004275, 0.004274, 0.004274]"
FB0190,2026-06-20T18:35:58Z,USER016,H003,Bryanston,Gauteng,5,Positive Experience,The neighbourhood chat helped residents coordinate effectively and the information felt timely. Please continue improving the alert details.,Mobile Web,reviewed,mock,neighbourhood chat helped residents coordinate effectively information felt timely continue improving alert details,13,topic_3,0.506456,"[0.004274, 0.004274, 0.506456, 0.004274, 0.463626, 0.004274, 0.004274, 0.004275, 0.004274]"
FB0191,2026-06-22T08:46:46Z,USER027,H014,Centurion Central,Gauteng,3,Application Performance,The application loads slowly when opening a busy community group during periods of heavy community activity. A lightweight mobile mode would make the service more accessible.,iOS,reviewed,mock,application loads slowly opening busy community group periods heavy community activity lightweight mobile mode service accessible,16,topic_7,0.390980,"[0.003472, 0.298205, 0.003472, 0.289979, 0.003473, 0.003472, 0.39098, 0.003473, 0.003472]"
FB0192,2026-06-22T16:09:49Z,USER141,H002,Somerset West,Cape Town,4,Positive Experience,Community alerts made it easier to avoid an affected route and the information felt timely. A weekly safety summary would make the service even more useful.,Android,resolved,mock,community alerts made easier avoid affected route information felt timely weekly safety summary service even useful,16,topic_5,0.598766,"[0.003472, 0.003472, 0.003473, 0.003473, 0.598766, 0.003472, 0.376926, 0.003473, 0.003472]"
FB0193,2026-06-22T16:24:45Z,USER049,H007,Garsfontein,Gauteng,2,Community Chat,It is difficult to distinguish verified updates from general discussion when many residents post at the same time. Basic moderation and message reporting would improve the group.,iOS,resolved,mock,difficult distinguish verified updates general discussion many residents post time basic moderation message reporting group,15,topic_2,0.681377,"[0.003704, 0.681377, 0.003705, 0.292696, 0.003704, 0.003704, 0.003704, 0.003704, 0.003704]"
FB0194,2026-06-22T16:34:00Z,USER115,H004,Newlands,Cape Town,2,Application Performance,The interface becomes unresponsive after several alerts arrive even though other websites work correctly. Please improve loading speed and automatic reconnection.,Mobile Web,new,mock,interface becomes unresponsive several alerts arrive even though websites work correctly loading speed automatic reconnection,15,topic_8,0.601083,"[0.003704, 0.003704, 0.003704, 0.37299, 0.003704, 0.003704, 0.003704, 0.601083, 0.003704]"
FB0195,2026-06-22T21:58:44Z,USER099,H006,Cape Town City Centre,Cape Town,3,Privacy and Trust,The application should explain how location information is stored because reports may contain personal details. Verified roles and clear retention rules would improve trust. This area mainly receives vehicle theft warnings.,Android,new,mock,application explain location information stored reports may contain personal details verified roles clear retention rules trust vehicle theft warnings,19,topic_9,0.976603,"[0.002924, 0.002925, 0.002924, 0.002924, 0.002925, 0.002924, 0.002926, 0.002924, 0.976603]"
FB0196,2026-06-23T23:41:25Z,USER115,H001,Rondebosch,Cape Town,4,Community Chat,Messages are easy to send but the conversation becomes cluttered without requiring a separate messaging application. Verified security updates should be visually distinct.,iOS,new,mock,messages easy send conversation becomes cluttered without requiring separate messaging application verified security updates visually distinct,16,topic_2,0.934600,"[0.003472, 0.9346, 0.003472, 0.003472, 0.003472, 0.003472, 0.003472, 0.041094, 0.003472]"
FB0197,2026-06-24T02:22:08Z,USER125,H006,Cape Town City Centre,Cape Town,3,Application Performance,The page sometimes disconnects and takes too long to reconnect during periods of heavy community activity. Please improve loading speed and automatic reconnection.,Android,resolved,mock,page sometimes disconnects takes long reconnect periods heavy community activity loading speed automatic reconnection,14,topic_9,0.432377,"[0.004116, 0.279543, 0.004116, 0.004116, 0.004116, 0.004115, 0.004116, 0.263386, 0.432377]"
FB0198,2026-06-24T03:16:49Z,USER093,H009,Fourways,Gauteng,3,Application Performance,The application loads slowly when opening a busy community group on a normal mobile connection. A lightweight mobile mode would make the service more accessible.,Android,new,mock,application loads slowly opening busy community group normal mobile connection lightweight mobile mode service accessible,15,topic_4,0.514782,"[0.003704, 0.003704, 0.003704, 0.514782, 0.003704, 0.003704, 0.459291, 0.003704, 0.003704]"
FB0199,2026-06-24T08:41:27Z,USER164,H013,Table View,Cape Town,3,Safety Alerts,I did not receive the warning until it was too late to be useful especially during evening hours. Critical warnings should be prioritised over ordinary updates.,iOS,resolved,mock,receive warning late useful especially evening hours critical warnings prioritised ordinary updates,12,topic_1,0.962959,"[0.962959, 0.00463, 0.004632, 0.00463, 0.00463, 0.00463, 0.00463, 0.00463, 0.00463]"
FB0200,2026-06-24T20:28:03Z,USER110,H003,Bryanston,Gauteng,2,Application Performance,The application loads slowly when opening a busy community group even though other websites work correctly. Older messages should load only when requested.,Web,reviewed,mock,application loads slowly opening busy community group even though websites work correctly older messages load requested,16,topic_4,0.525742,"[0.003472, 0.003473, 0.003472, 0.525742, 0.003472, 0.003472, 0.449951, 0.003472, 0.003473]"
FB0201,2026-06-25T23:11:46Z,USER001,H012,Menlo Park,Gauteng,2,Location Accuracy,The street name and map marker did not match which made the warning confusing. Please improve address validation before publishing an incident.,Mobile Web,reviewed,mock,street name map marker match made warning confusing address validation publishing incident,12,topic_6,0.662963,"[0.00463, 0.00463, 0.00463, 0.00463, 0.304629, 0.662963, 0.00463, 0.00463, 0.00463]"
FB0202,2026-06-26T08:22:04Z,USER018,H004,Newlands,Cape Town,3,Safety Alerts,Several alerts appeared together instead of arriving in real time especially during evening hours. Critical warnings should be prioritised over ordinary updates. This area mainly receives home invasion warnings.,Mobile Web,reviewed,mock,several alerts appeared together instead arriving real time especially evening hours critical warnings prioritised ordinary updates home invasion warnings,19,topic_3,0.976605,"[0.002926, 0.002924, 0.976605, 0.002925, 0.002924, 0.002924, 0.002924, 0.002924, 0.002924]"
FB0203,2026-06-26T09:18:08Z,USER072,H009,Fourways,Gauteng,3,Incident Reporting,The incident form takes too many steps to complete and I had to repeat the process. Please save unfinished reports automatically. This area mainly receives vehicle theft warnings.,iOS,reviewed,mock,incident form takes many steps complete repeat process save unfinished reports automatically vehicle theft warnings,15,topic_1,0.474029,"[0.474029, 0.003704, 0.003704, 0.387969, 0.003706, 0.003704, 0.003704, 0.003704, 0.115775]"
FB0204,2026-06-26T12:31:58Z,USER054,H014,Centurion Central,Gauteng,2,Incident Reporting,Adding a location while reporting was difficult on my phone despite having a stable internet connection. Please save unfinished reports automatically.,iOS,resolved,mock,adding location reporting difficult phone despite stable internet connection save unfinished reports automatically,13,topic_1,0.581198,"[0.581198, 0.004274, 0.004274, 0.004275, 0.004274, 0.388885, 0.004274, 0.004274, 0.004274]"
FB0205,2026-06-26T13:32:40Z,USER125,H005,Sea Point,Cape Town,3,Safety Alerts,The safety alert arrived long after the incident was reported during a period of increased neighbourhood activity. A delivery timestamp would help residents judge whether an alert is current.,Web,new,mock,safety alert arrived long incident reported period increased neighbourhood activity delivery timestamp help residents judge whether alert current,18,topic_1,0.975304,"[0.975304, 0.003087, 0.003089, 0.003087, 0.003087, 0.003087, 0.003087, 0.003086, 0.003087]"
FB0206,2026-06-26T20:14:46Z,USER084,H012,Menlo Park,Gauteng,3,Incident Reporting,Adding a location while reporting was difficult on my phone despite having a stable internet connection. Please save unfinished reports automatically. This area mainly receives vehicle theft warnings.,Mobile Web,reviewed,mock,adding location reporting difficult phone despite stable internet connection save unfinished reports automatically vehicle theft warnings,16,topic_1,0.617409,"[0.617409, 0.003473, 0.003472, 0.003473, 0.003474, 0.318177, 0.003473, 0.003472, 0.043575]"
FB0207,2026-06-26T21:22:25Z,USER109,H004,Newlands,Cape Town,2,Location Accuracy,The alert location was missing a useful landmark causing unnecessary concern in another neighbourhood. Showing both the street and nearest landmark would improve accuracy.,iOS,reviewed,mock,alert location missing useful landmark causing unnecessary concern another neighbourhood showing street nearest landmark accuracy,15,topic_6,0.969347,"[0.003832, 0.003831, 0.003832, 0.003831, 0.003832, 0.969347, 0.003832, 0.003832, 0.003831]"
FB0208,2026-06-26T22:50:30Z,USER082,H008,Claremont,Cape Town,2,Incident Reporting,The reporting screen needs more incident categories when I needed to submit details quickly. Please save unfinished reports automatically.,Android,reviewed,mock,reporting screen needs incident categories needed submit details quickly save unfinished reports automatically,13,topic_1,0.964441,"[0.964441, 0.004445, 0.004445, 0.004445, 0.004446, 0.004445, 0.004444, 0.004444, 0.004445]"
FB0209,2026-06-27T06:42:59Z,USER012,H003,Bryanston,Gauteng,2,Incident Reporting,I was unsure whether my report had been submitted successfully despite having a stable internet connection. Please save unfinished reports automatically.,iOS,new,mock,unsure whether report submitted successfully despite stable internet connection save unfinished reports automatically,13,topic_1,0.927389,"[0.927389, 0.004274, 0.004274, 0.004274, 0.004274, 0.042695, 0.004274, 0.004274, 0.004274]"
FB0210,2026-06-27T11:06:05Z,USER032,H004,Newlands,Cape Town,5,Positive Experience,The neighbourhood chat helped residents coordinate effectively during a situation that could have caused confusion. Please continue improving the alert details.,Web,new,mock,neighbourhood chat helped residents coordinate effectively situation caused confusion continue improving alert details,13,topic_5,0.537808,"[0.004445, 0.004445, 0.431077, 0.004445, 0.537808, 0.004445, 0.004444, 0.004446, 0.004445]"
FB0211,2026-06-27T11:23:12Z,USER138,H013,Table View,Cape Town,3,Application Performance,Messages occasionally appear only after I refresh the browser on a normal mobile connection. A lightweight mobile mode would make the service more accessible.,iOS,reviewed,mock,messages occasionally appear refresh browser normal mobile connection lightweight mobile mode service accessible,13,topic_4,0.927400,"[0.004274, 0.004274, 0.004274, 0.9274, 0.004274, 0.042684, 0.004274, 0.004275, 0.004274]"
FB0212,2026-06-27T17:30:17Z,USER055,H008,Claremont,Cape Town,4,Privacy and Trust,Security and staff accounts should have visible verification because reports may contain personal details. Please add a simple privacy notice near the submission form.,iOS,new,mock,security staff accounts visible verification reports may contain personal details add simple privacy notice near submission form,17,topic_9,0.700341,"[0.003367, 0.003368, 0.003367, 0.003367, 0.003367, 0.003367, 0.276089, 0.003367, 0.700341]"
FB0213,2026-06-27T23:43:35Z,USER006,H003,Bryanston,Gauteng,2,Privacy and Trust,The application should explain how location information is stored to build trust among community members. Please add a simple privacy notice near the submission form.,Web,resolved,mock,application explain location information stored build trust among community members add simple privacy notice near submission form,17,topic_9,0.973852,"[0.003268, 0.003268, 0.003268, 0.003268, 0.003268, 0.003268, 0.00327, 0.003268, 0.973852]"
FB0214,2026-06-28T09:00:39Z,USER026,H014,Centurion Central,Gauteng,3,Community Chat,It is difficult to distinguish verified updates from general discussion without requiring a separate messaging application. Verified security updates should be visually distinct.,Mobile Web,resolved,mock,difficult distinguish verified updates general discussion without requiring separate messaging application verified security updates visually distinct,16,topic_2,0.936512,"[0.003472, 0.936512, 0.003472, 0.003472, 0.003472, 0.003472, 0.003472, 0.039181, 0.003472]"
FB0215,2026-06-28T13:16:55Z,USER017,H007,Garsfontein,Gauteng,1,Application Performance,The page sometimes disconnects and takes too long to reconnect which makes the service feel unreliable. Older messages should load only when requested. This area mainly receives vehicle theft warnings.,Android,resolved,mock,page sometimes disconnects takes long reconnect makes service feel unreliable older messages load requested vehicle theft warnings,17,topic_9,0.544001,"[0.003269, 0.003268, 0.003268, 0.249976, 0.00327, 0.003268, 0.003269, 0.186411, 0.544001]"
FB0216,2026-06-28T13:17:27Z,USER162,H004,Newlands,Cape Town,3,Location Accuracy,The location pin was too broad to identify the affected area and residents could not tell how close it was. Showing both the street and nearest landmark would improve accuracy.,Mobile Web,reviewed,mock,location pin broad identify affected residents tell close showing street nearest landmark accuracy,13,topic_6,0.690802,"[0.004274, 0.004274, 0.004274, 0.004274, 0.279283, 0.690802, 0.004274, 0.004274, 0.004274]"
FB0217,2026-06-29T08:43:56Z,USER100,H008,Claremont,Cape Town,2,Application Performance,The interface becomes unresponsive after several alerts arrive even though other websites work correctly. Older messages should load only when requested. This area mainly receives home invasion warnings.,Android,new,mock,interface becomes unresponsive several alerts arrive even though websites work correctly older messages load requested home invasion warnings,18,topic_4,0.647243,"[0.003087, 0.003087, 0.003087, 0.647243, 0.003087, 0.003087, 0.003087, 0.33115, 0.003087]"
FB0218,2026-06-29T19:21:40Z,USER119,H007,Garsfontein,Gauteng,2,Location Accuracy,The location pin was too broad to identify the affected area causing unnecessary concern in another neighbourhood. Please improve address validation before publishing an incident.,Android,new,mock,location pin broad identify affected causing unnecessary concern another neighbourhood address validation publishing incident,14,topic_6,0.631725,"[0.003968, 0.003968, 0.003969, 0.003968, 0.340496, 0.631725, 0.003968, 0.003968, 0.003968]"
FB0219,2026-06-30T04:52:35Z,USER175,H009,Fourways,Gauteng,3,Safety Alerts,The safety alert arrived long after the incident was reported during a period of increased neighbourhood activity. Critical warnings should be prioritised over ordinary updates.,Android,reviewed,mock,safety alert arrived long incident reported period increased neighbourhood activity critical warnings prioritised ordinary updates,15,topic_1,0.930497,"[0.930497, 0.003704, 0.003706, 0.003704, 0.043572, 0.003704, 0.003704, 0.003704, 0.003704]"
FB0220,2026-06-30T10:01:34Z,USER179,H010,Bedfordview,Gauteng,3,Community Chat,The private group feature makes neighbourhood coordination easier without requiring a separate messaging application. Please add pinned messages for verified safety information.,Android,reviewed,mock,private group feature makes neighbourhood coordination easier without requiring separate messaging application add pinned messages verified safety information,18,topic_2,0.655433,"[0.003087, 0.655433, 0.003088, 0.322957, 0.003087, 0.003087, 0.003087, 0.003087, 0.003088]"
FB0221,2026-06-30T19:08:09Z,USER067,H011,Waterkloof Ridge,Gauteng,3,Community Chat,Messages are easy to send but the conversation becomes cluttered although moderation controls are still needed. Basic moderation and message reporting would improve the group.,iOS,new,mock,messages easy send conversation becomes cluttered although moderation controls still needed basic moderation message reporting group,16,topic_2,0.972221,"[0.003472, 0.972221, 0.003472, 0.003473, 0.003472, 0.003472, 0.003472, 0.003472, 0.003472]"
FB0222,2026-07-01T00:28:50Z,USER016,H012,Menlo Park,Gauteng,3,Privacy and Trust,It is unclear how long submitted feedback and reports are retained especially in private neighbourhood groups. Please add a simple privacy notice near the submission form.,Web,resolved,mock,unclear long submitted feedback reports retained especially private neighbourhood groups add simple privacy notice near submission form,17,topic_9,0.851854,"[0.003368, 0.003367, 0.124576, 0.003367, 0.003367, 0.003367, 0.003367, 0.003367, 0.851854]"
FB0223,2026-07-01T10:43:45Z,USER069,H005,Sea Point,Cape Town,2,Community Chat,Messages are easy to send but the conversation becomes cluttered without requiring a separate messaging application. Basic moderation and message reporting would improve the group.,Web,reviewed,mock,messages easy send conversation becomes cluttered without requiring separate messaging application basic moderation message reporting group,16,topic_2,0.972221,"[0.003472, 0.972221, 0.003472, 0.003473, 0.003472, 0.003472, 0.003472, 0.003473, 0.003472]"
FB0224,2026-07-01T14:42:46Z,USER127,H013,Table View,Cape Town,2,Community Chat,The private group feature makes neighbourhood coordination easier when many residents post at the same time. Basic moderation and message reporting would improve the group.,Web,reviewed,mock,private group feature makes neighbourhood coordination easier many residents post time basic moderation message reporting group,16,topic_4,0.639637,"[0.003472, 0.336054, 0.003474, 0.639637, 0.003472, 0.003473, 0.003472, 0.003472, 0.003473]"
FB0225,2026-07-02T00:47:14Z,USER014,H009,Fourways,Gauteng,1,Location Accuracy,The alert location was missing a useful landmark and residents could not tell how close it was. Please improve address validation before publishing an incident.,Android,new,mock,alert location missing useful landmark residents tell close address validation publishing incident,12,topic_6,0.962960,"[0.00463, 0.00463, 0.00463, 0.00463, 0.00463, 0.96296, 0.00463, 0.00463, 0.00463]"
FB0226,2026-07-02T21:43:00Z,USER142,H004,Newlands,Cape Town,4,Community Chat,The private group feature makes neighbourhood coordination easier without requiring a separate messaging application. Basic moderation and message reporting would improve the group. This area mainly receives home invasion warnings.,iOS,new,mock,private group feature makes neighbourhood coordination easier without requiring separate messaging application basic moderation message reporting group home invasion warnings,20,topic_2,0.541229,"[0.002849, 0.541229, 0.00285, 0.438824, 0.002849, 0.002849, 0.002849, 0.00285, 0.00285]"
FB0227,2026-07-03T03:24:52Z,USER086,H003,Bryanston,Gauteng,3,Application Performance,The application uses too much mobile data when loading message history which makes the service feel unreliable. Please improve loading speed and automatic reconnection.,iOS,reviewed,mock,application uses much mobile data loading message history makes service feel unreliable loading speed automatic reconnection,16,topic_8,0.503600,"[0.003472, 0.003473, 0.003472, 0.472093, 0.003472, 0.003472, 0.003473, 0.5036, 0.003472]"
FB0228,2026-07-03T03:51:58Z,USER035,H013,Table View,Cape Town,2,Incident Reporting,Adding a location while reporting was difficult on my phone during a stressful situation. Please save unfinished reports automatically.,Android,resolved,mock,adding location reporting difficult phone stressful situation save unfinished reports automatically,11,topic_1,0.550504,"[0.550504, 0.005051, 0.005051, 0.005052, 0.005051, 0.414139, 0.005051, 0.005051, 0.005051]"
FB0229,2026-07-03T06:36:36Z,USER176,H011,Waterkloof Ridge,Gauteng,4,Positive Experience,The incident report was simple to submit and appeared quickly during a situation that could have caused confusion. A weekly safety summary would make the service even more useful.,Mobile Web,reviewed,mock,incident report simple submit appeared quickly situation caused confusion weekly safety summary service even useful,15,topic_5,0.638276,"[0.003832, 0.003832, 0.003832, 0.003832, 0.638276, 0.003832, 0.334901, 0.003832, 0.003832]"
FB0230,2026-07-03T15:55:10Z,USER128,H001,Rondebosch,Cape Town,1,Safety Alerts,I did not receive the warning until it was too late to be useful especially during evening hours. A delivery timestamp would help residents judge whether an alert is current.,Web,reviewed,mock,receive warning late useful especially evening hours delivery timestamp help residents judge whether alert current,15,topic_1,0.970367,"[0.970367, 0.003704, 0.003706, 0.003704, 0.003704, 0.003704, 0.003704, 0.003704, 0.003704]"
FB0231,2026-07-03T16:00:56Z,USER080,H001,Rondebosch,Cape Town,2,Privacy and Trust,The application should explain how location information is stored to build trust among community members. Verified roles and clear retention rules would improve trust. This area mainly receives home invasion warnings.,Web,reviewed,mock,application explain location information stored build trust among community members verified roles clear retention rules trust home invasion warnings,19,topic_9,0.976602,"[0.002924, 0.002925, 0.002925, 0.002925, 0.002924, 0.002924, 0.002926, 0.002924, 0.976602]"
FB0232,2026-07-04T07:48:31Z,USER141,H001,Rondebosch,Cape Town,5,Positive Experience,The incident report was simple to submit and appeared quickly while keeping the community informed. A weekly safety summary would make the service even more useful.,Android,reviewed,mock,incident report simple submit appeared quickly keeping community informed weekly safety summary service even useful,15,topic_5,0.625421,"[0.003832, 0.003832, 0.003832, 0.003832, 0.625421, 0.003832, 0.347756, 0.003832, 0.003832]"
FB0233,2026-07-04T23:21:38Z,USER161,H002,Somerset West,Cape Town,3,Incident Reporting,The incident form takes too many steps to complete despite having a stable internet connection. A clear confirmation screen would make reporting easier. This area mainly receives home invasion warnings.,Web,new,mock,incident form takes many steps complete despite stable internet connection clear confirmation screen reporting easier home invasion warnings,18,topic_4,0.975305,"[0.003088, 0.003086, 0.003087, 0.975305, 0.003087, 0.003087, 0.003086, 0.003087, 0.003087]"
FB0234,2026-07-05T03:40:41Z,USER114,H002,Somerset West,Cape Town,3,Privacy and Trust,I want clearer information about who can see my incident report to build trust among community members. Users should be able to remove their own stored information.,iOS,new,mock,want clearer information see incident report build trust among community members users able remove stored information,16,topic_9,0.526406,"[0.003473, 0.003472, 0.003473, 0.003472, 0.052054, 0.003473, 0.400705, 0.003472, 0.526406]"
FB0235,2026-07-05T12:36:50Z,USER116,H012,Menlo Park,Gauteng,2,Safety Alerts,Several alerts appeared together instead of arriving in real time especially during evening hours. Critical warnings should be prioritised over ordinary updates.,Mobile Web,new,mock,several alerts appeared together instead arriving real time especially evening hours critical warnings prioritised ordinary updates,16,topic_3,0.972220,"[0.003474, 0.003473, 0.97222, 0.003472, 0.003472, 0.003472, 0.003472, 0.003473, 0.003472]"
FB0236,2026-07-05T19:51:00Z,USER159,H013,Table View,Cape Town,3,Safety Alerts,The safety alert arrived long after the incident was reported while people were still travelling home. Please make urgent notifications faster and more reliable.,Android,reviewed,mock,safety alert arrived long incident reported people still travelling home urgent notifications faster reliable,14,topic_1,0.555775,"[0.555775, 0.003969, 0.416443, 0.003968, 0.003969, 0.003969, 0.003969, 0.003968, 0.003969]"
FB0237,2026-07-06T00:58:11Z,USER083,H001,Rondebosch,Cape Town,2,Location Accuracy,The map placed the reported incident on the wrong street when accurate directions were particularly important. Please improve address validation before publishing an incident. This area mainly receives home invasion warnings.,Android,new,mock,map placed reported incident wrong street accurate directions particularly important address validation publishing incident home invasion warnings,17,topic_6,0.939765,"[0.003269, 0.003268, 0.003269, 0.003269, 0.037355, 0.939765, 0.003268, 0.003268, 0.003269]"
FB0238,2026-07-06T12:15:40Z,USER029,H013,Table View,Cape Town,4,Privacy and Trust,Residents need confidence that private group messages remain private because reports may contain personal details. Users should be able to remove their own stored information.,Android,resolved,mock,residents need confidence private group messages remain private reports may contain personal details users able remove stored information,18,topic_9,0.740068,"[0.003087, 0.003087, 0.003087, 0.003087, 0.003087, 0.003087, 0.238325, 0.003086, 0.740068]"
FB0239,2026-07-06T23:31:37Z,USER137,H003,Bryanston,Gauteng,2,Incident Reporting,I was unsure whether my report had been submitted successfully and I had to repeat the process. The form should require fewer actions for urgent reports.,iOS,resolved,mock,unsure whether report submitted successfully repeat process form require fewer actions urgent reports,13,topic_1,0.964443,"[0.964443, 0.004444, 0.004445, 0.004445, 0.004445, 0.004444, 0.004444, 0.004444, 0.004445]"
FB0240,2026-07-07T07:05:33Z,USER026,H007,Garsfontein,Gauteng,3,Community Chat,The private group feature makes neighbourhood coordination easier without requiring a separate messaging application. Basic moderation and message reporting would improve the group. This area mainly receives vehicle theft warnings.,iOS,new,mock,private group feature makes neighbourhood coordination easier without requiring separate messaging application basic moderation message reporting group vehicle theft warnings,20,topic_2,0.654932,"[0.00285, 0.654932, 0.00285, 0.325118, 0.002851, 0.002849, 0.00285, 0.00285, 0.00285]"
FB0241,2026-07-07T18:45:37Z,USER118,H007,Garsfontein,Gauteng,3,Location Accuracy,The map placed the reported incident on the wrong street which made the warning confusing. Showing both the street and nearest landmark would improve accuracy. This area mainly receives vehicle theft warnings.,Web,new,mock,map placed reported incident wrong street made warning confusing showing street nearest landmark accuracy vehicle theft warnings,17,topic_6,0.591812,"[0.003269, 0.003268, 0.003268, 0.003269, 0.320526, 0.591812, 0.068052, 0.003268, 0.003268]"
FB0242,2026-07-09T17:52:03Z,USER156,H005,Sea Point,Cape Town,4,Positive Experience,The service helped me understand recent safety activity nearby without requiring technical knowledge. Please continue improving the alert details.,Mobile Web,reviewed,mock,service helped understand recent safety activity nearby without requiring technical knowledge continue improving alert details,15,topic_5,0.642121,"[0.003832, 0.003832, 0.003832, 0.003831, 0.642121, 0.003831, 0.003832, 0.331057, 0.003832]"
FB0243,2026-07-09T22:41:36Z,USER145,H006,Cape Town City Centre,Cape Town,2,Application Performance,The application uses too much mobile data when loading message history on a normal mobile connection. A lightweight mobile mode would make the service more accessible.,Mobile Web,new,mock,application uses much mobile data loading message history normal mobile connection lightweight mobile mode service accessible,16,topic_4,0.972221,"[0.003472, 0.003473, 0.003472, 0.972221, 0.003472, 0.003472, 0.003472, 0.003473, 0.003472]"
FB0244,2026-07-10T01:32:05Z,USER156,H001,Rondebosch,Cape Town,2,Safety Alerts,I did not receive the warning until it was too late to be useful when residents needed immediate information. A delivery timestamp would help residents judge whether an alert is current.,Mobile Web,reviewed,mock,receive warning late useful residents needed immediate information delivery timestamp help residents judge whether alert current,16,topic_1,0.521409,"[0.521409, 0.003473, 0.423081, 0.034675, 0.003473, 0.003473, 0.003473, 0.003472, 0.003472]"
FB0245,2026-07-10T15:25:25Z,USER176,H003,Bryanston,Gauteng,4,Privacy and Trust,Residents need confidence that private group messages remain private because reports may contain personal details. Please add a simple privacy notice near the submission form.,Web,resolved,mock,residents need confidence private group messages remain private reports may contain personal details add simple privacy notice near submission form,20,topic_9,0.977776,"[0.002778, 0.002778, 0.002778, 0.002778, 0.002778, 0.002778, 0.002778, 0.002778, 0.977776]"
FB0246,2026-07-11T00:04:35Z,USER148,H010,Bedfordview,Gauteng,3,Community Chat,The private group feature makes neighbourhood coordination easier when many residents post at the same time. Verified security updates should be visually distinct. This area mainly receives home invasion warnings.,Mobile Web,reviewed,mock,private group feature makes neighbourhood coordination easier many residents post time verified security updates visually distinct home invasion warnings,19,topic_4,0.657504,"[0.002924, 0.322024, 0.002926, 0.657504, 0.002924, 0.002924, 0.002924, 0.002924, 0.002925]"
FB0247,2026-07-11T00:57:54Z,USER070,H002,Somerset West,Cape Town,2,Location Accuracy,The location pin was too broad to identify the affected area and residents could not tell how close it was. Allow reporters to adjust the pin before submitting.,iOS,resolved,mock,location pin broad identify affected residents tell close allow reporters adjust pin submitting,13,topic_6,0.690801,"[0.004274, 0.004274, 0.004274, 0.004274, 0.279283, 0.690801, 0.004274, 0.004274, 0.004274]"
FB0248,2026-07-11T02:02:23Z,USER100,H004,Newlands,Cape Town,3,Application Performance,Messages occasionally appear only after I refresh the browser during periods of heavy community activity. Older messages should load only when requested. This area mainly receives home invasion warnings.,iOS,reviewed,mock,messages occasionally appear refresh browser periods heavy community activity older messages load requested home invasion warnings,16,topic_4,0.666973,"[0.003473, 0.275932, 0.003473, 0.666973, 0.003473, 0.036257, 0.003473, 0.003473, 0.003473]"
FB0249,2026-07-11T09:37:31Z,USER033,H001,Rondebosch,Cape Town,2,Privacy and Trust,Residents need confidence that private group messages remain private because reports may contain personal details. Verified roles and clear retention rules would improve trust.,iOS,resolved,mock,residents need confidence private group messages remain private reports may contain personal details verified roles clear retention rules trust,19,topic_9,0.976606,"[0.002924, 0.002925, 0.002924, 0.002924, 0.002924, 0.002924, 0.002925, 0.002924, 0.976606]"
FB0250,2026-07-11T15:12:32Z,USER140,H010,Bedfordview,Gauteng,2,Location Accuracy,The alert location was missing a useful landmark and residents could not tell how close it was. Showing both the street and nearest landmark would improve accuracy.,Android,reviewed,mock,alert location missing useful landmark residents tell close showing street nearest landmark accuracy,13,topic_6,0.965810,"[0.004274, 0.004274, 0.004274, 0.004274, 0.004274, 0.96581, 0.004274, 0.004274, 0.004274]"
FB0251,2026-07-12T12:01:44Z,USER163,H010,Bedfordview,Gauteng,2,Safety Alerts,I did not receive the warning until it was too late to be useful especially during evening hours. Please make urgent notifications faster and more reliable.,iOS,reviewed,mock,receive warning late useful especially evening hours urgent notifications faster reliable,11,topic_1,0.591817,"[0.591817, 0.005051, 0.372828, 0.005051, 0.005051, 0.005051, 0.005051, 0.005051, 0.005051]"
FB0252,2026-07-13T01:53:07Z,USER084,H012,Menlo Park,Gauteng,2,Location Accuracy,The location pin was too broad to identify the affected area causing unnecessary concern in another neighbourhood. Showing both the street and nearest landmark would improve accuracy. This area mainly receives vehicle theft warnings.,Web,reviewed,mock,location pin broad identify affected causing unnecessary concern another neighbourhood showing street nearest landmark accuracy vehicle theft warnings,18,topic_6,0.586188,"[0.003087, 0.003087, 0.003087, 0.003087, 0.362158, 0.586188, 0.033133, 0.003087, 0.003087]"
FB0253,2026-07-13T08:30:11Z,USER097,H007,Garsfontein,Gauteng,3,Safety Alerts,The safety alert arrived long after the incident was reported while people were still travelling home. A delivery timestamp would help residents judge whether an alert is current. This area mainly receives vehicle theft warnings.,iOS,resolved,mock,safety alert arrived long incident reported people still travelling home delivery timestamp help residents judge whether alert current vehicle theft warnings,21,topic_1,0.978315,"[0.978315, 0.002711, 0.002711, 0.00271, 0.002711, 0.00271, 0.00271, 0.00271, 0.002711]"
FB0254,2026-07-13T08:38:40Z,USER049,H002,Somerset West,Cape Town,1,Safety Alerts,Important warnings sometimes disappear without being opened while people were still travelling home. Critical warnings should be prioritised over ordinary updates.,Mobile Web,new,mock,important warnings sometimes disappear without opened people still travelling home critical warnings prioritised ordinary updates,15,topic_1,0.968248,"[0.968248, 0.003969, 0.003971, 0.003969, 0.003969, 0.003969, 0.003968, 0.003969, 0.003969]"
FB0255,2026-07-13T16:02:00Z,USER162,H011,Waterkloof Ridge,Gauteng,2,Safety Alerts,Several alerts appeared together instead of arriving in real time while people were still travelling home. Please make urgent notifications faster and more reliable.,Android,new,mock,several alerts appeared together instead arriving real time people still travelling home urgent notifications faster reliable,16,topic_3,0.972221,"[0.003473, 0.003472, 0.972221, 0.003472, 0.003472, 0.003472, 0.003472, 0.003473, 0.003472]"
FB0256,2026-07-14T12:05:48Z,USER110,H007,Garsfontein,Gauteng,3,Community Chat,Messages are easy to send but the conversation becomes cluttered when many residents post at the same time. Basic moderation and message reporting would improve the group.,Web,reviewed,mock,messages easy send conversation becomes cluttered many residents post time basic moderation message reporting group,15,topic_2,0.672409,"[0.003704, 0.672409, 0.045742, 0.259626, 0.003704, 0.003704, 0.003704, 0.003704, 0.003704]"
FB0257,2026-07-15T13:22:39Z,USER082,H012,Menlo Park,Gauteng,3,Application Performance,The interface becomes unresponsive after several alerts arrive during periods of heavy community activity. Older messages should load only when requested.,iOS,resolved,mock,interface becomes unresponsive several alerts arrive periods heavy community activity older messages load requested,14,topic_8,0.389108,"[0.003968, 0.357951, 0.003969, 0.229128, 0.003969, 0.003968, 0.003969, 0.389108, 0.003969]"
FB0258,2026-07-15T13:39:05Z,USER156,H004,Newlands,Cape Town,3,Community Chat,The private group feature makes neighbourhood coordination easier and a pinned update feature would help. Basic moderation and message reporting would improve the group.,Web,new,mock,private group feature makes neighbourhood coordination easier pinned update feature help basic moderation message reporting group,16,topic_4,0.417316,"[0.175125, 0.38605, 0.003586, 0.417316, 0.003584, 0.003584, 0.003584, 0.003584, 0.003585]"
FB0259,2026-07-16T05:42:07Z,USER076,H001,Rondebosch,Cape Town,3,Safety Alerts,Several alerts appeared together instead of arriving in real time when residents needed immediate information. Please make urgent notifications faster and more reliable. This area mainly receives home invasion warnings.,Android,reviewed,mock,several alerts appeared together instead arriving real time residents needed immediate information urgent notifications faster reliable home invasion warnings,19,topic_3,0.976606,"[0.002924, 0.002924, 0.976606, 0.002924, 0.002924, 0.002924, 0.002924, 0.002924, 0.002924]"
FB0260,2026-07-16T09:40:46Z,USER041,H003,Bryanston,Gauteng,2,Incident Reporting,The form cleared my description before the report was sent and I had to repeat the process. Please save unfinished reports automatically. This area mainly receives home invasion warnings.,Web,resolved,mock,form cleared description report sent repeat process save unfinished reports automatically home invasion warnings,14,topic_9,0.516535,"[0.455683, 0.003968, 0.003969, 0.00397, 0.003969, 0.003969, 0.003968, 0.003969, 0.516535]"
FB0261,2026-07-16T13:47:05Z,USER043,H004,Newlands,Cape Town,2,Safety Alerts,The notification was delayed and lacked a clear incident time especially during evening hours. Critical warnings should be prioritised over ordinary updates.,Web,reviewed,mock,notification delayed lacked clear incident time especially evening hours critical warnings prioritised ordinary updates,14,topic_3,0.968249,"[0.00397, 0.003969, 0.968249, 0.003969, 0.003969, 0.003969, 0.003968, 0.003968, 0.003969]"
FB0262,2026-07-17T00:53:29Z,USER073,H012,Menlo Park,Gauteng,3,Incident Reporting,I was unsure whether my report had been submitted successfully during a stressful situation. A clear confirmation screen would make reporting easier.,Mobile Web,resolved,mock,unsure whether report submitted successfully stressful situation clear confirmation screen reporting easier,12,topic_1,0.543578,"[0.543578, 0.00463, 0.00463, 0.424013, 0.00463, 0.00463, 0.00463, 0.00463, 0.00463]"
FB0263,2026-07-17T00:57:04Z,USER034,H014,Centurion Central,Gauteng,4,Privacy and Trust,I want clearer information about who can see my incident report before users share sensitive safety information. Please add a simple privacy notice near the submission form.,Mobile Web,reviewed,mock,want clearer information see incident report users share sensitive safety information add simple privacy notice near submission form,18,topic_9,0.709715,"[0.003175, 0.003175, 0.003175, 0.003175, 0.003176, 0.003175, 0.268059, 0.003175, 0.709715]"
FB0264,2026-07-17T04:34:02Z,USER094,H006,Cape Town City Centre,Cape Town,3,Incident Reporting,The form cleared my description before the report was sent when I needed to submit details quickly. Please save unfinished reports automatically. This area mainly receives vehicle theft warnings.,Android,resolved,mock,form cleared description report sent needed submit details quickly save unfinished reports automatically vehicle theft warnings,16,topic_1,0.566118,"[0.566118, 0.003473, 0.003473, 0.003472, 0.003474, 0.003472, 0.003473, 0.003472, 0.409573]"
FB0265,2026-07-18T10:27:24Z,USER123,H014,Centurion Central,Gauteng,3,Safety Alerts,Several alerts appeared together instead of arriving in real time during a period of increased neighbourhood activity. Please make urgent notifications faster and more reliable. This area mainly receives vehicle theft warnings.,Web,reviewed,mock,several alerts appeared together instead arriving real time period increased neighbourhood activity urgent notifications faster reliable vehicle theft warnings,19,topic_3,0.975968,"[0.003004, 0.003004, 0.975968, 0.003003, 0.003006, 0.003003, 0.003004, 0.003003, 0.003004]"
FB0266,2026-07-18T15:58:02Z,USER086,H002,Somerset West,Cape Town,3,Community Chat,The chat helped residents share information about a recent concern without requiring a separate messaging application. Please add pinned messages for verified safety information.,Web,reviewed,mock,chat helped residents share information recent concern without requiring separate messaging application add pinned messages verified safety information,18,topic_2,0.623923,"[0.003087, 0.623923, 0.003087, 0.003087, 0.003087, 0.003087, 0.003088, 0.354469, 0.003087]"
FB0267,2026-07-18T18:26:26Z,USER180,H010,Bedfordview,Gauteng,3,Privacy and Trust,Security and staff accounts should have visible verification before users share sensitive safety information. Verified roles and clear retention rules would improve trust.,Web,reviewed,mock,security staff accounts visible verification users share sensitive safety information verified roles clear retention rules trust,16,topic_7,0.971323,"[0.003584, 0.003585, 0.003584, 0.003584, 0.003584, 0.003584, 0.971323, 0.003584, 0.003586]"
FB0268,2026-07-19T04:00:23Z,USER053,H010,Bedfordview,Gauteng,3,Privacy and Trust,Security and staff accounts should have visible verification especially in private neighbourhood groups. Please add a simple privacy notice near the submission form.,Mobile Web,reviewed,mock,security staff accounts visible verification especially private neighbourhood groups add simple privacy notice near submission form,16,topic_9,0.551975,"[0.003585, 0.003585, 0.132614, 0.003584, 0.003584, 0.003584, 0.293904, 0.003584, 0.551975]"
FB0269,2026-07-19T06:39:29Z,USER048,H006,Cape Town City Centre,Cape Town,2,Safety Alerts,I did not receive the warning until it was too late to be useful during a period of increased neighbourhood activity. Critical warnings should be prioritised over ordinary updates. This area mainly receives vehicle theft warnings.,Mobile Web,reviewed,mock,receive warning late useful period increased neighbourhood activity critical warnings prioritised ordinary updates vehicle theft warnings,16,topic_1,0.853775,"[0.853775, 0.003585, 0.003587, 0.003585, 0.12113, 0.003585, 0.003585, 0.003584, 0.003585]"
FB0270,2026-07-19T20:21:59Z,USER061,H005,Sea Point,Cape Town,3,Community Chat,The chat helped residents share information about a recent concern although moderation controls are still needed. Please add pinned messages for verified safety information.,Mobile Web,reviewed,mock,chat helped residents share information recent concern although moderation controls still needed add pinned messages verified safety information,18,topic_2,0.686075,"[0.003175, 0.686075, 0.003175, 0.003175, 0.003175, 0.003175, 0.003176, 0.291699, 0.003175]"
FB0271,2026-07-19T22:11:58Z,USER099,H001,Rondebosch,Cape Town,3,Incident Reporting,The reporting screen needs more incident categories and I had to repeat the process. The form should require fewer actions for urgent reports.,iOS,resolved,mock,reporting screen needs incident categories repeat process form require fewer actions urgent reports,13,topic_1,0.964442,"[0.964442, 0.004445, 0.004445, 0.004445, 0.004445, 0.004445, 0.004444, 0.004444, 0.004445]"
FB0272,2026-07-20T02:22:30Z,USER009,H005,Sea Point,Cape Town,2,Application Performance,The page sometimes disconnects and takes too long to reconnect on a normal mobile connection. Please improve loading speed and automatic reconnection.,iOS,reviewed,mock,page sometimes disconnects takes long reconnect normal mobile connection loading speed automatic reconnection,13,topic_9,0.401658,"[0.004274, 0.004274, 0.004274, 0.226289, 0.004274, 0.004274, 0.081178, 0.269507, 0.401658]"
FB0273,2026-07-20T03:25:50Z,USER077,H009,Fourways,Gauteng,4,Positive Experience,The service helped me understand recent safety activity nearby and the information felt timely. A weekly safety summary would make the service even more useful. This area mainly receives vehicle theft warnings.,Mobile Web,reviewed,mock,service helped understand recent safety activity nearby information felt timely weekly safety summary service even useful vehicle theft warnings,19,topic_5,0.620592,"[0.003087, 0.003087, 0.003087, 0.003087, 0.620592, 0.003087, 0.3578, 0.003087, 0.003087]"
FB0274,2026-07-20T10:32:42Z,USER044,H014,Centurion Central,Gauteng,2,Incident Reporting,The form cleared my description before the report was sent and I had to repeat the process. A clear confirmation screen would make reporting easier.,Mobile Web,resolved,mock,form cleared description report sent repeat process clear confirmation screen reporting easier,12,topic_4,0.541177,"[0.004632, 0.00463, 0.00463, 0.541177, 0.00463, 0.00463, 0.00463, 0.00463, 0.426412]"
FB0275,2026-07-21T03:33:35Z,USER140,H001,Rondebosch,Cape Town,2,Location Accuracy,The street name and map marker did not match causing unnecessary concern in another neighbourhood. Please improve address validation before publishing an incident.,Android,reviewed,mock,street name map marker match causing unnecessary concern another neighbourhood address validation publishing incident,14,topic_6,0.932041,"[0.003968, 0.003968, 0.003969, 0.003968, 0.040181, 0.932041, 0.003968, 0.003968, 0.003968]"
FB0276,2026-07-22T04:15:09Z,USER036,H006,Cape Town City Centre,Cape Town,1,Safety Alerts,Several alerts appeared together instead of arriving in real time during a period of increased neighbourhood activity. Please make urgent notifications faster and more reliable.,Web,reviewed,mock,several alerts appeared together instead arriving real time period increased neighbourhood activity urgent notifications faster reliable,16,topic_3,0.972221,"[0.003473, 0.003472, 0.972221, 0.003472, 0.003472, 0.003472, 0.003472, 0.003472, 0.003472]"
FB0277,2026-07-22T14:53:07Z,USER165,H006,Cape Town City Centre,Cape Town,3,Community Chat,The chat helped residents share information about a recent concern and a pinned update feature would help. Verified security updates should be visually distinct. This area mainly receives vehicle theft warnings.,Mobile Web,new,mock,chat helped residents share information recent concern pinned update feature help verified security updates visually distinct vehicle theft warnings,19,topic_2,0.430860,"[0.233587, 0.43086, 0.003004, 0.003003, 0.003005, 0.003003, 0.047411, 0.273123, 0.003004]"
FB0278,2026-07-22T20:03:51Z,USER112,H002,Somerset West,Cape Town,2,Incident Reporting,Adding a location while reporting was difficult on my phone despite having a stable internet connection. The form should require fewer actions for urgent reports.,Android,reviewed,mock,adding location reporting difficult phone despite stable internet connection form require fewer actions urgent reports,15,topic_1,0.670372,"[0.670372, 0.003704, 0.003704, 0.003705, 0.003704, 0.3037, 0.003704, 0.003704, 0.003704]"
FB0279,2026-07-23T18:56:09Z,USER147,H012,Menlo Park,Gauteng,5,Positive Experience,The service helped me understand recent safety activity nearby during a situation that could have caused confusion. I would recommend this feature to other neighbourhood groups.,Web,resolved,mock,service helped understand recent safety activity nearby situation caused confusion recommend feature neighbourhood groups,14,topic_5,0.649963,"[0.004116, 0.004116, 0.321228, 0.004116, 0.649963, 0.004115, 0.004116, 0.004116, 0.004115]"
FB0280,2026-07-24T19:16:56Z,USER002,H008,Claremont,Cape Town,5,Positive Experience,The location-based warnings are relevant and easy to understand and the information felt timely. I would recommend this feature to other neighbourhood groups.,Mobile Web,reviewed,mock,location based warnings relevant easy understand information felt timely recommend feature neighbourhood groups,13,topic_5,0.565855,"[0.004274, 0.004274, 0.355195, 0.004274, 0.565855, 0.004274, 0.053307, 0.004274, 0.004274]"
