station,target_year,risk_total_lag_1,risk_total_lag_2,risk_total_lag_3,rolling_3_mean,rolling_3_std,trend_1_year,long_term_mean,year_index,burglary_res_lag_1,robbery_res_lag_1,vehicle_theft_lag_1,carjacking_lag_1,theft_from_vehicle_lag_1,predicted_risk_total,observed_risk_total
aberdeen,2025/2026,60.0,70.0,91.0,73.66666666666667,15.821925715074423,-10.0,75.57142857142857,14,48.0,1.0,1.0,0.0,10.0,61.44,46.0
acornhoek,2025/2026,180.0,272.0,360.0,270.6666666666667,90.00740710260091,-92.0,335.7142857142857,14,116.0,14.0,14.0,15.0,21.0,192.01,179.0
actonville,2025/2026,154.0,230.0,141.0,175.0,48.07286136688766,-76.0,276.64285714285717,14,78.0,4.0,25.0,14.0,33.0,154.15,141.0
addo,2025/2026,118.0,98.0,152.0,122.66666666666667,27.30079363925769,20.0,153.28571428571428,14,83.0,11.0,5.0,4.0,15.0,113.77,103.0
adelaide,2025/2026,59.0,43.0,40.0,47.333333333333336,10.214368964029708,16.0,82.78571428571429,14,47.0,2.0,0.0,1.0,9.0,55.95,71.0
afsondering,2025/2026,7.0,13.0,18.0,12.666666666666666,5.507570547286102,-6.0,30.071428571428573,14,6.0,0.0,0.0,0.0,1.0,10.44,4.0
aggeneys,2025/2026,5.0,4.0,2.0,3.6666666666666665,1.5275252316519465,1.0,4.142857142857143,14,3.0,0.0,0.0,0.0,2.0,4.44,0.0
akasia,2025/2026,1589.0,1482.0,1465.0,1512.0,67.22350779303324,107.0,1839.642857142857,14,606.0,106.0,243.0,166.0,468.0,1458.63,1504.0
albertinia,2025/2026,105.0,82.0,118.0,101.66666666666667,18.230011885167087,23.0,95.14285714285714,14,84.0,0.0,2.0,0.0,19.0,101.18,90.0
alberton,2025/2026,666.0,883.0,1020.0,856.3333333333334,178.5002334265514,-217.0,1318.2142857142858,14,142.0,42.0,254.0,125.0,103.0,684.69,545.0
alexander bay,2025/2026,15.0,11.0,25.0,17.0,7.211102550927978,4.0,25.214285714285715,14,15.0,0.0,0.0,0.0,0.0,14.09,18.0
alexandra,2025/2026,634.0,495.0,732.0,620.3333333333334,119.08960212098005,139.0,820.0,14,189.0,28.0,165.0,138.0,114.0,604.56,754.0
alexandra road,2025/2026,927.0,888.0,992.0,935.6666666666666,52.53887449625594,39.0,1183.5714285714287,14,602.0,55.0,93.0,9.0,168.0,862.03,873.0
alexandria,2025/2026,88.0,119.0,118.0,108.33333333333333,17.61628034896508,-31.0,149.28571428571428,14,74.0,1.0,1.0,0.0,12.0,92.69,77.0
algoapark,2025/2026,396.0,429.0,427.0,417.3333333333333,18.502252115170556,-33.0,626.5714285714286,14,174.0,21.0,31.0,39.0,131.0,376.57,297.0
alice,2025/2026,296.0,302.0,321.0,306.3333333333333,13.051181300301261,-6.0,303.35714285714283,14,220.0,21.0,6.0,4.0,45.0,259.9,239.0
alicedale,2025/2026,20.0,19.0,21.0,20.0,1.0,1.0,21.5,14,20.0,0.0,0.0,0.0,0.0,18.23,18.0
aliwal north,2025/2026,221.0,255.0,295.0,257.0,37.04051835490427,-34.0,207.57142857142858,14,133.0,2.0,2.0,1.0,83.0,209.17,237.0
allanridge,2025/2026,81.0,78.0,103.0,87.33333333333333,13.650396819628847,3.0,87.14285714285714,14,57.0,3.0,1.0,0.0,20.0,78.64,96.0
alldays,2025/2026,25.0,16.0,30.0,23.666666666666668,7.094598884597588,9.0,24.642857142857142,14,18.0,1.0,2.0,0.0,4.0,20.49,21.0
amalia,2025/2026,11.0,10.0,17.0,12.666666666666666,3.7859388972001824,1.0,30.714285714285715,14,8.0,0.0,1.0,0.0,2.0,10.95,18.0
amangwe,2025/2026,66.0,77.0,112.0,85.0,24.020824298928627,-11.0,102.85714285714286,14,51.0,9.0,1.0,1.0,4.0,74.99,57.0
amanzimtoti,2025/2026,594.0,671.0,755.0,673.3333333333334,80.52535832477452,-77.0,1030.642857142857,14,300.0,28.0,114.0,30.0,122.0,565.51,528.0
amersfoort,2025/2026,90.0,101.0,103.0,98.0,7.0,-11.0,163.92857142857142,14,63.0,9.0,0.0,0.0,18.0,89.5,86.0
amsterdam,2025/2026,75.0,64.0,60.0,66.33333333333333,7.767453465154029,11.0,86.0,14,57.0,2.0,3.0,0.0,13.0,68.28,63.0
apel,2025/2026,99.0,95.0,121.0,105.0,14.0,4.0,113.14285714285714,14,64.0,16.0,6.0,4.0,9.0,97.6,90.0
arlington,2025/2026,10.0,11.0,13.0,11.333333333333334,1.5275252316519468,-1.0,12.642857142857142,14,7.0,0.0,2.0,0.0,1.0,9.9,12.0
ashton,2025/2026,151.0,169.0,172.0,164.0,11.357816691600547,-18.0,160.78571428571428,14,118.0,2.0,1.0,0.0,30.0,138.11,105.0
assen,2025/2026,20.0,28.0,39.0,29.0,9.539392014169456,-8.0,47.214285714285715,14,9.0,7.0,1.0,0.0,3.0,23.71,18.0
atamelang,2025/2026,45.0,46.0,59.0,50.0,7.810249675906654,-1.0,52.857142857142854,14,37.0,3.0,0.0,0.0,5.0,44.83,19.0
athlone,2025/2026,601.0,806.0,753.0,720.0,106.40958603434186,-205.0,1136.2857142857142,14,135.0,10.0,97.0,36.0,323.0,584.25,555.0
atlantis,2025/2026,444.0,425.0,443.0,437.3333333333333,10.692676621563626,19.0,723.9285714285714,14,254.0,13.0,17.0,5.0,155.0,394.73,365.0
atteridgeville,2025/2026,651.0,672.0,594.0,639.0,40.36087214122113,-21.0,926.5714285714286,14,256.0,73.0,64.0,101.0,157.0,594.97,629.0
augrabies,2025/2026,34.0,44.0,78.0,52.0,23.065125189341593,-10.0,55.857142857142854,14,33.0,0.0,0.0,0.0,1.0,36.96,32.0
avondale,2025/2026,5.0,11.0,22.0,12.666666666666666,8.621678104251709,-6.0,27.285714285714285,14,4.0,0.0,1.0,0.0,0.0,8.74,4.0
babanango,2025/2026,26.0,19.0,15.0,20.0,5.5677643628300215,7.0,25.857142857142858,14,15.0,7.0,1.0,0.0,3.0,21.66,34.0
badplaas,2025/2026,73.0,56.0,81.0,70.0,12.767145334803704,17.0,63.214285714285715,14,53.0,8.0,3.0,5.0,4.0,71.11,33.0
bainsvlei,2025/2026,162.0,198.0,263.0,207.66666666666666,51.189191567491406,-36.0,311.0,14,81.0,3.0,14.0,0.0,64.0,173.56,150.0
balfour,2025/2026,9.0,17.0,25.0,17.0,8.0,-8.0,28.857142857142858,14,7.0,1.0,0.0,0.0,1.0,14.0,23.0
balfour tvl,2025/2026,106.0,145.0,189.0,146.66666666666666,41.52509281546922,-39.0,239.57142857142858,14,76.0,4.0,5.0,6.0,15.0,107.97,97.0
bandelierkop,2025/2026,57.0,94.0,62.0,71.0,20.074859899884732,-37.0,34.214285714285715,14,54.0,0.0,0.0,0.0,3.0,58.33,119.0
barberton,2025/2026,365.0,315.0,371.0,350.3333333333333,30.746273486933884,50.0,449.7142857142857,14,204.0,84.0,22.0,13.0,42.0,341.49,308.0
barkly east,2025/2026,116.0,85.0,91.0,97.33333333333333,16.441816606851365,31.0,79.0,14,101.0,0.0,0.0,0.0,15.0,104.7,88.0
barkly west,2025/2026,111.0,111.0,94.0,105.33333333333333,9.814954576223638,0.0,86.35714285714286,14,80.0,1.0,0.0,1.0,29.0,102.98,141.0
barrydale,2025/2026,65.0,56.0,41.0,54.0,12.12435565298214,9.0,45.42857142857143,14,53.0,0.0,0.0,0.0,12.0,60.88,42.0
batho,2025/2026,74.0,65.0,77.0,72.0,6.244997998398398,9.0,114.21428571428571,14,46.0,4.0,7.0,0.0,17.0,69.72,68.0
bathurst,2025/2026,141.0,120.0,93.0,118.0,24.06241883103193,21.0,113.64285714285714,14,127.0,0.0,0.0,0.0,14.0,122.32,92.0
batlharos,2025/2026,65.0,66.0,69.0,66.66666666666667,2.081665999466133,-1.0,85.14285714285714,14,54.0,2.0,2.0,0.0,7.0,66.07,106.0
baviaanskloof,2025/2026,1.0,6.0,8.0,5.0,3.605551275463989,-5.0,4.214285714285714,14,1.0,0.0,0.0,0.0,0.0,2.72,1.0
bayswater,2025/2026,260.0,245.0,319.0,274.6666666666667,39.11947511576981,15.0,377.57142857142856,14,157.0,5.0,14.0,1.0,83.0,236.62,181.0
bayview,2025/2026,422.0,459.0,385.0,422.0,37.0,-37.0,481.2142857142857,14,164.0,50.0,146.0,33.0,29.0,409.28,362.0
beacon bay,2025/2026,440.0,464.0,491.0,465.0,25.514701644346147,-24.0,425.2142857142857,14,341.0,4.0,14.0,1.0,80.0,373.08,312.0
beaufort west,2025/2026,480.0,366.0,496.0,447.3333333333333,70.88958550685237,114.0,775.7142857142857,14,255.0,10.0,4.0,1.0,210.0,437.08,395.0
bedford,2025/2026,54.0,31.0,37.0,40.666666666666664,11.930353445448853,23.0,47.42857142857143,14,50.0,1.0,0.0,0.0,3.0,49.75,69.0
bedfordview,2025/2026,419.0,574.0,438.0,477.0,84.53993139339539,-155.0,667.9285714285714,14,42.0,28.0,135.0,103.0,111.0,442.28,453.0
bedwang,2025/2026,27.0,36.0,23.0,28.666666666666668,6.658328118479393,-9.0,31.785714285714285,14,22.0,2.0,2.0,0.0,1.0,27.54,26.0
bekkersdal,2025/2026,212.0,361.0,301.0,291.3333333333333,74.96888243353594,-149.0,358.42857142857144,14,76.0,53.0,13.0,51.0,19.0,230.52,267.0
bela-bela,2025/2026,450.0,424.0,361.0,411.6666666666667,45.76388678131845,26.0,568.7857142857143,14,358.0,9.0,14.0,2.0,67.0,378.0,508.0
belfast,2025/2026,144.0,154.0,149.0,149.0,5.0,-10.0,207.0,14,95.0,4.0,13.0,2.0,30.0,135.33,166.0
belhar,2025/2026,249.0,270.0,94.0,204.33333333333334,96.12665256490175,-21.0,385.07142857142856,14,110.0,6.0,29.0,20.0,84.0,240.71,237.0
bell,2025/2026,25.0,37.0,26.0,29.333333333333332,6.658328118479393,-12.0,45.642857142857146,14,17.0,0.0,0.0,0.0,8.0,27.18,43.0
bellair,2025/2026,474.0,388.0,454.0,438.6666666666667,45.00370355130046,86.0,587.3571428571429,14,142.0,33.0,82.0,36.0,181.0,443.06,444.0
bellville,2025/2026,1252.0,1585.0,1482.0,1439.6666666666667,170.4885137870975,-333.0,2244.8571428571427,14,346.0,24.0,138.0,27.0,717.0,1223.74,1188.0
bellville south,2025/2026,244.0,233.0,305.0,260.6666666666667,38.785736209763165,11.0,342.64285714285717,14,77.0,3.0,16.0,3.0,145.0,225.68,195.0
belmont,2025/2026,0.0,0.0,1.0,0.3333333333333333,0.5773502691896258,0.0,2.2857142857142856,14,0.0,0.0,0.0,0.0,0.0,0.91,3.0
benoni,2025/2026,798.0,1208.0,1340.0,1115.3333333333333,282.6328596135512,-410.0,1715.0,14,200.0,50.0,272.0,83.0,193.0,845.77,890.0
berea,2025/2026,574.0,802.0,1099.0,825.0,263.254629588921,-228.0,1378.357142857143,14,106.0,4.0,218.0,21.0,225.0,588.17,607.0
bergville,2025/2026,83.0,73.0,81.0,79.0,5.291502622129181,10.0,104.71428571428571,14,60.0,8.0,3.0,3.0,9.0,81.14,74.0
berlin,2025/2026,36.0,69.0,39.0,48.0,18.24828759089466,-33.0,52.333333333333336,14,25.0,3.0,2.0,2.0,4.0,39.4,
besters,2025/2026,53.0,58.0,54.0,55.0,2.6457513110645907,-5.0,73.57142857142857,14,37.0,2.0,0.0,0.0,14.0,51.3,40.0
bethal,2025/2026,165.0,132.0,157.0,151.33333333333334,17.21433511156714,33.0,225.07142857142858,14,102.0,4.0,7.0,12.0,40.0,152.52,98.0
bethanie,2025/2026,94.0,91.0,86.0,90.33333333333333,4.041451884327381,3.0,159.78571428571428,14,69.0,10.0,5.0,2.0,8.0,89.06,79.0
bethelsdorp,2025/2026,279.0,311.0,464.0,351.3333333333333,98.87534239300177,-32.0,803.0714285714286,14,152.0,23.0,12.0,20.0,72.0,287.13,257.0
bethlehem,2025/2026,208.0,320.0,302.0,276.6666666666667,60.14427099344819,-112.0,652.7857142857143,14,89.0,4.0,17.0,0.0,98.0,216.54,249.0
bethulie,2025/2026,33.0,76.0,62.0,57.0,21.93171219946131,-43.0,46.357142857142854,14,29.0,1.0,0.0,0.0,3.0,37.39,42.0
bhekithemba,2025/2026,485.0,548.0,427.0,486.6666666666667,60.51721518157733,-63.0,521.2142857142857,14,211.0,82.0,31.0,129.0,32.0,473.86,375.0
bhisho,2025/2026,185.0,188.0,189.0,187.33333333333334,2.081665999466133,-3.0,167.21428571428572,14,135.0,3.0,2.0,1.0,44.0,173.58,129.0
bholo,2025/2026,6.0,5.0,21.0,10.666666666666666,8.962886439832502,1.0,16.0,14,4.0,2.0,0.0,0.0,0.0,6.53,8.0
bholothwa,2025/2026,9.0,12.0,21.0,14.0,6.244997998398398,-3.0,17.714285714285715,14,8.0,0.0,0.0,0.0,1.0,11.28,16.0
biesiesvlei,2025/2026,14.0,16.0,21.0,17.0,3.605551275463989,-2.0,21.785714285714285,14,11.0,0.0,2.0,0.0,1.0,15.04,18.0
bishop lavis,2025/2026,356.0,544.0,701.0,533.6666666666666,172.73196963310912,-188.0,941.5714285714286,14,140.0,5.0,20.0,30.0,161.0,382.5,503.0
bishopstowe,2025/2026,49.0,69.0,106.0,74.66666666666667,28.919428302325297,-20.0,75.71428571428571,14,42.0,3.0,2.0,1.0,1.0,55.51,41.0
bityi,2025/2026,153.0,123.0,116.0,130.66666666666666,19.65536398374076,30.0,92.5,14,45.0,89.0,4.0,9.0,6.0,144.78,
blinkpan,2025/2026,23.0,21.0,25.0,23.0,2.0,2.0,47.07142857142857,14,8.0,1.0,3.0,5.0,6.0,21.67,15.0
bloemhof,2025/2026,98.0,141.0,162.0,133.66666666666666,32.624121954978854,-43.0,202.57142857142858,14,79.0,4.0,2.0,0.0,13.0,97.19,120.0
bloemspruit,2025/2026,519.0,481.0,487.0,495.6666666666667,20.428737928059416,38.0,607.1428571428571,14,350.0,74.0,15.0,25.0,55.0,448.52,517.0
bluewater,2025/2026,27.0,24.0,35.0,28.666666666666668,5.686240703077327,3.0,35.42857142857143,14,21.0,3.0,1.0,0.0,2.0,25.59,34.0
boetsap,2025/2026,3.0,1.0,1.0,1.6666666666666667,1.1547005383792517,2.0,1.2857142857142858,14,3.0,0.0,0.0,0.0,0.0,2.46,3.0
boipatong,2025/2026,57.0,83.0,63.0,67.66666666666667,13.613718571108091,-26.0,112.35714285714286,14,26.0,8.0,5.0,3.0,15.0,63.22,59.0
boitekong,2025/2026,527.0,594.0,624.0,581.6666666666666,49.66219219218311,-67.0,679.9285714285714,14,220.0,61.0,106.0,59.0,81.0,517.19,524.0
boithuso,2025/2026,298.0,292.0,292.0,294.0,3.4641016151377544,6.0,323.0,14,224.0,24.0,6.0,2.0,42.0,258.8,369.0
boksburg,2025/2026,605.0,745.0,782.0,710.6666666666666,93.36130533220566,-140.0,992.7857142857143,14,158.0,27.0,186.0,47.0,187.0,599.77,571.0
boksburg north,2025/2026,923.0,1183.0,1166.0,1090.6666666666667,145.45216854118516,-260.0,1437.9285714285713,14,199.0,35.0,286.0,101.0,302.0,925.61,948.0
bolobedu,2025/2026,212.0,237.0,286.0,245.0,37.64306044943742,-25.0,318.35714285714283,14,129.0,33.0,6.0,2.0,42.0,207.78,237.0
bonnievale,2025/2026,137.0,177.0,162.0,158.66666666666666,20.207259421636902,-40.0,147.64285714285714,14,113.0,1.0,2.0,0.0,21.0,129.44,62.0
boons,2025/2026,39.0,17.0,30.0,28.666666666666668,11.06044001535804,22.0,27.857142857142858,14,28.0,3.0,2.0,0.0,6.0,32.63,24.0
booysens,2025/2026,961.0,1128.0,1148.0,1079.0,102.67911179982032,-167.0,1610.9285714285713,14,179.0,130.0,306.0,103.0,243.0,956.3,847.0
boschkop,2025/2026,346.0,407.0,413.0,388.6666666666667,37.072002014098636,-61.0,563.5714285714286,14,139.0,28.0,85.0,11.0,83.0,350.72,417.0
boshoek,2025/2026,10.0,7.0,2.0,6.333333333333333,4.041451884327381,3.0,8.714285714285714,14,10.0,0.0,0.0,0.0,0.0,8.37,7.0
boshof,2025/2026,48.0,34.0,26.0,36.0,11.135528725660043,14.0,48.07142857142857,14,44.0,1.0,0.0,0.0,3.0,42.17,62.0
boston,2025/2026,22.0,17.0,16.0,18.333333333333332,3.2145502536643185,5.0,17.5,14,20.0,1.0,0.0,1.0,0.0,18.23,13.0
bothasig,2025/2026,207.0,274.0,240.0,240.33333333333334,33.50124375800596,-67.0,432.35714285714283,14,91.0,7.0,20.0,8.0,81.0,206.51,222.0
bothaville,2025/2026,178.0,202.0,240.0,206.66666666666666,31.26233090051561,-24.0,278.7857142857143,14,131.0,12.0,7.0,1.0,27.0,175.04,237.0
bothithong,2025/2026,10.0,18.0,20.0,16.0,5.291502622129181,-8.0,15.214285714285714,14,7.0,1.0,0.0,0.0,2.0,13.51,9.0
botlokwa,2025/2026,117.0,98.0,198.0,137.66666666666666,53.10681061157159,19.0,203.0,14,86.0,2.0,3.0,2.0,24.0,114.66,132.0
botshabelo,2025/2026,264.0,247.0,322.0,277.6666666666667,39.3234450847498,17.0,343.92857142857144,14,176.0,28.0,3.0,9.0,48.0,243.6,289.0
brackendowns,2025/2026,402.0,517.0,561.0,493.3333333333333,82.09953308840028,-115.0,759.1428571428571,14,168.0,14.0,82.0,46.0,92.0,422.84,342.0
brackenfell,2025/2026,511.0,520.0,645.0,558.6666666666666,74.90215840236738,-9.0,962.4285714285714,14,156.0,8.0,94.0,5.0,248.0,479.84,519.0
brakpan,2025/2026,754.0,906.0,746.0,802.0,90.15542135667715,-152.0,1085.357142857143,14,265.0,40.0,233.0,79.0,137.0,742.97,641.0
bramley,2025/2026,499.0,609.0,688.0,598.6666666666666,94.92277563015807,-110.0,756.1428571428571,14,120.0,38.0,67.0,147.0,127.0,515.44,439.0
brandfort,2025/2026,95.0,75.0,96.0,88.66666666666667,11.846237095944574,20.0,111.5,14,86.0,0.0,1.0,0.0,8.0,91.34,79.0
brandvlei,2025/2026,18.0,22.0,14.0,18.0,4.0,-4.0,12.785714285714286,14,15.0,0.0,0.0,0.0,3.0,18.49,10.0
bray,2025/2026,3.0,1.0,3.0,2.3333333333333335,1.1547005383792515,2.0,6.357142857142857,14,3.0,0.0,0.0,0.0,0.0,2.27,6.0
bredasdorp,2025/2026,240.0,340.0,373.0,317.6666666666667,69.25556536000073,-100.0,315.2857142857143,14,190.0,6.0,1.0,0.0,43.0,241.96,292.0
breyten,2025/2026,48.0,47.0,72.0,55.666666666666664,14.153915830374762,1.0,74.92857142857143,14,33.0,2.0,3.0,2.0,8.0,50.12,34.0
bridge camp,2025/2026,27.0,19.0,22.0,22.666666666666668,4.041451884327381,8.0,33.785714285714285,14,14.0,9.0,0.0,1.0,3.0,23.55,29.0
brighton beach,2025/2026,456.0,486.0,401.0,447.6666666666667,43.10839052125854,-30.0,629.7142857142857,14,148.0,21.0,127.0,11.0,149.0,433.77,316.0
brits,2025/2026,826.0,834.0,833.0,831.0,4.358898943540674,-8.0,1100.9285714285713,14,383.0,70.0,87.0,37.0,249.0,753.52,819.0
britstown,2025/2026,38.0,32.0,32.0,34.0,3.4641016151377544,6.0,41.07142857142857,14,26.0,0.0,2.0,0.0,10.0,34.31,24.0
brixton,2025/2026,683.0,851.0,962.0,832.0,140.46707799338606,-168.0,1138.0,14,207.0,51.0,196.0,29.0,200.0,675.9,607.0
bronkhorstspruit,2025/2026,585.0,600.0,613.0,599.3333333333334,14.011899704655802,-15.0,842.5714285714286,14,294.0,60.0,41.0,59.0,131.0,530.59,519.0
bronville,2025/2026,141.0,170.0,165.0,158.66666666666666,15.50268793897798,-29.0,154.92857142857142,14,110.0,16.0,0.0,1.0,14.0,136.47,129.0
brooklyn,2025/2026,1891.0,1992.0,1982.0,1955.0,55.65069631190611,-101.0,2515.5714285714284,14,387.0,41.0,851.0,15.0,597.0,1724.79,1545.0
buffalo flats,2025/2026,251.0,261.0,292.0,268.0,21.37755832643195,-10.0,300.85714285714283,14,163.0,15.0,9.0,7.0,57.0,232.82,249.0
buffelshoek,2025/2026,32.0,39.0,39.0,36.666666666666664,4.041451884327381,-7.0,39.214285714285715,14,24.0,1.0,6.0,0.0,1.0,33.3,26.0
bulgerivier,2025/2026,2.0,3.0,11.0,5.333333333333333,4.932882862316247,-1.0,6.357142857142857,14,1.0,1.0,0.0,0.0,0.0,2.81,4.0
bultfontein,2025/2026,85.0,75.0,153.0,104.33333333333333,42.44211744639201,10.0,119.85714285714286,14,54.0,2.0,3.0,0.0,26.0,83.87,81.0
bulwer,2025/2026,64.0,87.0,92.0,81.0,14.933184523068078,-23.0,111.92857142857143,14,44.0,9.0,0.0,0.0,11.0,67.78,77.0
burgersdorp,2025/2026,99.0,77.0,94.0,90.0,11.532562594670797,22.0,102.71428571428571,14,78.0,3.0,0.0,1.0,17.0,94.33,76.0
burgersfort,2025/2026,241.0,200.0,379.0,273.3333333333333,93.77810689779002,41.0,370.14285714285717,14,75.0,12.0,11.0,14.0,129.0,231.86,293.0
bushbuckridge,2025/2026,320.0,393.0,353.0,355.3333333333333,36.555893277737496,-73.0,355.2857142857143,14,160.0,61.0,32.0,33.0,34.0,314.56,276.0
butterworth,2025/2026,231.0,219.0,276.0,242.0,30.04995840263344,12.0,357.0,14,155.0,19.0,7.0,8.0,42.0,217.96,278.0
cala,2025/2026,130.0,123.0,133.0,128.66666666666666,5.131601439446884,7.0,150.42857142857142,14,101.0,9.0,5.0,0.0,15.0,119.3,121.0
calcutta,2025/2026,407.0,467.0,425.0,433.0,30.789608636681304,-60.0,401.2142857142857,14,236.0,99.0,14.0,40.0,18.0,379.21,299.0
caledon,2025/2026,265.0,346.0,331.0,314.0,43.09292285283048,-81.0,329.0,14,188.0,5.0,6.0,1.0,65.0,254.2,243.0
calitzdorp,2025/2026,79.0,80.0,91.0,83.33333333333333,6.6583281184793925,-1.0,106.92857142857143,14,59.0,0.0,0.0,0.0,20.0,78.33,97.0
calvinia,2025/2026,78.0,92.0,60.0,76.66666666666667,16.041612554021285,-14.0,75.64285714285714,14,65.0,1.0,1.0,0.0,11.0,75.68,49.0
cambridge,2025/2026,1017.0,1343.0,1377.0,1245.6666666666667,198.75948614678327,-326.0,1497.5,14,493.0,31.0,37.0,18.0,438.0,1005.42,950.0
campbell,2025/2026,8.0,5.0,16.0,9.666666666666666,5.686240703077327,3.0,12.0,14,8.0,0.0,0.0,0.0,0.0,7.43,7.0
camperdown,2025/2026,125.0,134.0,144.0,134.33333333333334,9.504384952922168,-9.0,164.71428571428572,14,57.0,6.0,9.0,10.0,43.0,119.72,122.0
camps bay,2025/2026,178.0,245.0,238.0,220.33333333333334,36.82843104631711,-67.0,256.14285714285717,14,90.0,4.0,8.0,0.0,76.0,177.39,149.0
cape town central,2025/2026,2955.0,3604.0,3094.0,3217.6666666666665,341.71674429757365,-649.0,3968.9285714285716,14,328.0,13.0,165.0,24.0,2425.0,2671.99,2253.0
carletonville,2025/2026,583.0,709.0,712.0,668.0,73.62744053679987,-126.0,791.3571428571429,14,211.0,94.0,123.0,34.0,121.0,573.61,571.0
carnarvon,2025/2026,60.0,57.0,65.0,60.666666666666664,4.041451884327381,3.0,51.57142857142857,14,46.0,0.0,0.0,0.0,14.0,57.8,56.0
carolina,2025/2026,207.0,233.0,225.0,221.66666666666666,13.316656236958785,-26.0,198.07142857142858,14,125.0,4.0,17.0,5.0,56.0,193.82,127.0
cathcart,2025/2026,45.0,46.0,51.0,47.333333333333336,3.214550253664318,-1.0,67.21428571428571,14,40.0,1.0,0.0,0.0,4.0,45.1,32.0
cato manor,2025/2026,357.0,416.0,489.0,420.6666666666667,66.12362159873985,-59.0,440.92857142857144,14,127.0,33.0,95.0,50.0,52.0,376.39,423.0
cedarville,2025/2026,23.0,36.0,59.0,39.333333333333336,18.230011885167087,-13.0,40.92857142857143,14,16.0,5.0,1.0,1.0,0.0,27.23,27.0
centane,2025/2026,103.0,65.0,89.0,85.66666666666667,19.2180470738661,38.0,133.28571428571428,14,60.0,28.0,6.0,1.0,8.0,96.91,111.0
ceres,2025/2026,221.0,250.0,323.0,264.6666666666667,52.55790457517626,-29.0,450.92857142857144,14,137.0,0.0,5.0,0.0,79.0,214.97,239.0
ceza,2025/2026,18.0,10.0,12.0,13.333333333333334,4.163331998932265,8.0,22.285714285714285,14,18.0,0.0,0.0,0.0,0.0,13.6,19.0
chalumna,2025/2026,70.0,51.0,74.0,65.0,12.288205727444508,19.0,86.0,14,26.0,1.0,1.0,0.0,42.0,63.75,55.0
charl cilliers,2025/2026,21.0,9.0,24.0,18.0,7.937253933193772,12.0,17.571428571428573,14,19.0,0.0,0.0,0.0,2.0,16.47,12.0
charlestown,2025/2026,31.0,28.0,39.0,32.666666666666664,5.686240703077327,3.0,26.071428571428573,14,28.0,0.0,1.0,0.0,2.0,27.72,15.0
chatsworth,2025/2026,1360.0,1393.0,1226.0,1326.3333333333333,88.44395588921458,-33.0,1550.2142857142858,14,474.0,73.0,526.0,78.0,209.0,1297.66,1273.0
chrissiesmeer,2025/2026,34.0,42.0,49.0,41.666666666666664,7.505553499465135,-8.0,33.57142857142857,14,24.0,4.0,1.0,0.0,5.0,34.13,33.0
christiana,2025/2026,112.0,114.0,149.0,125.0,20.808652046684813,-2.0,202.0,14,97.0,0.0,2.0,0.0,13.0,107.42,125.0
chungwa,2025/2026,32.0,37.0,36.0,35.0,2.6457513110645907,-5.0,36.785714285714285,14,30.0,0.0,1.0,1.0,0.0,30.97,37.0
citrusdal,2025/2026,75.0,101.0,75.0,83.66666666666667,15.01110699893027,-26.0,112.42857142857143,14,54.0,3.0,1.0,0.0,17.0,75.19,42.0
clanwilliam,2025/2026,61.0,53.0,71.0,61.666666666666664,9.018499505645789,8.0,70.85714285714286,14,49.0,0.0,1.0,1.0,10.0,57.69,51.0
claremont,2025/2026,624.0,1014.0,1005.0,881.0,222.61401573126523,-390.0,1416.357142857143,14,153.0,8.0,61.0,3.0,399.0,640.81,578.0
clarens,2025/2026,42.0,24.0,42.0,36.0,10.392304845413264,18.0,39.57142857142857,14,23.0,2.0,14.0,0.0,3.0,39.26,23.0
cleveland,2025/2026,555.0,679.0,644.0,626.0,63.92964883369844,-124.0,800.7142857142857,14,176.0,52.0,125.0,92.0,110.0,560.37,486.0
clocolan,2025/2026,52.0,66.0,52.0,56.666666666666664,8.082903768654761,-14.0,74.85714285714286,14,46.0,0.0,1.0,0.0,5.0,52.62,38.0
cloetesville,2025/2026,147.0,171.0,165.0,161.0,12.489995996796797,-24.0,304.07142857142856,14,75.0,2.0,2.0,0.0,68.0,142.43,125.0
coffee bay,2025/2026,39.0,21.0,20.0,26.666666666666668,10.692676621563626,18.0,38.142857142857146,14,18.0,9.0,2.0,1.0,9.0,33.52,20.0
cofimvaba,2025/2026,84.0,81.0,98.0,87.66666666666667,9.073771725877467,3.0,152.92857142857142,14,41.0,12.0,8.0,3.0,20.0,81.18,86.0
colenso,2025/2026,25.0,28.0,29.0,27.333333333333332,2.081665999466133,-3.0,38.0,14,15.0,5.0,2.0,1.0,2.0,25.46,30.0
colesberg,2025/2026,29.0,24.0,54.0,35.666666666666664,16.072751268321593,5.0,49.214285714285715,14,20.0,0.0,1.0,0.0,8.0,29.22,28.0
coligny,2025/2026,94.0,121.0,102.0,105.66666666666667,13.868429375143148,-27.0,102.85714285714286,14,80.0,1.0,2.0,0.0,11.0,96.49,73.0
committees,2025/2026,1.0,4.0,4.0,3.0,1.7320508075688772,-3.0,3.7857142857142856,14,0.0,0.0,0.0,0.0,1.0,2.17,3.0
conville,2025/2026,392.0,350.0,449.0,397.0,49.68903299521938,42.0,574.2857142857143,14,240.0,4.0,6.0,0.0,142.0,359.46,343.0
cookhouse,2025/2026,26.0,45.0,49.0,40.0,12.288205727444508,-19.0,75.64285714285714,14,17.0,1.0,2.0,0.0,6.0,30.79,46.0
cornelia,2025/2026,16.0,18.0,16.0,16.666666666666668,1.1547005383792515,-2.0,19.571428571428573,14,11.0,0.0,2.0,0.0,3.0,16.59,24.0
cradock,2025/2026,373.0,355.0,321.0,349.6666666666667,26.407069760451144,18.0,367.25,14,248.0,7.0,12.0,0.0,106.0,328.81,
cramond,2025/2026,45.0,72.0,66.0,61.0,14.177446878757825,-27.0,53.57142857142857,14,35.0,5.0,0.0,0.0,5.0,48.03,32.0
creighton,2025/2026,30.0,33.0,32.0,31.666666666666668,1.5275252316519465,-3.0,43.5,14,20.0,5.0,0.0,0.0,5.0,30.65,34.0
crystalpark,2025/2026,340.0,450.0,396.0,395.3333333333333,55.00303021955548,-110.0,467.42857142857144,14,139.0,35.0,51.0,39.0,76.0,352.77,345.0
cullinan,2025/2026,369.0,319.0,382.0,356.6666666666667,33.26158945891392,50.0,510.5,14,261.0,23.0,18.0,18.0,49.0,330.12,308.0
cumberland,2025/2026,3.0,3.0,3.0,3.0,0.0,0.0,7.0,14,3.0,0.0,0.0,0.0,0.0,3.23,2.0
cyferskuil,2025/2026,42.0,51.0,49.0,47.333333333333336,4.725815626252609,-9.0,59.214285714285715,14,34.0,5.0,1.0,0.0,2.0,41.49,49.0
da gamaskop,2025/2026,289.0,357.0,313.0,319.6666666666667,34.486712417006835,-68.0,438.92857142857144,14,191.0,15.0,8.0,0.0,75.0,278.11,236.0
daggakraal,2025/2026,89.0,70.0,60.0,73.0,14.730919862656235,19.0,39.07142857142857,14,72.0,9.0,1.0,2.0,5.0,84.76,76.0
dalasile,2025/2026,19.0,28.0,30.0,25.666666666666668,5.859465277082315,-9.0,51.92857142857143,14,9.0,4.0,0.0,3.0,3.0,22.98,32.0
dalton,2025/2026,30.0,20.0,30.0,26.666666666666668,5.773502691896257,10.0,30.214285714285715,14,22.0,4.0,2.0,1.0,1.0,25.32,34.0
danielskuil,2025/2026,64.0,76.0,72.0,70.66666666666667,6.110100926607786,-12.0,71.0,14,54.0,0.0,4.0,0.0,6.0,66.84,114.0
dannhauser,2025/2026,188.0,158.0,170.0,172.0,15.0996688705415,30.0,215.21428571428572,14,154.0,15.0,6.0,1.0,12.0,165.8,180.0
darling,2025/2026,135.0,129.0,126.0,130.0,4.58257569495584,6.0,133.07142857142858,14,98.0,9.0,3.0,1.0,24.0,125.82,75.0
davel,2025/2026,22.0,25.0,19.0,22.0,3.0,-3.0,24.857142857142858,14,18.0,1.0,0.0,1.0,2.0,21.62,19.0
daveyton,2025/2026,547.0,432.0,569.0,516.0,73.57309290766564,115.0,559.8571428571429,14,220.0,93.0,30.0,111.0,93.0,511.68,401.0
dawn park,2025/2026,616.0,592.0,626.0,611.3333333333334,17.473789896108208,24.0,751.5714285714286,14,330.0,90.0,63.0,63.0,70.0,550.15,540.0
de aar,2025/2026,172.0,164.0,164.0,166.66666666666666,4.618802153517007,8.0,169.78571428571428,14,92.0,4.0,2.0,0.0,74.0,159.29,95.0
de deur,2025/2026,460.0,547.0,532.0,513.0,46.50806381693394,-87.0,607.5714285714286,14,189.0,69.0,46.0,114.0,42.0,463.3,465.0
de doorns,2025/2026,191.0,200.0,250.0,213.66666666666666,31.785741037976972,-9.0,277.64285714285717,14,133.0,6.0,3.0,0.0,49.0,182.12,173.0
de rust,2025/2026,46.0,43.0,51.0,46.666666666666664,4.041451884327381,3.0,54.285714285714285,14,44.0,0.0,0.0,0.0,2.0,45.41,58.0
dealesville,2025/2026,40.0,37.0,38.0,38.333333333333336,1.5275252316519465,3.0,30.071428571428573,14,37.0,1.0,1.0,0.0,1.0,36.72,37.0
deben,2025/2026,15.0,14.0,5.0,11.333333333333334,5.507570547286102,1.0,13.357142857142858,14,14.0,0.0,0.0,0.0,1.0,12.58,29.0
delareyville,2025/2026,180.0,87.0,147.0,138.0,47.148700936505136,93.0,111.07142857142857,14,128.0,7.0,1.0,2.0,42.0,161.46,147.0
delft,2025/2026,1168.0,1206.0,1196.0,1190.0,19.697715603592208,-38.0,1307.9285714285713,14,517.0,100.0,88.0,272.0,191.0,1089.2,1177.0
delmas,2025/2026,512.0,453.0,542.0,502.3333333333333,45.2806065919322,59.0,623.7857142857143,14,232.0,29.0,62.0,90.0,99.0,472.1,427.0
delportshoop,2025/2026,58.0,58.0,93.0,69.66666666666667,20.207259421636902,0.0,76.07142857142857,14,48.0,0.0,0.0,0.0,10.0,59.0,54.0
deneysville,2025/2026,170.0,214.0,211.0,198.33333333333334,24.583192089989723,-44.0,195.21428571428572,14,124.0,7.0,6.0,1.0,32.0,169.01,190.0
dennilton,2025/2026,438.0,431.0,371.0,413.3333333333333,36.8284310463171,7.0,348.2142857142857,14,307.0,76.0,12.0,16.0,27.0,376.08,420.0
despatch,2025/2026,200.0,207.0,201.0,202.66666666666666,3.7859388972001824,-7.0,249.14285714285714,14,119.0,10.0,12.0,14.0,45.0,188.17,210.0
devon,2025/2026,50.0,51.0,97.0,66.0,26.851443164195103,-1.0,69.85714285714286,14,29.0,4.0,3.0,8.0,6.0,55.11,43.0
dewetsdorp,2025/2026,41.0,43.0,41.0,41.666666666666664,1.1547005383792517,-2.0,35.57142857142857,14,34.0,4.0,1.0,0.0,2.0,38.61,52.0
dientjie,2025/2026,12.0,23.0,26.0,20.333333333333332,7.371114795831994,-11.0,28.357142857142858,14,10.0,0.0,0.0,2.0,0.0,17.35,12.0
diepkloof,2025/2026,593.0,601.0,604.0,599.3333333333334,5.686240703077327,-8.0,685.9285714285714,14,157.0,63.0,79.0,63.0,231.0,549.08,432.0
dieprivier,2025/2026,573.0,653.0,636.0,620.6666666666666,42.146569650842686,-80.0,1040.357142857143,14,206.0,13.0,48.0,9.0,297.0,518.19,383.0
diepsloot,2025/2026,563.0,495.0,416.0,491.3333333333333,73.56856212631408,68.0,692.2142857142857,14,157.0,92.0,188.0,50.0,76.0,542.0,607.0
dimbaza,2025/2026,198.0,214.0,250.0,220.66666666666666,26.633312473917574,-16.0,202.35714285714286,14,163.0,10.0,3.0,5.0,17.0,179.06,198.0
dingleton,2025/2026,29.0,17.0,8.0,18.0,10.535653752852738,12.0,13.833333333333334,14,19.0,0.0,0.0,1.0,9.0,23.58,
dirkiesdorp,2025/2026,59.0,62.0,89.0,70.0,16.522711641858304,-3.0,101.71428571428571,14,41.0,1.0,5.0,0.0,12.0,63.51,58.0
dobsonville,2025/2026,611.0,627.0,757.0,665.0,80.0749648766704,-16.0,1243.857142857143,14,273.0,101.0,52.0,86.0,99.0,566.22,634.0
donnybrook,2025/2026,34.0,61.0,77.0,57.333333333333336,21.73323108360405,-27.0,81.14285714285714,14,15.0,6.0,0.0,0.0,13.0,40.22,27.0
dordrecht,2025/2026,61.0,83.0,94.0,79.33333333333333,16.802777548171413,-22.0,63.714285714285715,14,51.0,1.0,0.0,0.0,9.0,62.44,55.0
doring bay,2025/2026,9.0,7.0,94.0,36.666666666666664,49.66219219218311,2.0,28.714285714285715,14,8.0,0.0,0.0,0.0,1.0,13.47,6.0
doringkloof,2025/2026,0.0,1.0,94.0,31.666666666666668,53.98456569551461,-1.0,24.357142857142858,14,0.0,0.0,0.0,0.0,0.0,4.7,0.0
dorset,2025/2026,14.0,6.0,8.0,9.333333333333334,4.163331998932265,8.0,18.428571428571427,14,14.0,0.0,0.0,0.0,0.0,10.73,5.0
douglas,2025/2026,208.0,219.0,220.0,215.66666666666666,6.6583281184793925,-11.0,187.71428571428572,14,166.0,7.0,2.0,0.0,33.0,182.6,191.0
douglasdale,2025/2026,851.0,976.0,976.0,934.3333333333334,72.16878364870321,-125.0,1432.2142857142858,14,301.0,81.0,112.0,64.0,293.0,828.6,803.0
driekop,2025/2026,70.0,69.0,40.0,59.666666666666664,17.03917055884274,1.0,36.357142857142854,14,50.0,3.0,9.0,6.0,2.0,69.74,62.0
dube,2025/2026,62.0,61.0,53.0,58.666666666666664,4.932882862316248,1.0,99.71428571428571,14,28.0,26.0,2.0,5.0,1.0,61.08,67.0
dududu,2025/2026,53.0,60.0,60.0,57.666666666666664,4.041451884327381,-7.0,53.57142857142857,14,29.0,8.0,3.0,2.0,11.0,52.54,48.0
duduza,2025/2026,276.0,316.0,311.0,301.0,21.79449471770337,-40.0,425.0,14,186.0,16.0,10.0,28.0,36.0,262.07,222.0
dullstroom,2025/2026,22.0,68.0,77.0,55.666666666666664,29.501412395567325,-46.0,77.64285714285714,14,14.0,1.0,3.0,0.0,4.0,28.25,32.0
duncan village,2025/2026,419.0,389.0,418.0,408.6666666666667,17.03917055884274,30.0,472.85714285714283,14,319.0,11.0,17.0,15.0,57.0,349.13,414.0
dundee,2025/2026,316.0,336.0,289.0,313.6666666666667,23.586719427112648,-20.0,318.64285714285717,14,231.0,17.0,15.0,3.0,50.0,281.59,252.0
dunnottar,2025/2026,82.0,140.0,147.0,123.0,35.679125549822544,-58.0,182.14285714285714,14,33.0,4.0,13.0,4.0,28.0,87.44,94.0
durban central,2025/2026,1743.0,2196.0,1862.0,1933.6666666666667,234.84959726031752,-453.0,2044.9285714285713,14,47.0,6.0,439.0,75.0,1176.0,1614.38,1384.0
durban north,2025/2026,502.0,687.0,658.0,615.6666666666666,99.5004187595878,-185.0,968.5,14,161.0,9.0,123.0,5.0,204.0,495.89,541.0
durbanville,2025/2026,966.0,1115.0,1029.0,1036.6666666666667,74.79527614317186,-149.0,1249.7857142857142,14,341.0,46.0,83.0,16.0,480.0,910.82,756.0
dutywa,2025/2026,222.0,196.0,265.0,227.66666666666666,34.847285881877994,26.0,264.57142857142856,14,144.0,24.0,12.0,9.0,33.0,210.61,260.0
dwaalboom,2025/2026,3.0,1.0,94.0,32.666666666666664,53.12563725107995,2.0,29.642857142857142,14,3.0,0.0,0.0,0.0,0.0,7.36,2.0
dysselsdorp,2025/2026,93.0,70.0,94.0,85.66666666666667,13.576941236277534,23.0,61.142857142857146,14,79.0,0.0,0.0,0.0,14.0,87.47,92.0
east london,2025/2026,1169.0,1483.0,1509.0,1387.0,189.24058761270004,-314.0,1574.7857142857142,14,349.0,36.0,60.0,38.0,686.0,1128.98,704.0
edenburg,2025/2026,36.0,48.0,54.0,46.0,9.16515138991168,-12.0,46.07142857142857,14,32.0,1.0,0.0,0.0,3.0,36.96,32.0
edenpark,2025/2026,385.0,415.0,492.0,430.6666666666667,55.19359866264686,-30.0,501.7142857142857,14,133.0,62.0,32.0,87.0,71.0,393.91,453.0
edenvale,2025/2026,563.0,583.0,390.0,512.0,106.1272820720478,-20.0,922.3571428571429,14,116.0,51.0,127.0,25.0,244.0,536.88,441.0
edenville,2025/2026,27.0,30.0,18.0,25.0,6.244997998398398,-3.0,24.214285714285715,14,26.0,0.0,0.0,0.0,1.0,25.19,33.0
eendekuil,2025/2026,9.0,8.0,15.0,10.666666666666666,3.7859388972001824,1.0,10.285714285714286,14,6.0,0.0,0.0,0.0,3.0,8.63,7.0
eersterust,2025/2026,249.0,219.0,236.0,234.66666666666666,15.044378795195676,30.0,283.92857142857144,14,106.0,1.0,15.0,37.0,90.0,226.81,168.0
ekangala,2025/2026,183.0,181.0,210.0,191.33333333333334,16.19670748434179,2.0,256.5,14,100.0,15.0,15.0,28.0,25.0,181.4,119.0
ekombe,2025/2026,30.0,36.0,35.0,33.666666666666664,3.214550253664318,-6.0,35.857142857142854,14,17.0,12.0,0.0,0.0,1.0,30.14,34.0
ekulindeni,2025/2026,10.0,6.0,4.0,6.666666666666667,3.055050463303893,4.0,12.357142857142858,14,7.0,3.0,0.0,0.0,0.0,8.08,9.0
ekuvukeni,2025/2026,131.0,108.0,112.0,117.0,12.288205727444508,23.0,153.28571428571428,14,88.0,25.0,5.0,6.0,7.0,126.25,119.0
elands bay,2025/2026,15.0,28.0,36.0,26.333333333333332,10.598742063723098,-13.0,21.5,14,14.0,0.0,0.0,0.0,1.0,19.47,5.0
elands height,2025/2026,0.0,0.0,0.0,0.0,0.0,0.0,0.7142857142857143,14,0.0,0.0,0.0,0.0,0.0,3.24,1.0
elandskraal,2025/2026,50.0,55.0,58.0,54.333333333333336,4.041451884327381,-5.0,40.857142857142854,14,32.0,10.0,0.0,1.0,7.0,49.12,75.0
elandslaagte,2025/2026,36.0,37.0,46.0,39.666666666666664,5.507570547286102,-1.0,46.857142857142854,14,26.0,7.0,1.0,1.0,1.0,36.09,34.0
eldorado park,2025/2026,568.0,660.0,684.0,637.3333333333334,61.23180001709352,-92.0,854.5,14,198.0,47.0,52.0,172.0,99.0,554.45,566.0
elliot,2025/2026,130.0,101.0,110.0,113.66666666666667,14.843629385474879,29.0,111.91666666666667,14,97.0,7.0,6.0,2.0,18.0,123.0,
elliotdale,2025/2026,27.0,32.0,48.0,35.666666666666664,10.96965511460289,-5.0,39.57142857142857,14,18.0,1.0,1.0,3.0,4.0,29.47,32.0
elsburg,2025/2026,418.0,467.0,542.0,475.6666666666667,62.45264872952414,-49.0,685.5,14,135.0,33.0,118.0,60.0,72.0,429.53,404.0
elsies river,2025/2026,388.0,596.0,552.0,512.0,109.61751684835777,-208.0,740.2142857142857,14,96.0,11.0,53.0,27.0,201.0,405.41,350.0
elukwatini,2025/2026,240.0,261.0,291.0,264.0,25.632011235952593,-21.0,257.7857142857143,14,180.0,35.0,8.0,2.0,15.0,223.6,189.0
emanguzi,2025/2026,144.0,153.0,143.0,146.66666666666666,5.507570547286101,-9.0,187.28571428571428,14,78.0,21.0,12.0,2.0,31.0,134.73,85.0
ematimatolo,2025/2026,26.0,29.0,42.0,32.333333333333336,8.504900548115383,-3.0,54.07142857142857,14,23.0,3.0,0.0,0.0,0.0,28.13,15.0
ematsheni,2025/2026,78.0,59.0,63.0,66.66666666666667,10.016652800877813,19.0,72.92857142857143,14,53.0,16.0,4.0,3.0,2.0,71.87,56.0
embalenhle,2025/2026,321.0,480.0,476.0,425.6666666666667,90.66605391949807,-159.0,590.5,14,216.0,27.0,31.0,4.0,43.0,339.36,311.0
empangeni,2025/2026,985.0,1182.0,1125.0,1097.3333333333333,101.37225129853502,-197.0,1502.2142857142858,14,506.0,115.0,49.0,57.0,258.0,941.62,1164.0
emzinoni,2025/2026,212.0,271.0,214.0,232.33333333333334,33.50124375800596,-59.0,290.2857142857143,14,138.0,16.0,25.0,7.0,26.0,205.87,200.0
ennerdale,2025/2026,549.0,578.0,505.0,544.0,36.75595189897821,-29.0,570.0714285714286,14,216.0,60.0,64.0,150.0,59.0,518.45,534.0
erasmia,2025/2026,157.0,208.0,231.0,198.66666666666666,37.87259343289463,-51.0,262.35714285714283,14,69.0,13.0,14.0,30.0,31.0,162.66,192.0
ermelo,2025/2026,570.0,565.0,654.0,596.3333333333334,50.00333322222963,5.0,971.4285714285714,14,372.0,20.0,39.0,5.0,134.0,505.46,444.0
eshowe,2025/2026,372.0,363.0,397.0,377.3333333333333,17.61628034896508,9.0,522.0714285714286,14,231.0,60.0,9.0,9.0,63.0,341.21,401.0
esikhaleni,2025/2026,535.0,566.0,624.0,575.0,45.17742799230607,-31.0,766.1428571428571,14,348.0,119.0,13.0,26.0,29.0,486.99,393.0
estcourt,2025/2026,244.0,274.0,256.0,258.0,15.0996688705415,-30.0,324.2857142857143,14,123.0,26.0,15.0,3.0,77.0,233.98,201.0
etwatwa,2025/2026,477.0,466.0,506.0,483.0,20.663978319771825,11.0,620.7142857142857,14,230.0,105.0,20.0,63.0,59.0,440.88,357.0
evander,2025/2026,115.0,136.0,262.0,171.0,79.50471684120383,-21.0,199.71428571428572,14,82.0,4.0,7.0,1.0,21.0,124.27,152.0
evaton,2025/2026,610.0,640.0,727.0,659.0,60.77005841695399,-30.0,1033.2142857142858,14,284.0,108.0,43.0,100.0,75.0,560.79,659.0
evatt,2025/2026,3.0,7.0,7.0,5.666666666666667,2.309401076758503,-4.0,10.5,14,2.0,0.0,0.0,0.0,1.0,3.84,6.0
excelsior,2025/2026,12.0,17.0,11.0,13.333333333333334,3.214550253664318,-5.0,16.5,14,9.0,0.0,0.0,0.0,3.0,14.83,8.0
ezakheni,2025/2026,177.0,166.0,251.0,198.0,46.22769732530488,11.0,292.07142857142856,14,127.0,22.0,5.0,1.0,22.0,182.02,170.0
ezibayeni,2025/2026,9.0,8.0,13.0,10.0,2.6457513110645907,1.0,16.214285714285715,14,5.0,3.0,0.0,0.0,1.0,8.71,17.0
ezibeleni,2025/2026,96.0,89.0,104.0,96.33333333333333,7.505553499465135,7.0,118.57142857142857,14,73.0,4.0,4.0,2.0,13.0,88.66,117.0
ezinqoleni,2025/2026,99.0,138.0,101.0,112.66666666666667,21.96208854670551,-39.0,180.35714285714286,14,71.0,11.0,2.0,3.0,12.0,102.1,175.0
fairland,2025/2026,264.0,290.0,327.0,293.6666666666667,31.65964834506747,-26.0,436.35714285714283,14,72.0,18.0,77.0,3.0,94.0,254.35,313.0
fauresmith,2025/2026,14.0,15.0,11.0,13.333333333333334,2.0816659994661326,-1.0,9.071428571428571,14,10.0,0.0,2.0,0.0,2.0,13.56,16.0
fernie,2025/2026,54.0,25.0,45.0,41.333333333333336,14.843629385474879,29.0,38.42857142857143,14,35.0,8.0,1.0,0.0,10.0,48.79,41.0
ficksburg,2025/2026,164.0,219.0,240.0,207.66666666666666,39.24708057083142,-55.0,330.2142857142857,14,123.0,16.0,5.0,1.0,19.0,175.46,154.0
fish hoek,2025/2026,377.0,397.0,366.0,380.0,15.716233645501712,-20.0,604.2857142857143,14,164.0,2.0,76.0,1.0,134.0,360.93,256.0
flagstaff,2025/2026,113.0,120.0,149.0,127.33333333333333,19.087517736293876,-7.0,159.78571428571428,14,84.0,4.0,4.0,5.0,16.0,110.01,70.0
florida,2025/2026,1005.0,1177.0,1210.0,1130.6666666666667,110.07421738687644,-172.0,1685.142857142857,14,227.0,56.0,294.0,116.0,312.0,990.66,840.0
floukraal,2025/2026,1.0,2.0,2.0,1.6666666666666667,0.5773502691896257,-1.0,3.142857142857143,14,1.0,0.0,0.0,0.0,0.0,1.73,4.0
fochville,2025/2026,333.0,467.0,451.0,417.0,73.18469785412795,-134.0,448.2142857142857,14,212.0,22.0,20.0,24.0,55.0,346.3,269.0
folweni,2025/2026,194.0,181.0,258.0,211.0,41.2189276910499,13.0,270.85714285714283,14,98.0,38.0,12.0,39.0,7.0,194.94,231.0
fort beaufort,2025/2026,255.0,212.0,234.0,233.66666666666666,21.501937897160186,43.0,307.9166666666667,14,176.0,8.0,8.0,2.0,61.0,225.0,
fort brown,2025/2026,0.0,4.0,0.0,1.3333333333333333,2.3094010767585034,-4.0,2.5,14,0.0,0.0,0.0,0.0,0.0,1.05,2.0
fouriesburg,2025/2026,41.0,69.0,65.0,58.333333333333336,15.14375558880073,-28.0,56.5,14,32.0,0.0,0.0,1.0,8.0,45.82,70.0
franklin,2025/2026,8.0,11.0,13.0,10.666666666666666,2.5166114784235836,-3.0,9.785714285714286,14,7.0,0.0,0.0,0.0,1.0,9.17,5.0
franschhoek,2025/2026,130.0,153.0,186.0,156.33333333333334,28.148416178061126,-23.0,205.21428571428572,14,90.0,6.0,5.0,2.0,27.0,126.15,172.0
fraserburg,2025/2026,29.0,21.0,16.0,22.0,6.557438524302,8.0,17.785714285714285,14,21.0,0.0,0.0,0.0,8.0,23.91,9.0
ga-rankuwa,2025/2026,464.0,483.0,482.0,476.3333333333333,10.692676621563626,-19.0,663.0,14,210.0,81.0,32.0,70.0,71.0,443.28,454.0
galeshewe,2025/2026,549.0,598.0,629.0,592.0,40.33608806019741,-49.0,589.3571428571429,14,400.0,13.0,3.0,0.0,133.0,476.89,634.0
gamalakhe,2025/2026,337.0,284.0,250.0,290.3333333333333,43.84442191811102,53.0,260.14285714285717,14,274.0,10.0,6.0,1.0,46.0,287.41,415.0
gans bay,2025/2026,222.0,167.0,266.0,218.33333333333334,49.601747281051836,55.0,410.85714285714283,14,173.0,7.0,1.0,1.0,40.0,204.66,282.0
ganyesa,2025/2026,78.0,102.0,110.0,96.66666666666667,16.653327995729065,-24.0,90.35714285714286,14,59.0,7.0,1.0,2.0,9.0,82.77,100.0
gariepdam,2025/2026,5.0,10.0,13.0,9.333333333333334,4.041451884327381,-5.0,9.642857142857142,14,2.0,0.0,0.0,0.0,3.0,7.37,2.0
garies,2025/2026,6.0,25.0,25.0,18.666666666666668,10.96965511460289,-19.0,21.857142857142858,14,4.0,0.0,0.0,0.0,2.0,12.63,9.0
garsfontein,2025/2026,1099.0,1070.0,1044.0,1071.0,27.51363298439521,29.0,1558.2857142857142,14,377.0,37.0,372.0,11.0,302.0,1032.35,1054.0
gelvandale,2025/2026,225.0,220.0,284.0,243.0,35.59494346111537,5.0,559.6428571428571,14,99.0,16.0,16.0,22.0,72.0,217.41,181.0
genadendal,2025/2026,143.0,166.0,119.0,142.66666666666666,23.501772982763097,-23.0,149.85714285714286,14,113.0,2.0,1.0,0.0,27.0,130.7,105.0
george,2025/2026,584.0,744.0,806.0,711.3333333333334,114.54838861081082,-160.0,1149.0,14,296.0,7.0,20.0,0.0,261.0,539.36,601.0
germiston,2025/2026,864.0,871.0,935.0,890.0,39.1279950930277,-7.0,1285.0714285714287,14,186.0,29.0,243.0,170.0,236.0,814.35,803.0
gilead,2025/2026,53.0,37.0,56.0,48.666666666666664,10.214368964029708,16.0,54.714285714285715,14,31.0,5.0,7.0,0.0,10.0,50.59,44.0
gingindlovu,2025/2026,184.0,128.0,111.0,141.0,38.19685850956856,56.0,136.71428571428572,14,134.0,24.0,3.0,8.0,15.0,166.01,108.0
giyani,2025/2026,375.0,259.0,390.0,341.3333333333333,71.69611797952057,116.0,490.92857142857144,14,230.0,39.0,9.0,19.0,78.0,344.35,363.0
glen,2025/2026,25.0,24.0,15.0,21.333333333333332,5.507570547286102,1.0,35.642857142857146,14,17.0,1.0,2.0,0.0,5.0,22.47,12.0
glen grey,2025/2026,36.0,25.0,26.0,29.0,6.082762530298219,11.0,28.571428571428573,14,24.0,6.0,0.0,1.0,5.0,30.43,40.0
glencoe,2025/2026,116.0,85.0,91.0,97.33333333333333,16.441816606851365,31.0,105.07142857142857,14,93.0,3.0,1.0,0.0,19.0,107.31,89.0
glendale,2025/2026,21.0,20.0,39.0,26.666666666666668,10.692676621563626,1.0,28.5,14,14.0,2.0,0.0,0.0,5.0,21.66,24.0
gluckstadt,2025/2026,26.0,18.0,26.0,23.333333333333332,4.618802153517007,8.0,30.642857142857142,14,22.0,2.0,0.0,0.0,2.0,23.1,20.0
goedemoed,2025/2026,3.0,2.0,2.0,2.3333333333333335,0.5773502691896258,1.0,3.142857142857143,14,2.0,0.0,1.0,0.0,0.0,3.09,2.0
gonubie,2025/2026,305.0,394.0,352.0,350.3333333333333,44.52340208624374,-89.0,412.5,14,224.0,4.0,8.0,4.0,65.0,297.47,258.0
goodwood,2025/2026,774.0,861.0,782.0,805.6666666666666,48.08672720547047,-87.0,1083.4285714285713,14,178.0,16.0,113.0,23.0,444.0,711.45,667.0
gordons bay,2025/2026,291.0,334.0,239.0,288.0,47.57099956906519,-43.0,423.2142857142857,14,162.0,6.0,27.0,2.0,94.0,281.19,217.0
gowan lea,2025/2026,29.0,19.0,29.0,25.666666666666668,5.773502691896257,10.0,44.57142857142857,14,14.0,6.0,0.0,0.0,9.0,24.69,19.0
graaff-reinet,2025/2026,382.0,420.0,452.0,418.0,35.04283093587046,-38.0,420.35714285714283,14,246.0,2.0,8.0,0.0,126.0,354.4,323.0
graafwater,2025/2026,23.0,26.0,23.0,24.0,1.7320508075688772,-3.0,26.714285714285715,14,17.0,0.0,2.0,0.0,4.0,22.92,36.0
grabouw,2025/2026,240.0,346.0,436.0,340.6666666666667,98.10878316100619,-106.0,519.3571428571429,14,168.0,10.0,4.0,2.0,56.0,252.95,192.0
grahamstown,2025/2026,466.0,433.0,643.0,514.0,112.92918134831227,33.0,905.5,14,276.0,10.0,8.0,1.0,171.0,424.69,
graskop,2025/2026,32.0,37.0,62.0,43.666666666666664,16.072751268321593,-5.0,46.642857142857146,14,20.0,2.0,3.0,2.0,5.0,34.98,30.0
grassy park,2025/2026,706.0,806.0,791.0,767.6666666666666,53.92896562454479,-100.0,1115.0,14,332.0,13.0,68.0,56.0,237.0,643.98,556.0
gravelotte,2025/2026,8.0,12.0,18.0,12.666666666666666,5.033222956847166,-4.0,20.428571428571427,14,6.0,0.0,1.0,0.0,1.0,10.35,8.0
greenwood park,2025/2026,686.0,819.0,886.0,797.0,101.79882121124979,-133.0,1106.7142857142858,14,278.0,51.0,124.0,62.0,171.0,671.97,615.0
greylingstad,2025/2026,35.0,71.0,54.0,53.333333333333336,18.0092568789868,-36.0,58.785714285714285,14,24.0,2.0,0.0,4.0,5.0,41.46,39.0
greytown,2025/2026,138.0,223.0,209.0,190.0,45.574115460423364,-85.0,249.07142857142858,14,91.0,7.0,3.0,11.0,26.0,146.78,124.0
griekwastad,2025/2026,20.0,48.0,50.0,39.333333333333336,16.77299416721217,-28.0,40.214285714285715,14,16.0,0.0,0.0,0.0,4.0,25.4,24.0
groblersdal,2025/2026,257.0,310.0,286.0,284.3333333333333,26.539279065817393,-53.0,250.21428571428572,14,63.0,5.0,6.0,4.0,179.0,246.27,102.0
groblershoop,2025/2026,66.0,63.0,68.0,65.66666666666667,2.516611478423583,3.0,73.71428571428571,14,51.0,1.0,3.0,0.0,11.0,65.14,65.0
groenvlei,2025/2026,3.0,1.0,3.0,2.3333333333333335,1.1547005383792515,2.0,5.642857142857143,14,2.0,0.0,1.0,0.0,0.0,2.26,3.0
groot brakrivier,2025/2026,95.0,176.0,292.0,187.66666666666666,99.01683358567539,-81.0,206.35714285714286,14,70.0,4.0,5.0,1.0,15.0,105.64,99.0
groot marico,2025/2026,41.0,46.0,10.0,32.333333333333336,19.5021366350801,-5.0,41.92857142857143,14,33.0,1.0,1.0,0.0,6.0,40.21,46.0
groot-drakenstein,2025/2026,104.0,113.0,72.0,96.33333333333333,21.548395145191982,-9.0,121.21428571428571,14,68.0,0.0,1.0,1.0,34.0,99.16,96.0
grootvlei,2025/2026,85.0,92.0,114.0,97.0,15.132745950421556,-7.0,102.07142857142857,14,42.0,0.0,3.0,26.0,14.0,88.54,60.0
gugulethu,2025/2026,536.0,522.0,607.0,555.0,45.574115460423364,14.0,806.2857142857143,14,178.0,104.0,38.0,148.0,68.0,514.38,455.0
haenertsburg,2025/2026,32.0,38.0,30.0,33.333333333333336,4.163331998932266,-6.0,46.714285714285715,14,21.0,7.0,0.0,0.0,4.0,32.53,20.0
hamburg,2025/2026,12.0,9.0,9.0,10.0,1.7320508075688772,3.0,15.928571428571429,14,11.0,0.0,1.0,0.0,0.0,9.7,21.0
hammanskraal,2025/2026,390.0,379.0,403.0,390.6666666666667,12.013880860626733,11.0,458.85714285714283,14,229.0,40.0,32.0,13.0,76.0,357.02,380.0
hammarsdale,2025/2026,58.0,75.0,70.0,67.66666666666667,8.736894948054106,-17.0,112.07142857142857,14,18.0,13.0,1.0,9.0,17.0,63.2,93.0
hankey,2025/2026,67.0,91.0,102.0,86.66666666666667,17.897858344878397,-24.0,83.78571428571429,14,53.0,1.0,1.0,0.0,12.0,68.36,71.0
hanover,2025/2026,24.0,28.0,44.0,32.0,10.583005244258363,-4.0,38.785714285714285,14,17.0,1.0,1.0,0.0,5.0,26.23,35.0
harare,2025/2026,631.0,1138.0,1087.0,952.0,279.161243728423,-507.0,996.7857142857143,14,189.0,121.0,72.0,219.0,30.0,679.09,557.0
harburg,2025/2026,30.0,29.0,18.0,25.666666666666668,6.658328118479393,1.0,29.142857142857142,14,19.0,0.0,0.0,5.0,6.0,27.55,30.0
harding,2025/2026,193.0,184.0,145.0,174.0,25.514701644346147,9.0,184.92857142857142,14,96.0,10.0,3.0,12.0,72.0,179.26,181.0
harrismith,2025/2026,398.0,477.0,644.0,506.3333333333333,125.59591288466888,-79.0,580.2142857142857,14,271.0,18.0,12.0,2.0,95.0,380.41,342.0
hartbeesfontein,2025/2026,111.0,146.0,159.0,138.66666666666666,24.826061575153908,-35.0,127.5,14,97.0,4.0,0.0,0.0,10.0,107.45,134.0
hartbeespoortdam,2025/2026,502.0,507.0,610.0,539.6666666666666,60.96173663318109,-5.0,675.8571428571429,14,234.0,42.0,99.0,20.0,107.0,479.89,550.0
hartebeeskop,2025/2026,30.0,38.0,40.0,36.0,5.291502622129181,-8.0,41.0,14,20.0,4.0,1.0,0.0,5.0,30.93,44.0
hartswater,2025/2026,129.0,281.0,318.0,242.66666666666666,100.16153619695204,-152.0,245.85714285714286,14,79.0,2.0,2.0,0.0,46.0,144.35,175.0
hattingspruit,2025/2026,12.0,11.0,16.0,13.0,2.6457513110645907,1.0,18.642857142857142,14,8.0,0.0,3.0,0.0,1.0,11.03,20.0
hazyview,2025/2026,181.0,240.0,291.0,237.33333333333334,55.04846349657121,-59.0,312.2857142857143,14,88.0,24.0,6.0,25.0,38.0,186.68,129.0
healdtown,2025/2026,20.0,16.0,23.0,19.666666666666668,3.5118845842842465,4.0,18.428571428571427,14,20.0,0.0,0.0,0.0,0.0,17.46,21.0
hebron,2025/2026,337.0,312.0,332.0,327.0,13.228756555322953,25.0,361.35714285714283,14,175.0,74.0,14.0,56.0,18.0,320.27,335.0
heidedal,2025/2026,172.0,198.0,234.0,201.33333333333334,31.13411847689498,-26.0,323.42857142857144,14,76.0,1.0,6.0,4.0,85.0,171.71,145.0
heidelberg (gp),2025/2026,448.0,431.0,453.0,444.0,11.532562594670797,17.0,478.42857142857144,14,156.0,18.0,112.0,71.0,91.0,426.18,440.0
heidelberg(c),2025/2026,109.0,146.0,148.0,134.33333333333334,21.962088546705512,-37.0,115.64285714285714,14,85.0,2.0,3.0,0.0,19.0,106.56,95.0
heilbron,2025/2026,174.0,164.0,198.0,178.66666666666666,17.47378989610821,10.0,174.57142857142858,14,126.0,7.0,19.0,1.0,21.0,167.16,222.0
hekpoort,2025/2026,80.0,57.0,73.0,70.0,11.789826122551595,23.0,78.35714285714286,14,58.0,4.0,6.0,2.0,10.0,74.3,39.0
helpmekaar,2025/2026,10.0,9.0,10.0,9.666666666666666,0.5773502691896257,1.0,13.071428571428571,14,7.0,1.0,0.0,0.0,2.0,9.16,12.0
henderson,2025/2026,1.0,0.0,0.0,0.3333333333333333,0.5773502691896258,1.0,0.7857142857142857,14,1.0,0.0,0.0,0.0,0.0,1.3,1.0
hendrina,2025/2026,143.0,160.0,155.0,152.66666666666666,8.736894948054104,-17.0,181.28571428571428,14,94.0,5.0,14.0,4.0,26.0,134.55,99.0
hennenman,2025/2026,158.0,155.0,176.0,163.0,11.357816691600547,3.0,143.0,14,136.0,2.0,3.0,0.0,17.0,143.4,151.0
hercules,2025/2026,773.0,827.0,905.0,835.0,66.36264009214823,-54.0,934.1428571428571,14,305.0,36.0,213.0,32.0,187.0,731.76,655.0
hermanus,2025/2026,533.0,624.0,688.0,615.0,77.89094941005662,-91.0,858.0714285714286,14,347.0,26.0,25.0,1.0,134.0,493.7,418.0
hertzogville,2025/2026,61.0,55.0,62.0,59.333333333333336,3.785938897200183,6.0,61.285714285714285,14,52.0,0.0,1.0,0.0,8.0,58.74,54.0
heuningspruit,2025/2026,1.0,2.0,7.0,3.3333333333333335,3.2145502536643185,-1.0,7.142857142857143,14,0.0,0.0,0.0,0.0,1.0,1.92,7.0
heuningvlei,2025/2026,1.0,4.0,6.0,3.6666666666666665,2.5166114784235836,-3.0,5.071428571428571,14,1.0,0.0,0.0,0.0,0.0,2.19,3.0
hibberdene,2025/2026,410.0,362.0,450.0,407.3333333333333,44.06056437828882,48.0,508.7857142857143,14,259.0,89.0,17.0,8.0,37.0,368.36,359.0
highflats,2025/2026,122.0,118.0,125.0,121.66666666666667,3.511884584284246,4.0,142.28571428571428,14,67.0,20.0,4.0,18.0,13.0,115.52,122.0
hillbrow,2025/2026,757.0,751.0,751.0,753.0,3.4641016151377544,6.0,1302.9285714285713,14,126.0,28.0,148.0,74.0,381.0,697.15,510.0
hillcrest,2025/2026,648.0,645.0,815.0,702.6666666666666,97.29508380865569,3.0,1112.142857142857,14,332.0,94.0,72.0,13.0,137.0,585.91,529.0
hilton-kzn,2025/2026,131.0,142.0,97.0,123.33333333333333,23.459184413217212,-11.0,193.57142857142858,14,70.0,5.0,15.0,0.0,41.0,124.93,117.0
himeville,2025/2026,26.0,32.0,51.0,36.333333333333336,13.051181300301261,-6.0,107.71428571428571,14,20.0,0.0,0.0,0.0,6.0,30.41,31.0
hlababomvu,2025/2026,5.0,10.0,7.0,7.333333333333333,2.516611478423583,-5.0,9.5,14,4.0,0.0,0.0,1.0,0.0,6.9,11.0
hlabisa,2025/2026,51.0,44.0,26.0,40.333333333333336,12.897028081435403,7.0,63.07142857142857,14,36.0,7.0,2.0,1.0,5.0,46.89,47.0
hlanganani,2025/2026,115.0,116.0,142.0,124.33333333333333,15.30795000427338,-1.0,106.07142857142857,14,93.0,4.0,0.0,5.0,13.0,107.19,78.0
hlobane,2025/2026,88.0,84.0,106.0,92.66666666666667,11.718930554164631,4.0,112.21428571428571,14,79.0,1.0,1.0,0.0,7.0,85.58,91.0
hlogotlou,2025/2026,208.0,252.0,188.0,216.0,32.7414110874898,-44.0,207.78571428571428,14,137.0,21.0,7.0,4.0,39.0,199.57,166.0
hluhluwe,2025/2026,78.0,61.0,60.0,66.33333333333333,10.115993936995679,17.0,104.71428571428571,14,51.0,11.0,3.0,2.0,11.0,71.92,59.0
hobhouse,2025/2026,16.0,11.0,15.0,14.0,2.6457513110645907,5.0,19.5,14,12.0,0.0,3.0,0.0,1.0,12.49,7.0
hoedspruit,2025/2026,43.0,61.0,73.0,59.0,15.0996688705415,-18.0,103.5,14,26.0,0.0,2.0,2.0,13.0,48.36,47.0
hofmeyr,2025/2026,25.0,42.0,28.0,31.666666666666668,9.073771725877467,-17.0,32.5,14,23.0,1.0,0.0,0.0,1.0,27.94,30.0
hogsback,2025/2026,9.0,9.0,13.0,10.333333333333334,2.3094010767585034,0.0,24.785714285714285,14,5.0,0.0,0.0,0.0,4.0,9.83,7.0
hondeklip bay,2025/2026,7.0,9.0,8.0,8.0,1.0,-2.0,5.428571428571429,14,6.0,0.0,0.0,0.0,1.0,7.91,5.0
honeydew,2025/2026,1728.0,2150.0,2319.0,2065.6666666666665,304.3917432082108,-422.0,3271.214285714286,14,471.0,125.0,454.0,109.0,569.0,1705.49,1641.0
hoopdal,2025/2026,3.0,5.0,1.0,3.0,2.0,-2.0,3.857142857142857,14,3.0,0.0,0.0,0.0,0.0,2.92,5.0
hoopstad,2025/2026,76.0,71.0,93.0,80.0,11.532562594670797,5.0,89.35714285714286,14,58.0,2.0,1.0,0.0,15.0,73.39,71.0
hopefield,2025/2026,30.0,46.0,36.0,37.333333333333336,8.082903768654761,-16.0,45.57142857142857,14,21.0,0.0,0.0,0.0,9.0,32.92,39.0
hopeville,2025/2026,104.0,94.0,102.0,100.0,5.291502622129181,10.0,88.08333333333333,14,91.0,4.0,1.0,0.0,8.0,95.81,
hout bay,2025/2026,347.0,333.0,256.0,312.0,49.0,14.0,595.4285714285714,14,150.0,30.0,22.0,6.0,139.0,326.53,225.0
howick,2025/2026,207.0,319.0,302.0,276.0,60.35726965329032,-112.0,383.7142857142857,14,131.0,10.0,14.0,3.0,49.0,215.07,204.0
huhudi,2025/2026,107.0,138.0,177.0,140.66666666666666,35.07610772781572,-31.0,157.0,14,97.0,3.0,1.0,0.0,6.0,102.97,142.0
humansdorp,2025/2026,169.0,178.0,174.0,173.66666666666666,4.509249752822894,-9.0,241.28571428571428,14,105.0,17.0,3.0,0.0,44.0,160.25,175.0
humewood,2025/2026,1327.0,1553.0,1358.0,1412.6666666666667,122.51666553303406,-226.0,1772.357142857143,14,255.0,18.0,176.0,43.0,835.0,1257.78,935.0
ibisi,2025/2026,90.0,129.0,131.0,116.66666666666667,23.115651263447745,-39.0,131.0,14,51.0,3.0,2.0,1.0,33.0,92.78,92.0
ida,2025/2026,3.0,1.0,3.0,2.3333333333333335,1.1547005383792515,2.0,1.9285714285714286,14,2.0,0.0,1.0,0.0,0.0,2.37,2.0
ikageng,2025/2026,733.0,742.0,811.0,762.0,42.67317658670374,-9.0,871.8571428571429,14,581.0,19.0,14.0,6.0,113.0,656.09,672.0
ikamvelihle,2025/2026,156.0,237.0,189.0,194.0,40.7308237088326,-81.0,240.07142857142858,14,41.0,45.0,7.0,52.0,11.0,162.23,126.0
ilinge,2025/2026,17.0,37.0,26.0,26.666666666666668,10.016652800877813,-20.0,30.071428571428573,14,12.0,2.0,0.0,0.0,3.0,22.7,22.0
impendle,2025/2026,101.0,96.0,93.0,96.66666666666667,4.041451884327381,5.0,84.35714285714286,14,74.0,15.0,0.0,0.0,12.0,96.26,91.0
inanda,2025/2026,1376.0,1290.0,1322.0,1329.3333333333333,43.4664621672081,86.0,1440.357142857143,14,713.0,346.0,74.0,140.0,103.0,1273.93,1356.0
inchanga,2025/2026,88.0,99.0,83.0,90.0,8.18535277187245,-11.0,143.28571428571428,14,47.0,9.0,6.0,4.0,22.0,85.92,79.0
indwe,2025/2026,37.0,41.0,45.0,41.0,4.0,-4.0,50.285714285714285,14,23.0,1.0,2.0,2.0,9.0,38.09,30.0
ingogo,2025/2026,17.0,11.0,14.0,14.0,3.0,6.0,11.785714285714286,14,14.0,0.0,0.0,1.0,2.0,12.88,15.0
ingwavuma,2025/2026,54.0,65.0,67.0,62.0,7.0,-11.0,70.21428571428571,14,38.0,9.0,4.0,1.0,2.0,57.02,71.0
int airp king shaka,2025/2026,31.0,22.0,19.0,24.0,6.244997998398398,9.0,35.857142857142854,14,0.0,0.0,19.0,0.0,12.0,27.07,26.0
intsikeni,2025/2026,34.0,31.0,94.0,53.0,35.53871128783372,3.0,74.42857142857143,14,27.0,7.0,0.0,0.0,0.0,38.09,34.0
inyibiba,2025/2026,248.0,198.0,210.0,218.66666666666666,26.102362600602525,50.0,310.64285714285717,14,172.0,15.0,11.0,9.0,41.0,226.05,273.0
ipelegeng,2025/2026,163.0,121.0,183.0,155.66666666666666,31.643851430148846,42.0,125.71428571428571,14,131.0,4.0,0.0,1.0,27.0,148.98,177.0
isipingo,2025/2026,401.0,479.0,558.0,479.3333333333333,78.50053078376817,-78.0,626.7857142857143,14,102.0,42.0,107.0,50.0,100.0,419.25,385.0
itsoseng,2025/2026,218.0,222.0,204.0,214.66666666666666,9.451631252505216,-4.0,271.92857142857144,14,158.0,10.0,6.0,0.0,44.0,192.8,150.0
ivory park,2025/2026,1102.0,1138.0,1152.0,1130.6666666666667,25.794056162870806,-36.0,1468.9285714285713,14,333.0,160.0,133.0,282.0,194.0,1044.3,1155.0
ixopo,2025/2026,154.0,130.0,143.0,142.33333333333334,12.013880860626733,24.0,124.35714285714286,14,105.0,3.0,1.0,5.0,40.0,138.81,92.0
jabulani,2025/2026,496.0,544.0,459.0,499.6666666666667,42.61846235299126,-48.0,588.0714285714286,14,158.0,32.0,53.0,151.0,102.0,483.55,401.0
jacobsdal,2025/2026,44.0,48.0,46.0,46.0,2.0,-4.0,48.714285714285715,14,35.0,0.0,1.0,0.0,8.0,42.29,52.0
jagersfontein,2025/2026,33.0,22.0,17.0,24.0,8.18535277187245,11.0,14.928571428571429,14,31.0,1.0,0.0,0.0,1.0,25.8,36.0
jamestown,2025/2026,21.0,29.0,27.0,25.666666666666668,4.163331998932266,-8.0,27.416666666666668,14,16.0,0.0,0.0,1.0,4.0,22.83,
jan kempdorp,2025/2026,154.0,154.0,203.0,170.33333333333334,28.29016319029166,0.0,196.42857142857142,14,119.0,5.0,3.0,0.0,27.0,150.56,155.0
jane furse,2025/2026,120.0,125.0,194.0,146.33333333333334,41.356176483487125,-5.0,175.35714285714286,14,64.0,20.0,11.0,9.0,16.0,120.69,118.0
jansenville,2025/2026,35.0,33.0,34.0,34.0,1.0,2.0,27.928571428571427,14,26.0,0.0,1.0,0.0,8.0,31.67,45.0
jeffreys bay,2025/2026,141.0,191.0,273.0,201.66666666666666,66.64332924857021,-50.0,441.42857142857144,14,101.0,4.0,13.0,2.0,21.0,154.11,206.0
jeppe,2025/2026,770.0,982.0,960.0,904.0,116.56757696718243,-212.0,1110.7142857142858,14,182.0,66.0,155.0,164.0,203.0,778.85,784.0
jericho,2025/2026,65.0,62.0,60.0,62.333333333333336,2.516611478423583,3.0,72.0,14,54.0,2.0,0.0,0.0,9.0,63.55,66.0
jhb central,2025/2026,956.0,1269.0,1378.0,1201.0,219.06391761310215,-313.0,1608.7142857142858,14,74.0,16.0,215.0,125.0,526.0,959.71,813.0
joubertina,2025/2026,156.0,148.0,152.0,152.0,4.0,8.0,196.0,14,131.0,3.0,0.0,0.0,22.0,142.94,180.0
jouberton,2025/2026,509.0,473.0,598.0,526.6666666666666,64.34542200757824,36.0,745.7857142857143,14,315.0,36.0,12.0,16.0,130.0,460.81,460.0
joza,2025/2026,218.0,156.0,154.0,176.0,36.38681079732051,62.0,233.28571428571428,14,183.0,9.0,6.0,0.0,20.0,184.86,290.0
jozini,2025/2026,111.0,104.0,111.0,108.66666666666667,4.041451884327381,7.0,147.42857142857142,14,86.0,9.0,1.0,5.0,10.0,106.04,140.0
kaapmuiden,2025/2026,5.0,4.0,10.0,6.333333333333333,3.2145502536643185,1.0,14.0,14,1.0,1.0,0.0,0.0,3.0,5.05,8.0
kabega park,2025/2026,653.0,699.0,918.0,756.6666666666666,141.59919962109015,-46.0,1031.4285714285713,14,401.0,34.0,48.0,17.0,153.0,599.77,642.0
kabokweni,2025/2026,473.0,539.0,493.0,501.6666666666667,33.84277372399215,-66.0,599.8571428571429,14,214.0,127.0,27.0,72.0,33.0,454.8,359.0
kagisanong,2025/2026,536.0,511.0,582.0,543.0,36.013886210738214,25.0,719.0,14,264.0,15.0,15.0,8.0,234.0,478.01,502.0
kagisho,2025/2026,243.0,251.0,301.0,265.0,31.432467291003423,-8.0,316.42857142857144,14,180.0,2.0,7.0,4.0,50.0,227.99,330.0
kagiso,2025/2026,683.0,722.0,860.0,755.0,93.0,-39.0,1235.2142857142858,14,286.0,82.0,98.0,106.0,111.0,645.08,612.0
kakamas,2025/2026,215.0,250.0,243.0,236.0,18.520259177452136,-35.0,157.85714285714286,14,158.0,7.0,2.0,1.0,47.0,196.75,177.0
kameeldrift,2025/2026,326.0,328.0,320.0,324.6666666666667,4.163331998932266,-2.0,323.35714285714283,14,157.0,26.0,42.0,7.0,94.0,300.88,229.0
kamesh,2025/2026,216.0,197.0,244.0,219.0,23.643180835073778,19.0,276.07142857142856,14,139.0,29.0,1.0,13.0,34.0,206.74,207.0
kamhlushwa,2025/2026,96.0,87.0,98.0,93.66666666666667,5.8594652770823155,9.0,52.857142857142854,14,76.0,5.0,3.0,4.0,8.0,90.85,86.0
kamieskroon,2025/2026,17.0,24.0,21.0,20.666666666666668,3.5118845842842465,-7.0,18.571428571428573,14,14.0,0.0,0.0,0.0,3.0,18.87,20.0
kanana,2025/2026,273.0,290.0,326.0,296.3333333333333,27.061657993059725,-17.0,322.57142857142856,14,172.0,63.0,9.0,6.0,23.0,254.8,295.0
kanoneiland,2025/2026,3.0,9.0,23.0,11.666666666666666,10.263202878893768,-6.0,10.928571428571429,14,2.0,0.0,0.0,0.0,1.0,6.16,2.0
kanyamazane,2025/2026,224.0,192.0,236.0,217.33333333333334,22.744962812309307,32.0,336.92857142857144,14,132.0,24.0,9.0,10.0,49.0,215.21,248.0
kareedouw,2025/2026,60.0,56.0,74.0,63.333333333333336,9.451631252505216,4.0,56.214285714285715,14,52.0,4.0,1.0,0.0,3.0,62.47,44.0
kathu,2025/2026,173.0,255.0,281.0,236.33333333333334,56.36783953047458,-82.0,380.42857142857144,14,97.0,2.0,2.0,2.0,70.0,182.56,168.0
katkop,2025/2026,35.0,45.0,44.0,41.333333333333336,5.507570547286102,-10.0,48.666666666666664,14,18.0,17.0,0.0,0.0,0.0,35.45,
katlehong,2025/2026,346.0,396.0,476.0,406.0,65.57438524302,-50.0,599.2857142857143,14,139.0,42.0,45.0,51.0,69.0,362.66,353.0
katlehong north,2025/2026,212.0,239.0,242.0,231.0,16.522711641858304,-27.0,298.85714285714283,14,107.0,22.0,35.0,30.0,18.0,205.4,230.0
kei bridge,2025/2026,15.0,17.0,21.0,17.666666666666668,3.0550504633038935,-2.0,21.071428571428573,14,8.0,2.0,1.0,1.0,3.0,15.97,21.0
kei mouth,2025/2026,83.0,58.0,52.0,64.33333333333333,16.441816606851365,25.0,54.285714285714285,14,74.0,0.0,4.0,0.0,5.0,77.7,35.0
kei road,2025/2026,21.0,18.0,26.0,21.666666666666668,4.041451884327381,3.0,23.857142857142858,14,17.0,1.0,1.0,0.0,2.0,17.87,19.0
keimoes,2025/2026,105.0,128.0,120.0,117.66666666666667,11.67618659209133,-23.0,99.5,14,80.0,0.0,1.0,1.0,23.0,105.24,47.0
keiskammahoek,2025/2026,132.0,153.0,127.0,137.33333333333334,13.796134724383252,-21.0,146.35714285714286,14,105.0,10.0,3.0,2.0,12.0,131.19,142.0
kempton park,2025/2026,1404.0,1595.0,1505.0,1501.3333333333333,95.55277773740193,-191.0,1869.142857142857,14,247.0,48.0,267.0,157.0,685.0,1345.52,1416.0
kenhardt,2025/2026,33.0,55.0,51.0,46.333333333333336,11.71893055416463,-22.0,37.357142857142854,14,31.0,0.0,0.0,0.0,2.0,34.99,54.0
kensington,2025/2026,158.0,203.0,202.0,187.66666666666666,25.69695182961071,-45.0,261.5,14,55.0,1.0,12.0,1.0,89.0,158.75,119.0
kenton on sea,2025/2026,174.0,127.0,141.0,147.33333333333334,24.13158373031769,47.0,208.71428571428572,14,149.0,6.0,0.0,1.0,18.0,151.78,131.0
kestell,2025/2026,44.0,53.0,71.0,56.0,13.74772708486752,-9.0,66.85714285714286,14,35.0,1.0,1.0,1.0,6.0,46.8,55.0
kgomotso,2025/2026,30.0,15.0,22.0,22.333333333333332,7.505553499465135,15.0,33.42857142857143,14,28.0,2.0,0.0,0.0,0.0,23.99,36.0
khayelitsha,2025/2026,685.0,635.0,600.0,640.0,42.720018726587654,50.0,790.8571428571429,14,253.0,179.0,44.0,162.0,47.0,622.45,501.0
khubusidrift,2025/2026,1.0,0.0,1.0,0.6666666666666666,0.5773502691896258,1.0,3.357142857142857,14,1.0,0.0,0.0,0.0,0.0,1.08,3.0
khuma,2025/2026,145.0,116.0,123.0,128.0,15.132745950421556,29.0,209.71428571428572,14,82.0,26.0,7.0,3.0,27.0,136.12,119.0
khutsong,2025/2026,194.0,287.0,273.0,251.33333333333334,50.14312847572769,-93.0,362.64285714285717,14,126.0,30.0,7.0,5.0,26.0,201.28,228.0
kidds beach,2025/2026,85.0,72.0,88.0,81.66666666666667,8.504900548115383,13.0,99.5,14,71.0,3.0,3.0,3.0,5.0,82.07,60.0
kimberley,2025/2026,858.0,1174.0,1180.0,1070.6666666666667,184.19916756959933,-316.0,1508.642857142857,14,359.0,18.0,23.0,4.0,454.0,833.16,843.0
king william's town,2025/2026,599.0,551.0,510.0,553.3333333333334,44.54585652261424,48.0,794.75,14,291.0,11.0,29.0,10.0,258.0,525.88,
kingsley,2025/2026,6.0,9.0,5.0,6.666666666666667,2.0816659994661326,-3.0,6.285714285714286,14,3.0,0.0,2.0,0.0,1.0,6.63,6.0
kinkelbos,2025/2026,57.0,75.0,87.0,73.0,15.0996688705415,-18.0,57.357142857142854,14,45.0,1.0,1.0,2.0,8.0,60.11,46.0
kinross,2025/2026,106.0,124.0,163.0,131.0,29.13760456866693,-18.0,190.5,14,67.0,0.0,9.0,11.0,19.0,106.45,90.0
kirkwood,2025/2026,204.0,164.0,205.0,191.0,23.388031127053,40.0,185.08333333333334,14,168.0,5.0,1.0,1.0,29.0,182.88,
kirstenhof,2025/2026,283.0,326.0,94.0,234.33333333333334,123.41933938136818,-43.0,504.14285714285717,14,98.0,5.0,22.0,5.0,153.0,282.18,256.0
klapmuts,2025/2026,120.0,184.0,139.0,147.66666666666666,32.86842456421258,-64.0,171.57142857142858,14,64.0,6.0,4.0,3.0,43.0,122.3,156.0
klawer,2025/2026,61.0,89.0,88.0,79.33333333333333,15.88500340992514,-28.0,76.28571428571429,14,48.0,3.0,0.0,0.0,10.0,63.05,54.0
kleinbulhoek,2025/2026,8.0,12.0,8.0,9.333333333333334,2.3094010767585034,-4.0,14.142857142857142,14,8.0,0.0,0.0,0.0,0.0,9.21,17.0
kleinmond,2025/2026,161.0,223.0,235.0,206.33333333333334,39.71565602295061,-62.0,476.07142857142856,14,116.0,5.0,1.0,0.0,39.0,167.47,147.0
kleinsee,2025/2026,4.0,10.0,10.0,8.0,3.4641016151377544,-6.0,8.214285714285714,14,3.0,0.0,0.0,0.0,1.0,6.59,3.0
kleinvlei,2025/2026,688.0,827.0,749.0,754.6666666666666,69.6730459599215,-139.0,1182.2857142857142,14,322.0,35.0,99.0,92.0,140.0,663.99,672.0
klerksdorp,2025/2026,972.0,1137.0,1091.0,1066.6666666666667,85.14888920786538,-165.0,1395.2857142857142,14,409.0,33.0,62.0,19.0,449.0,913.21,971.0
klerkskraal,2025/2026,14.0,18.0,16.0,16.0,2.0,-4.0,22.642857142857142,14,11.0,2.0,0.0,1.0,0.0,16.16,8.0
klipgat,2025/2026,297.0,258.0,208.0,254.33333333333334,44.613152021946775,39.0,291.0,14,181.0,66.0,11.0,27.0,12.0,267.78,291.0
klipplaat,2025/2026,28.0,20.0,32.0,26.666666666666668,6.110100926607786,8.0,26.714285714285715,14,27.0,0.0,1.0,0.0,0.0,23.43,31.0
kliprivier,2025/2026,214.0,179.0,239.0,210.66666666666666,30.13856886670854,35.0,202.57142857142858,14,52.0,17.0,28.0,71.0,46.0,206.2,180.0
kliptown,2025/2026,433.0,423.0,398.0,418.0,18.027756377319946,10.0,623.2857142857143,14,159.0,78.0,48.0,71.0,77.0,418.32,366.0
knysna,2025/2026,749.0,918.0,787.0,818.0,88.66228059327146,-169.0,1246.9285714285713,14,467.0,22.0,23.0,4.0,233.0,697.48,645.0
koffiefontein,2025/2026,49.0,66.0,73.0,62.666666666666664,12.342339054382412,-17.0,86.64285714285714,14,45.0,0.0,0.0,0.0,4.0,53.84,58.0
kokstad,2025/2026,597.0,631.0,746.0,658.0,78.08328886515987,-34.0,650.8571428571429,14,398.0,10.0,4.0,2.0,183.0,524.53,473.0
kolomane,2025/2026,3.0,2.0,4.0,3.0,1.0,1.0,2.357142857142857,14,3.0,0.0,0.0,0.0,0.0,2.6,1.0
komaggas,2025/2026,11.0,17.0,9.0,12.333333333333334,4.163331998932265,-6.0,10.714285714285714,14,8.0,0.0,0.0,0.0,3.0,12.86,7.0
komatipoort,2025/2026,165.0,212.0,196.0,191.0,23.895606290697042,-47.0,169.64285714285714,14,89.0,3.0,6.0,5.0,62.0,162.89,118.0
komga,2025/2026,46.0,35.0,61.0,47.333333333333336,13.051181300301263,11.0,80.0,14,33.0,0.0,2.0,1.0,10.0,43.17,
kommissiepoort,2025/2026,6.0,6.0,1.0,4.333333333333333,2.8867513459481287,0.0,8.571428571428571,14,6.0,0.0,0.0,0.0,0.0,6.28,10.0
kopanong,2025/2026,266.0,278.0,250.0,264.6666666666667,14.047538337136984,-12.0,356.14285714285717,14,200.0,19.0,5.0,11.0,31.0,244.33,262.0
koppies,2025/2026,77.0,55.0,117.0,83.0,31.432467291003423,22.0,74.42857142857143,14,63.0,1.0,4.0,0.0,9.0,76.18,72.0
koster,2025/2026,214.0,218.0,175.0,202.33333333333334,23.75570107012911,-4.0,200.14285714285714,14,164.0,12.0,6.0,3.0,29.0,185.43,204.0
kraaifontein,2025/2026,1094.0,1334.0,1265.0,1231.0,123.55970216862778,-240.0,1758.642857142857,14,492.0,108.0,129.0,52.0,313.0,1077.45,875.0
kranskop,2025/2026,64.0,69.0,73.0,68.66666666666667,4.509249752822894,-5.0,86.14285714285714,14,36.0,13.0,7.0,4.0,4.0,68.93,62.0
kriel,2025/2026,249.0,274.0,252.0,258.3333333333333,13.650396819628845,-25.0,400.07142857142856,14,142.0,13.0,28.0,28.0,38.0,240.35,218.0
kroonstad,2025/2026,422.0,567.0,459.0,482.6666666666667,75.34144499100965,-145.0,438.92857142857144,14,220.0,7.0,10.0,5.0,180.0,411.01,385.0
krugersdorp,2025/2026,1436.0,1535.0,1680.0,1550.3333333333333,122.72054975974208,-99.0,1882.5,14,502.0,69.0,522.0,34.0,309.0,1387.05,1144.0
kuilsrivier,2025/2026,850.0,838.0,770.0,819.3333333333334,43.14317249963583,12.0,1377.9285714285713,14,385.0,30.0,70.0,34.0,331.0,769.24,780.0
kuruman,2025/2026,263.0,265.0,364.0,297.3333333333333,57.74368652357878,-2.0,434.35714285714283,14,135.0,6.0,5.0,3.0,114.0,247.35,319.0
kuyasa,2025/2026,35.0,28.0,32.0,31.666666666666668,3.5118845842842465,7.0,33.5,14,31.0,1.0,0.0,0.0,3.0,32.11,19.0
kwa thema,2025/2026,346.0,381.0,478.0,401.6666666666667,68.38372125976572,-35.0,512.5,14,185.0,36.0,29.0,50.0,46.0,359.63,318.0
kwaaiman,2025/2026,43.0,18.0,22.0,27.666666666666668,13.428824718989125,25.0,30.428571428571427,14,20.0,14.0,2.0,3.0,4.0,38.77,25.0
kwadabeka,2025/2026,478.0,511.0,533.0,507.3333333333333,27.682726262659415,-33.0,549.4285714285714,14,235.0,96.0,28.0,71.0,48.0,447.78,510.0
kwadukuza,2025/2026,1044.0,998.0,1134.0,1058.6666666666667,69.17610377387074,46.0,1335.7142857142858,14,645.0,174.0,44.0,26.0,155.0,969.42,945.0
kwadwesi,2025/2026,291.0,311.0,335.0,312.3333333333333,22.03028218914441,-20.0,349.92857142857144,14,79.0,88.0,14.0,93.0,17.0,286.96,283.0
kwaggafontein,2025/2026,211.0,250.0,262.0,241.0,26.664583251946766,-39.0,253.64285714285714,14,136.0,34.0,10.0,8.0,23.0,205.89,194.0
kwamakhutha,2025/2026,525.0,554.0,517.0,532.0,19.467922333931785,-29.0,638.4285714285714,14,311.0,76.0,25.0,42.0,71.0,476.57,569.0
kwamashu,2025/2026,591.0,520.0,553.0,554.6666666666666,35.529330606322056,71.0,696.6666666666666,14,224.0,109.0,31.0,167.0,60.0,542.48,
kwambonambi,2025/2026,230.0,319.0,282.0,277.0,44.710177812216315,-89.0,379.2142857142857,14,132.0,43.0,6.0,6.0,43.0,230.85,222.0
kwamhlanga,2025/2026,514.0,592.0,722.0,609.3333333333334,105.07774899251189,-78.0,671.9285714285714,14,283.0,87.0,37.0,44.0,63.0,500.25,512.0
kwamsane,2025/2026,299.0,317.0,272.0,296.0,22.64950330581225,-18.0,350.7142857142857,14,171.0,87.0,3.0,14.0,24.0,278.59,307.0
kwandengane,2025/2026,6.0,8.0,4.0,6.0,2.0,-2.0,5.785714285714286,14,5.0,1.0,0.0,0.0,0.0,6.31,8.0
kwandengezi,2025/2026,260.0,300.0,264.0,274.6666666666667,22.03028218914441,-40.0,289.2857142857143,14,120.0,92.0,10.0,23.0,15.0,251.53,250.0
kwanobuhle,2025/2026,452.0,373.0,464.0,429.6666666666667,49.44019956809775,79.0,462.64285714285717,14,216.0,131.0,15.0,59.0,31.0,422.14,391.0
kwanokuthula,2025/2026,156.0,119.0,220.0,165.0,51.09794516416487,37.0,227.85714285714286,14,132.0,5.0,2.0,0.0,17.0,153.78,158.0
kwanonqaba,2025/2026,362.0,367.0,427.0,385.3333333333333,36.17089069035117,-5.0,439.57142857142856,14,245.0,11.0,6.0,1.0,99.0,336.18,260.0
kwazakele,2025/2026,730.0,577.0,633.0,646.6666666666666,77.41016298480021,153.0,787.1428571428571,14,136.0,266.0,19.0,273.0,36.0,691.69,468.0
laaiplek,2025/2026,80.0,153.0,111.0,114.66666666666667,36.637867477970566,-73.0,141.5,14,54.0,3.0,3.0,0.0,20.0,84.72,101.0
ladismith,2025/2026,118.0,86.0,153.0,119.0,33.51119216023208,32.0,115.0,14,91.0,0.0,0.0,0.0,27.0,111.29,101.0
lady frere,2025/2026,91.0,129.0,120.0,113.33333333333333,19.857828011475306,-38.0,128.58333333333334,14,70.0,5.0,1.0,3.0,12.0,96.41,
lady grey,2025/2026,53.0,63.0,85.0,67.0,16.3707055437449,-10.0,66.14285714285714,14,45.0,1.0,0.0,1.0,6.0,55.9,88.0
ladybrand,2025/2026,167.0,193.0,229.0,196.33333333333334,31.13411847689498,-26.0,222.5,14,138.0,3.0,4.0,0.0,22.0,164.57,114.0
ladysmith,2025/2026,712.0,759.0,827.0,766.0,57.81868210189506,-47.0,825.5714285714286,14,394.0,37.0,15.0,5.0,261.0,630.67,597.0
laersdrift,2025/2026,8.0,20.0,16.0,14.666666666666666,6.110100926607786,-12.0,31.714285714285715,14,2.0,0.0,1.0,0.0,5.0,11.8,10.0
laingsburg,2025/2026,63.0,75.0,94.0,77.33333333333333,15.631165450257805,-12.0,102.21428571428571,14,36.0,1.0,0.0,0.0,26.0,65.98,79.0
lambertsbaai,2025/2026,37.0,42.0,80.0,53.0,23.515952032609693,-5.0,74.71428571428571,14,31.0,0.0,0.0,0.0,6.0,41.26,78.0
lamontville,2025/2026,104.0,119.0,94.0,105.66666666666667,12.583057392117917,-15.0,125.71428571428571,14,64.0,11.0,3.0,5.0,21.0,103.62,112.0
langa,2025/2026,421.0,425.0,354.0,400.0,39.88734135035826,-4.0,428.07142857142856,14,254.0,31.0,25.0,46.0,65.0,377.52,352.0
langebaan,2025/2026,136.0,191.0,225.0,184.0,44.91102314577124,-55.0,196.92857142857142,14,89.0,6.0,5.0,0.0,36.0,149.59,112.0
langlaagte,2025/2026,211.0,212.0,278.0,233.66666666666666,38.397048497681865,-1.0,389.64285714285717,14,71.0,15.0,39.0,24.0,62.0,203.3,210.0
lansdowne,2025/2026,346.0,433.0,373.0,384.0,44.53088815642464,-87.0,820.4285714285714,14,114.0,13.0,43.0,19.0,157.0,349.06,280.0
laudium,2025/2026,117.0,181.0,183.0,160.33333333333334,37.5410886008029,-64.0,222.35714285714286,14,56.0,15.0,22.0,9.0,15.0,122.45,160.0
leboeng,2025/2026,20.0,27.0,22.0,23.0,3.605551275463989,-7.0,27.285714285714285,14,17.0,1.0,0.0,0.0,2.0,20.74,11.0
lebowakgomo,2025/2026,473.0,556.0,452.0,493.6666666666667,54.9939390599849,-83.0,483.14285714285717,14,299.0,56.0,24.0,16.0,78.0,434.04,402.0
leeu gamka,2025/2026,65.0,67.0,60.0,64.0,3.605551275463989,-2.0,64.28571428571429,14,49.0,0.0,1.0,0.0,15.0,63.94,73.0
leeudoringstad,2025/2026,74.0,66.0,88.0,76.0,11.135528725660043,8.0,87.0,14,63.0,7.0,0.0,0.0,4.0,74.07,93.0
lehurutshe,2025/2026,126.0,117.0,124.0,122.33333333333333,4.725815626252608,9.0,162.42857142857142,14,107.0,7.0,1.0,1.0,10.0,115.54,187.0
lenasia,2025/2026,696.0,746.0,635.0,692.3333333333334,55.59076661940662,-50.0,770.1428571428571,14,163.0,77.0,203.0,169.0,84.0,663.62,692.0
lenasia south,2025/2026,459.0,508.0,510.0,492.3333333333333,28.88482877451991,-49.0,613.0714285714286,14,163.0,73.0,48.0,135.0,40.0,457.4,424.0
lentegeur,2025/2026,481.0,647.0,572.0,566.6666666666666,83.12841471683033,-166.0,740.5714285714286,14,183.0,31.0,63.0,90.0,114.0,495.05,361.0
lephalale,2025/2026,252.0,237.0,255.0,248.0,9.643650760992955,15.0,474.07142857142856,14,165.0,11.0,12.0,1.0,63.0,230.43,217.0
leslie,2025/2026,127.0,150.0,191.0,156.0,32.41913015489465,-23.0,220.28571428571428,14,86.0,2.0,9.0,4.0,26.0,125.37,119.0
lethabong,2025/2026,83.0,94.0,124.0,100.33333333333333,21.22105872319601,-11.0,84.28571428571429,14,70.0,2.0,1.0,3.0,7.0,84.94,96.0
letlhabile,2025/2026,367.0,415.0,435.0,405.6666666666667,34.94757979221642,-48.0,522.9285714285714,14,267.0,44.0,16.0,17.0,23.0,348.13,494.0
letsitele,2025/2026,195.0,225.0,268.0,229.33333333333334,36.69241520169167,-30.0,269.64285714285717,14,121.0,25.0,2.0,7.0,40.0,194.42,160.0
levubu,2025/2026,125.0,169.0,165.0,153.0,24.331050121192877,-44.0,169.42857142857142,14,98.0,7.0,0.0,9.0,11.0,120.98,134.0
libode,2025/2026,248.0,252.0,239.0,246.33333333333334,6.6583281184793925,-4.0,254.71428571428572,14,136.0,30.0,16.0,35.0,31.0,235.06,238.0
lichtenburg,2025/2026,310.0,350.0,544.0,401.3333333333333,125.16122935371534,-40.0,531.1428571428571,14,203.0,16.0,10.0,3.0,78.0,316.6,315.0
lime acres,2025/2026,15.0,19.0,24.0,19.333333333333332,4.509249752822894,-4.0,28.428571428571427,14,12.0,0.0,0.0,0.0,3.0,17.34,29.0
linden,2025/2026,734.0,1001.0,996.0,910.3333333333334,152.72960856799617,-267.0,1633.7142857142858,14,261.0,50.0,178.0,17.0,228.0,736.07,695.0
lindley,2025/2026,29.0,27.0,30.0,28.666666666666668,1.5275252316519468,2.0,29.857142857142858,14,23.0,1.0,1.0,0.0,4.0,26.76,30.0
lingelethu-west,2025/2026,690.0,692.0,600.0,660.6666666666666,52.54839039716948,-2.0,701.2142857142857,14,196.0,122.0,50.0,244.0,78.0,643.99,639.0
loate,2025/2026,549.0,569.0,460.0,526.0,58.02585630561603,-20.0,554.2857142857143,14,210.0,156.0,20.0,133.0,30.0,517.52,448.0
loeriesfontein,2025/2026,5.0,17.0,16.0,12.666666666666666,6.658328118479393,-12.0,18.357142857142858,14,4.0,1.0,0.0,0.0,0.0,9.16,7.0
lomanyaneng,2025/2026,196.0,168.0,195.0,186.33333333333334,15.88500340992514,28.0,224.64285714285714,14,160.0,10.0,4.0,2.0,20.0,175.89,180.0
lothair,2025/2026,47.0,38.0,34.0,39.666666666666664,6.658328118479393,9.0,35.92857142857143,14,44.0,1.0,0.0,0.0,2.0,42.49,23.0
louwsburg,2025/2026,17.0,17.0,25.0,19.666666666666668,4.618802153517007,0.0,25.142857142857142,14,15.0,0.0,1.0,0.0,1.0,16.58,14.0
low's creek,2025/2026,3.0,10.0,14.0,9.0,5.5677643628300215,-7.0,9.0,14,1.0,2.0,0.0,0.0,0.0,5.86,6.0
loxton,2025/2026,4.0,9.0,9.0,7.333333333333333,2.8867513459481287,-5.0,9.214285714285714,14,4.0,0.0,0.0,0.0,0.0,5.82,7.0
luckhoff,2025/2026,14.0,11.0,4.0,9.666666666666666,5.131601439446884,3.0,15.571428571428571,14,9.0,0.0,1.0,0.0,4.0,11.34,14.0
lukholweni,2025/2026,4.0,1.0,5.0,3.3333333333333335,2.081665999466133,3.0,10.428571428571429,14,4.0,0.0,0.0,0.0,0.0,3.08,10.0
lulekani,2025/2026,183.0,217.0,141.0,180.33333333333334,38.07011076071796,-34.0,163.5,14,157.0,8.0,1.0,2.0,15.0,157.37,148.0
lusikisiki,2025/2026,405.0,391.0,449.0,415.0,30.265491900843113,14.0,383.85714285714283,14,233.0,89.0,5.0,10.0,68.0,365.06,385.0
lutzville,2025/2026,152.0,183.0,144.0,159.66666666666666,20.5993527406405,-31.0,135.57142857142858,14,116.0,10.0,3.0,0.0,23.0,140.46,191.0
lwandle,2025/2026,331.0,403.0,374.0,369.3333333333333,36.22614157391501,-72.0,399.35714285714283,14,144.0,45.0,57.0,26.0,59.0,328.73,383.0
lydenburg,2025/2026,286.0,243.0,289.0,272.6666666666667,25.73583752927682,43.0,439.0,14,197.0,13.0,18.0,3.0,55.0,252.56,262.0
lyttelton,2025/2026,1294.0,1451.0,1477.0,1407.3333333333333,99.0067337777251,-157.0,2177.3571428571427,14,336.0,31.0,376.0,35.0,516.0,1260.31,1059.0
maake,2025/2026,426.0,437.0,94.0,319.0,194.9333219334242,-11.0,314.07142857142856,14,317.0,40.0,11.0,11.0,47.0,381.06,355.0
maartenshoop,2025/2026,17.0,16.0,25.0,19.333333333333332,4.932882862316248,1.0,17.714285714285715,14,9.0,3.0,1.0,0.0,4.0,15.85,14.0
mabopane,2025/2026,685.0,698.0,756.0,713.0,37.8021163428716,-13.0,800.3571428571429,14,311.0,117.0,30.0,111.0,116.0,617.11,662.0
macassar,2025/2026,313.0,335.0,298.0,315.3333333333333,18.610033136277146,-22.0,394.35714285714283,14,151.0,4.0,19.0,16.0,123.0,293.66,324.0
machadodorp,2025/2026,62.0,80.0,69.0,70.33333333333333,9.073771725877467,-18.0,78.0,14,43.0,3.0,3.0,1.0,12.0,65.27,26.0
macleantown,2025/2026,53.0,37.0,41.0,43.666666666666664,8.326663997864532,16.0,38.142857142857146,14,46.0,3.0,1.0,2.0,1.0,48.96,47.0
maclear,2025/2026,139.0,159.0,126.0,141.33333333333334,16.623276853055575,-20.0,136.58333333333334,14,91.0,12.0,7.0,9.0,20.0,132.51,
madadeni,2025/2026,469.0,464.0,567.0,500.0,58.077534382926416,5.0,726.7857142857143,14,332.0,42.0,22.0,3.0,70.0,421.55,390.0
madeira,2025/2026,404.0,506.0,668.0,526.0,133.13151392514095,-102.0,560.2857142857143,14,60.0,7.0,52.0,52.0,233.0,410.28,373.0
madibogo,2025/2026,48.0,67.0,73.0,62.666666666666664,13.051181300301261,-19.0,64.0,14,38.0,2.0,2.0,2.0,4.0,51.85,72.0
madikwe,2025/2026,74.0,100.0,126.0,100.0,26.0,-26.0,99.57142857142857,14,65.0,4.0,3.0,0.0,2.0,79.48,81.0
mafube,2025/2026,186.0,174.0,196.0,185.33333333333334,11.015141094572204,12.0,173.64285714285714,14,140.0,9.0,11.0,1.0,25.0,176.09,197.0
magaliesburg,2025/2026,73.0,92.0,94.0,86.33333333333333,11.590225767142474,-19.0,106.0,14,49.0,6.0,5.0,4.0,9.0,79.17,64.0
magatle,2025/2026,64.0,61.0,78.0,67.66666666666667,9.073771725877467,3.0,101.57142857142857,14,47.0,6.0,4.0,2.0,5.0,67.56,59.0
magudu,2025/2026,14.0,7.0,8.0,9.666666666666666,3.7859388972001824,7.0,12.142857142857142,14,9.0,0.0,0.0,1.0,4.0,11.38,7.0
mahamba,2025/2026,13.0,12.0,2.0,9.0,6.082762530298219,1.0,11.142857142857142,14,11.0,1.0,1.0,0.0,0.0,11.46,3.0
mahikeng,2025/2026,608.0,791.0,880.0,759.6666666666666,138.68068839363806,-183.0,892.3571428571429,14,298.0,23.0,25.0,10.0,252.0,580.23,542.0
mahlabathini,2025/2026,34.0,34.0,23.0,30.333333333333332,6.3508529610858835,0.0,30.642857142857142,14,24.0,3.0,2.0,3.0,2.0,31.7,23.0
mahwelereng,2025/2026,377.0,494.0,584.0,485.0,103.79306335203717,-117.0,555.4285714285714,14,241.0,12.0,22.0,3.0,99.0,369.53,309.0
maitland,2025/2026,467.0,572.0,94.0,377.6666666666667,251.20973972625612,-105.0,356.64285714285717,14,51.0,10.0,51.0,19.0,336.0,462.38,479.0
makapanstad,2025/2026,344.0,238.0,137.0,239.66666666666666,103.51006392295066,106.0,266.07142857142856,14,246.0,53.0,12.0,11.0,22.0,303.55,335.0
makgobistad,2025/2026,17.0,18.0,27.0,20.666666666666668,5.507570547286102,-1.0,17.285714285714285,14,12.0,2.0,0.0,0.0,3.0,17.78,19.0
makhado,2025/2026,204.0,250.0,264.0,239.33333333333334,31.39001964531614,-46.0,436.57142857142856,14,100.0,21.0,18.0,9.0,56.0,206.36,171.0
makuya,2025/2026,27.0,17.0,30.0,24.666666666666668,6.8068592855540455,10.0,20.928571428571427,14,12.0,5.0,0.0,3.0,7.0,23.94,23.0
makwane,2025/2026,135.0,150.0,114.0,133.0,18.083141320025124,-15.0,224.28571428571428,14,104.0,15.0,4.0,1.0,11.0,131.49,118.0
makwassie,2025/2026,71.0,120.0,90.0,93.66666666666667,24.70492528491704,-49.0,96.14285714285714,14,49.0,2.0,0.0,1.0,19.0,73.64,98.0
malamulele,2025/2026,299.0,191.0,94.0,194.66666666666666,102.54917519577295,108.0,195.85714285714286,14,217.0,28.0,6.0,23.0,25.0,261.59,224.0
maleboho,2025/2026,27.0,23.0,25.0,25.0,2.0,4.0,31.5,14,23.0,1.0,0.0,1.0,2.0,24.96,22.0
malelane,2025/2026,54.0,82.0,77.0,71.0,14.933184523068078,-28.0,77.71428571428571,14,13.0,4.0,0.0,4.0,33.0,59.94,29.0
maletswai,2025/2026,110.0,97.0,75.0,94.0,17.69180601295413,13.0,87.85714285714286,14,89.0,0.0,1.0,0.0,20.0,100.69,146.0
malipsdrift,2025/2026,18.0,24.0,94.0,45.333333333333336,42.2532050066422,-6.0,34.07142857142857,14,14.0,0.0,1.0,0.0,3.0,22.58,34.0
malmesbury,2025/2026,375.0,459.0,352.0,395.3333333333333,56.323470537009115,-84.0,513.2857142857143,14,237.0,8.0,17.0,1.0,112.0,359.98,349.0
maluti,2025/2026,189.0,243.0,258.0,230.0,36.29049462324811,-54.0,244.08333333333334,14,125.0,35.0,8.0,0.0,21.0,192.13,
malvern,2025/2026,259.0,225.0,324.0,269.3333333333333,50.30241876225569,34.0,459.64285714285717,14,124.0,18.0,56.0,14.0,47.0,243.89,246.0
mamelodi,2025/2026,336.0,412.0,389.0,379.0,38.97435053981015,-76.0,458.64285714285717,14,128.0,19.0,32.0,72.0,85.0,348.48,324.0
mamelodi east,2025/2026,832.0,826.0,922.0,860.0,53.777318638995006,6.0,1024.0,14,312.0,134.0,69.0,237.0,80.0,768.06,852.0
mandeni,2025/2026,128.0,165.0,94.0,129.0,35.510561809129406,-37.0,112.0,14,78.0,28.0,2.0,2.0,18.0,125.76,121.0
manenberg,2025/2026,350.0,507.0,580.0,479.0,117.52871989433051,-157.0,679.2857142857143,14,195.0,6.0,19.0,29.0,101.0,373.96,330.0
mangaung,2025/2026,323.0,333.0,308.0,321.3333333333333,12.583057392117915,-10.0,481.7142857142857,14,175.0,7.0,15.0,6.0,120.0,305.81,334.0
mankweng,2025/2026,1102.0,1117.0,1114.0,1111.0,7.937253933193772,-15.0,1109.857142857143,14,869.0,59.0,24.0,10.0,140.0,1021.27,1018.0
maokeng,2025/2026,329.0,252.0,223.0,268.0,54.78138369920935,77.0,338.57142857142856,14,219.0,9.0,13.0,1.0,87.0,285.14,354.0
maphumulo,2025/2026,177.0,154.0,94.0,141.66666666666666,42.85246006162696,23.0,143.35714285714286,14,110.0,35.0,8.0,14.0,10.0,166.92,138.0
mara,2025/2026,38.0,36.0,27.0,33.666666666666664,5.8594652770823155,2.0,37.92857142857143,14,30.0,2.0,0.0,0.0,6.0,36.15,21.0
marble hall,2025/2026,110.0,138.0,134.0,127.33333333333333,15.14375558880073,-28.0,225.5,14,77.0,6.0,4.0,4.0,19.0,109.01,55.0
mareetsane,2025/2026,24.0,35.0,94.0,51.0,37.64306044943742,-11.0,27.642857142857142,14,21.0,1.0,0.0,1.0,1.0,29.41,19.0
margate,2025/2026,548.0,805.0,831.0,728.0,156.42570121306792,-257.0,1127.0714285714287,14,426.0,22.0,20.0,3.0,77.0,543.22,621.0
mariannhill,2025/2026,543.0,658.0,675.0,625.3333333333334,71.80761333823408,-115.0,857.0714285714286,14,202.0,123.0,42.0,116.0,60.0,543.18,471.0
marikana,2025/2026,198.0,250.0,220.0,222.66666666666666,26.102362600602525,-52.0,229.78571428571428,14,70.0,35.0,52.0,9.0,32.0,194.14,247.0
marquard,2025/2026,24.0,53.0,70.0,49.0,23.259406699226016,-29.0,53.07142857142857,14,17.0,1.0,2.0,0.0,4.0,30.1,38.0
marydale,2025/2026,15.0,6.0,11.0,10.666666666666666,4.509249752822894,9.0,11.428571428571429,14,13.0,0.0,0.0,0.0,2.0,11.57,6.0
masemola,2025/2026,45.0,50.0,60.0,51.666666666666664,7.637626158259733,-5.0,61.07142857142857,14,34.0,7.0,1.0,1.0,2.0,46.21,80.0
mashashane,2025/2026,109.0,44.0,97.0,83.33333333333333,34.58805188693537,65.0,85.0,14,95.0,2.0,1.0,1.0,10.0,100.69,72.0
masisi,2025/2026,13.0,16.0,26.0,18.333333333333332,6.8068592855540455,-3.0,16.428571428571427,14,6.0,1.0,0.0,3.0,3.0,15.85,13.0
masoyi,2025/2026,289.0,410.0,441.0,380.0,80.31811750782012,-121.0,441.14285714285717,14,166.0,65.0,10.0,30.0,18.0,302.15,314.0
matatiele,2025/2026,64.0,89.0,87.0,80.0,13.892443989449804,-25.0,117.57142857142857,14,38.0,2.0,6.0,0.0,18.0,68.86,79.0
matlala,2025/2026,110.0,101.0,158.0,123.0,30.643106892089126,9.0,125.92857142857143,14,90.0,4.0,1.0,3.0,12.0,104.58,99.0
matlelerekeng,2025/2026,85.0,64.0,78.0,75.66666666666667,10.692676621563628,21.0,39.857142857142854,14,62.0,10.0,6.0,6.0,1.0,81.45,67.0
matsulu,2025/2026,115.0,113.0,156.0,128.0,24.269322199023193,2.0,223.42857142857142,14,70.0,28.0,4.0,6.0,7.0,112.65,127.0
maydon wharf,2025/2026,107.0,120.0,118.0,115.0,7.0,-13.0,113.92857142857143,14,1.0,0.0,12.0,0.0,94.0,100.75,103.0
mayflower,2025/2026,40.0,111.0,104.0,85.0,39.1279950930277,-71.0,105.28571428571429,14,36.0,0.0,1.0,0.0,3.0,47.14,25.0
mayville-kzn,2025/2026,315.0,429.0,586.0,443.3333333333333,136.06738526676162,-114.0,740.9285714285714,14,91.0,11.0,120.0,23.0,70.0,342.41,340.0
mbazwana,2025/2026,40.0,38.0,32.0,36.666666666666664,4.163331998932266,2.0,128.42857142857142,14,21.0,4.0,2.0,1.0,12.0,38.48,55.0
mbekweni,2025/2026,172.0,176.0,167.0,171.66666666666666,4.509249752822894,-4.0,277.0,14,97.0,15.0,12.0,8.0,40.0,160.68,230.0
mbizana,2025/2026,120.0,151.0,137.0,136.0,15.524174696260024,-31.0,205.85714285714286,14,58.0,33.0,1.0,8.0,20.0,116.98,100.0
mbizeni,2025/2026,1.0,0.0,94.0,31.666666666666668,53.98456569551461,1.0,23.857142857142858,14,1.0,0.0,0.0,0.0,0.0,5.57,0.0
mbongolwane,2025/2026,36.0,32.0,33.0,33.666666666666664,2.0816659994661326,4.0,44.57142857142857,14,17.0,12.0,2.0,1.0,4.0,33.34,38.0
mbuzini,2025/2026,16.0,20.0,16.0,17.333333333333332,2.3094010767585034,-4.0,24.857142857142858,14,12.0,0.0,1.0,1.0,2.0,17.25,26.0
mcgregor,2025/2026,104.0,125.0,116.0,115.0,10.535653752852738,-21.0,76.5,14,72.0,1.0,0.0,1.0,30.0,104.51,52.0
mdantsane,2025/2026,554.0,477.0,494.0,508.3333333333333,40.45161719058131,77.0,604.7142857142857,14,354.0,13.0,26.0,11.0,150.0,475.89,419.0
meadowlands,2025/2026,507.0,505.0,611.0,541.0,60.63002556489647,2.0,797.2142857142857,14,201.0,121.0,43.0,67.0,75.0,492.88,450.0
mecklenburg,2025/2026,142.0,148.0,121.0,137.0,14.177446878757825,-6.0,179.64285714285714,14,117.0,6.0,6.0,3.0,10.0,133.47,131.0
mehlomnyama,2025/2026,37.0,51.0,57.0,48.333333333333336,10.263202878893768,-14.0,58.142857142857146,14,20.0,7.0,2.0,2.0,6.0,41.87,44.0
melkbosstrand,2025/2026,111.0,90.0,99.0,100.0,10.535653752852738,21.0,129.71428571428572,14,57.0,2.0,3.0,0.0,49.0,101.81,72.0
melmoth,2025/2026,179.0,186.0,105.0,156.66666666666666,44.881324995295465,-7.0,153.0,14,84.0,43.0,9.0,4.0,39.0,171.22,156.0
memel,2025/2026,28.0,15.0,21.0,21.333333333333332,6.506407098647712,13.0,27.571428571428573,14,22.0,0.0,0.0,0.0,6.0,22.52,17.0
meyerton,2025/2026,486.0,489.0,339.0,438.0,85.74963556773871,-3.0,628.9285714285714,14,265.0,41.0,71.0,15.0,94.0,454.93,340.0
mfuleni,2025/2026,1073.0,1136.0,1223.0,1144.0,75.31932023060219,-63.0,1184.142857142857,14,457.0,138.0,138.0,190.0,150.0,1022.01,1069.0
mhala,2025/2026,195.0,227.0,228.0,216.66666666666666,18.77054430040145,-32.0,240.57142857142858,14,121.0,19.0,19.0,19.0,17.0,188.63,192.0
mhluzi,2025/2026,328.0,315.0,386.0,343.0,37.8021163428716,13.0,628.8571428571429,14,171.0,12.0,76.0,5.0,64.0,313.56,225.0
mid illovo,2025/2026,18.0,23.0,19.0,20.0,2.6457513110645907,-5.0,27.714285714285715,14,7.0,3.0,2.0,2.0,4.0,18.96,34.0
middelburg mpumalanga,2025/2026,94.0,55.0,59.0,69.33333333333333,21.45538005567213,39.0,1280.1666666666667,14,71.0,0.0,0.0,0.0,23.0,84.79,
middelburg(ec),2025/2026,122.0,113.0,156.0,130.33333333333334,22.678918257565403,9.0,135.28571428571428,14,82.0,3.0,2.0,1.0,34.0,112.18,118.0
middelpos,2025/2026,1.0,1.0,4.0,2.0,1.7320508075688772,0.0,2.2857142857142856,14,1.0,0.0,0.0,0.0,0.0,1.36,0.0
middledrift,2025/2026,96.0,64.0,95.0,85.0,18.193405398660254,32.0,71.92857142857143,14,78.0,4.0,9.0,4.0,1.0,91.35,94.0
midrand,2025/2026,1418.0,1715.0,1545.0,1559.3333333333333,149.0178960169997,-297.0,1893.142857142857,14,292.0,75.0,190.0,160.0,701.0,1363.87,1385.0
milnerton,2025/2026,960.0,1036.0,1059.0,1018.3333333333334,51.81055233572919,-76.0,1418.4285714285713,14,334.0,51.0,142.0,46.0,387.0,910.79,962.0
mitchells plain,2025/2026,918.0,1323.0,1378.0,1206.3333333333333,251.2137204320921,-405.0,2333.4285714285716,14,388.0,19.0,82.0,44.0,385.0,964.17,814.0
mkhuze,2025/2026,32.0,23.0,94.0,49.666666666666664,38.656607887052544,9.0,52.0,14,20.0,1.0,1.0,2.0,8.0,34.59,36.0
mlungisi,2025/2026,365.0,303.0,285.0,317.6666666666667,41.968241961432376,62.0,301.35714285714283,14,278.0,12.0,7.0,4.0,64.0,309.0,302.0
mmabatho,2025/2026,800.0,923.0,780.0,834.3333333333334,77.43599507550306,-123.0,951.5714285714286,14,529.0,51.0,20.0,15.0,185.0,749.05,622.0
mmakau,2025/2026,155.0,156.0,159.0,156.66666666666666,2.081665999466133,-1.0,231.0,14,80.0,17.0,20.0,22.0,16.0,144.51,157.0
mmametlake,2025/2026,193.0,177.0,144.0,171.33333333333334,24.986663109213552,16.0,202.64285714285714,14,120.0,38.0,15.0,6.0,14.0,184.04,186.0
modder river,2025/2026,145.0,154.0,150.0,149.66666666666666,4.509249752822894,-9.0,132.85714285714286,14,138.0,1.0,0.0,0.0,6.0,130.24,150.0
modimolle,2025/2026,204.0,304.0,274.0,260.6666666666667,51.31601439446884,-100.0,381.35714285714283,14,112.0,11.0,18.0,4.0,59.0,209.59,232.0
modjadjiskloof,2025/2026,86.0,65.0,81.0,77.33333333333333,10.96965511460289,21.0,108.57142857142857,14,62.0,7.0,1.0,1.0,15.0,80.48,97.0
moffatview,2025/2026,768.0,910.0,874.0,850.6666666666666,73.81959992666808,-142.0,1056.642857142857,14,179.0,156.0,191.0,96.0,146.0,761.18,617.0
mogwadi,2025/2026,90.0,70.0,83.0,81.0,10.14889156509222,20.0,89.78571428571429,14,69.0,11.0,2.0,0.0,8.0,85.16,87.0
mogwase,2025/2026,434.0,385.0,410.0,409.6666666666667,24.5017006212494,49.0,449.64285714285717,14,315.0,38.0,29.0,12.0,40.0,364.29,440.0
mokopane,2025/2026,329.0,415.0,418.0,387.3333333333333,50.54041287260456,-86.0,446.57142857142856,14,170.0,31.0,18.0,2.0,108.0,330.48,232.0
mokopong,2025/2026,1.0,0.0,94.0,31.666666666666668,53.98456569551461,1.0,24.214285714285715,14,1.0,0.0,0.0,0.0,0.0,5.57,1.0
mokwakwaila,2025/2026,80.0,83.0,80.0,81.0,1.7320508075688772,-3.0,104.28571428571429,14,61.0,9.0,1.0,5.0,4.0,85.55,87.0
molteno,2025/2026,48.0,45.0,41.0,44.666666666666664,3.511884584284246,3.0,52.92857142857143,14,44.0,1.0,0.0,0.0,3.0,46.96,52.0
mondeor,2025/2026,1169.0,1267.0,1268.0,1234.6666666666667,56.871199506721624,-98.0,1558.857142857143,14,390.0,135.0,258.0,134.0,252.0,1115.83,755.0
mondlo,2025/2026,233.0,198.0,180.0,203.66666666666666,26.950572040929544,35.0,271.07142857142856,14,205.0,10.0,5.0,0.0,13.0,202.45,222.0
montagu,2025/2026,165.0,182.0,201.0,182.66666666666666,18.0092568789868,-17.0,191.28571428571428,14,130.0,0.0,3.0,0.0,32.0,161.65,170.0
montclair,2025/2026,567.0,643.0,713.0,641.0,73.02054505411473,-76.0,826.2857142857143,14,207.0,29.0,76.0,34.0,221.0,535.82,386.0
mooi river,2025/2026,81.0,109.0,94.0,94.66666666666667,14.011899704655802,-28.0,156.21428571428572,14,57.0,3.0,4.0,2.0,15.0,85.43,77.0
mooifontein,2025/2026,24.0,22.0,23.0,23.0,1.0,2.0,23.714285714285715,14,23.0,1.0,0.0,0.0,0.0,21.73,14.0
mooinooi,2025/2026,568.0,560.0,512.0,546.6666666666666,30.28751117760146,8.0,559.7857142857143,14,259.0,59.0,75.0,59.0,116.0,518.92,427.0
mooiplaas,2025/2026,41.0,14.0,20.0,25.0,14.177446878757825,27.0,23.083333333333332,14,36.0,1.0,1.0,0.0,3.0,33.99,
moorreesburg,2025/2026,172.0,284.0,194.0,216.66666666666666,59.34082349726311,-112.0,150.92857142857142,14,122.0,2.0,2.0,0.0,46.0,176.73,146.0
morebeng,2025/2026,15.0,30.0,31.0,25.333333333333332,8.962886439832502,-15.0,41.92857142857143,14,10.0,1.0,1.0,2.0,1.0,21.74,15.0
morgenzon transvaal,2025/2026,38.0,39.0,39.0,38.666666666666664,0.5773502691896258,-1.0,68.85714285714286,14,32.0,0.0,2.0,0.0,4.0,37.21,64.0
moroka,2025/2026,861.0,916.0,1022.0,933.0,81.83520025025906,-55.0,1301.5714285714287,14,352.0,62.0,123.0,154.0,170.0,835.18,749.0
morokweng,2025/2026,18.0,43.0,36.0,32.333333333333336,12.897028081435403,-25.0,33.57142857142857,14,9.0,0.0,1.0,0.0,8.0,23.25,30.0
mossel bay,2025/2026,131.0,207.0,194.0,177.33333333333334,40.64890322423636,-76.0,257.57142857142856,14,64.0,0.0,6.0,0.0,61.0,139.58,151.0
motetema,2025/2026,182.0,205.0,235.0,207.33333333333334,26.576932353703526,-23.0,243.42857142857142,14,122.0,23.0,16.0,7.0,14.0,185.8,205.0
motherwell,2025/2026,323.0,434.0,501.0,419.3333333333333,89.90179827641566,-111.0,514.9285714285714,14,76.0,89.0,14.0,117.0,27.0,351.87,261.0
mothibistad,2025/2026,253.0,234.0,280.0,255.66666666666666,23.115651263447745,19.0,227.57142857142858,14,201.0,17.0,6.0,7.0,22.0,225.91,267.0
mothotlung,2025/2026,76.0,68.0,77.0,73.66666666666667,4.932882862316247,8.0,107.21428571428571,14,31.0,10.0,13.0,12.0,10.0,74.7,61.0
motswedi,2025/2026,49.0,58.0,46.0,51.0,6.244997998398398,-9.0,65.21428571428571,14,41.0,3.0,0.0,1.0,4.0,49.19,46.0
mount ayliff,2025/2026,141.0,155.0,174.0,156.66666666666666,16.56301099840646,-14.0,237.66666666666666,14,99.0,5.0,7.0,5.0,25.0,134.59,
mount fletcher,2025/2026,129.0,120.0,116.0,121.66666666666667,6.6583281184793925,9.0,137.16666666666666,14,99.0,13.0,1.0,0.0,16.0,120.99,
mount frere,2025/2026,333.0,331.0,326.0,330.0,3.605551275463989,2.0,430.75,14,223.0,15.0,19.0,12.0,64.0,301.21,
mount road,2025/2026,992.0,1047.0,1128.0,1055.6666666666667,68.41296173484476,-55.0,1416.5,14,228.0,14.0,160.0,62.0,528.0,939.3,816.0
mountain rise,2025/2026,933.0,1136.0,1005.0,1024.6666666666667,102.91906205039635,-203.0,1060.5,14,584.0,50.0,42.0,19.0,238.0,890.49,863.0
mowbray,2025/2026,326.0,364.0,480.0,390.0,80.22468448052632,-38.0,450.7857142857143,14,119.0,7.0,31.0,7.0,162.0,336.55,293.0
moyeni,2025/2026,28.0,32.0,22.0,27.333333333333332,5.033222956847166,-4.0,32.714285714285715,14,22.0,6.0,0.0,0.0,0.0,27.45,27.0
mphephu,2025/2026,201.0,158.0,229.0,196.0,35.76310948449533,43.0,235.21428571428572,14,156.0,8.0,3.0,2.0,32.0,185.78,155.0
mpisi,2025/2026,4.0,1.0,4.0,3.0,1.7320508075688772,3.0,5.571428571428571,14,1.0,1.0,1.0,0.0,1.0,2.8,3.0
mpophomeni,2025/2026,120.0,141.0,112.0,124.33333333333333,14.977761292440647,-21.0,137.78571428571428,14,88.0,10.0,7.0,4.0,11.0,119.15,116.0
mpumalanga kzn,2025/2026,395.0,402.0,418.0,405.0,11.789826122551595,-7.0,390.7857142857143,14,188.0,152.0,7.0,27.0,21.0,375.11,482.0
mpungamhlophe,2025/2026,10.0,12.0,7.0,9.666666666666666,2.516611478423583,-2.0,15.928571428571429,14,7.0,1.0,0.0,1.0,1.0,10.32,8.0
mqanduli,2025/2026,121.0,145.0,133.0,133.0,12.0,-24.0,146.42857142857142,14,79.0,15.0,2.0,11.0,14.0,120.59,122.0
msinga,2025/2026,110.0,120.0,117.0,115.66666666666667,5.131601439446884,-10.0,125.07142857142857,14,68.0,10.0,9.0,2.0,21.0,107.01,102.0
msinsini,2025/2026,49.0,57.0,66.0,57.333333333333336,8.504900548115383,-8.0,58.142857142857146,14,26.0,15.0,3.0,3.0,2.0,52.29,58.0
msobomvu,2025/2026,186.0,163.0,271.0,206.66666666666666,56.88878038184097,23.0,336.92857142857144,14,117.0,13.0,17.0,8.0,31.0,185.93,141.0
mthatha,2025/2026,685.0,921.0,1032.0,879.3333333333334,177.21267825224396,-236.0,1118.2857142857142,14,372.0,64.0,51.0,63.0,135.0,681.35,630.0
mtontsasa,2025/2026,25.0,36.0,26.0,29.0,6.082762530298219,-11.0,31.857142857142858,14,22.0,1.0,0.0,0.0,2.0,26.06,27.0
mtubatuba,2025/2026,187.0,248.0,186.0,207.0,35.510561809129406,-61.0,298.64285714285717,14,81.0,49.0,7.0,4.0,46.0,191.41,182.0
mtunzini,2025/2026,303.0,372.0,369.0,348.0,39.0,-69.0,486.7857142857143,14,195.0,69.0,5.0,7.0,27.0,295.31,327.0
muden,2025/2026,20.0,19.0,16.0,18.333333333333332,2.081665999466133,1.0,21.642857142857142,14,8.0,1.0,2.0,4.0,5.0,17.81,22.0
muizenberg,2025/2026,542.0,709.0,647.0,632.6666666666666,84.41761269624564,-167.0,923.5,14,194.0,20.0,109.0,12.0,207.0,526.06,435.0
muldersdrift,2025/2026,327.0,271.0,335.0,311.0,34.87119154832539,56.0,441.64285714285717,14,122.0,49.0,50.0,57.0,49.0,311.8,248.0
murraysburg,2025/2026,98.0,96.0,82.0,92.0,8.717797887081348,2.0,63.5,14,85.0,1.0,0.0,0.0,12.0,90.19,94.0
musina,2025/2026,249.0,281.0,217.0,249.0,32.0,-32.0,350.64285714285717,14,91.0,40.0,27.0,23.0,68.0,241.93,249.0
muswodi,2025/2026,26.0,22.0,94.0,47.333333333333336,40.463975747982715,4.0,28.142857142857142,14,14.0,7.0,0.0,3.0,2.0,30.39,12.0
mutale,2025/2026,85.0,66.0,106.0,85.66666666666667,20.008331597945226,19.0,104.21428571428571,14,71.0,5.0,2.0,2.0,5.0,85.63,84.0
mzamba,2025/2026,65.0,90.0,79.0,78.0,12.529964086141668,-25.0,128.28571428571428,14,44.0,8.0,3.0,2.0,8.0,70.99,73.0
nababeep,2025/2026,120.0,106.0,126.0,117.33333333333333,10.263202878893768,14.0,119.78571428571429,14,88.0,4.0,1.0,0.0,27.0,108.4,92.0
naboomspruit,2025/2026,154.0,173.0,138.0,155.0,17.52141546793523,-19.0,249.28571428571428,14,94.0,9.0,2.0,0.0,49.0,143.97,162.0
naledi,2025/2026,330.0,330.0,319.0,326.3333333333333,6.3508529610858835,0.0,388.35714285714283,14,164.0,14.0,25.0,71.0,56.0,313.08,328.0
namahadi,2025/2026,169.0,262.0,210.0,213.66666666666666,46.60829682935575,-93.0,296.07142857142856,14,111.0,30.0,1.0,3.0,24.0,177.25,167.0
namakgale,2025/2026,473.0,323.0,335.0,377.0,83.35466393669883,150.0,437.57142857142856,14,285.0,8.0,5.0,10.0,165.0,422.61,294.0
napier,2025/2026,75.0,118.0,99.0,97.33333333333333,21.548395145191982,-43.0,76.14285714285714,14,61.0,1.0,1.0,0.0,12.0,74.91,96.0
navalsig,2025/2026,207.0,239.0,239.0,228.33333333333334,18.475208614068027,-32.0,286.2142857142857,14,121.0,2.0,5.0,1.0,78.0,191.23,150.0
ndevana,2025/2026,138.0,63.0,115.0,105.33333333333333,38.42308333974947,75.0,111.78571428571429,14,108.0,13.0,7.0,2.0,8.0,130.06,110.0
ndumo,2025/2026,44.0,39.0,44.0,42.333333333333336,2.8867513459481287,5.0,29.357142857142858,14,32.0,8.0,1.0,0.0,3.0,41.04,30.0
ndwedwe,2025/2026,202.0,248.0,192.0,214.0,29.866369046136157,-46.0,236.78571428571428,14,120.0,38.0,17.0,17.0,10.0,199.01,201.0
nebo,2025/2026,244.0,190.0,251.0,228.33333333333334,33.38163167571851,54.0,217.71428571428572,14,178.0,28.0,8.0,6.0,24.0,222.28,201.0
nelspruit,2025/2026,1234.0,1323.0,1547.0,1368.0,161.2792609110049,-89.0,2078.4285714285716,14,465.0,54.0,69.0,36.0,610.0,1170.82,1022.0
nemato,2025/2026,65.0,58.0,69.0,64.0,5.5677643628300215,7.0,136.28571428571428,14,51.0,4.0,3.0,0.0,7.0,64.07,82.0
new brighton,2025/2026,555.0,657.0,478.0,563.3333333333334,89.79049689879956,-102.0,706.7857142857143,14,117.0,208.0,13.0,178.0,39.0,557.65,443.0
new hanover,2025/2026,89.0,70.0,85.0,81.33333333333333,10.016652800877813,19.0,92.07142857142857,14,61.0,12.0,2.0,0.0,14.0,82.11,82.0
newark,2025/2026,41.0,33.0,38.0,37.333333333333336,4.041451884327381,8.0,49.5,14,26.0,11.0,1.0,1.0,2.0,37.32,61.0
newcastle,2025/2026,540.0,800.0,673.0,671.0,130.011537949522,-260.0,837.8571428571429,14,323.0,11.0,43.0,3.0,160.0,528.87,511.0
newlands east,2025/2026,629.0,647.0,628.0,634.6666666666666,10.692676621563628,-18.0,722.9285714285714,14,192.0,41.0,145.0,123.0,128.0,591.7,413.0
ngangelizwe,2025/2026,196.0,215.0,242.0,217.66666666666666,23.115651263447745,-19.0,355.14285714285717,14,136.0,11.0,13.0,14.0,22.0,189.72,214.0
ngcobo,2025/2026,201.0,209.0,197.0,202.33333333333334,6.110100926607786,-8.0,263.85714285714283,14,87.0,15.0,20.0,20.0,59.0,190.7,206.0
ngodwana,2025/2026,42.0,25.0,33.0,33.333333333333336,8.504900548115383,17.0,45.57142857142857,14,11.0,5.0,0.0,1.0,25.0,38.79,12.0
ngome,2025/2026,16.0,12.0,13.0,13.666666666666666,2.081665999466133,4.0,16.285714285714285,14,12.0,2.0,0.0,0.0,2.0,12.44,10.0
ngqamakhwe,2025/2026,105.0,93.0,130.0,109.33333333333333,18.876793513023692,12.0,141.71428571428572,14,78.0,14.0,5.0,4.0,4.0,102.01,131.0
ngqeleni,2025/2026,177.0,189.0,214.0,193.33333333333334,18.876793513023692,-12.0,206.42857142857142,14,92.0,33.0,7.0,37.0,8.0,179.23,162.0
nhlanhleni,2025/2026,12.0,15.0,22.0,16.333333333333332,5.131601439446884,-3.0,26.285714285714285,14,8.0,2.0,1.0,0.0,1.0,14.5,23.0
niekerkshoop,2025/2026,6.0,4.0,10.0,6.666666666666667,3.0550504633038935,2.0,7.285714285714286,14,6.0,0.0,0.0,0.0,0.0,5.13,5.0
nietverdiend,2025/2026,18.0,17.0,11.0,15.333333333333334,3.7859388972001824,1.0,14.142857142857142,14,8.0,0.0,8.0,0.0,2.0,16.37,18.0
nieuwoudtville,2025/2026,5.0,6.0,3.0,4.666666666666667,1.5275252316519465,-1.0,7.714285714285714,14,5.0,0.0,0.0,0.0,0.0,5.08,4.0
nigel,2025/2026,206.0,283.0,271.0,253.33333333333334,41.428653530296316,-77.0,395.85714285714283,14,75.0,6.0,62.0,3.0,60.0,211.94,189.0
nkandla,2025/2026,76.0,65.0,65.0,68.66666666666667,6.350852961085883,11.0,54.642857142857146,14,52.0,9.0,1.0,1.0,13.0,68.0,80.0
noenieput,2025/2026,3.0,1.0,0.0,1.3333333333333333,1.5275252316519468,2.0,1.0,14,3.0,0.0,0.0,0.0,0.0,2.53,1.0
nondweni,2025/2026,21.0,14.0,20.0,18.333333333333332,3.7859388972001824,7.0,26.0,14,17.0,2.0,1.0,0.0,1.0,16.58,17.0
nongoma,2025/2026,239.0,214.0,198.0,217.0,20.663978319771825,25.0,261.2857142857143,14,156.0,45.0,7.0,3.0,28.0,217.84,298.0
norkempark,2025/2026,803.0,931.0,925.0,886.3333333333334,72.23111056416988,-128.0,1464.642857142857,14,352.0,66.0,132.0,90.0,163.0,790.44,773.0
normandien,2025/2026,10.0,5.0,5.0,6.666666666666667,2.8867513459481287,5.0,9.642857142857142,14,8.0,0.0,0.0,0.0,2.0,8.13,17.0
northam,2025/2026,187.0,191.0,94.0,157.33333333333334,54.88472768752099,-4.0,169.85714285714286,14,124.0,8.0,15.0,2.0,38.0,173.4,188.0
norvalspont,2025/2026,8.0,7.0,94.0,36.333333333333336,49.94330118577799,1.0,28.357142857142858,14,7.0,0.0,0.0,0.0,1.0,12.53,1.0
norwood,2025/2026,439.0,572.0,580.0,530.3333333333334,79.19806394940052,-133.0,829.3571428571429,14,168.0,31.0,76.0,16.0,148.0,449.2,422.0
nottingham road,2025/2026,57.0,73.0,60.0,63.333333333333336,8.504900548115383,-16.0,91.78571428571429,14,41.0,0.0,5.0,0.0,11.0,60.82,67.0
noupoort,2025/2026,36.0,30.0,43.0,36.333333333333336,6.506407098647712,6.0,40.857142857142854,14,32.0,0.0,0.0,0.0,4.0,34.63,27.0
nquthu,2025/2026,95.0,109.0,132.0,112.0,18.681541692269406,-14.0,138.71428571428572,14,74.0,4.0,3.0,1.0,13.0,97.3,105.0
nsuze,2025/2026,61.0,84.0,102.0,82.33333333333333,20.55075018906447,-23.0,94.14285714285714,14,34.0,11.0,5.0,7.0,4.0,70.77,74.0
ntabamhlophe,2025/2026,75.0,107.0,101.0,94.33333333333333,17.009801096230767,-32.0,103.5,14,56.0,12.0,1.0,0.0,6.0,79.77,65.0
ntabankulu,2025/2026,133.0,105.0,129.0,122.33333333333333,15.14375558880073,28.0,146.14285714285714,14,105.0,6.0,6.0,1.0,15.0,124.17,119.0
ntabethemba,2025/2026,18.0,27.0,38.0,27.666666666666668,10.016652800877813,-9.0,24.357142857142858,14,16.0,1.0,0.0,0.0,1.0,20.64,31.0
ntambanana,2025/2026,27.0,48.0,35.0,36.666666666666664,10.598742063723098,-21.0,58.92857142857143,14,13.0,9.0,1.0,1.0,3.0,31.24,26.0
ntuzuma,2025/2026,706.0,628.0,612.0,648.6666666666666,50.292477900112786,78.0,832.0714285714286,14,312.0,191.0,44.0,103.0,56.0,639.67,730.0
nuwerus,2025/2026,13.0,20.0,30.0,21.0,8.54400374531753,-7.0,12.928571428571429,14,9.0,0.0,0.0,0.0,4.0,17.18,19.0
nyanga,2025/2026,770.0,836.0,1171.0,925.6666666666666,215.01240274303558,-66.0,1296.7857142857142,14,277.0,113.0,42.0,268.0,70.0,749.62,665.0
nyoni,2025/2026,165.0,124.0,107.0,132.0,29.816103031751148,41.0,99.64285714285714,14,76.0,75.0,4.0,3.0,7.0,154.51,110.0
ocean view,2025/2026,159.0,164.0,274.0,199.0,65.0,-5.0,324.7142857142857,14,78.0,14.0,20.0,4.0,43.0,166.64,129.0
odendaalsrus,2025/2026,354.0,331.0,413.0,366.0,42.2965719651132,23.0,381.7857142857143,14,268.0,33.0,8.0,3.0,42.0,321.54,326.0
ogies,2025/2026,65.0,126.0,102.0,97.66666666666667,30.730007050655445,-61.0,218.14285714285714,14,12.0,2.0,7.0,16.0,28.0,71.86,106.0
ohrigstad,2025/2026,11.0,9.0,15.0,11.666666666666666,3.055050463303893,2.0,18.785714285714285,14,5.0,0.0,0.0,3.0,3.0,10.35,6.0
olievenhoutbosch,2025/2026,773.0,1062.0,1018.0,951.0,155.71448230656003,-289.0,1005.0,14,124.0,72.0,134.0,137.0,306.0,781.07,867.0
olifantsfontein,2025/2026,353.0,323.0,305.0,327.0,24.24871130596428,30.0,431.85714285714283,14,100.0,22.0,29.0,87.0,115.0,339.71,286.0
olifantshoek,2025/2026,31.0,42.0,45.0,39.333333333333336,7.371114795831994,-11.0,45.714285714285715,14,27.0,0.0,0.0,0.0,4.0,31.23,26.0
onseepkans,2025/2026,11.0,4.0,94.0,36.333333333333336,50.06329327294933,7.0,26.285714285714285,14,10.0,1.0,0.0,0.0,0.0,14.68,21.0
or tambo intern airp,2025/2026,82.0,73.0,83.0,79.33333333333333,5.507570547286102,9.0,91.85714285714286,14,0.0,0.0,34.0,5.0,43.0,76.41,86.0
orange farms,2025/2026,761.0,731.0,634.0,708.6666666666666,66.3802179367719,30.0,932.2857142857143,14,254.0,121.0,46.0,246.0,94.0,698.61,676.0
oranjeville,2025/2026,69.0,52.0,67.0,62.666666666666664,9.29157324317757,17.0,42.92857142857143,14,56.0,0.0,1.0,0.0,12.0,62.81,55.0
orkney,2025/2026,171.0,226.0,94.0,163.66666666666666,66.3048515067588,-55.0,195.92857142857142,14,120.0,5.0,7.0,7.0,32.0,167.54,164.0
orlando,2025/2026,609.0,554.0,94.0,419.0,282.7985148475854,55.0,585.7857142857143,14,293.0,68.0,81.0,71.0,96.0,575.06,602.0
osizweni,2025/2026,463.0,466.0,94.0,341.0,213.91353393369013,-3.0,512.5714285714286,14,326.0,40.0,34.0,4.0,59.0,421.31,507.0
ottosdal,2025/2026,96.0,104.0,90.0,96.66666666666667,7.023769168568493,-8.0,76.78571428571429,14,76.0,1.0,1.0,1.0,17.0,90.94,76.0
ottoshoop,2025/2026,19.0,22.0,26.0,22.333333333333332,3.5118845842842465,-3.0,31.714285714285715,14,14.0,0.0,2.0,0.0,3.0,19.6,17.0
oudtshoorn,2025/2026,452.0,468.0,596.0,505.3333333333333,78.92612579705995,-16.0,844.1428571428571,14,287.0,2.0,4.0,0.0,159.0,418.77,450.0
paarl,2025/2026,765.0,1052.0,927.0,914.6666666666666,143.89695387093272,-287.0,1261.0714285714287,14,218.0,12.0,47.0,4.0,484.0,729.92,571.0
paarl east,2025/2026,510.0,522.0,514.0,515.3333333333334,6.110100926607786,-12.0,705.9285714285714,14,294.0,7.0,20.0,5.0,184.0,448.6,363.0
pabalello,2025/2026,148.0,160.0,212.0,173.33333333333334,34.019602192461534,-12.0,160.71428571428572,14,131.0,3.0,1.0,0.0,13.0,145.63,145.0
pacaltsdorp,2025/2026,248.0,278.0,308.0,278.0,30.0,-30.0,334.42857142857144,14,171.0,5.0,1.0,0.0,71.0,236.19,266.0
paddock,2025/2026,104.0,87.0,107.0,99.33333333333333,10.785793124908958,17.0,108.14285714285714,14,85.0,5.0,2.0,1.0,11.0,100.65,102.0
palmietfontein,2025/2026,34.0,42.0,45.0,40.333333333333336,5.686240703077327,-8.0,43.285714285714285,14,28.0,3.0,1.0,0.0,2.0,32.9,44.0
pampierstat,2025/2026,71.0,88.0,227.0,128.66666666666666,85.58231904624537,-17.0,188.35714285714286,14,61.0,3.0,0.0,0.0,7.0,78.64,96.0
park road,2025/2026,1638.0,1917.0,2010.0,1855.0,193.59493795035036,-279.0,2675.9285714285716,14,553.0,30.0,111.0,21.0,923.0,1514.86,1388.0
parkview,2025/2026,499.0,729.0,631.0,619.6666666666666,115.41808061709108,-230.0,1113.357142857143,14,142.0,29.0,109.0,4.0,215.0,495.89,551.0
parow,2025/2026,892.0,1101.0,1104.0,1032.3333333333333,121.54148811551278,-209.0,1715.142857142857,14,244.0,25.0,159.0,23.0,441.0,878.42,824.0
parys,2025/2026,168.0,232.0,182.0,194.0,33.645207682521445,-64.0,211.85714285714286,14,84.0,9.0,10.0,6.0,59.0,169.13,152.0
patensie,2025/2026,51.0,50.0,57.0,52.666666666666664,3.785938897200183,1.0,56.0,14,39.0,3.0,1.0,0.0,8.0,49.96,42.0
paterson,2025/2026,75.0,52.0,58.0,61.666666666666664,11.930353445448853,23.0,53.0,14,54.0,0.0,0.0,0.0,21.0,67.72,61.0
paul roux,2025/2026,44.0,47.0,52.0,47.666666666666664,4.041451884327381,-3.0,41.785714285714285,14,44.0,0.0,0.0,0.0,0.0,42.54,52.0
paulpietersburg,2025/2026,180.0,167.0,145.0,164.0,17.69180601295413,13.0,200.57142857142858,14,154.0,14.0,4.0,0.0,8.0,154.41,169.0
pearston,2025/2026,22.0,26.0,28.0,25.333333333333332,3.0550504633038935,-4.0,30.285714285714285,14,17.0,0.0,0.0,0.0,5.0,22.48,22.0
peddie,2025/2026,144.0,144.0,110.0,132.66666666666666,19.629909152447276,0.0,124.07142857142857,14,88.0,6.0,2.0,2.0,46.0,134.86,134.0
pella,2025/2026,15.0,10.0,6.0,10.333333333333334,4.509249752822894,5.0,6.428571428571429,14,8.0,3.0,1.0,0.0,3.0,11.39,13.0
perdekop,2025/2026,37.0,29.0,54.0,40.0,12.767145334803704,8.0,36.857142857142854,14,34.0,0.0,0.0,0.0,3.0,35.24,20.0
petrus steyn,2025/2026,33.0,40.0,40.0,37.666666666666664,4.041451884327381,-7.0,43.357142857142854,14,22.0,1.0,6.0,0.0,4.0,34.76,40.0
petrusburg,2025/2026,73.0,76.0,52.0,67.0,13.076696830622021,-3.0,61.857142857142854,14,56.0,2.0,1.0,0.0,14.0,69.27,94.0
petrusville,2025/2026,25.0,32.0,37.0,31.333333333333332,6.027713773341707,-7.0,24.642857142857142,14,19.0,0.0,0.0,0.0,6.0,26.39,39.0
phalaborwa,2025/2026,223.0,231.0,241.0,231.66666666666666,9.018499505645789,-8.0,238.0,14,149.0,2.0,7.0,1.0,64.0,199.14,109.0
philadelphia,2025/2026,79.0,58.0,52.0,63.0,14.177446878757825,21.0,80.14285714285714,14,58.0,7.0,5.0,1.0,8.0,73.34,45.0
philippi,2025/2026,303.0,305.0,314.0,307.3333333333333,5.8594652770823155,-2.0,525.7142857142857,14,139.0,8.0,22.0,43.0,91.0,284.48,247.0
philippi east,2025/2026,495.0,580.0,598.0,557.6666666666666,55.012119876744734,-85.0,568.0,14,84.0,95.0,28.0,251.0,37.0,507.01,276.0
philippolis,2025/2026,29.0,24.0,26.0,26.333333333333332,2.5166114784235836,5.0,23.428571428571427,14,27.0,1.0,0.0,0.0,1.0,25.25,36.0
philipstown,2025/2026,20.0,22.0,26.0,22.666666666666668,3.0550504633038935,-2.0,20.785714285714285,14,17.0,1.0,0.0,0.0,2.0,19.29,22.0
phoenix,2025/2026,1223.0,1362.0,1341.0,1308.6666666666667,74.92885514495289,-139.0,1631.9285714285713,14,494.0,66.0,281.0,58.0,324.0,1184.06,1078.0
phokeng,2025/2026,521.0,563.0,631.0,571.6666666666666,55.5097589017763,-42.0,605.5714285714286,14,289.0,25.0,64.0,29.0,114.0,488.86,470.0
phola,2025/2026,184.0,214.0,161.0,186.33333333333334,26.57693235370353,-30.0,112.35714285714286,14,91.0,13.0,27.0,35.0,18.0,176.97,167.0
phumalanga,2025/2026,8.0,17.0,11.0,12.0,4.58257569495584,-9.0,13.357142857142858,14,7.0,1.0,0.0,0.0,0.0,11.31,15.0
phuthaditjhaba,2025/2026,445.0,504.0,466.0,471.6666666666667,29.90540642314251,-59.0,600.1428571428571,14,230.0,51.0,22.0,10.0,132.0,412.0,385.0
pienaar,2025/2026,436.0,342.0,367.0,381.6666666666667,48.6860691916418,94.0,503.57142857142856,14,213.0,147.0,14.0,18.0,44.0,405.53,413.0
pienaarsrivier,2025/2026,24.0,17.0,21.0,20.666666666666668,3.5118845842842465,7.0,34.42857142857143,14,16.0,1.0,2.0,2.0,3.0,21.08,18.0
piet plessis,2025/2026,9.0,7.0,6.0,7.333333333333333,1.5275252316519465,2.0,12.071428571428571,14,8.0,0.0,0.0,0.0,1.0,8.15,7.0
piet retief,2025/2026,449.0,505.0,545.0,499.6666666666667,48.22171018673367,-56.0,618.1428571428571,14,297.0,35.0,41.0,3.0,73.0,410.1,349.0
pietermaritzburg,2025/2026,413.0,574.0,666.0,551.0,128.0585803450905,-161.0,763.2142857142857,14,74.0,16.0,61.0,11.0,251.0,421.74,392.0
piketberg,2025/2026,99.0,111.0,113.0,107.66666666666667,7.571877794400365,-12.0,94.07142857142857,14,62.0,0.0,2.0,2.0,33.0,96.53,75.0
pilgrim's rest,2025/2026,7.0,6.0,5.0,6.0,1.0,1.0,14.285714285714286,14,5.0,0.0,0.0,0.0,2.0,6.51,5.0
pinelands,2025/2026,364.0,454.0,475.0,431.0,58.966091951222275,-90.0,581.2857142857143,14,112.0,6.0,36.0,5.0,205.0,363.53,296.0
pinetown,2025/2026,1366.0,1422.0,1510.0,1432.6666666666667,72.59017380701972,-56.0,2151.785714285714,14,474.0,88.0,240.0,74.0,490.0,1295.74,1317.0
plessislaer,2025/2026,1160.0,1399.0,1597.0,1385.3333333333333,218.8203220300467,-239.0,1509.142857142857,14,780.0,184.0,36.0,38.0,122.0,1136.98,1190.0
plettenberg bay,2025/2026,264.0,345.0,415.0,341.3333333333333,75.56674753708363,-81.0,662.0714285714286,14,182.0,2.0,3.0,0.0,77.0,272.23,295.0
plooysburg,2025/2026,2.0,0.0,0.0,0.6666666666666666,1.1547005383792517,2.0,3.2857142857142856,14,1.0,0.0,1.0,0.0,0.0,1.76,0.0
pofadder,2025/2026,36.0,62.0,41.0,46.333333333333336,13.796134724383252,-26.0,36.142857142857146,14,28.0,0.0,0.0,0.0,8.0,39.36,32.0
point,2025/2026,366.0,469.0,472.0,435.6666666666667,60.35174672976196,-103.0,675.7857142857143,14,22.0,1.0,95.0,10.0,238.0,364.76,315.0
polokwane,2025/2026,1335.0,1470.0,1220.0,1341.6666666666667,125.13326229797309,-135.0,1645.357142857143,14,386.0,14.0,37.0,6.0,892.0,1226.28,1235.0
pongola,2025/2026,261.0,274.0,232.0,255.66666666666666,21.501937897160186,-13.0,346.14285714285717,14,196.0,8.0,13.0,3.0,41.0,237.59,284.0
port alfred,2025/2026,176.0,304.0,291.0,257.0,70.44856279584417,-128.0,322.7857142857143,14,111.0,4.0,4.0,0.0,57.0,191.26,199.0
port edward,2025/2026,208.0,357.0,277.0,280.6666666666667,74.5676426698158,-149.0,277.85714285714283,14,148.0,11.0,4.0,4.0,41.0,217.89,236.0
port nolloth,2025/2026,78.0,85.0,65.0,76.0,10.14889156509222,-7.0,85.85714285714286,14,54.0,1.0,1.0,0.0,22.0,77.18,30.0
port shepstone,2025/2026,574.0,548.0,606.0,576.0,29.0516780926679,26.0,838.9285714285714,14,413.0,25.0,27.0,2.0,107.0,498.39,649.0
port st johns,2025/2026,37.0,37.0,40.0,38.0,1.7320508075688772,0.0,78.35714285714286,14,23.0,3.0,2.0,4.0,5.0,37.61,65.0
porterville,2025/2026,70.0,93.0,85.0,82.66666666666667,11.67618659209133,-23.0,80.21428571428571,14,51.0,1.0,2.0,0.0,16.0,70.86,55.0
postmasburg,2025/2026,277.0,317.0,263.0,285.6666666666667,28.023799409311604,-40.0,279.07142857142856,14,178.0,10.0,9.0,12.0,68.0,260.97,299.0
potchefstroom,2025/2026,700.0,871.0,961.0,844.0,132.57827876390613,-171.0,1507.642857142857,14,299.0,8.0,79.0,18.0,296.0,668.48,618.0
prestbury,2025/2026,203.0,164.0,199.0,188.66666666666666,21.455380055672126,39.0,219.14285714285714,14,160.0,12.0,7.0,2.0,22.0,183.16,145.0
pretoria central,2025/2026,959.0,1370.0,1302.0,1210.3333333333333,220.3005522765055,-411.0,1687.0714285714287,14,46.0,2.0,160.0,42.0,709.0,949.83,779.0
pretoria moot,2025/2026,381.0,449.0,471.0,433.6666666666667,46.91836882643442,-68.0,640.9285714285714,14,99.0,8.0,171.0,7.0,96.0,382.41,368.0
pretoria north,2025/2026,766.0,881.0,968.0,871.6666666666666,101.32291613121551,-115.0,952.0,14,224.0,37.0,229.0,50.0,226.0,748.08,781.0
pretoria west,2025/2026,1320.0,1201.0,1353.0,1291.3333333333333,79.95206897468842,119.0,1463.2142857142858,14,505.0,96.0,210.0,186.0,323.0,1225.59,966.0
prieska,2025/2026,71.0,65.0,127.0,87.66666666666667,34.19551627528576,6.0,72.28571428571429,14,52.0,1.0,1.0,1.0,16.0,71.85,54.0
primrose,2025/2026,492.0,650.0,677.0,606.3333333333334,99.93164330347687,-158.0,758.6428571428571,14,204.0,33.0,144.0,51.0,60.0,509.11,428.0
prince albert,2025/2026,56.0,77.0,89.0,74.0,16.703293088490067,-21.0,61.785714285714285,14,50.0,0.0,0.0,0.0,6.0,57.15,68.0
prince alfred hamlet,2025/2026,58.0,100.0,110.0,89.33333333333333,27.5922694487665,-42.0,130.07142857142858,14,35.0,0.0,2.0,0.0,21.0,62.25,35.0
protea glen,2025/2026,1078.0,1036.0,940.0,1018.0,70.73895673530957,42.0,1194.0833333333333,14,528.0,68.0,126.0,153.0,203.0,1011.61,
pudimoe,2025/2026,115.0,88.0,115.0,106.0,15.588457268119896,27.0,102.14285714285714,14,94.0,5.0,1.0,0.0,15.0,107.44,116.0
punzana,2025/2026,46.0,47.0,38.0,43.666666666666664,4.932882862316248,-1.0,45.642857142857146,14,36.0,7.0,2.0,0.0,1.0,44.26,63.0
putfontein,2025/2026,349.0,291.0,353.0,331.0,34.698703145794944,58.0,340.42857142857144,14,140.0,129.0,24.0,31.0,25.0,332.29,244.0
queenstown,2025/2026,435.0,378.0,319.0,377.3333333333333,58.00287349203773,57.0,371.3333333333333,14,238.0,6.0,22.0,4.0,165.0,392.95,
qumbu,2025/2026,214.0,299.0,181.0,231.33333333333334,60.879662723551064,-85.0,231.14285714285714,14,95.0,43.0,4.0,28.0,44.0,213.81,163.0
rabie ridge,2025/2026,635.0,639.0,619.0,631.0,10.583005244258363,-4.0,710.8571428571429,14,199.0,77.0,112.0,126.0,121.0,593.48,518.0
rakgoadi,2025/2026,54.0,72.0,53.0,59.666666666666664,10.692676621563628,-18.0,36.142857142857146,14,25.0,18.0,0.0,0.0,11.0,55.07,60.0
randburg,2025/2026,737.0,874.0,861.0,824.0,75.62407024221852,-137.0,1176.5,14,249.0,40.0,100.0,78.0,270.0,707.94,673.0
randfontein,2025/2026,661.0,835.0,1357.0,951.0,362.2098839071071,-174.0,1531.5714285714287,14,204.0,40.0,176.0,38.0,203.0,691.9,577.0
rankin's pass,2025/2026,6.0,17.0,9.0,10.666666666666666,5.686240703077327,-11.0,13.857142857142858,14,5.0,0.0,0.0,0.0,1.0,9.64,12.0
ratanda,2025/2026,207.0,225.0,230.0,220.66666666666666,12.096831541082702,-18.0,281.85714285714283,14,153.0,15.0,8.0,8.0,23.0,192.38,230.0
ravensmead,2025/2026,321.0,400.0,373.0,364.6666666666667,40.15387071420803,-79.0,512.5714285714286,14,115.0,2.0,37.0,7.0,160.0,323.8,330.0
rawsonville,2025/2026,73.0,61.0,57.0,63.666666666666664,8.326663997864532,12.0,84.42857142857143,14,60.0,0.0,0.0,0.0,13.0,67.25,58.0
reddersburg,2025/2026,21.0,35.0,41.0,32.333333333333336,10.263202878893768,-14.0,29.5,14,15.0,1.0,3.0,0.0,2.0,23.46,37.0
redelinghuys,2025/2026,9.0,0.0,4.0,4.333333333333333,4.509249752822894,9.0,5.928571428571429,14,8.0,0.0,0.0,0.0,1.0,8.94,0.0
reigerpark,2025/2026,106.0,127.0,190.0,141.0,43.71498598878879,-21.0,269.2142857142857,14,57.0,5.0,12.0,12.0,20.0,108.34,114.0
reitz,2025/2026,117.0,111.0,110.0,112.66666666666667,3.7859388972001824,6.0,123.42857142857143,14,83.0,6.0,3.0,0.0,25.0,106.59,104.0
reivilo,2025/2026,42.0,20.0,25.0,29.0,11.532562594670797,22.0,21.642857142857142,14,31.0,1.0,0.0,0.0,10.0,36.06,37.0
rhodes,2025/2026,6.0,3.0,5.0,4.666666666666667,1.5275252316519465,3.0,8.857142857142858,14,6.0,0.0,0.0,0.0,0.0,4.69,1.0
richards bay,2025/2026,950.0,1019.0,1013.0,994.0,38.22302970723278,-69.0,1045.7857142857142,14,509.0,67.0,31.0,17.0,326.0,882.44,787.0
richmond(c),2025/2026,42.0,43.0,43.0,42.666666666666664,0.5773502691896258,-1.0,65.42857142857143,14,35.0,0.0,2.0,0.0,5.0,41.42,33.0
richmond-kzn,2025/2026,101.0,141.0,168.0,136.66666666666666,33.70954365359064,-40.0,176.57142857142858,14,77.0,8.0,1.0,6.0,9.0,100.58,85.0
riebeeck east,2025/2026,1.0,5.0,8.0,4.666666666666667,3.511884584284246,-4.0,4.214285714285714,14,1.0,0.0,0.0,0.0,0.0,2.37,4.0
riebeek west,2025/2026,199.0,226.0,200.0,208.33333333333334,15.30795000427338,-27.0,189.92857142857142,14,148.0,5.0,2.0,1.0,43.0,181.89,171.0
rietbron,2025/2026,6.0,2.0,5.0,4.333333333333333,2.0816659994661326,4.0,3.5714285714285716,14,6.0,0.0,0.0,0.0,0.0,4.71,1.0
rietfontein,2025/2026,6.0,2.0,5.0,4.333333333333333,2.0816659994661326,4.0,4.571428571428571,14,6.0,0.0,0.0,0.0,0.0,4.65,1.0
rietgat,2025/2026,727.0,819.0,766.0,770.6666666666666,46.177194948733444,-92.0,1044.642857142857,14,389.0,115.0,45.0,111.0,67.0,670.95,661.0
rietvlei,2025/2026,5.0,18.0,11.0,11.333333333333334,6.506407098647712,-13.0,17.357142857142858,14,4.0,0.0,1.0,0.0,0.0,8.83,2.0
ritavi,2025/2026,289.0,354.0,361.0,334.6666666666667,39.70306453327417,-65.0,412.64285714285717,14,203.0,20.0,12.0,6.0,48.0,276.83,307.0
riversdale,2025/2026,100.0,72.0,111.0,94.33333333333333,20.108041509140897,28.0,132.57142857142858,14,82.0,0.0,2.0,0.0,16.0,97.84,70.0
riviersonderend,2025/2026,54.0,64.0,94.0,70.66666666666667,20.816659994661325,-10.0,77.07142857142857,14,43.0,3.0,1.0,0.0,7.0,57.95,73.0
roadside,2025/2026,3.0,2.0,3.0,2.6666666666666665,0.5773502691896258,1.0,4.642857142857143,14,2.0,0.0,0.0,0.0,1.0,2.84,4.0
robertson,2025/2026,347.0,477.0,564.0,462.6666666666667,109.2077530825231,-130.0,479.92857142857144,14,216.0,9.0,3.0,0.0,119.0,351.62,304.0
roedtan,2025/2026,9.0,9.0,21.0,13.0,6.928203230275509,0.0,22.428571428571427,14,5.0,0.0,2.0,0.0,2.0,9.12,7.0
rondebosch,2025/2026,452.0,615.0,601.0,556.0,90.33825324855468,-163.0,747.0714285714286,14,97.0,2.0,78.0,2.0,273.0,448.95,358.0
roodepan,2025/2026,437.0,480.0,501.0,472.6666666666667,32.624121954978854,-43.0,388.2142857142857,14,321.0,12.0,3.0,1.0,100.0,370.65,577.0
roodepoort,2025/2026,1678.0,2113.0,1808.0,1866.3333333333333,223.289796751516,-435.0,2216.0,14,513.0,237.0,423.0,100.0,405.0,1644.84,1402.0
rooiberg,2025/2026,21.0,36.0,22.0,26.333333333333332,8.386497083606084,-15.0,41.857142857142854,14,20.0,1.0,0.0,0.0,0.0,24.5,34.0
roossenekal,2025/2026,24.0,22.0,29.0,25.0,3.605551275463989,2.0,31.357142857142858,14,17.0,1.0,0.0,0.0,6.0,22.86,22.0
rosebank,2025/2026,152.0,174.0,240.0,188.66666666666666,45.79665198825492,-22.0,310.5,14,16.0,9.0,25.0,4.0,98.0,157.2,98.0
rosedale,2025/2026,274.0,307.0,283.0,288.0,17.05872210923198,-33.0,250.71428571428572,14,206.0,5.0,2.0,0.0,61.0,245.28,245.0
rosendal,2025/2026,20.0,9.0,22.0,17.0,7.0,11.0,24.285714285714285,14,19.0,0.0,0.0,0.0,1.0,16.02,9.0
rossouw,2025/2026,1.0,1.0,1.0,1.0,0.0,0.0,2.642857142857143,14,0.0,0.0,0.0,0.0,1.0,1.9,3.0
rouxville,2025/2026,17.0,16.0,37.0,23.333333333333332,11.846237095944574,1.0,27.285714285714285,14,14.0,0.0,0.0,0.0,3.0,17.92,42.0
rust de winter,2025/2026,8.0,13.0,5.0,8.666666666666666,4.041451884327381,-5.0,11.357142857142858,14,6.0,2.0,0.0,0.0,0.0,9.62,4.0
rustenburg,2025/2026,1600.0,1655.0,1984.0,1746.3333333333333,207.65436025601133,-55.0,2351.714285714286,14,590.0,63.0,271.0,72.0,604.0,1505.0,1362.0
saamboubrug,2025/2026,1.0,4.0,1.0,2.0,1.7320508075688772,-3.0,6.428571428571429,14,0.0,0.0,0.0,0.0,1.0,2.08,2.0
sabie,2025/2026,75.0,90.0,118.0,94.33333333333333,21.82506204649447,-15.0,146.35714285714286,14,53.0,9.0,4.0,2.0,7.0,81.72,87.0
sakhile,2025/2026,145.0,202.0,241.0,196.0,48.28043081829324,-57.0,224.5,14,121.0,3.0,2.0,1.0,18.0,155.85,123.0
saldanha,2025/2026,373.0,399.0,437.0,403.0,32.18695387886216,-26.0,507.07142857142856,14,222.0,11.0,6.0,2.0,132.0,357.89,245.0
sandringham,2025/2026,462.0,489.0,617.0,522.6666666666666,82.80297901243247,-27.0,560.5,14,96.0,27.0,54.0,177.0,108.0,470.2,413.0
sandton,2025/2026,1250.0,1438.0,1151.0,1279.6666666666667,145.78180041875368,-188.0,2067.4285714285716,14,317.0,81.0,211.0,125.0,516.0,1230.97,1108.0
sannieshof,2025/2026,70.0,47.0,65.0,60.666666666666664,12.096831541082704,23.0,61.07142857142857,14,55.0,5.0,2.0,1.0,7.0,64.07,67.0
saron,2025/2026,82.0,81.0,64.0,75.66666666666667,10.115993936995679,1.0,52.642857142857146,14,68.0,3.0,1.0,0.0,10.0,77.26,69.0
saselamani,2025/2026,143.0,102.0,86.0,110.33333333333333,29.39954648176283,41.0,110.21428571428571,14,114.0,14.0,1.0,4.0,10.0,131.5,100.0
sasolburg,2025/2026,428.0,451.0,478.0,452.3333333333333,25.026652459594615,-23.0,622.7857142857143,14,227.0,19.0,84.0,7.0,91.0,399.49,410.0
sawoti,2025/2026,39.0,30.0,40.0,36.333333333333336,5.507570547286102,9.0,46.42857142857143,14,25.0,8.0,1.0,1.0,4.0,34.96,48.0
scenery park,2025/2026,204.0,229.0,337.0,256.6666666666667,70.68474611493863,-25.0,212.78571428571428,14,131.0,15.0,5.0,12.0,41.0,204.5,228.0
schoemansdal,2025/2026,149.0,159.0,143.0,150.33333333333334,8.082903768654761,-10.0,163.57142857142858,14,116.0,20.0,3.0,0.0,10.0,142.39,117.0
schweizer-reneke,2025/2026,60.0,75.0,65.0,66.66666666666667,7.637626158259734,-15.0,74.35714285714286,14,34.0,3.0,1.0,0.0,22.0,60.68,46.0
scottburgh,2025/2026,288.0,321.0,336.0,315.0,24.55605831561735,-33.0,458.57142857142856,14,195.0,24.0,24.0,11.0,34.0,271.13,258.0
sea point,2025/2026,1032.0,1374.0,1217.0,1207.6666666666667,171.19092655083486,-342.0,1381.857142857143,14,114.0,0.0,84.0,1.0,833.0,972.78,1156.0
seafield,2025/2026,2.0,4.0,7.0,4.333333333333333,2.516611478423583,-2.0,32.285714285714285,14,2.0,0.0,0.0,0.0,0.0,3.07,4.0
sebayeng,2025/2026,134.0,97.0,137.0,122.66666666666667,22.27853974867593,37.0,112.71428571428571,14,109.0,11.0,2.0,0.0,12.0,126.2,86.0
sebenza,2025/2026,261.0,281.0,308.0,283.3333333333333,23.586719427112648,-20.0,352.64285714285717,14,58.0,17.0,60.0,31.0,95.0,247.13,239.0
sebokeng,2025/2026,389.0,431.0,456.0,425.3333333333333,33.85754470326124,-42.0,583.6428571428571,14,195.0,61.0,37.0,49.0,47.0,386.69,397.0
secunda,2025/2026,611.0,602.0,544.0,585.6666666666666,36.363901514184825,9.0,795.2142857142857,14,391.0,12.0,36.0,1.0,171.0,526.21,609.0
sekgosese,2025/2026,58.0,48.0,58.0,54.666666666666664,5.773502691896258,10.0,70.14285714285714,14,45.0,3.0,6.0,2.0,2.0,57.11,35.0
sekhukhune,2025/2026,80.0,94.0,110.0,94.66666666666667,15.01110699893027,-14.0,119.64285714285714,14,50.0,14.0,3.0,4.0,9.0,85.96,98.0
selosesha,2025/2026,158.0,128.0,135.0,140.33333333333334,15.695009822658072,30.0,267.7857142857143,14,116.0,9.0,4.0,3.0,26.0,146.04,207.0
senekal,2025/2026,134.0,140.0,105.0,126.33333333333333,18.717193521821944,-6.0,117.92857142857143,14,97.0,2.0,1.0,0.0,34.0,124.79,114.0
senwabarwana,2025/2026,133.0,165.0,113.0,137.0,26.229754097208,-32.0,152.21428571428572,14,105.0,9.0,1.0,1.0,17.0,129.14,120.0
seshego,2025/2026,910.0,872.0,936.0,906.0,32.18695387886216,38.0,1179.2142857142858,14,646.0,50.0,44.0,5.0,165.0,835.89,947.0
setlagole,2025/2026,55.0,66.0,56.0,59.0,6.082762530298219,-11.0,74.5,14,41.0,3.0,2.0,1.0,8.0,56.36,37.0
seven fountains,2025/2026,5.0,4.0,14.0,7.666666666666667,5.507570547286102,1.0,9.428571428571429,14,4.0,1.0,0.0,0.0,0.0,4.73,6.0
severn,2025/2026,2.0,4.0,6.0,4.0,2.0,-2.0,6.214285714285714,14,2.0,0.0,0.0,0.0,0.0,2.5,11.0
seymour,2025/2026,22.0,22.0,21.0,21.666666666666668,0.5773502691896258,0.0,32.785714285714285,14,20.0,0.0,0.0,0.0,2.0,20.97,15.0
sharpeville,2025/2026,129.0,150.0,162.0,147.0,16.703293088490067,-21.0,243.57142857142858,14,70.0,11.0,8.0,10.0,30.0,123.57,145.0
sheepmoor,2025/2026,17.0,24.0,22.0,21.0,3.605551275463989,-7.0,27.071428571428573,14,9.0,0.0,1.0,0.0,7.0,19.08,16.0
siloam,2025/2026,99.0,96.0,118.0,104.33333333333333,11.930353445448855,3.0,148.14285714285714,14,83.0,1.0,1.0,2.0,12.0,95.76,69.0
silverton,2025/2026,995.0,987.0,1091.0,1024.3333333333333,57.873425104561875,8.0,1378.5714285714287,14,276.0,107.0,159.0,123.0,330.0,940.21,1051.0
simon's town,2025/2026,179.0,181.0,146.0,168.66666666666666,19.655363983740756,-2.0,296.35714285714283,14,108.0,1.0,14.0,0.0,56.0,165.08,152.0
sinoville,2025/2026,868.0,973.0,911.0,917.3333333333334,52.78573039499722,-105.0,1128.142857142857,14,251.0,32.0,316.0,14.0,255.0,834.59,677.0
siyabuswa,2025/2026,361.0,366.0,390.0,372.3333333333333,15.50268793897798,-5.0,423.42857142857144,14,203.0,51.0,21.0,44.0,42.0,349.12,275.0
skukuza,2025/2026,6.0,3.0,3.0,4.0,1.7320508075688772,3.0,9.357142857142858,14,2.0,0.0,0.0,0.0,4.0,4.71,4.0
smithfield,2025/2026,23.0,39.0,34.0,32.0,8.18535277187245,-16.0,36.214285714285715,14,19.0,0.0,2.0,0.0,2.0,26.16,18.0
somerset east,2025/2026,103.0,123.0,130.0,118.66666666666667,14.011899704655802,-20.0,119.75,14,76.0,1.0,2.0,0.0,24.0,103.97,
somerset west,2025/2026,872.0,908.0,817.0,865.6666666666666,45.829393770083115,-36.0,1233.7857142857142,14,371.0,34.0,120.0,2.0,345.0,802.71,615.0
sophia town,2025/2026,508.0,698.0,734.0,646.6666666666666,121.43036413242503,-190.0,1138.5714285714287,14,205.0,38.0,98.0,41.0,126.0,518.08,552.0
soshanguve,2025/2026,901.0,874.0,977.0,917.3333333333334,53.407240457950394,27.0,1005.6428571428571,14,470.0,87.0,41.0,99.0,204.0,836.7,801.0
southport,2025/2026,230.0,224.0,187.0,213.66666666666666,23.288051299611425,6.0,318.2857142857143,14,166.0,25.0,10.0,2.0,27.0,206.54,176.0
soutpan,2025/2026,23.0,12.0,8.0,14.333333333333334,7.767453465154029,11.0,12.142857142857142,14,21.0,0.0,0.0,0.0,2.0,17.5,16.0
springbok,2025/2026,112.0,151.0,170.0,144.33333333333334,29.56912804486012,-39.0,151.64285714285714,14,68.0,4.0,2.0,0.0,38.0,108.92,110.0
springfontein,2025/2026,17.0,13.0,7.0,12.333333333333334,5.033222956847166,4.0,14.357142857142858,14,16.0,0.0,0.0,0.0,1.0,13.14,13.0
springs,2025/2026,1123.0,1179.0,1203.0,1168.3333333333333,41.05281151557507,-56.0,1589.2857142857142,14,351.0,88.0,363.0,80.0,241.0,1074.6,986.0
st faiths,2025/2026,76.0,67.0,64.0,69.0,6.244997998398398,9.0,58.142857142857146,14,54.0,14.0,0.0,0.0,8.0,70.03,60.0
st francis bay,2025/2026,89.0,117.0,193.0,133.0,53.81449618829484,-28.0,173.21428571428572,14,78.0,0.0,0.0,0.0,11.0,91.2,91.0
st helena bay,2025/2026,91.0,199.0,170.0,153.33333333333334,55.89573627150226,-108.0,162.0,14,75.0,1.0,1.0,0.0,14.0,95.54,101.0
standerton,2025/2026,373.0,478.0,533.0,461.3333333333333,81.29165598838132,-105.0,551.1428571428571,14,270.0,11.0,16.0,7.0,69.0,359.8,308.0
stanford,2025/2026,59.0,40.0,67.0,55.333333333333336,13.868429375143146,19.0,74.14285714285714,14,47.0,3.0,1.0,0.0,8.0,56.51,72.0
steenberg,2025/2026,229.0,273.0,393.0,298.3333333333333,84.88423489278404,-44.0,552.5714285714286,14,110.0,9.0,26.0,10.0,74.0,237.95,182.0
steinkopf,2025/2026,16.0,17.0,35.0,22.666666666666668,10.692676621563626,-1.0,29.357142857142858,14,14.0,0.0,0.0,0.0,2.0,18.12,15.0
stella,2025/2026,34.0,64.0,38.0,45.333333333333336,16.289055630494154,-30.0,37.785714285714285,14,27.0,1.0,0.0,0.0,6.0,37.7,57.0
stellenbosch,2025/2026,1836.0,2131.0,1947.0,1971.3333333333333,148.99776284673985,-295.0,2587.9285714285716,14,429.0,53.0,168.0,9.0,1177.0,1669.16,1503.0
sterkspruit,2025/2026,246.0,246.0,196.0,229.33333333333334,28.867513459481287,0.0,237.85714285714286,14,186.0,8.0,5.0,2.0,45.0,217.71,248.0
sterkstroom,2025/2026,51.0,54.0,52.0,52.333333333333336,1.5275252316519465,-3.0,38.92857142857143,14,46.0,1.0,0.0,0.0,4.0,49.05,58.0
steunmekaar,2025/2026,1.0,0.0,0.0,0.3333333333333333,0.5773502691896258,1.0,0.7142857142857143,14,0.0,0.0,1.0,0.0,0.0,1.4,0.0
steve vukile tshwete,2025/2026,84.0,80.0,79.0,81.0,2.6457513110645907,4.0,76.35714285714286,14,68.0,3.0,4.0,1.0,8.0,79.56,78.0
steynsburg,2025/2026,16.0,35.0,48.0,33.0,16.09347693943108,-19.0,37.642857142857146,14,16.0,0.0,0.0,0.0,0.0,21.16,24.0
steynsrus,2025/2026,35.0,36.0,34.0,35.0,1.0,-1.0,29.285714285714285,14,30.0,0.0,1.0,1.0,3.0,32.54,28.0
steytlerville,2025/2026,33.0,34.0,62.0,43.0,16.46207763315433,-1.0,35.714285714285715,14,33.0,0.0,0.0,0.0,0.0,32.59,37.0
stilfontein,2025/2026,129.0,133.0,209.0,157.0,45.077710678338576,-4.0,188.28571428571428,14,53.0,3.0,22.0,4.0,47.0,130.45,154.0
still bay,2025/2026,59.0,64.0,59.0,60.666666666666664,2.8867513459481287,-5.0,63.714285714285715,14,48.0,0.0,0.0,0.0,11.0,59.01,47.0
storms water,2025/2026,59.0,65.0,62.0,62.0,3.0,-6.0,81.41666666666667,14,48.0,1.0,0.0,0.0,10.0,60.73,
strand,2025/2026,729.0,730.0,717.0,725.3333333333334,7.234178138070236,-1.0,1150.357142857143,14,265.0,15.0,141.0,4.0,304.0,659.2,631.0
strandfontein,2025/2026,161.0,179.0,214.0,184.66666666666666,26.950572040929544,-18.0,353.92857142857144,14,83.0,1.0,23.0,4.0,50.0,163.94,116.0
struisbaai,2025/2026,48.0,84.0,98.0,76.66666666666667,25.794056162870806,-36.0,71.71428571428571,14,39.0,3.0,0.0,0.0,6.0,53.19,22.0
strydenburg,2025/2026,5.0,6.0,13.0,8.0,4.358898943540674,-1.0,16.357142857142858,14,4.0,0.0,0.0,0.0,1.0,5.49,4.0
stutterheim,2025/2026,299.0,281.0,301.0,293.6666666666667,11.015141094572202,18.0,289.42857142857144,14,223.0,15.0,5.0,3.0,53.0,256.17,341.0
sulenkama,2025/2026,54.0,70.0,45.0,56.333333333333336,12.662279942148386,-16.0,62.92857142857143,14,26.0,22.0,0.0,4.0,2.0,56.62,60.0
sun city,2025/2026,158.0,171.0,168.0,165.66666666666666,6.8068592855540455,-13.0,230.21428571428572,14,96.0,15.0,12.0,5.0,30.0,148.31,119.0
sundra,2025/2026,139.0,135.0,115.0,129.66666666666666,12.858201014657272,4.0,188.78571428571428,14,72.0,8.0,16.0,4.0,39.0,128.85,108.0
sundumbili,2025/2026,259.0,243.0,190.0,230.66666666666666,36.11555528208494,16.0,286.57142857142856,14,184.0,43.0,5.0,6.0,21.0,234.3,262.0
sunnyside,2025/2026,1337.0,1527.0,1751.0,1538.3333333333333,207.23255857449942,-190.0,2421.3571428571427,14,146.0,17.0,270.0,89.0,815.0,1288.39,1014.0
sunrise,2025/2026,81.0,88.0,116.0,95.0,18.520259177452136,-7.0,84.35714285714286,14,57.0,4.0,0.0,0.0,20.0,83.03,69.0
sutherland,2025/2026,15.0,15.0,7.0,12.333333333333334,4.618802153517006,0.0,12.5,14,12.0,0.0,0.0,0.0,3.0,13.95,6.0
suurbraak,2025/2026,19.0,23.0,24.0,22.0,2.6457513110645907,-4.0,24.571428571428573,14,13.0,0.0,0.0,0.0,6.0,19.72,21.0
swartberg,2025/2026,7.0,11.0,10.0,9.333333333333334,2.081665999466133,-4.0,12.785714285714286,14,5.0,0.0,0.0,1.0,1.0,8.4,5.0
swartkops,2025/2026,336.0,372.0,325.0,344.3333333333333,24.583192089989726,-36.0,357.5,14,97.0,30.0,17.0,66.0,126.0,328.84,287.0
swartruggens,2025/2026,122.0,126.0,81.0,109.66666666666667,24.906491790963525,-4.0,123.57142857142857,14,91.0,8.0,4.0,0.0,19.0,115.31,132.0
swellendam,2025/2026,185.0,240.0,252.0,225.66666666666666,35.72580766523457,-55.0,312.0,14,125.0,1.0,2.0,0.0,57.0,185.64,222.0
sydenham,2025/2026,668.0,714.0,889.0,757.0,116.60617479361889,-46.0,1045.7857142857142,14,221.0,39.0,180.0,21.0,207.0,630.25,645.0
tabase,2025/2026,7.0,5.0,3.0,5.0,2.0,2.0,4.071428571428571,14,5.0,2.0,0.0,0.0,0.0,5.5,1.0
table bay harbour,2025/2026,25.0,30.0,36.0,30.333333333333332,5.507570547286101,-5.0,49.57142857142857,14,1.0,0.0,3.0,0.0,21.0,26.02,28.0
table view,2025/2026,945.0,1039.0,1104.0,1029.3333333333333,79.93956050250297,-94.0,1471.0714285714287,14,377.0,27.0,70.0,7.0,464.0,882.29,1007.0
tamara,2025/2026,50.0,55.0,46.0,50.333333333333336,4.509249752822894,-5.0,54.92857142857143,14,39.0,4.0,0.0,0.0,7.0,48.54,56.0
tarkastad,2025/2026,43.0,28.0,46.0,39.0,9.643650760992955,15.0,43.5,14,33.0,3.0,3.0,0.0,4.0,39.54,51.0
tarlton,2025/2026,98.0,129.0,157.0,128.0,29.512709126747414,-31.0,128.64285714285714,14,48.0,12.0,18.0,10.0,10.0,102.67,94.0
taung,2025/2026,328.0,317.0,292.0,312.3333333333333,18.44812546936228,11.0,347.07142857142856,14,208.0,28.0,2.0,7.0,83.0,294.3,283.0
taylors halt,2025/2026,326.0,326.0,305.0,319.0,12.12435565298214,0.0,319.35714285714283,14,250.0,28.0,13.0,5.0,30.0,285.98,308.0
temba,2025/2026,957.0,1015.0,998.0,990.0,29.816103031751148,-58.0,1323.5714285714287,14,584.0,108.0,62.0,80.0,123.0,907.19,954.0
tembisa,2025/2026,1114.0,1248.0,1190.0,1184.0,67.20119046564577,-134.0,1551.357142857143,14,349.0,250.0,133.0,191.0,191.0,1074.14,1102.0
tembisa south,2025/2026,448.0,436.0,503.0,462.3333333333333,35.72580766523457,12.0,448.2857142857143,14,131.0,68.0,64.0,102.0,83.0,438.15,444.0
thaba-nchu,2025/2026,73.0,87.0,51.0,70.33333333333333,18.14754345175493,-14.0,67.64285714285714,14,54.0,6.0,2.0,3.0,8.0,72.46,47.0
thabazimbi,2025/2026,170.0,192.0,170.0,177.33333333333334,12.701705922171765,-22.0,193.5,14,139.0,1.0,8.0,2.0,20.0,159.05,120.0
thabong,2025/2026,524.0,502.0,512.0,512.6666666666666,11.015141094572204,22.0,688.2142857142857,14,346.0,58.0,22.0,9.0,89.0,460.68,468.0
the barrage,2025/2026,178.0,178.0,195.0,183.66666666666666,9.814954576223638,0.0,184.42857142857142,14,129.0,3.0,22.0,10.0,14.0,172.53,125.0
thembalethu,2025/2026,339.0,338.0,341.0,339.3333333333333,1.5275252316519465,1.0,412.0,14,256.0,27.0,13.0,3.0,40.0,305.82,391.0
theunissen,2025/2026,127.0,109.0,124.0,120.0,9.643650760992955,18.0,153.64285714285714,14,93.0,8.0,0.0,1.0,25.0,119.63,116.0
thina falls,2025/2026,13.0,12.0,12.0,12.333333333333334,0.5773502691896257,1.0,16.5,14,9.0,1.0,1.0,2.0,0.0,11.67,9.0
thohoyandou,2025/2026,948.0,737.0,755.0,813.3333333333334,116.97150650193976,211.0,1083.5714285714287,14,652.0,108.0,21.0,50.0,117.0,880.35,687.0
thomas river,2025/2026,3.0,0.0,2.0,1.6666666666666667,1.5275252316519468,3.0,1.4285714285714286,14,1.0,0.0,0.0,0.0,2.0,2.82,0.0
thornhill,2025/2026,40.0,37.0,63.0,46.666666666666664,14.224392195567912,3.0,53.714285714285715,14,33.0,2.0,0.0,0.0,5.0,41.19,51.0
thornhill ciskei,2025/2026,23.0,17.0,39.0,26.333333333333332,11.372481406154654,6.0,24.071428571428573,14,23.0,0.0,0.0,0.0,0.0,20.98,29.0
thornville,2025/2026,123.0,93.0,105.0,107.0,15.0996688705415,30.0,109.14285714285714,14,102.0,13.0,3.0,0.0,5.0,116.31,165.0
tierpoort,2025/2026,1.0,4.0,7.0,4.0,3.0,-3.0,9.785714285714286,14,0.0,0.0,0.0,0.0,1.0,2.49,10.0
tinmyne,2025/2026,107.0,65.0,71.0,81.0,22.715633383201094,42.0,85.64285714285714,14,90.0,7.0,4.0,0.0,6.0,97.82,79.0
tlhabane,2025/2026,528.0,490.0,569.0,529.0,39.50949253027682,38.0,705.7857142857143,14,259.0,39.0,82.0,20.0,128.0,478.34,471.0
tokoza,2025/2026,165.0,141.0,156.0,154.0,12.12435565298214,24.0,287.64285714285717,14,79.0,3.0,37.0,27.0,19.0,154.57,151.0
tolwe,2025/2026,3.0,5.0,2.0,3.3333333333333335,1.5275252316519468,-2.0,8.5,14,2.0,0.0,0.0,0.0,1.0,3.17,6.0
tom burke,2025/2026,18.0,20.0,36.0,24.666666666666668,9.865765724632496,-2.0,24.714285714285715,14,10.0,3.0,2.0,0.0,3.0,19.08,17.0
tonga,2025/2026,193.0,187.0,192.0,190.66666666666666,3.2145502536643185,6.0,354.42857142857144,14,123.0,32.0,4.0,14.0,20.0,193.39,168.0
tongaat,2025/2026,482.0,551.0,417.0,483.3333333333333,67.00994951000436,-69.0,557.7857142857143,14,242.0,45.0,72.0,28.0,95.0,464.73,450.0
touws river,2025/2026,65.0,71.0,68.0,68.0,3.0,-6.0,115.21428571428571,14,38.0,1.0,1.0,0.0,25.0,65.76,91.0
town hill,2025/2026,149.0,201.0,151.0,167.0,29.46183972531247,-52.0,249.57142857142858,14,103.0,6.0,21.0,0.0,19.0,144.6,170.0
trichardt,2025/2026,41.0,89.0,84.0,71.33333333333333,26.38812864401971,-48.0,79.57142857142857,14,20.0,1.0,6.0,0.0,14.0,46.74,65.0
trompsburg,2025/2026,50.0,39.0,31.0,40.0,9.539392014169456,11.0,33.785714285714285,14,43.0,1.0,0.0,0.0,6.0,43.51,41.0
tsakane,2025/2026,779.0,821.0,920.0,840.0,72.39475119095306,-42.0,1115.5714285714287,14,407.0,121.0,69.0,110.0,72.0,720.86,622.0
tseki,2025/2026,139.0,159.0,147.0,148.33333333333334,10.066445913694333,-20.0,232.71428571428572,14,103.0,16.0,5.0,1.0,14.0,135.04,175.0
tseseng,2025/2026,77.0,85.0,94.0,85.33333333333333,8.504900548115383,-8.0,112.85714285714286,14,62.0,8.0,0.0,0.0,7.0,80.03,83.0
tshamutumbu,2025/2026,8.0,14.0,7.0,9.666666666666666,3.7859388972001824,-6.0,15.071428571428571,14,1.0,1.0,0.0,4.0,2.0,10.76,5.0
tshaulu,2025/2026,72.0,41.0,72.0,61.666666666666664,17.8978583448784,31.0,66.78571428571429,14,61.0,7.0,2.0,1.0,1.0,66.76,58.0
tshidilamolomo,2025/2026,8.0,6.0,11.0,8.333333333333334,2.516611478423583,2.0,7.928571428571429,14,7.0,0.0,1.0,0.0,0.0,6.76,9.0
tshilwavhusiku,2025/2026,195.0,225.0,187.0,202.33333333333334,20.033305601755625,-30.0,162.64285714285714,14,156.0,12.0,4.0,4.0,19.0,172.94,191.0
tshitale,2025/2026,50.0,41.0,40.0,43.666666666666664,5.507570547286102,9.0,50.642857142857146,14,36.0,13.0,0.0,0.0,1.0,45.5,33.0
tsineng,2025/2026,9.0,12.0,11.0,10.666666666666666,1.5275252316519468,-3.0,11.142857142857142,14,9.0,0.0,0.0,0.0,0.0,10.16,21.0
tsolo,2025/2026,199.0,161.0,196.0,185.33333333333334,21.1266025033211,38.0,161.71428571428572,14,90.0,63.0,5.0,29.0,12.0,194.51,214.0
tsomo,2025/2026,60.0,45.0,72.0,59.0,13.527749258468683,15.0,69.21428571428571,14,34.0,10.0,6.0,4.0,6.0,59.0,71.0
tubatse,2025/2026,202.0,174.0,192.0,189.33333333333334,14.189197769195175,28.0,281.35714285714283,14,161.0,8.0,10.0,6.0,17.0,181.69,137.0
tuinplaas,2025/2026,4.0,3.0,3.0,3.3333333333333335,0.5773502691896258,1.0,11.857142857142858,14,3.0,0.0,0.0,0.0,1.0,3.91,11.0
tulbagh,2025/2026,167.0,121.0,161.0,149.66666666666666,25.006665778014735,46.0,180.64285714285714,14,125.0,0.0,1.0,0.0,41.0,153.91,147.0
tumahole,2025/2026,128.0,158.0,205.0,163.66666666666666,38.81151032017865,-30.0,193.28571428571428,14,106.0,3.0,4.0,2.0,13.0,130.76,125.0
tweefontein,2025/2026,232.0,272.0,210.0,238.0,31.432467291003423,-40.0,216.64285714285714,14,153.0,28.0,10.0,17.0,24.0,219.96,169.0
tweeling,2025/2026,36.0,40.0,39.0,38.333333333333336,2.0816659994661326,-4.0,41.285714285714285,14,27.0,1.0,4.0,0.0,4.0,34.98,46.0
tweespruit,2025/2026,19.0,29.0,29.0,25.666666666666668,5.773502691896257,-10.0,23.357142857142858,14,16.0,1.0,1.0,0.0,1.0,20.53,19.0
tyefu,2025/2026,12.0,14.0,20.0,15.333333333333334,4.163331998932265,-2.0,17.785714285714285,14,9.0,2.0,0.0,0.0,1.0,13.7,18.0
tylden,2025/2026,3.0,12.0,5.0,6.666666666666667,4.725815626252609,-9.0,3.7857142857142856,14,2.0,1.0,0.0,0.0,0.0,5.76,6.0
tzaneen,2025/2026,324.0,458.0,471.0,417.6666666666667,81.37772012862817,-134.0,534.2857142857143,14,181.0,37.0,11.0,4.0,91.0,339.51,341.0
ugie,2025/2026,38.0,35.0,50.0,41.0,7.937253933193772,3.0,56.214285714285715,14,20.0,5.0,5.0,4.0,4.0,40.25,52.0
uitenhage,2025/2026,384.0,444.0,432.0,420.0,31.74901573277509,-60.0,542.9166666666666,14,163.0,20.0,49.0,16.0,136.0,370.67,
ulundi,2025/2026,332.0,265.0,262.0,286.3333333333333,39.576929306520654,67.0,300.92857142857144,14,204.0,18.0,8.0,4.0,98.0,290.46,224.0
umbilo,2025/2026,939.0,1373.0,1607.0,1306.3333333333333,338.95329078404495,-434.0,1882.5714285714287,14,206.0,46.0,235.0,56.0,396.0,1003.07,596.0
umbumbulu,2025/2026,179.0,143.0,167.0,163.0,18.33030277982336,36.0,163.28571428571428,14,110.0,33.0,4.0,27.0,5.0,170.45,171.0
umhlali,2025/2026,377.0,425.0,377.0,393.0,27.712812921102035,-48.0,497.64285714285717,14,224.0,53.0,41.0,7.0,52.0,363.38,387.0
umkomaas,2025/2026,543.0,543.0,555.0,547.0,6.928203230275509,0.0,654.0,14,389.0,48.0,25.0,16.0,65.0,478.95,522.0
umlazi,2025/2026,1027.0,907.0,920.0,951.3333333333334,65.8508415537215,120.0,1245.2857142857142,14,392.0,244.0,66.0,207.0,118.0,944.68,880.0
umsunduzi,2025/2026,54.0,49.0,45.0,49.333333333333336,4.509249752822894,5.0,67.14285714285714,14,32.0,13.0,2.0,3.0,4.0,53.54,62.0
umzimkhulu,2025/2026,160.0,172.0,194.0,175.33333333333334,17.243356208503418,-12.0,194.57142857142858,14,96.0,25.0,5.0,3.0,31.0,156.43,161.0
umzinto,2025/2026,152.0,214.0,208.0,191.33333333333334,34.19551627528576,-62.0,235.0,14,104.0,9.0,6.0,8.0,25.0,160.64,148.0
uniondale,2025/2026,73.0,74.0,78.0,75.0,2.6457513110645907,-1.0,82.07142857142857,14,59.0,0.0,0.0,0.0,14.0,72.26,75.0
upington,2025/2026,400.0,398.0,371.0,389.6666666666667,16.19670748434179,2.0,384.57142857142856,14,245.0,4.0,3.0,1.0,147.0,364.28,380.0
upper tugela,2025/2026,30.0,25.0,27.0,27.333333333333332,2.5166114784235836,5.0,34.92857142857143,14,24.0,3.0,1.0,0.0,2.0,26.54,28.0
utrecht,2025/2026,71.0,74.0,89.0,78.0,9.643650760992955,-3.0,78.07142857142857,14,53.0,2.0,2.0,0.0,14.0,72.52,71.0
vaal marina,2025/2026,26.0,18.0,53.0,32.333333333333336,18.339392937971894,8.0,32.142857142857146,14,22.0,2.0,0.0,1.0,1.0,26.16,35.0
vaalbank,2025/2026,119.0,116.0,131.0,122.0,7.937253933193772,3.0,172.57142857142858,14,75.0,19.0,5.0,12.0,8.0,113.27,119.0
vaalwater,2025/2026,80.0,101.0,82.0,87.66666666666667,11.590225767142474,-21.0,93.07142857142857,14,69.0,1.0,0.0,0.0,10.0,80.4,76.0
val,2025/2026,5.0,4.0,11.0,6.666666666666667,3.7859388972001824,1.0,12.357142857142858,14,1.0,0.0,1.0,1.0,2.0,4.9,2.0
van reenen,2025/2026,17.0,10.0,4.0,10.333333333333334,6.506407098647712,7.0,13.285714285714286,14,2.0,0.0,0.0,0.0,15.0,13.98,18.0
van stadensrus,2025/2026,9.0,10.0,6.0,8.333333333333334,2.0816659994661326,-1.0,10.0,14,9.0,0.0,0.0,0.0,0.0,9.71,3.0
van zylsrus,2025/2026,2.0,3.0,0.0,1.6666666666666667,1.5275252316519465,-1.0,1.0714285714285714,14,2.0,0.0,0.0,0.0,0.0,2.13,0.0
vanderbijlpark,2025/2026,1109.0,1204.0,1257.0,1190.0,74.98666548127073,-95.0,1561.5714285714287,14,531.0,106.0,199.0,52.0,221.0,1063.67,916.0
vanderkloof,2025/2026,3.0,0.0,2.0,1.6666666666666667,1.5275252316519468,3.0,6.0,14,3.0,0.0,0.0,0.0,0.0,2.32,4.0
vanrhynsdorp,2025/2026,28.0,45.0,32.0,35.0,8.888194417315589,-17.0,32.07142857142857,14,24.0,0.0,1.0,0.0,3.0,30.0,13.0
vanwyksvlei,2025/2026,14.0,11.0,12.0,12.333333333333334,1.5275252316519468,3.0,9.571428571428571,14,13.0,0.0,0.0,0.0,1.0,11.33,1.0
ventersburg,2025/2026,89.0,239.0,177.0,168.33333333333334,75.37461995481857,-150.0,92.07142857142857,14,50.0,3.0,1.0,0.0,35.0,95.57,73.0
ventersdorp,2025/2026,254.0,232.0,268.0,251.33333333333334,18.147543451754935,22.0,280.07142857142856,14,193.0,15.0,5.0,3.0,38.0,229.72,322.0
venterstad,2025/2026,24.0,20.0,13.0,19.0,5.5677643628300215,4.0,31.571428571428573,14,20.0,0.0,1.0,0.0,3.0,20.63,38.0
vereeniging,2025/2026,706.0,764.0,796.0,755.3333333333334,45.62163229580166,-58.0,1323.0,14,285.0,57.0,165.0,48.0,151.0,661.23,592.0
verena,2025/2026,134.0,128.0,124.0,128.66666666666666,5.033222956847167,6.0,98.64285714285714,14,84.0,22.0,4.0,9.0,15.0,125.56,107.0
verkeerdevlei,2025/2026,15.0,7.0,4.0,8.666666666666666,5.686240703077327,8.0,14.428571428571429,14,11.0,0.0,0.0,0.0,4.0,12.16,14.0
verkykerskop,2025/2026,5.0,3.0,4.0,4.0,1.0,2.0,8.142857142857142,14,2.0,0.0,1.0,0.0,2.0,3.84,2.0
verulam,2025/2026,1118.0,1078.0,1042.0,1079.3333333333333,38.01753981168868,40.0,941.0714285714286,14,455.0,190.0,207.0,82.0,184.0,1055.4,1016.0
vhulaudzi,2025/2026,22.0,24.0,21.0,22.333333333333332,1.5275252316519468,-2.0,12.357142857142858,14,17.0,4.0,0.0,0.0,1.0,21.44,17.0
victoria west,2025/2026,68.0,64.0,94.0,75.33333333333333,16.289055630494154,4.0,65.0,14,57.0,0.0,1.0,0.0,10.0,67.03,72.0
vierfontein,2025/2026,18.0,22.0,27.0,22.333333333333332,4.509249752822894,-4.0,29.214285714285715,14,9.0,2.0,2.0,1.0,4.0,18.59,46.0
viljoensdrif,2025/2026,12.0,12.0,18.0,14.0,3.4641016151377544,0.0,20.285714285714285,14,7.0,1.0,2.0,1.0,1.0,11.67,26.0
viljoenskroon,2025/2026,119.0,141.0,190.0,150.0,36.345563690772494,-22.0,155.0,14,92.0,8.0,1.0,0.0,18.0,117.36,118.0
villa nora,2025/2026,63.0,65.0,48.0,58.666666666666664,9.291573243177568,-2.0,66.85714285714286,14,51.0,0.0,1.0,1.0,10.0,63.06,68.0
villieria,2025/2026,517.0,656.0,792.0,655.0,137.5027272456805,-139.0,1013.1428571428571,14,201.0,27.0,138.0,17.0,134.0,512.98,417.0
villiers,2025/2026,55.0,57.0,78.0,63.333333333333336,12.741009902410928,-2.0,81.35714285714286,14,34.0,1.0,12.0,5.0,3.0,58.44,70.0
villiersdorp,2025/2026,165.0,165.0,177.0,169.0,6.928203230275509,0.0,194.78571428571428,14,131.0,2.0,0.0,2.0,30.0,155.29,115.0
vioolsdrif,2025/2026,5.0,10.0,7.0,7.333333333333333,2.516611478423583,-5.0,16.071428571428573,14,3.0,1.0,0.0,0.0,1.0,6.93,4.0
virginia,2025/2026,258.0,229.0,335.0,274.0,54.78138369920935,29.0,321.0,14,184.0,10.0,9.0,2.0,53.0,231.1,253.0
volksrust,2025/2026,169.0,222.0,212.0,201.0,28.160255680657446,-53.0,231.64285714285714,14,122.0,9.0,4.0,1.0,33.0,170.56,168.0
vorstershoop,2025/2026,0.0,0.0,1.0,0.3333333333333333,0.5773502691896258,0.0,0.5714285714285714,14,0.0,0.0,0.0,0.0,0.0,1.58,0.0
vosburg,2025/2026,4.0,5.0,6.0,5.0,1.0,-1.0,6.5,14,4.0,0.0,0.0,0.0,0.0,3.97,5.0
vosloorus,2025/2026,617.0,606.0,642.0,621.6666666666666,18.44812546936228,11.0,917.7142857142857,14,219.0,57.0,78.0,164.0,99.0,565.33,566.0
vosman,2025/2026,964.0,878.0,932.0,924.6666666666666,43.4664621672081,86.0,1209.4285714285713,14,480.0,65.0,130.0,131.0,158.0,902.6,801.0
vrede,2025/2026,113.0,160.0,146.0,139.66666666666666,24.13158373031769,-47.0,137.92857142857142,14,93.0,3.0,2.0,1.0,14.0,110.65,103.0
vredefort,2025/2026,89.0,56.0,58.0,67.66666666666667,18.502252115170556,33.0,68.42857142857143,14,75.0,4.0,2.0,0.0,8.0,81.73,62.0
vredenburg,2025/2026,450.0,499.0,482.0,477.0,24.879710609249457,-49.0,799.0,14,276.0,40.0,10.0,3.0,121.0,410.31,424.0
vredendal,2025/2026,159.0,196.0,226.0,193.66666666666666,33.560889936551646,-37.0,209.92857142857142,14,118.0,5.0,4.0,0.0,32.0,162.19,173.0
vryburg,2025/2026,171.0,206.0,265.0,214.0,47.50789408087881,-35.0,361.64285714285717,14,104.0,1.0,3.0,1.0,62.0,177.26,268.0
vryheid,2025/2026,445.0,571.0,598.0,538.0,81.6639455328972,-126.0,514.2857142857143,14,285.0,18.0,15.0,2.0,125.0,421.61,405.0
vulindlela,2025/2026,227.0,235.0,229.0,230.33333333333334,4.163331998932266,-8.0,332.35714285714283,14,148.0,13.0,9.0,5.0,52.0,210.49,250.0
vuwani,2025/2026,254.0,210.0,191.0,218.33333333333334,32.31614663497697,44.0,223.42857142857142,14,198.0,30.0,2.0,2.0,22.0,223.71,203.0
wakkerstroom,2025/2026,20.0,13.0,24.0,19.0,5.5677643628300215,7.0,24.285714285714285,14,16.0,0.0,2.0,0.0,2.0,16.53,31.0
walmer,2025/2026,845.0,1005.0,1079.0,976.3333333333334,119.60490513910094,-160.0,1275.142857142857,14,391.0,30.0,62.0,24.0,338.0,794.09,750.0
wanda,2025/2026,0.0,0.0,0.0,0.0,0.0,0.0,0.2857142857142857,14,0.0,0.0,0.0,0.0,0.0,4.23,0.0
warden,2025/2026,103.0,66.0,78.0,82.33333333333333,18.876793513023692,37.0,102.35714285714286,14,71.0,4.0,15.0,1.0,12.0,96.57,62.0
warrenton,2025/2026,112.0,124.0,151.0,129.0,19.974984355438178,-12.0,203.35714285714286,14,94.0,5.0,2.0,0.0,11.0,110.08,111.0
wartburg,2025/2026,41.0,62.0,65.0,56.0,13.076696830622021,-21.0,64.85714285714286,14,30.0,7.0,1.0,0.0,3.0,43.64,54.0
wasbank,2025/2026,5.0,19.0,13.0,12.333333333333334,7.023769168568492,-14.0,13.0,14,4.0,0.0,0.0,0.0,1.0,9.69,10.0
waterpoort,2025/2026,9.0,11.0,11.0,10.333333333333334,1.1547005383792517,-2.0,11.928571428571429,14,6.0,3.0,0.0,0.0,0.0,9.96,6.0
waterval,2025/2026,215.0,180.0,189.0,194.66666666666666,18.175074506954115,35.0,289.42857142857144,14,130.0,37.0,3.0,6.0,39.0,204.14,177.0
waterval boven,2025/2026,47.0,123.0,76.0,82.0,38.353617821530214,-76.0,78.07142857142857,14,37.0,2.0,2.0,0.0,6.0,52.36,42.0
wedela,2025/2026,84.0,92.0,130.0,102.0,24.576411454889016,-8.0,109.57142857142857,14,66.0,4.0,7.0,2.0,5.0,88.1,88.0
weenen,2025/2026,33.0,40.0,38.0,37.0,3.605551275463989,-7.0,44.285714285714285,14,21.0,7.0,0.0,2.0,3.0,33.48,24.0
welbekend,2025/2026,170.0,258.0,238.0,222.0,46.130250378683186,-88.0,271.7142857142857,14,98.0,11.0,15.0,12.0,34.0,174.11,174.0
welkom,2025/2026,827.0,1082.0,1154.0,1021.0,171.82258291621622,-255.0,1274.5714285714287,14,453.0,46.0,50.0,8.0,270.0,795.98,732.0
wellington,2025/2026,418.0,554.0,573.0,515.0,84.53993139339539,-136.0,709.3571428571429,14,238.0,5.0,15.0,7.0,153.0,414.13,377.0
wembezi,2025/2026,85.0,65.0,103.0,84.33333333333333,19.008769905844336,20.0,82.78571428571429,14,63.0,11.0,3.0,1.0,7.0,82.8,57.0
wentworth,2025/2026,326.0,393.0,311.0,343.3333333333333,43.66157731156002,-67.0,402.0,14,120.0,6.0,101.0,12.0,87.0,326.09,297.0
wepener,2025/2026,24.0,50.0,46.0,40.0,14.0,-26.0,53.42857142857143,14,20.0,1.0,2.0,1.0,0.0,28.65,41.0
wesselsbron,2025/2026,148.0,150.0,138.0,145.33333333333334,6.429100507328636,-2.0,153.64285714285714,14,117.0,11.0,2.0,0.0,18.0,139.07,100.0
westenburg,2025/2026,394.0,511.0,665.0,523.3333333333334,135.9203197955822,-117.0,765.3571428571429,14,169.0,24.0,39.0,8.0,154.0,407.01,353.0
westonaria,2025/2026,377.0,425.0,473.0,425.0,48.0,-48.0,609.3571428571429,14,165.0,41.0,64.0,73.0,34.0,389.61,344.0
westville,2025/2026,520.0,468.0,423.0,470.3333333333333,48.542077966783964,52.0,762.6428571428571,14,180.0,26.0,123.0,10.0,181.0,481.62,427.0
whittlesea,2025/2026,211.0,185.0,214.0,203.33333333333334,15.947831618540913,26.0,155.5,14,176.0,15.0,1.0,3.0,16.0,185.86,215.0
wierdabrug,2025/2026,1361.0,1771.0,1652.0,1594.6666666666667,210.9273176554742,-410.0,2333.9285714285716,14,437.0,91.0,390.0,78.0,365.0,1383.0,1151.0
williston,2025/2026,12.0,13.0,11.0,12.0,1.0,-1.0,16.714285714285715,14,12.0,0.0,0.0,0.0,0.0,12.87,15.0
willowmore,2025/2026,76.0,98.0,99.0,91.0,13.0,-22.0,67.14285714285714,14,60.0,3.0,0.0,0.0,13.0,76.0,40.0
willowvale,2025/2026,110.0,122.0,118.0,116.66666666666667,6.110100926607786,-12.0,147.42857142857142,14,56.0,42.0,5.0,3.0,4.0,112.27,114.0
winburg,2025/2026,44.0,51.0,96.0,63.666666666666664,28.21937868439582,-7.0,73.78571428571429,14,24.0,0.0,1.0,1.0,18.0,48.18,67.0
windsorton,2025/2026,49.0,58.0,47.0,51.333333333333336,5.8594652770823155,-9.0,52.0,14,43.0,0.0,2.0,0.0,4.0,46.73,36.0
winterton,2025/2026,61.0,49.0,61.0,57.0,6.928203230275509,12.0,93.21428571428571,14,45.0,1.0,1.0,1.0,13.0,57.34,77.0
witbank,2025/2026,1525.0,1772.0,1636.0,1644.3333333333333,123.71068399024125,-247.0,2568.1428571428573,14,601.0,57.0,188.0,106.0,573.0,1461.11,1308.0
witdraai,2025/2026,1.0,5.0,2.0,2.6666666666666665,2.081665999466133,-4.0,3.2142857142857144,14,1.0,0.0,0.0,0.0,0.0,2.07,1.0
witpoort,2025/2026,38.0,31.0,56.0,41.666666666666664,12.897028081435401,7.0,46.214285714285715,14,32.0,1.0,3.0,0.0,2.0,36.74,53.0
witrivier,2025/2026,339.0,443.0,454.0,412.0,63.45864795282043,-104.0,520.5714285714286,14,136.0,37.0,29.0,25.0,112.0,348.47,308.0
wolmaransstad,2025/2026,270.0,373.0,436.0,359.6666666666667,83.79936356162459,-103.0,300.07142857142856,14,149.0,28.0,1.0,4.0,88.0,276.9,277.0
wolseley,2025/2026,109.0,142.0,134.0,128.33333333333334,17.214335111567145,-33.0,164.42857142857142,14,77.0,4.0,3.0,1.0,24.0,105.68,132.0
wolwefontein,2025/2026,4.0,4.0,2.0,3.3333333333333335,1.1547005383792515,0.0,4.142857142857143,14,4.0,0.0,0.0,0.0,0.0,3.78,3.0
wonderboompoort,2025/2026,336.0,412.0,444.0,397.3333333333333,55.47371750057259,-76.0,500.85714285714283,14,106.0,9.0,129.0,9.0,83.0,347.78,292.0
woodstock,2025/2026,784.0,909.0,940.0,877.6666666666666,82.58530942808977,-125.0,1362.2857142857142,14,152.0,7.0,111.0,12.0,502.0,740.01,861.0
worcester,2025/2026,1012.0,1025.0,1161.0,1066.0,82.52878285786117,-13.0,1621.5,14,413.0,20.0,42.0,4.0,533.0,929.01,741.0
wrenchville,2025/2026,55.0,48.0,78.0,60.333333333333336,15.69500982265807,7.0,68.85714285714286,14,43.0,5.0,1.0,1.0,5.0,55.29,73.0
wynberg,2025/2026,551.0,873.0,870.0,764.6666666666666,185.04684091692388,-322.0,1106.5714285714287,14,116.0,3.0,37.0,8.0,387.0,538.63,395.0
yeoville,2025/2026,324.0,432.0,544.0,433.3333333333333,110.00606043911095,-108.0,655.5714285714286,14,65.0,17.0,62.0,65.0,115.0,346.65,298.0
zaaiplaas,2025/2026,48.0,38.0,44.0,43.333333333333336,5.033222956847167,10.0,44.714285714285715,14,36.0,1.0,0.0,2.0,9.0,43.53,22.0
zamdela,2025/2026,383.0,322.0,446.0,383.6666666666667,62.002688113769175,61.0,512.0714285714286,14,277.0,25.0,37.0,10.0,34.0,345.37,340.0
zamuxolo,2025/2026,3.0,1.0,3.0,2.3333333333333335,1.1547005383792515,2.0,6.071428571428571,14,1.0,2.0,0.0,0.0,0.0,2.32,6.0
zastron,2025/2026,122.0,101.0,72.0,98.33333333333333,25.106440076867393,21.0,107.42857142857143,14,105.0,15.0,0.0,0.0,2.0,115.22,77.0
zebediela,2025/2026,3.0,8.0,11.0,7.333333333333333,4.041451884327381,-5.0,109.5,14,2.0,1.0,0.0,0.0,0.0,6.45,5.0
zeerust,2025/2026,179.0,162.0,153.0,164.66666666666666,13.203534880225572,17.0,194.5,14,112.0,5.0,10.0,2.0,50.0,162.6,186.0
zele,2025/2026,143.0,139.0,174.0,152.0,19.157244060668017,4.0,143.85714285714286,14,125.0,9.0,0.0,3.0,6.0,136.24,130.0
zonkizizwe,2025/2026,162.0,135.0,140.0,145.66666666666666,14.364307617610162,27.0,172.14285714285714,14,88.0,10.0,14.0,34.0,16.0,151.2,108.0
zwelitsha,2025/2026,296.0,222.0,267.0,261.6666666666667,37.28717384481336,74.0,321.85714285714283,14,208.0,13.0,16.0,7.0,52.0,256.56,268.0
