station,year,year_start,risk_total,risk_total_lag_1,split,model_prediction
aberdeen,2011/2012,2011,70,57.0,train,
aberdeen,2012/2013,2012,55,70.0,train,
aberdeen,2013/2014,2013,54,55.0,train,
aberdeen,2014/2015,2014,91,54.0,train,
aberdeen,2015/2016,2015,85,91.0,train,
aberdeen,2016/2017,2016,110,85.0,train,
aberdeen,2017/2018,2017,89,110.0,train,
aberdeen,2018/2019,2018,72,89.0,train,
aberdeen,2019/2020,2019,68,72.0,train,
aberdeen,2020/2021,2020,77,68.0,train,
aberdeen,2021/2022,2021,66,77.0,train,
aberdeen,2022/2023,2022,91,66.0,test,68.78132881821983
aberdeen,2023/2024,2023,70,91.0,test,87.204052575039
aberdeen,2024/2025,2024,60,70.0,test,69.20634815862597
acornhoek,2011/2012,2011,352,416.0,train,
acornhoek,2012/2013,2012,329,352.0,train,
acornhoek,2013/2014,2013,357,329.0,train,
acornhoek,2014/2015,2014,284,357.0,train,
acornhoek,2015/2016,2015,314,284.0,train,
acornhoek,2016/2017,2016,394,314.0,train,
acornhoek,2017/2018,2017,335,394.0,train,
acornhoek,2018/2019,2018,349,335.0,train,
acornhoek,2019/2020,2019,434,349.0,train,
acornhoek,2020/2021,2020,408,434.0,train,
acornhoek,2021/2022,2021,332,408.0,train,
acornhoek,2022/2023,2022,360,332.0,test,336.67499947691414
acornhoek,2023/2024,2023,272,360.0,test,350.8758234828133
acornhoek,2024/2025,2024,180,272.0,test,263.7842589783046
actonville,2011/2012,2011,304,299.0,train,
actonville,2012/2013,2012,329,304.0,train,
actonville,2013/2014,2013,318,329.0,train,
actonville,2014/2015,2014,363,318.0,train,
actonville,2015/2016,2015,285,363.0,train,
actonville,2016/2017,2016,366,285.0,train,
actonville,2017/2018,2017,364,366.0,train,
actonville,2018/2019,2018,309,364.0,train,
actonville,2019/2020,2019,285,309.0,train,
actonville,2020/2021,2020,232,285.0,train,
actonville,2021/2022,2021,193,232.0,train,
actonville,2022/2023,2022,141,193.0,test,194.148309545899
actonville,2023/2024,2023,230,141.0,test,155.21740310078457
actonville,2024/2025,2024,154,230.0,test,217.22858292906557
addo,2011/2012,2011,134,212.0,train,
addo,2012/2013,2012,195,134.0,train,
addo,2013/2014,2013,220,195.0,train,
addo,2014/2015,2014,195,220.0,train,
addo,2015/2016,2015,175,195.0,train,
addo,2016/2017,2016,145,175.0,train,
addo,2017/2018,2017,147,145.0,train,
addo,2018/2019,2018,163,147.0,train,
addo,2019/2020,2019,164,163.0,train,
addo,2020/2021,2020,141,164.0,train,
addo,2021/2022,2021,99,141.0,train,
addo,2022/2023,2022,152,99.0,test,100.45081681965752
addo,2023/2024,2023,98,152.0,test,138.96658846077383
addo,2024/2025,2024,118,98.0,test,99.57307072260194
adelaide,2011/2012,2011,84,100.0,train,
adelaide,2012/2013,2012,90,84.0,train,
adelaide,2013/2014,2013,73,90.0,train,
adelaide,2014/2015,2014,129,73.0,train,
adelaide,2015/2016,2015,103,129.0,train,
adelaide,2016/2017,2016,125,103.0,train,
adelaide,2017/2018,2017,70,125.0,train,
adelaide,2018/2019,2018,79,70.0,train,
adelaide,2019/2020,2019,87,79.0,train,
adelaide,2020/2021,2020,81,87.0,train,
adelaide,2021/2022,2021,96,81.0,train,
adelaide,2022/2023,2022,40,96.0,test,88.54356984534762
adelaide,2023/2024,2023,43,40.0,test,46.172035022651514
adelaide,2024/2025,2024,59,43.0,test,47.50420669241768
afsondering,2011/2012,2011,40,28.0,train,
afsondering,2012/2013,2012,36,40.0,train,
afsondering,2013/2014,2013,31,36.0,train,
afsondering,2014/2015,2014,51,31.0,train,
afsondering,2015/2016,2015,41,51.0,train,
afsondering,2016/2017,2016,41,41.0,train,
afsondering,2017/2018,2017,46,41.0,train,
afsondering,2018/2019,2018,36,46.0,train,
afsondering,2019/2020,2019,27,36.0,train,
afsondering,2020/2021,2020,21,27.0,train,
afsondering,2021/2022,2021,13,21.0,train,
afsondering,2022/2023,2022,18,13.0,test,17.43742943144174
afsondering,2023/2024,2023,13,18.0,test,15.71319816686677
afsondering,2024/2025,2024,7,13.0,test,16.103775958605063
aggeneys,2011/2012,2011,4,3.0,train,
aggeneys,2012/2013,2012,3,4.0,train,
aggeneys,2013/2014,2013,4,3.0,train,
aggeneys,2014/2015,2014,4,4.0,train,
aggeneys,2015/2016,2015,7,4.0,train,
aggeneys,2016/2017,2016,3,7.0,train,
aggeneys,2017/2018,2017,6,3.0,train,
aggeneys,2018/2019,2018,11,6.0,train,
aggeneys,2019/2020,2019,3,11.0,train,
aggeneys,2020/2021,2020,1,3.0,train,
aggeneys,2021/2022,2021,1,1.0,train,
aggeneys,2022/2023,2022,2,1.0,test,1.4540474075446272
aggeneys,2023/2024,2023,4,2.0,test,1.8187696619809932
aggeneys,2024/2025,2024,5,4.0,test,3.1551263500194544
akasia,2011/2012,2011,2088,2218.0,train,
akasia,2012/2013,2012,2425,2088.0,train,
akasia,2013/2014,2013,2189,2425.0,train,
akasia,2014/2015,2014,1994,2189.0,train,
akasia,2015/2016,2015,1793,1994.0,train,
akasia,2016/2017,2016,2202,1793.0,train,
akasia,2017/2018,2017,1737,2202.0,train,
akasia,2018/2019,2018,1892,1737.0,train,
akasia,2019/2020,2019,1870,1892.0,train,
akasia,2020/2021,2020,1483,1870.0,train,
akasia,2021/2022,2021,1546,1483.0,train,
akasia,2022/2023,2022,1465,1546.0,test,1429.2699965483005
akasia,2023/2024,2023,1482,1465.0,test,1374.9516855058905
akasia,2024/2025,2024,1589,1482.0,test,1375.9990617694523
albertinia,2011/2012,2011,39,26.0,train,
albertinia,2012/2013,2012,65,39.0,train,
albertinia,2013/2014,2013,81,65.0,train,
albertinia,2014/2015,2014,56,81.0,train,
albertinia,2015/2016,2015,121,56.0,train,
albertinia,2016/2017,2016,96,121.0,train,
albertinia,2017/2018,2017,86,96.0,train,
albertinia,2018/2019,2018,86,86.0,train,
albertinia,2019/2020,2019,104,86.0,train,
albertinia,2020/2021,2020,146,104.0,train,
albertinia,2021/2022,2021,147,146.0,train,
albertinia,2022/2023,2022,118,147.0,test,132.98434250193878
albertinia,2023/2024,2023,82,118.0,test,112.56150013676188
albertinia,2024/2025,2024,105,82.0,test,83.45034668698659
alberton,2011/2012,2011,1459,1643.0,train,
alberton,2012/2013,2012,1581,1459.0,train,
alberton,2013/2014,2013,1709,1581.0,train,
alberton,2014/2015,2014,1749,1709.0,train,
alberton,2015/2016,2015,1594,1749.0,train,
alberton,2016/2017,2016,1489,1594.0,train,
alberton,2017/2018,2017,1374,1489.0,train,
alberton,2018/2019,2018,1535,1374.0,train,
alberton,2019/2020,2019,1337,1535.0,train,
alberton,2020/2021,2020,1036,1337.0,train,
alberton,2021/2022,2021,1023,1036.0,train,
alberton,2022/2023,2022,1020,1023.0,test,984.7980679809898
alberton,2023/2024,2023,883,1020.0,test,967.4722087395642
alberton,2024/2025,2024,666,883.0,test,882.1075837957437
alexander bay,2011/2012,2011,27,13.0,train,
alexander bay,2012/2013,2012,9,27.0,train,
alexander bay,2013/2014,2013,17,9.0,train,
alexander bay,2014/2015,2014,18,17.0,train,
alexander bay,2015/2016,2015,41,18.0,train,
alexander bay,2016/2017,2016,36,41.0,train,
alexander bay,2017/2018,2017,38,36.0,train,
alexander bay,2018/2019,2018,48,38.0,train,
alexander bay,2019/2020,2019,31,48.0,train,
alexander bay,2020/2021,2020,23,31.0,train,
alexander bay,2021/2022,2021,14,23.0,train,
alexander bay,2022/2023,2022,25,14.0,test,18.346042620034037
alexander bay,2023/2024,2023,11,25.0,test,20.281242451434018
alexander bay,2024/2025,2024,15,11.0,test,16.798262944956637
alexandra,2011/2012,2011,745,859.0,train,
alexandra,2012/2013,2012,806,745.0,train,
alexandra,2013/2014,2013,904,806.0,train,
alexandra,2014/2015,2014,985,904.0,train,
alexandra,2015/2016,2015,993,985.0,train,
alexandra,2016/2017,2016,1044,993.0,train,
alexandra,2017/2018,2017,873,1044.0,train,
alexandra,2018/2019,2018,829,873.0,train,
alexandra,2019/2020,2019,897,829.0,train,
alexandra,2020/2021,2020,748,897.0,train,
alexandra,2021/2022,2021,795,748.0,train,
alexandra,2022/2023,2022,732,795.0,test,753.3293426826557
alexandra,2023/2024,2023,495,732.0,test,685.4867899820186
alexandra,2024/2025,2024,634,495.0,test,527.376940572173
alexandra road,2011/2012,2011,1528,1360.0,train,
alexandra road,2012/2013,2012,1278,1528.0,train,
alexandra road,2013/2014,2013,1082,1278.0,train,
alexandra road,2014/2015,2014,1161,1082.0,train,
alexandra road,2015/2016,2015,1307,1161.0,train,
alexandra road,2016/2017,2016,1357,1307.0,train,
alexandra road,2017/2018,2017,1370,1357.0,train,
alexandra road,2018/2019,2018,1414,1370.0,train,
alexandra road,2019/2020,2019,1325,1414.0,train,
alexandra road,2020/2021,2020,1029,1325.0,train,
alexandra road,2021/2022,2021,912,1029.0,train,
alexandra road,2022/2023,2022,992,912.0,test,900.9208557854705
alexandra road,2023/2024,2023,888,992.0,test,930.767507172138
alexandra road,2024/2025,2024,927,888.0,test,849.6833034372297
alexandria,2011/2012,2011,149,191.0,train,
alexandria,2012/2013,2012,195,149.0,train,
alexandria,2013/2014,2013,161,195.0,train,
alexandria,2014/2015,2014,168,161.0,train,
alexandria,2015/2016,2015,143,168.0,train,
alexandria,2016/2017,2016,175,143.0,train,
alexandria,2017/2018,2017,166,175.0,train,
alexandria,2018/2019,2018,226,166.0,train,
alexandria,2019/2020,2019,168,226.0,train,
alexandria,2020/2021,2020,115,168.0,train,
alexandria,2021/2022,2021,99,115.0,train,
alexandria,2022/2023,2022,118,99.0,test,98.16654669781941
alexandria,2023/2024,2023,119,118.0,test,109.8552942178555
alexandria,2024/2025,2024,88,119.0,test,111.16720475305681
algoapark,2011/2012,2011,723,736.0,train,
algoapark,2012/2013,2012,763,723.0,train,
algoapark,2013/2014,2013,719,763.0,train,
algoapark,2014/2015,2014,761,719.0,train,
algoapark,2015/2016,2015,835,761.0,train,
algoapark,2016/2017,2016,734,835.0,train,
algoapark,2017/2018,2017,652,734.0,train,
algoapark,2018/2019,2018,707,652.0,train,
algoapark,2019/2020,2019,685,707.0,train,
algoapark,2020/2021,2020,519,685.0,train,
algoapark,2021/2022,2021,422,519.0,train,
algoapark,2022/2023,2022,427,422.0,test,429.41239197013
algoapark,2023/2024,2023,429,427.0,test,415.4191406709281
algoapark,2024/2025,2024,396,429.0,test,409.4991570337192
alice,2011/2012,2011,327,289.0,train,
alice,2012/2013,2012,262,327.0,train,
alice,2013/2014,2013,275,262.0,train,
alice,2014/2015,2014,325,275.0,train,
alice,2015/2016,2015,296,325.0,train,
alice,2016/2017,2016,389,296.0,train,
alice,2017/2018,2017,333,389.0,train,
alice,2018/2019,2018,314,333.0,train,
alice,2019/2020,2019,290,314.0,train,
alice,2020/2021,2020,257,290.0,train,
alice,2021/2022,2021,260,257.0,train,
alice,2022/2023,2022,321,260.0,test,237.40646171403324
alice,2023/2024,2023,302,321.0,test,272.0197340901798
alice,2024/2025,2024,296,302.0,test,274.35583036780827
alicedale,2011/2012,2011,34,41.0,train,
alicedale,2012/2013,2012,29,34.0,train,
alicedale,2013/2014,2013,23,29.0,train,
alicedale,2014/2015,2014,13,23.0,train,
alicedale,2015/2016,2015,13,13.0,train,
alicedale,2016/2017,2016,33,13.0,train,
alicedale,2017/2018,2017,18,33.0,train,
alicedale,2018/2019,2018,17,18.0,train,
alicedale,2019/2020,2019,14,17.0,train,
alicedale,2020/2021,2020,26,14.0,train,
alicedale,2021/2022,2021,21,26.0,train,
alicedale,2022/2023,2022,21,21.0,test,20.47207632458302
alicedale,2023/2024,2023,19,21.0,test,19.66288848564958
alicedale,2024/2025,2024,20,19.0,test,19.38860010644479
aliwal north,2011/2012,2011,176,159.0,train,
aliwal north,2012/2013,2012,160,176.0,train,
aliwal north,2013/2014,2013,169,160.0,train,
aliwal north,2014/2015,2014,160,169.0,train,
aliwal north,2015/2016,2015,230,160.0,train,
aliwal north,2016/2017,2016,206,230.0,train,
aliwal north,2017/2018,2017,188,206.0,train,
aliwal north,2018/2019,2018,254,188.0,train,
aliwal north,2019/2020,2019,181,254.0,train,
aliwal north,2020/2021,2020,149,181.0,train,
aliwal north,2021/2022,2021,262,149.0,train,
aliwal north,2022/2023,2022,295,262.0,test,224.6929693434606
aliwal north,2023/2024,2023,255,295.0,test,253.76877105696832
aliwal north,2024/2025,2024,221,255.0,test,240.3100785233555
allanridge,2011/2012,2011,113,109.0,train,
allanridge,2012/2013,2012,113,113.0,train,
allanridge,2013/2014,2013,95,113.0,train,
allanridge,2014/2015,2014,108,95.0,train,
allanridge,2015/2016,2015,78,108.0,train,
allanridge,2016/2017,2016,68,78.0,train,
allanridge,2017/2018,2017,75,68.0,train,
allanridge,2018/2019,2018,97,75.0,train,
allanridge,2019/2020,2019,66,97.0,train,
allanridge,2020/2021,2020,59,66.0,train,
allanridge,2021/2022,2021,86,59.0,train,
allanridge,2022/2023,2022,103,86.0,test,80.3909411849015
allanridge,2023/2024,2023,78,103.0,test,95.70359560188597
allanridge,2024/2025,2024,81,78.0,test,78.56345465784698
alldays,2011/2012,2011,21,26.0,train,
alldays,2012/2013,2012,20,21.0,train,
alldays,2013/2014,2013,25,20.0,train,
alldays,2014/2015,2014,36,25.0,train,
alldays,2015/2016,2015,29,36.0,train,
alldays,2016/2017,2016,32,29.0,train,
alldays,2017/2018,2017,30,32.0,train,
alldays,2018/2019,2018,27,30.0,train,
alldays,2019/2020,2019,19,27.0,train,
alldays,2020/2021,2020,17,19.0,train,
alldays,2021/2022,2021,18,17.0,train,
alldays,2022/2023,2022,30,18.0,test,17.024164103748276
alldays,2023/2024,2023,16,30.0,test,24.916047592976014
alldays,2024/2025,2024,25,16.0,test,20.652184577632678
amalia,2011/2012,2011,24,22.0,train,
amalia,2012/2013,2012,30,24.0,train,
amalia,2013/2014,2013,53,30.0,train,
amalia,2014/2015,2014,33,53.0,train,
amalia,2015/2016,2015,50,33.0,train,
amalia,2016/2017,2016,51,50.0,train,
amalia,2017/2018,2017,38,51.0,train,
amalia,2018/2019,2018,20,38.0,train,
amalia,2019/2020,2019,24,20.0,train,
amalia,2020/2021,2020,38,24.0,train,
amalia,2021/2022,2021,31,38.0,train,
amalia,2022/2023,2022,17,31.0,test,31.19245198921779
amalia,2023/2024,2023,10,17.0,test,21.51262045460887
amalia,2024/2025,2024,11,10.0,test,15.272909266382975
amangwe,2011/2012,2011,141,134.0,train,
amangwe,2012/2013,2012,139,141.0,train,
amangwe,2013/2014,2013,137,139.0,train,
amangwe,2014/2015,2014,127,137.0,train,
amangwe,2015/2016,2015,153,127.0,train,
amangwe,2016/2017,2016,70,153.0,train,
amangwe,2017/2018,2017,75,70.0,train,
amangwe,2018/2019,2018,84,75.0,train,
amangwe,2019/2020,2019,69,84.0,train,
amangwe,2020/2021,2020,68,69.0,train,
amangwe,2021/2022,2021,122,68.0,train,
amangwe,2022/2023,2022,112,122.0,test,116.62578088208703
amangwe,2023/2024,2023,77,112.0,test,109.88078979088554
amangwe,2024/2025,2024,66,77.0,test,84.79407117191256
amanzimtoti,2011/2012,2011,1276,1094.0,train,
amanzimtoti,2012/2013,2012,1642,1276.0,train,
amanzimtoti,2013/2014,2013,1552,1642.0,train,
amanzimtoti,2014/2015,2014,1248,1552.0,train,
amanzimtoti,2015/2016,2015,1162,1248.0,train,
amanzimtoti,2016/2017,2016,1013,1162.0,train,
amanzimtoti,2017/2018,2017,985,1013.0,train,
amanzimtoti,2018/2019,2018,993,985.0,train,
amanzimtoti,2019/2020,2019,955,993.0,train,
amanzimtoti,2020/2021,2020,842,955.0,train,
amanzimtoti,2021/2022,2021,741,842.0,train,
amanzimtoti,2022/2023,2022,755,741.0,test,707.1240404253106
amanzimtoti,2023/2024,2023,671,755.0,test,696.2041353446124
amanzimtoti,2024/2025,2024,594,671.0,test,628.587647608912
amersfoort,2011/2012,2011,226,278.0,train,
amersfoort,2012/2013,2012,205,226.0,train,
amersfoort,2013/2014,2013,251,205.0,train,
amersfoort,2014/2015,2014,302,251.0,train,
amersfoort,2015/2016,2015,258,302.0,train,
amersfoort,2016/2017,2016,231,258.0,train,
amersfoort,2017/2018,2017,224,231.0,train,
amersfoort,2018/2019,2018,99,224.0,train,
amersfoort,2019/2020,2019,72,99.0,train,
amersfoort,2020/2021,2020,82,72.0,train,
amersfoort,2021/2022,2021,51,82.0,train,
amersfoort,2022/2023,2022,103,51.0,test,55.31417124609064
amersfoort,2023/2024,2023,101,103.0,test,97.65180942729002
amersfoort,2024/2025,2024,90,101.0,test,95.82760267845552
amsterdam,2011/2012,2011,169,142.0,train,
amsterdam,2012/2013,2012,125,169.0,train,
amsterdam,2013/2014,2013,130,125.0,train,
amsterdam,2014/2015,2014,105,130.0,train,
amsterdam,2015/2016,2015,71,105.0,train,
amsterdam,2016/2017,2016,74,71.0,train,
amsterdam,2017/2018,2017,74,74.0,train,
amsterdam,2018/2019,2018,58,74.0,train,
amsterdam,2019/2020,2019,77,58.0,train,
amsterdam,2020/2021,2020,52,77.0,train,
amsterdam,2021/2022,2021,70,52.0,train,
amsterdam,2022/2023,2022,60,70.0,test,64.30353030813531
amsterdam,2023/2024,2023,64,60.0,test,61.25460034958365
amsterdam,2024/2025,2024,75,64.0,test,61.17717277020276
apel,2011/2012,2011,84,74.0,train,
apel,2012/2013,2012,77,84.0,train,
apel,2013/2014,2013,133,77.0,train,
apel,2014/2015,2014,130,133.0,train,
apel,2015/2016,2015,100,130.0,train,
apel,2016/2017,2016,166,100.0,train,
apel,2017/2018,2017,114,166.0,train,
apel,2018/2019,2018,76,114.0,train,
apel,2019/2020,2019,89,76.0,train,
apel,2020/2021,2020,187,89.0,train,
apel,2021/2022,2021,113,187.0,train,
apel,2022/2023,2022,121,113.0,test,114.69665473830722
apel,2023/2024,2023,95,121.0,test,115.36040229442236
apel,2024/2025,2024,99,95.0,test,103.26643163551402
arlington,2011/2012,2011,16,31.0,train,
arlington,2012/2013,2012,24,16.0,train,
arlington,2013/2014,2013,19,24.0,train,
arlington,2014/2015,2014,17,19.0,train,
arlington,2015/2016,2015,14,17.0,train,
arlington,2016/2017,2016,5,14.0,train,
arlington,2017/2018,2017,8,5.0,train,
arlington,2018/2019,2018,8,8.0,train,
arlington,2019/2020,2019,10,8.0,train,
arlington,2020/2021,2020,11,10.0,train,
arlington,2021/2022,2021,11,11.0,train,
arlington,2022/2023,2022,13,11.0,test,11.419653630441282
arlington,2023/2024,2023,11,13.0,test,11.457017299018394
arlington,2024/2025,2024,10,11.0,test,11.890877371948841
ashton,2011/2012,2011,128,83.0,train,
ashton,2012/2013,2012,139,128.0,train,
ashton,2013/2014,2013,144,139.0,train,
ashton,2014/2015,2014,153,144.0,train,
ashton,2015/2016,2015,198,153.0,train,
ashton,2016/2017,2016,169,198.0,train,
ashton,2017/2018,2017,132,169.0,train,
ashton,2018/2019,2018,195,132.0,train,
ashton,2019/2020,2019,200,195.0,train,
ashton,2020/2021,2020,155,200.0,train,
ashton,2021/2022,2021,146,155.0,train,
ashton,2022/2023,2022,172,146.0,test,140.07932786373317
ashton,2023/2024,2023,169,172.0,test,153.2555837911237
ashton,2024/2025,2024,151,169.0,test,154.88457864865936
assen,2011/2012,2011,65,62.0,train,
assen,2012/2013,2012,90,65.0,train,
assen,2013/2014,2013,68,90.0,train,
assen,2014/2015,2014,64,68.0,train,
assen,2015/2016,2015,46,64.0,train,
assen,2016/2017,2016,44,46.0,train,
assen,2017/2018,2017,45,44.0,train,
assen,2018/2019,2018,45,45.0,train,
assen,2019/2020,2019,34,45.0,train,
assen,2020/2021,2020,34,34.0,train,
assen,2021/2022,2021,39,34.0,train,
assen,2022/2023,2022,39,39.0,test,37.35990357754959
assen,2023/2024,2023,28,39.0,test,38.36368791107368
assen,2024/2025,2024,20,28.0,test,31.011841654693036
atamelang,2011/2012,2011,61,51.0,train,
atamelang,2012/2013,2012,53,61.0,train,
atamelang,2013/2014,2013,53,53.0,train,
atamelang,2014/2015,2014,47,53.0,train,
atamelang,2015/2016,2015,50,47.0,train,
atamelang,2016/2017,2016,42,50.0,train,
atamelang,2017/2018,2017,63,42.0,train,
atamelang,2018/2019,2018,77,63.0,train,
atamelang,2019/2020,2019,63,77.0,train,
atamelang,2020/2021,2020,38,63.0,train,
atamelang,2021/2022,2021,43,38.0,train,
atamelang,2022/2023,2022,59,43.0,test,42.38270379664316
atamelang,2023/2024,2023,46,59.0,test,55.01294178066141
atamelang,2024/2025,2024,45,46.0,test,45.974261359232784
athlone,2011/2012,2011,1672,1664.0,train,
athlone,2012/2013,2012,1687,1672.0,train,
athlone,2013/2014,2013,1747,1687.0,train,
athlone,2014/2015,2014,1541,1747.0,train,
athlone,2015/2016,2015,1454,1541.0,train,
athlone,2016/2017,2016,1227,1454.0,train,
athlone,2017/2018,2017,1272,1227.0,train,
athlone,2018/2019,2018,1031,1272.0,train,
athlone,2019/2020,2019,913,1031.0,train,
athlone,2020/2021,2020,629,913.0,train,
athlone,2021/2022,2021,575,629.0,train,
athlone,2022/2023,2022,753,575.0,test,542.7067447862381
athlone,2023/2024,2023,806,753.0,test,691.3427911283347
athlone,2024/2025,2024,601,806.0,test,742.410440432849
atlantis,2011/2012,2011,733,726.0,train,
atlantis,2012/2013,2012,836,733.0,train,
atlantis,2013/2014,2013,790,836.0,train,
atlantis,2014/2015,2014,902,790.0,train,
atlantis,2015/2016,2015,1134,902.0,train,
atlantis,2016/2017,2016,1045,1134.0,train,
atlantis,2017/2018,2017,960,1045.0,train,
atlantis,2018/2019,2018,800,960.0,train,
atlantis,2019/2020,2019,701,800.0,train,
atlantis,2020/2021,2020,473,701.0,train,
atlantis,2021/2022,2021,449,473.0,train,
atlantis,2022/2023,2022,443,449.0,test,425.9580954334003
atlantis,2023/2024,2023,425,443.0,test,400.2475047757343
atlantis,2024/2025,2024,444,425.0,test,390.562775349189
atteridgeville,2011/2012,2011,1216,1152.0,train,
atteridgeville,2012/2013,2012,1186,1216.0,train,
atteridgeville,2013/2014,2013,1038,1186.0,train,
atteridgeville,2014/2015,2014,1265,1038.0,train,
atteridgeville,2015/2016,2015,1328,1265.0,train,
atteridgeville,2016/2017,2016,1230,1328.0,train,
atteridgeville,2017/2018,2017,1169,1230.0,train,
atteridgeville,2018/2019,2018,913,1169.0,train,
atteridgeville,2019/2020,2019,677,913.0,train,
atteridgeville,2020/2021,2020,474,677.0,train,
atteridgeville,2021/2022,2021,559,474.0,train,
atteridgeville,2022/2023,2022,594,559.0,test,544.4628858826676
atteridgeville,2023/2024,2023,672,594.0,test,562.1832548942273
atteridgeville,2024/2025,2024,651,672.0,test,623.1577930691352
augrabies,2011/2012,2011,31,41.0,train,
augrabies,2012/2013,2012,39,31.0,train,
augrabies,2013/2014,2013,41,39.0,train,
augrabies,2014/2015,2014,47,41.0,train,
augrabies,2015/2016,2015,54,47.0,train,
augrabies,2016/2017,2016,72,54.0,train,
augrabies,2017/2018,2017,49,72.0,train,
augrabies,2018/2019,2018,41,49.0,train,
augrabies,2019/2020,2019,67,41.0,train,
augrabies,2020/2021,2020,87,67.0,train,
augrabies,2021/2022,2021,98,87.0,train,
augrabies,2022/2023,2022,78,98.0,test,89.55178933716212
augrabies,2023/2024,2023,44,78.0,test,75.44560128751534
augrabies,2024/2025,2024,34,44.0,test,47.057113326114674
avondale,2011/2012,2011,35,23.0,train,
avondale,2012/2013,2012,19,35.0,train,
avondale,2013/2014,2013,31,19.0,train,
avondale,2014/2015,2014,26,31.0,train,
avondale,2015/2016,2015,49,26.0,train,
avondale,2016/2017,2016,36,49.0,train,
avondale,2017/2018,2017,35,36.0,train,
avondale,2018/2019,2018,32,35.0,train,
avondale,2019/2020,2019,25,32.0,train,
avondale,2020/2021,2020,27,25.0,train,
avondale,2021/2022,2021,29,27.0,train,
avondale,2022/2023,2022,22,29.0,test,26.369567897821554
avondale,2023/2024,2023,11,22.0,test,23.09091744894427
avondale,2024/2025,2024,5,11.0,test,16.638287566822548
babanango,2011/2012,2011,36,40.0,train,
babanango,2012/2013,2012,41,36.0,train,
babanango,2013/2014,2013,41,41.0,train,
babanango,2014/2015,2014,20,41.0,train,
babanango,2015/2016,2015,21,20.0,train,
babanango,2016/2017,2016,22,21.0,train,
babanango,2017/2018,2017,25,22.0,train,
babanango,2018/2019,2018,22,25.0,train,
babanango,2019/2020,2019,34,22.0,train,
babanango,2020/2021,2020,21,34.0,train,
babanango,2021/2022,2021,19,21.0,train,
babanango,2022/2023,2022,15,19.0,test,21.019713004113324
babanango,2023/2024,2023,19,15.0,test,17.605973724981748
babanango,2024/2025,2024,26,19.0,test,16.587422927409897
badplaas,2011/2012,2011,62,71.0,train,
badplaas,2012/2013,2012,66,62.0,train,
badplaas,2013/2014,2013,56,66.0,train,
badplaas,2014/2015,2014,36,56.0,train,
badplaas,2015/2016,2015,41,36.0,train,
badplaas,2016/2017,2016,66,41.0,train,
badplaas,2017/2018,2017,71,66.0,train,
badplaas,2018/2019,2018,75,71.0,train,
badplaas,2019/2020,2019,71,75.0,train,
badplaas,2020/2021,2020,69,71.0,train,
badplaas,2021/2022,2021,62,69.0,train,
badplaas,2022/2023,2022,81,62.0,test,64.61114784640756
badplaas,2023/2024,2023,56,81.0,test,76.15256165367427
badplaas,2024/2025,2024,73,56.0,test,57.91538105898901
bainsvlei,2011/2012,2011,348,339.0,train,
bainsvlei,2012/2013,2012,459,348.0,train,
bainsvlei,2013/2014,2013,506,459.0,train,
bainsvlei,2014/2015,2014,382,506.0,train,
bainsvlei,2015/2016,2015,299,382.0,train,
bainsvlei,2016/2017,2016,324,299.0,train,
bainsvlei,2017/2018,2017,281,324.0,train,
bainsvlei,2018/2019,2018,376,281.0,train,
bainsvlei,2019/2020,2019,324,376.0,train,
bainsvlei,2020/2021,2020,191,324.0,train,
bainsvlei,2021/2022,2021,241,191.0,train,
bainsvlei,2022/2023,2022,263,241.0,test,222.66002041407356
bainsvlei,2023/2024,2023,198,263.0,test,229.90037253032455
bainsvlei,2024/2025,2024,162,198.0,test,194.90772931013313
balfour,2011/2012,2011,36,22.0,train,
balfour,2012/2013,2012,30,36.0,train,
balfour,2013/2014,2013,33,30.0,train,
balfour,2014/2015,2014,25,33.0,train,
balfour,2015/2016,2015,27,25.0,train,
balfour,2016/2017,2016,36,27.0,train,
balfour,2017/2018,2017,41,36.0,train,
balfour,2018/2019,2018,33,41.0,train,
balfour,2019/2020,2019,43,33.0,train,
balfour,2020/2021,2020,33,43.0,train,
balfour,2021/2022,2021,16,33.0,train,
balfour,2022/2023,2022,25,16.0,test,21.704289841263098
balfour,2023/2024,2023,17,25.0,test,21.20449246405961
balfour,2024/2025,2024,9,17.0,test,18.90311813573955
balfour tvl,2011/2012,2011,308,320.0,train,
balfour tvl,2012/2013,2012,307,308.0,train,
balfour tvl,2013/2014,2013,248,307.0,train,
balfour tvl,2014/2015,2014,288,248.0,train,
balfour tvl,2015/2016,2015,322,288.0,train,
balfour tvl,2016/2017,2016,260,322.0,train,
balfour tvl,2017/2018,2017,235,260.0,train,
balfour tvl,2018/2019,2018,252,235.0,train,
balfour tvl,2019/2020,2019,274,252.0,train,
balfour tvl,2020/2021,2020,221,274.0,train,
balfour tvl,2021/2022,2021,199,221.0,train,
balfour tvl,2022/2023,2022,189,199.0,test,189.25300470570645
balfour tvl,2023/2024,2023,145,189.0,test,181.1308465963724
balfour tvl,2024/2025,2024,106,145.0,test,147.86157211662757
bandelierkop,2011/2012,2011,0,0.0,train,
bandelierkop,2012/2013,2012,0,0.0,train,
bandelierkop,2013/2014,2013,0,0.0,train,
bandelierkop,2014/2015,2014,0,0.0,train,
bandelierkop,2015/2016,2015,0,0.0,train,
bandelierkop,2016/2017,2016,0,0.0,train,
bandelierkop,2017/2018,2017,0,0.0,train,
bandelierkop,2018/2019,2018,63,0.0,train,
bandelierkop,2019/2020,2019,48,63.0,train,
bandelierkop,2020/2021,2020,55,48.0,train,
bandelierkop,2021/2022,2021,100,55.0,train,
bandelierkop,2022/2023,2022,62,100.0,test,94.44588800595773
bandelierkop,2023/2024,2023,94,62.0,test,62.462526211316806
bandelierkop,2024/2025,2024,57,94.0,test,89.90802932656909
barberton,2011/2012,2011,612,557.0,train,
barberton,2012/2013,2012,486,612.0,train,
barberton,2013/2014,2013,488,486.0,train,
barberton,2014/2015,2014,453,488.0,train,
barberton,2015/2016,2015,418,453.0,train,
barberton,2016/2017,2016,377,418.0,train,
barberton,2017/2018,2017,520,377.0,train,
barberton,2018/2019,2018,613,520.0,train,
barberton,2019/2020,2019,560,613.0,train,
barberton,2020/2021,2020,364,560.0,train,
barberton,2021/2022,2021,354,364.0,train,
barberton,2022/2023,2022,371,354.0,test,361.3984811355828
barberton,2023/2024,2023,315,371.0,test,347.5902353967771
barberton,2024/2025,2024,365,315.0,test,306.89385801542767
barkly east,2011/2012,2011,77,51.0,train,
barkly east,2012/2013,2012,75,77.0,train,
barkly east,2013/2014,2013,55,75.0,train,
barkly east,2014/2015,2014,65,55.0,train,
barkly east,2015/2016,2015,66,65.0,train,
barkly east,2016/2017,2016,90,66.0,train,
barkly east,2017/2018,2017,68,90.0,train,
barkly east,2018/2019,2018,79,68.0,train,
barkly east,2019/2020,2019,83,79.0,train,
barkly east,2020/2021,2020,74,83.0,train,
barkly east,2021/2022,2021,82,74.0,train,
barkly east,2022/2023,2022,91,82.0,test,77.09907215303534
barkly east,2023/2024,2023,85,91.0,test,83.0758582321029
barkly east,2024/2025,2024,116,85.0,test,81.9201169601637
barkly west,2011/2012,2011,89,108.0,train,
barkly west,2012/2013,2012,68,89.0,train,
barkly west,2013/2014,2013,78,68.0,train,
barkly west,2014/2015,2014,92,78.0,train,
barkly west,2015/2016,2015,124,92.0,train,
barkly west,2016/2017,2016,103,124.0,train,
barkly west,2017/2018,2017,107,103.0,train,
barkly west,2018/2019,2018,64,107.0,train,
barkly west,2019/2020,2019,54,64.0,train,
barkly west,2020/2021,2020,59,54.0,train,
barkly west,2021/2022,2021,55,59.0,train,
barkly west,2022/2023,2022,94,55.0,test,55.8397883190103
barkly west,2023/2024,2023,111,94.0,test,85.84543739570198
barkly west,2024/2025,2024,111,111.0,test,101.06456888441173
barrydale,2011/2012,2011,24,39.0,train,
barrydale,2012/2013,2012,26,24.0,train,
barrydale,2013/2014,2013,35,26.0,train,
barrydale,2014/2015,2014,32,35.0,train,
barrydale,2015/2016,2015,43,32.0,train,
barrydale,2016/2017,2016,45,43.0,train,
barrydale,2017/2018,2017,66,45.0,train,
barrydale,2018/2019,2018,61,66.0,train,
barrydale,2019/2020,2019,41,61.0,train,
barrydale,2020/2021,2020,51,41.0,train,
barrydale,2021/2022,2021,50,51.0,train,
barrydale,2022/2023,2022,41,50.0,test,47.379701702849765
barrydale,2023/2024,2023,56,41.0,test,39.28039949296444
barrydale,2024/2025,2024,65,56.0,test,51.76900199873524
batho,2011/2012,2011,161,140.0,train,
batho,2012/2013,2012,157,161.0,train,
batho,2013/2014,2013,132,157.0,train,
batho,2014/2015,2014,131,132.0,train,
batho,2015/2016,2015,111,131.0,train,
batho,2016/2017,2016,145,111.0,train,
batho,2017/2018,2017,126,145.0,train,
batho,2018/2019,2018,124,126.0,train,
batho,2019/2020,2019,105,124.0,train,
batho,2020/2021,2020,84,105.0,train,
batho,2021/2022,2021,107,84.0,train,
batho,2022/2023,2022,77,107.0,test,103.4996315925827
batho,2023/2024,2023,65,77.0,test,81.31825992366336
batho,2024/2025,2024,74,65.0,test,71.15016054421358
bathurst,2011/2012,2011,79,133.0,train,
bathurst,2012/2013,2012,113,79.0,train,
bathurst,2013/2014,2013,128,113.0,train,
bathurst,2014/2015,2014,100,128.0,train,
bathurst,2015/2016,2015,75,100.0,train,
bathurst,2016/2017,2016,121,75.0,train,
bathurst,2017/2018,2017,119,121.0,train,
bathurst,2018/2019,2018,143,119.0,train,
bathurst,2019/2020,2019,127,143.0,train,
bathurst,2020/2021,2020,144,127.0,train,
bathurst,2021/2022,2021,88,144.0,train,
bathurst,2022/2023,2022,93,88.0,test,90.01137525262088
bathurst,2023/2024,2023,120,93.0,test,92.53761404743435
bathurst,2024/2025,2024,141,120.0,test,111.11817461410966
batlharos,2011/2012,2011,113,55.0,train,
batlharos,2012/2013,2012,131,113.0,train,
batlharos,2013/2014,2013,133,131.0,train,
batlharos,2014/2015,2014,118,133.0,train,
batlharos,2015/2016,2015,93,118.0,train,
batlharos,2016/2017,2016,72,93.0,train,
batlharos,2017/2018,2017,75,72.0,train,
batlharos,2018/2019,2018,71,75.0,train,
batlharos,2019/2020,2019,66,71.0,train,
batlharos,2020/2021,2020,60,66.0,train,
batlharos,2021/2022,2021,60,60.0,train,
batlharos,2022/2023,2022,69,60.0,test,62.49137319626767
batlharos,2023/2024,2023,66,69.0,test,65.86564915461717
batlharos,2024/2025,2024,65,66.0,test,69.47689140417349
baviaanskloof,2011/2012,2011,3,2.0,train,
baviaanskloof,2012/2013,2012,3,3.0,train,
baviaanskloof,2013/2014,2013,9,3.0,train,
baviaanskloof,2014/2015,2014,7,9.0,train,
baviaanskloof,2015/2016,2015,3,7.0,train,
baviaanskloof,2016/2017,2016,4,3.0,train,
baviaanskloof,2017/2018,2017,1,4.0,train,
baviaanskloof,2018/2019,2018,5,1.0,train,
baviaanskloof,2019/2020,2019,4,5.0,train,
baviaanskloof,2020/2021,2020,1,4.0,train,
baviaanskloof,2021/2022,2021,4,1.0,train,
baviaanskloof,2022/2023,2022,8,4.0,test,2.8464238838137614
baviaanskloof,2023/2024,2023,6,8.0,test,6.795886886589527
baviaanskloof,2024/2025,2024,1,6.0,test,6.537321070738383
bayswater,2011/2012,2011,452,441.0,train,
bayswater,2012/2013,2012,468,452.0,train,
bayswater,2013/2014,2013,562,468.0,train,
bayswater,2014/2015,2014,652,562.0,train,
bayswater,2015/2016,2015,449,652.0,train,
bayswater,2016/2017,2016,353,449.0,train,
bayswater,2017/2018,2017,384,353.0,train,
bayswater,2018/2019,2018,395,384.0,train,
bayswater,2019/2020,2019,311,395.0,train,
bayswater,2020/2021,2020,217,311.0,train,
bayswater,2021/2022,2021,219,217.0,train,
bayswater,2022/2023,2022,319,219.0,test,206.38942042769835
bayswater,2023/2024,2023,245,319.0,test,288.0484568268722
bayswater,2024/2025,2024,260,245.0,test,239.2574056612781
bayview,2011/2012,2011,696,727.0,train,
bayview,2012/2013,2012,818,696.0,train,
bayview,2013/2014,2013,717,818.0,train,
bayview,2014/2015,2014,597,717.0,train,
bayview,2015/2016,2015,490,597.0,train,
bayview,2016/2017,2016,535,490.0,train,
bayview,2017/2018,2017,343,535.0,train,
bayview,2018/2019,2018,372,343.0,train,
bayview,2019/2020,2019,383,372.0,train,
bayview,2020/2021,2020,240,383.0,train,
bayview,2021/2022,2021,280,240.0,train,
bayview,2022/2023,2022,385,280.0,test,277.10868060221856
bayview,2023/2024,2023,459,385.0,test,373.8825034488361
bayview,2024/2025,2024,422,459.0,test,438.57464618084066
beacon bay,2011/2012,2011,489,457.0,train,
beacon bay,2012/2013,2012,399,489.0,train,
beacon bay,2013/2014,2013,427,399.0,train,
beacon bay,2014/2015,2014,462,427.0,train,
beacon bay,2015/2016,2015,439,462.0,train,
beacon bay,2016/2017,2016,345,439.0,train,
beacon bay,2017/2018,2017,381,345.0,train,
beacon bay,2018/2019,2018,436,381.0,train,
beacon bay,2019/2020,2019,448,436.0,train,
beacon bay,2020/2021,2020,355,448.0,train,
beacon bay,2021/2022,2021,377,355.0,train,
beacon bay,2022/2023,2022,491,377.0,test,322.9251733217754
beacon bay,2023/2024,2023,464,491.0,test,418.93981013150994
beacon bay,2024/2025,2024,440,464.0,test,402.1568228361065
beaufort west,2011/2012,2011,843,663.0,train,
beaufort west,2012/2013,2012,1083,843.0,train,
beaufort west,2013/2014,2013,1194,1083.0,train,
beaufort west,2014/2015,2014,1134,1194.0,train,
beaufort west,2015/2016,2015,1155,1134.0,train,
beaufort west,2016/2017,2016,941,1155.0,train,
beaufort west,2017/2018,2017,888,941.0,train,
beaufort west,2018/2019,2018,726,888.0,train,
beaufort west,2019/2020,2019,665,726.0,train,
beaufort west,2020/2021,2020,486,665.0,train,
beaufort west,2021/2022,2021,403,486.0,train,
beaufort west,2022/2023,2022,496,403.0,test,393.69100022700496
beaufort west,2023/2024,2023,366,496.0,test,446.8346247701887
beaufort west,2024/2025,2024,480,366.0,test,368.01554479535116
bedford,2011/2012,2011,40,58.0,train,
bedford,2012/2013,2012,49,40.0,train,
bedford,2013/2014,2013,35,49.0,train,
bedford,2014/2015,2014,29,35.0,train,
bedford,2015/2016,2015,54,29.0,train,
bedford,2016/2017,2016,54,54.0,train,
bedford,2017/2018,2017,49,54.0,train,
bedford,2018/2019,2018,58,49.0,train,
bedford,2019/2020,2019,69,58.0,train,
bedford,2020/2021,2020,54,69.0,train,
bedford,2021/2022,2021,51,54.0,train,
bedford,2022/2023,2022,37,51.0,test,51.03718482263423
bedford,2023/2024,2023,31,37.0,test,38.1577038321811
bedford,2024/2025,2024,54,31.0,test,32.35914043100693
bedfordview,2011/2012,2011,615,772.0,train,
bedfordview,2012/2013,2012,740,615.0,train,
bedfordview,2013/2014,2013,928,740.0,train,
bedfordview,2014/2015,2014,927,928.0,train,
bedfordview,2015/2016,2015,788,927.0,train,
bedfordview,2016/2017,2016,745,788.0,train,
bedfordview,2017/2018,2017,673,745.0,train,
bedfordview,2018/2019,2018,849,673.0,train,
bedfordview,2019/2020,2019,739,849.0,train,
bedfordview,2020/2021,2020,476,739.0,train,
bedfordview,2021/2022,2021,440,476.0,train,
bedfordview,2022/2023,2022,438,440.0,test,457.48618388482674
bedfordview,2023/2024,2023,574,438.0,test,424.922937099206
bedfordview,2024/2025,2024,419,574.0,test,553.8973589223297
bedwang,2011/2012,2011,32,30.0,train,
bedwang,2012/2013,2012,30,32.0,train,
bedwang,2013/2014,2013,33,30.0,train,
bedwang,2014/2015,2014,40,33.0,train,
bedwang,2015/2016,2015,26,40.0,train,
bedwang,2016/2017,2016,38,26.0,train,
bedwang,2017/2018,2017,40,38.0,train,
bedwang,2018/2019,2018,33,40.0,train,
bedwang,2019/2020,2019,29,33.0,train,
bedwang,2020/2021,2020,30,29.0,train,
bedwang,2021/2022,2021,28,30.0,train,
bedwang,2022/2023,2022,23,28.0,test,28.541039655871526
bedwang,2023/2024,2023,36,23.0,test,23.964756007466374
bedwang,2024/2025,2024,27,36.0,test,31.179921690131543
bekkersdal,2011/2012,2011,0,0.0,train,
bekkersdal,2012/2013,2012,481,0.0,train,
bekkersdal,2013/2014,2013,399,481.0,train,
bekkersdal,2014/2015,2014,495,399.0,train,
bekkersdal,2015/2016,2015,492,495.0,train,
bekkersdal,2016/2017,2016,507,492.0,train,
bekkersdal,2017/2018,2017,395,507.0,train,
bekkersdal,2018/2019,2018,415,395.0,train,
bekkersdal,2019/2020,2019,338,415.0,train,
bekkersdal,2020/2021,2020,332,338.0,train,
bekkersdal,2021/2022,2021,290,332.0,train,
bekkersdal,2022/2023,2022,301,290.0,test,276.8690942520682
bekkersdal,2023/2024,2023,361,301.0,test,288.7359735878051
bekkersdal,2024/2025,2024,212,361.0,test,350.94018546784525
bela-bela,2011/2012,2011,526,528.0,train,
bela-bela,2012/2013,2012,647,526.0,train,
bela-bela,2013/2014,2013,688,647.0,train,
bela-bela,2014/2015,2014,796,688.0,train,
bela-bela,2015/2016,2015,810,796.0,train,
bela-bela,2016/2017,2016,636,810.0,train,
bela-bela,2017/2018,2017,552,636.0,train,
bela-bela,2018/2019,2018,595,552.0,train,
bela-bela,2019/2020,2019,630,595.0,train,
bela-bela,2020/2021,2020,436,630.0,train,
bela-bela,2021/2022,2021,412,436.0,train,
bela-bela,2022/2023,2022,361,412.0,test,375.6499991608507
bela-bela,2023/2024,2023,424,361.0,test,340.5206253853423
bela-bela,2024/2025,2024,450,424.0,test,357.2454504392729
belfast,2011/2012,2011,213,194.0,train,
belfast,2012/2013,2012,244,213.0,train,
belfast,2013/2014,2013,137,244.0,train,
belfast,2014/2015,2014,237,137.0,train,
belfast,2015/2016,2015,274,237.0,train,
belfast,2016/2017,2016,238,274.0,train,
belfast,2017/2018,2017,240,238.0,train,
belfast,2018/2019,2018,251,240.0,train,
belfast,2019/2020,2019,239,251.0,train,
belfast,2020/2021,2020,203,239.0,train,
belfast,2021/2022,2021,175,203.0,train,
belfast,2022/2023,2022,149,175.0,test,172.29996480140696
belfast,2023/2024,2023,154,149.0,test,147.75747802285147
belfast,2024/2025,2024,144,154.0,test,142.15148763805948
belhar,2011/2012,2011,655,707.0,train,
belhar,2012/2013,2012,649,655.0,train,
belhar,2013/2014,2013,677,649.0,train,
belhar,2014/2015,2014,715,677.0,train,
belhar,2015/2016,2015,722,715.0,train,
belhar,2016/2017,2016,604,722.0,train,
belhar,2017/2018,2017,524,604.0,train,
belhar,2018/2019,2018,64,524.0,train,
belhar,2019/2020,2019,54,64.0,train,
belhar,2020/2021,2020,59,54.0,train,
belhar,2021/2022,2021,55,59.0,train,
belhar,2022/2023,2022,94,55.0,test,56.50407889468492
belhar,2023/2024,2023,270,94.0,test,88.58403476537069
belhar,2024/2025,2024,249,270.0,test,255.2511824108427
bell,2011/2012,2011,63,58.0,train,
bell,2012/2013,2012,45,63.0,train,
bell,2013/2014,2013,56,45.0,train,
bell,2014/2015,2014,30,56.0,train,
bell,2015/2016,2015,39,30.0,train,
bell,2016/2017,2016,21,39.0,train,
bell,2017/2018,2017,59,21.0,train,
bell,2018/2019,2018,91,59.0,train,
bell,2019/2020,2019,62,91.0,train,
bell,2020/2021,2020,43,62.0,train,
bell,2021/2022,2021,42,43.0,train,
bell,2022/2023,2022,26,42.0,test,41.509680966338145
bell,2023/2024,2023,37,26.0,test,29.591673946016282
bell,2024/2025,2024,25,37.0,test,33.95320084745588
bellair,2011/2012,2011,830,685.0,train,
bellair,2012/2013,2012,870,830.0,train,
bellair,2013/2014,2013,650,870.0,train,
bellair,2014/2015,2014,587,650.0,train,
bellair,2015/2016,2015,616,587.0,train,
bellair,2016/2017,2016,561,616.0,train,
bellair,2017/2018,2017,530,561.0,train,
bellair,2018/2019,2018,723,530.0,train,
bellair,2019/2020,2019,561,723.0,train,
bellair,2020/2021,2020,465,561.0,train,
bellair,2021/2022,2021,514,465.0,train,
bellair,2022/2023,2022,454,514.0,test,480.58064665624704
bellair,2023/2024,2023,388,454.0,test,448.93133935075946
bellair,2024/2025,2024,474,388.0,test,392.7978045598707
bellville,2011/2012,2011,3186,2875.0,train,
bellville,2012/2013,2012,3141,3186.0,train,
bellville,2013/2014,2013,3279,3141.0,train,
bellville,2014/2015,2014,3321,3279.0,train,
bellville,2015/2016,2015,2786,3321.0,train,
bellville,2016/2017,2016,2525,2786.0,train,
bellville,2017/2018,2017,2022,2525.0,train,
bellville,2018/2019,2018,2063,2022.0,train,
bellville,2019/2020,2019,1904,2063.0,train,
bellville,2020/2021,2020,1440,1904.0,train,
bellville,2021/2022,2021,1442,1440.0,train,
bellville,2022/2023,2022,1482,1442.0,test,1369.3426891115546
bellville,2023/2024,2023,1585,1482.0,test,1353.167406836708
bellville,2024/2025,2024,1252,1585.0,test,1424.684734971788
bellville south,2011/2012,2011,374,391.0,train,
bellville south,2012/2013,2012,372,374.0,train,
bellville south,2013/2014,2013,400,372.0,train,
bellville south,2014/2015,2014,408,400.0,train,
bellville south,2015/2016,2015,414,408.0,train,
bellville south,2016/2017,2016,353,414.0,train,
bellville south,2017/2018,2017,402,353.0,train,
bellville south,2018/2019,2018,398,402.0,train,
bellville south,2019/2020,2019,372,398.0,train,
bellville south,2020/2021,2020,269,372.0,train,
bellville south,2021/2022,2021,253,269.0,train,
bellville south,2022/2023,2022,305,253.0,test,241.6139278602444
bellville south,2023/2024,2023,233,305.0,test,281.5424230862447
bellville south,2024/2025,2024,244,233.0,test,229.02706212888592
belmont,2011/2012,2011,0,1.0,train,
belmont,2012/2013,2012,3,0.0,train,
belmont,2013/2014,2013,2,3.0,train,
belmont,2014/2015,2014,3,2.0,train,
belmont,2015/2016,2015,6,3.0,train,
belmont,2016/2017,2016,1,6.0,train,
belmont,2017/2018,2017,3,1.0,train,
belmont,2018/2019,2018,4,3.0,train,
belmont,2019/2020,2019,5,4.0,train,
belmont,2020/2021,2020,3,5.0,train,
belmont,2021/2022,2021,1,3.0,train,
belmont,2022/2023,2022,1,1.0,test,1.8482210170924875
belmont,2023/2024,2023,0,1.0,test,1.4982924822568768
belmont,2024/2025,2024,0,0.0,test,1.1033750909584836
benoni,2011/2012,2011,3115,2889.0,train,
benoni,2012/2013,2012,2728,3115.0,train,
benoni,2013/2014,2013,2345,2728.0,train,
benoni,2014/2015,2014,1976,2345.0,train,
benoni,2015/2016,2015,1676,1976.0,train,
benoni,2016/2017,2016,1539,1676.0,train,
benoni,2017/2018,2017,1483,1539.0,train,
benoni,2018/2019,2018,1581,1483.0,train,
benoni,2019/2020,2019,1642,1581.0,train,
benoni,2020/2021,2020,1275,1642.0,train,
benoni,2021/2022,2021,1304,1275.0,train,
benoni,2022/2023,2022,1340,1304.0,test,1245.79836475513
benoni,2023/2024,2023,1208,1340.0,test,1264.0103919464113
benoni,2024/2025,2024,798,1208.0,test,1176.3940596340958
berea,2011/2012,2011,1827,1348.0,train,
berea,2012/2013,2012,1691,1827.0,train,
berea,2013/2014,2013,1963,1691.0,train,
berea,2014/2015,2014,1692,1963.0,train,
berea,2015/2016,2015,1548,1692.0,train,
berea,2016/2017,2016,1823,1548.0,train,
berea,2017/2018,2017,1421,1823.0,train,
berea,2018/2019,2018,1434,1421.0,train,
berea,2019/2020,2019,1561,1434.0,train,
berea,2020/2021,2020,899,1561.0,train,
berea,2021/2022,2021,963,899.0,train,
berea,2022/2023,2022,1099,963.0,test,945.8992524049576
berea,2023/2024,2023,802,1099.0,test,1025.543827652262
berea,2024/2025,2024,574,802.0,test,800.2359677580016
bergville,2011/2012,2011,131,173.0,train,
bergville,2012/2013,2012,160,131.0,train,
bergville,2013/2014,2013,133,160.0,train,
bergville,2014/2015,2014,104,133.0,train,
bergville,2015/2016,2015,88,104.0,train,
bergville,2016/2017,2016,109,88.0,train,
bergville,2017/2018,2017,94,109.0,train,
bergville,2018/2019,2018,109,94.0,train,
bergville,2019/2020,2019,111,109.0,train,
bergville,2020/2021,2020,94,111.0,train,
bergville,2021/2022,2021,96,94.0,train,
bergville,2022/2023,2022,81,96.0,test,92.53498844252931
bergville,2023/2024,2023,73,81.0,test,82.94136505527833
bergville,2024/2025,2024,83,73.0,test,78.81966557044989
berlin,2011/2012,2011,75,55.0,train,
berlin,2012/2013,2012,45,75.0,train,
berlin,2013/2014,2013,68,45.0,train,
berlin,2014/2015,2014,57,68.0,train,
berlin,2015/2016,2015,42,57.0,train,
berlin,2016/2017,2016,50,42.0,train,
berlin,2017/2018,2017,55,50.0,train,
berlin,2018/2019,2018,45,55.0,train,
berlin,2019/2020,2019,47,45.0,train,
berlin,2020/2021,2020,39,47.0,train,
berlin,2021/2022,2021,69,39.0,train,
berlin,2022/2023,2022,36,69.0,test,66.3683912938672
besters,2011/2012,2011,63,81.0,train,
besters,2012/2013,2012,73,63.0,train,
besters,2013/2014,2013,86,73.0,train,
besters,2014/2015,2014,87,86.0,train,
besters,2015/2016,2015,53,87.0,train,
besters,2016/2017,2016,67,53.0,train,
besters,2017/2018,2017,86,67.0,train,
besters,2018/2019,2018,115,86.0,train,
besters,2019/2020,2019,79,115.0,train,
besters,2020/2021,2020,92,79.0,train,
besters,2021/2022,2021,64,92.0,train,
besters,2022/2023,2022,54,64.0,test,66.1277029446332
besters,2023/2024,2023,58,54.0,test,58.159620588392016
besters,2024/2025,2024,53,58.0,test,57.06186390178093
bethal,2011/2012,2011,174,145.0,train,
bethal,2012/2013,2012,174,174.0,train,
bethal,2013/2014,2013,270,174.0,train,
bethal,2014/2015,2014,262,270.0,train,
bethal,2015/2016,2015,285,262.0,train,
bethal,2016/2017,2016,350,285.0,train,
bethal,2017/2018,2017,260,350.0,train,
bethal,2018/2019,2018,317,260.0,train,
bethal,2019/2020,2019,205,317.0,train,
bethal,2020/2021,2020,240,205.0,train,
bethal,2021/2022,2021,160,240.0,train,
bethal,2022/2023,2022,157,160.0,test,162.1381373793332
bethal,2023/2024,2023,132,157.0,test,161.44699029118414
bethal,2024/2025,2024,165,132.0,test,126.32564748784017
bethanie,2011/2012,2011,295,329.0,train,
bethanie,2012/2013,2012,298,295.0,train,
bethanie,2013/2014,2013,326,298.0,train,
bethanie,2014/2015,2014,310,326.0,train,
bethanie,2015/2016,2015,113,310.0,train,
bethanie,2016/2017,2016,103,113.0,train,
bethanie,2017/2018,2017,83,103.0,train,
bethanie,2018/2019,2018,93,83.0,train,
bethanie,2019/2020,2019,154,93.0,train,
bethanie,2020/2021,2020,100,154.0,train,
bethanie,2021/2022,2021,91,100.0,train,
bethanie,2022/2023,2022,86,91.0,test,94.84910082828979
bethanie,2023/2024,2023,91,86.0,test,86.93135172633238
bethanie,2024/2025,2024,94,91.0,test,87.118934929708
bethelsdorp,2011/2012,2011,1091,1134.0,train,
bethelsdorp,2012/2013,2012,1268,1091.0,train,
bethelsdorp,2013/2014,2013,1313,1268.0,train,
bethelsdorp,2014/2015,2014,1264,1313.0,train,
bethelsdorp,2015/2016,2015,1019,1264.0,train,
bethelsdorp,2016/2017,2016,926,1019.0,train,
bethelsdorp,2017/2018,2017,840,926.0,train,
bethelsdorp,2018/2019,2018,802,840.0,train,
bethelsdorp,2019/2020,2019,744,802.0,train,
bethelsdorp,2020/2021,2020,489,744.0,train,
bethelsdorp,2021/2022,2021,433,489.0,train,
bethelsdorp,2022/2023,2022,464,433.0,test,426.91171942749276
bethelsdorp,2023/2024,2023,311,464.0,test,414.8524875412949
bethelsdorp,2024/2025,2024,279,311.0,test,330.5724738272359
bethlehem,2011/2012,2011,861,835.0,train,
bethlehem,2012/2013,2012,949,861.0,train,
bethlehem,2013/2014,2013,1028,949.0,train,
bethlehem,2014/2015,2014,1029,1028.0,train,
bethlehem,2015/2016,2015,1004,1029.0,train,
bethlehem,2016/2017,2016,847,1004.0,train,
bethlehem,2017/2018,2017,763,847.0,train,
bethlehem,2018/2019,2018,772,763.0,train,
bethlehem,2019/2020,2019,503,772.0,train,
bethlehem,2020/2021,2020,237,503.0,train,
bethlehem,2021/2022,2021,316,237.0,train,
bethlehem,2022/2023,2022,302,316.0,test,310.1834469440582
bethlehem,2023/2024,2023,320,302.0,test,289.30722771451326
bethlehem,2024/2025,2024,208,320.0,test,299.93034071844926
bethulie,2011/2012,2011,53,36.0,train,
bethulie,2012/2013,2012,40,53.0,train,
bethulie,2013/2014,2013,34,40.0,train,
bethulie,2014/2015,2014,37,34.0,train,
bethulie,2015/2016,2015,48,37.0,train,
bethulie,2016/2017,2016,31,48.0,train,
bethulie,2017/2018,2017,35,31.0,train,
bethulie,2018/2019,2018,45,35.0,train,
bethulie,2019/2020,2019,54,45.0,train,
bethulie,2020/2021,2020,53,54.0,train,
bethulie,2021/2022,2021,48,53.0,train,
bethulie,2022/2023,2022,62,48.0,test,46.129259669759385
bethulie,2023/2024,2023,76,62.0,test,59.229928620181724
bethulie,2024/2025,2024,33,76.0,test,69.63355002332023
bhekithemba,2011/2012,2011,478,502.0,train,
bhekithemba,2012/2013,2012,741,478.0,train,
bhekithemba,2013/2014,2013,680,741.0,train,
bhekithemba,2014/2015,2014,500,680.0,train,
bhekithemba,2015/2016,2015,570,500.0,train,
bhekithemba,2016/2017,2016,599,570.0,train,
bhekithemba,2017/2018,2017,554,599.0,train,
bhekithemba,2018/2019,2018,501,554.0,train,
bhekithemba,2019/2020,2019,421,501.0,train,
bhekithemba,2020/2021,2020,375,421.0,train,
bhekithemba,2021/2022,2021,418,375.0,train,
bhekithemba,2022/2023,2022,427,418.0,test,403.28143540940465
bhekithemba,2023/2024,2023,548,427.0,test,415.3958192647257
bhekithemba,2024/2025,2024,485,548.0,test,510.4678485818856
bhisho,2011/2012,2011,166,156.0,train,
bhisho,2012/2013,2012,206,166.0,train,
bhisho,2013/2014,2013,163,206.0,train,
bhisho,2014/2015,2014,148,163.0,train,
bhisho,2015/2016,2015,159,148.0,train,
bhisho,2016/2017,2016,170,159.0,train,
bhisho,2017/2018,2017,163,170.0,train,
bhisho,2018/2019,2018,176,163.0,train,
bhisho,2019/2020,2019,182,176.0,train,
bhisho,2020/2021,2020,147,182.0,train,
bhisho,2021/2022,2021,99,147.0,train,
bhisho,2022/2023,2022,189,99.0,test,101.57771713391901
bhisho,2023/2024,2023,188,189.0,test,171.06534436151605
bhisho,2024/2025,2024,185,188.0,test,172.6480631931851
bholo,2011/2012,2011,15,26.0,train,
bholo,2012/2013,2012,19,15.0,train,
bholo,2013/2014,2013,14,19.0,train,
bholo,2014/2015,2014,14,14.0,train,
bholo,2015/2016,2015,11,14.0,train,
bholo,2016/2017,2016,19,11.0,train,
bholo,2017/2018,2017,20,19.0,train,
bholo,2018/2019,2018,16,20.0,train,
bholo,2019/2020,2019,11,16.0,train,
bholo,2020/2021,2020,25,11.0,train,
bholo,2021/2022,2021,28,25.0,train,
bholo,2022/2023,2022,21,28.0,test,23.604281823555514
bholo,2023/2024,2023,5,21.0,test,21.65237613385432
bholo,2024/2025,2024,6,5.0,test,11.428375095338431
bholothwa,2011/2012,2011,42,22.0,train,
bholothwa,2012/2013,2012,19,42.0,train,
bholothwa,2013/2014,2013,16,19.0,train,
bholothwa,2014/2015,2014,14,16.0,train,
bholothwa,2015/2016,2015,10,14.0,train,
bholothwa,2016/2017,2016,16,10.0,train,
bholothwa,2017/2018,2017,14,16.0,train,
bholothwa,2018/2019,2018,9,14.0,train,
bholothwa,2019/2020,2019,26,9.0,train,
bholothwa,2020/2021,2020,11,26.0,train,
bholothwa,2021/2022,2021,29,11.0,train,
bholothwa,2022/2023,2022,21,29.0,test,23.351682292583156
bholothwa,2023/2024,2023,12,21.0,test,22.858071527982776
bholothwa,2024/2025,2024,9,12.0,test,16.83242117060769
biesiesvlei,2011/2012,2011,27,25.0,train,
biesiesvlei,2012/2013,2012,39,27.0,train,
biesiesvlei,2013/2014,2013,23,39.0,train,
biesiesvlei,2014/2015,2014,17,23.0,train,
biesiesvlei,2015/2016,2015,20,17.0,train,
biesiesvlei,2016/2017,2016,9,20.0,train,
biesiesvlei,2017/2018,2017,18,9.0,train,
biesiesvlei,2018/2019,2018,33,18.0,train,
biesiesvlei,2019/2020,2019,38,33.0,train,
biesiesvlei,2020/2021,2020,19,38.0,train,
biesiesvlei,2021/2022,2021,11,19.0,train,
biesiesvlei,2022/2023,2022,21,11.0,test,15.651285678260468
biesiesvlei,2023/2024,2023,16,21.0,test,16.892831415342165
biesiesvlei,2024/2025,2024,14,16.0,test,18.334749910800724
bishop lavis,2011/2012,2011,977,887.0,train,
bishop lavis,2012/2013,2012,1129,977.0,train,
bishop lavis,2013/2014,2013,1108,1129.0,train,
bishop lavis,2014/2015,2014,1337,1108.0,train,
bishop lavis,2015/2016,2015,1098,1337.0,train,
bishop lavis,2016/2017,2016,1249,1098.0,train,
bishop lavis,2017/2018,2017,1028,1249.0,train,
bishop lavis,2018/2019,2018,1138,1028.0,train,
bishop lavis,2019/2020,2019,1004,1138.0,train,
bishop lavis,2020/2021,2020,760,1004.0,train,
bishop lavis,2021/2022,2021,753,760.0,train,
bishop lavis,2022/2023,2022,701,753.0,test,681.0437955461521
bishop lavis,2023/2024,2023,544,701.0,test,620.8436529890491
bishop lavis,2024/2025,2024,356,544.0,test,518.2512226539915
bishopstowe,2011/2012,2011,30,30.0,train,
bishopstowe,2012/2013,2012,43,30.0,train,
bishopstowe,2013/2014,2013,56,43.0,train,
bishopstowe,2014/2015,2014,67,56.0,train,
bishopstowe,2015/2016,2015,98,67.0,train,
bishopstowe,2016/2017,2016,111,98.0,train,
bishopstowe,2017/2018,2017,82,111.0,train,
bishopstowe,2018/2019,2018,86,82.0,train,
bishopstowe,2019/2020,2019,97,86.0,train,
bishopstowe,2020/2021,2020,82,97.0,train,
bishopstowe,2021/2022,2021,84,82.0,train,
bishopstowe,2022/2023,2022,106,84.0,test,81.57797165405782
bishopstowe,2023/2024,2023,69,106.0,test,101.62893782007752
bishopstowe,2024/2025,2024,49,69.0,test,72.92099254094036
bityi,2011/2012,2011,102,90.0,train,
bityi,2012/2013,2012,96,102.0,train,
bityi,2013/2014,2013,57,96.0,train,
bityi,2014/2015,2014,67,57.0,train,
bityi,2015/2016,2015,58,67.0,train,
bityi,2016/2017,2016,78,58.0,train,
bityi,2017/2018,2017,75,78.0,train,
bityi,2018/2019,2018,77,75.0,train,
bityi,2019/2020,2019,108,77.0,train,
bityi,2020/2021,2020,116,108.0,train,
bityi,2021/2022,2021,123,116.0,train,
bityi,2022/2023,2022,153,123.0,test,118.36868513984885
blinkpan,2011/2012,2011,75,95.0,train,
blinkpan,2012/2013,2012,89,75.0,train,
blinkpan,2013/2014,2013,63,89.0,train,
blinkpan,2014/2015,2014,54,63.0,train,
blinkpan,2015/2016,2015,65,54.0,train,
blinkpan,2016/2017,2016,52,65.0,train,
blinkpan,2017/2018,2017,62,52.0,train,
blinkpan,2018/2019,2018,70,62.0,train,
blinkpan,2019/2020,2019,26,70.0,train,
blinkpan,2020/2021,2020,6,26.0,train,
blinkpan,2021/2022,2021,28,6.0,train,
blinkpan,2022/2023,2022,25,28.0,test,27.998264833485955
blinkpan,2023/2024,2023,21,25.0,test,28.112031764443774
blinkpan,2024/2025,2024,23,21.0,test,22.77066336700563
bloemhof,2011/2012,2011,181,167.0,train,
bloemhof,2012/2013,2012,221,181.0,train,
bloemhof,2013/2014,2013,182,221.0,train,
bloemhof,2014/2015,2014,226,182.0,train,
bloemhof,2015/2016,2015,227,226.0,train,
bloemhof,2016/2017,2016,316,227.0,train,
bloemhof,2017/2018,2017,362,316.0,train,
bloemhof,2018/2019,2018,237,362.0,train,
bloemhof,2019/2020,2019,154,237.0,train,
bloemhof,2020/2021,2020,144,154.0,train,
bloemhof,2021/2022,2021,185,144.0,train,
bloemhof,2022/2023,2022,162,185.0,test,166.18522264985288
bloemhof,2023/2024,2023,141,162.0,test,147.64545170961492
bloemhof,2024/2025,2024,98,141.0,test,134.65940709772093
bloemspruit,2011/2012,2011,805,777.0,train,
bloemspruit,2012/2013,2012,676,805.0,train,
bloemspruit,2013/2014,2013,719,676.0,train,
bloemspruit,2014/2015,2014,677,719.0,train,
bloemspruit,2015/2016,2015,699,677.0,train,
bloemspruit,2016/2017,2016,704,699.0,train,
bloemspruit,2017/2018,2017,669,704.0,train,
bloemspruit,2018/2019,2018,567,669.0,train,
bloemspruit,2019/2020,2019,539,567.0,train,
bloemspruit,2020/2021,2020,429,539.0,train,
bloemspruit,2021/2022,2021,529,429.0,train,
bloemspruit,2022/2023,2022,487,529.0,test,467.68802590996097
bloemspruit,2023/2024,2023,481,487.0,test,442.2803444475655
bloemspruit,2024/2025,2024,519,481.0,test,430.83353664208846
bluewater,2011/2012,2011,41,35.0,train,
bluewater,2012/2013,2012,28,41.0,train,
bluewater,2013/2014,2013,46,28.0,train,
bluewater,2014/2015,2014,38,46.0,train,
bluewater,2015/2016,2015,29,38.0,train,
bluewater,2016/2017,2016,28,29.0,train,
bluewater,2017/2018,2017,43,28.0,train,
bluewater,2018/2019,2018,26,43.0,train,
bluewater,2019/2020,2019,54,26.0,train,
bluewater,2020/2021,2020,39,54.0,train,
bluewater,2021/2022,2021,38,39.0,train,
bluewater,2022/2023,2022,35,38.0,test,38.084616197005424
bluewater,2023/2024,2023,24,35.0,test,33.01004431053923
bluewater,2024/2025,2024,27,24.0,test,26.517296034392484
boetsap,2011/2012,2011,1,2.0,train,
boetsap,2012/2013,2012,1,1.0,train,
boetsap,2013/2014,2013,0,1.0,train,
boetsap,2014/2015,2014,1,0.0,train,
boetsap,2015/2016,2015,1,1.0,train,
boetsap,2016/2017,2016,1,1.0,train,
boetsap,2017/2018,2017,1,1.0,train,
boetsap,2018/2019,2018,1,1.0,train,
boetsap,2019/2020,2019,3,1.0,train,
boetsap,2020/2021,2020,2,3.0,train,
boetsap,2021/2022,2021,1,2.0,train,
boetsap,2022/2023,2022,1,1.0,test,1.5706458689150966
boetsap,2023/2024,2023,1,1.0,test,1.3887549744704715
boetsap,2024/2025,2024,3,1.0,test,1.608699010538649
boipatong,2011/2012,2011,100,129.0,train,
boipatong,2012/2013,2012,139,100.0,train,
boipatong,2013/2014,2013,157,139.0,train,
boipatong,2014/2015,2014,126,157.0,train,
boipatong,2015/2016,2015,135,126.0,train,
boipatong,2016/2017,2016,156,135.0,train,
boipatong,2017/2018,2017,165,156.0,train,
boipatong,2018/2019,2018,155,165.0,train,
boipatong,2019/2020,2019,105,155.0,train,
boipatong,2020/2021,2020,59,105.0,train,
boipatong,2021/2022,2021,73,59.0,train,
boipatong,2022/2023,2022,63,73.0,test,73.9044417919971
boipatong,2023/2024,2023,83,63.0,test,66.27303465246978
boipatong,2024/2025,2024,57,83.0,test,79.97191926575698
boitekong,2011/2012,2011,727,717.0,train,
boitekong,2012/2013,2012,747,727.0,train,
boitekong,2013/2014,2013,771,747.0,train,
boitekong,2014/2015,2014,871,771.0,train,
boitekong,2015/2016,2015,834,871.0,train,
boitekong,2016/2017,2016,780,834.0,train,
boitekong,2017/2018,2017,708,780.0,train,
boitekong,2018/2019,2018,641,708.0,train,
boitekong,2019/2020,2019,581,641.0,train,
boitekong,2020/2021,2020,513,581.0,train,
boitekong,2021/2022,2021,601,513.0,train,
boitekong,2022/2023,2022,624,601.0,test,543.8965811298243
boitekong,2023/2024,2023,594,624.0,test,567.2532503607194
boitekong,2024/2025,2024,527,594.0,test,548.7161333438269
boithuso,2011/2012,2011,424,428.0,train,
boithuso,2012/2013,2012,453,424.0,train,
boithuso,2013/2014,2013,372,453.0,train,
boithuso,2014/2015,2014,318,372.0,train,
boithuso,2015/2016,2015,377,318.0,train,
boithuso,2016/2017,2016,412,377.0,train,
boithuso,2017/2018,2017,279,412.0,train,
boithuso,2018/2019,2018,290,279.0,train,
boithuso,2019/2020,2019,234,290.0,train,
boithuso,2020/2021,2020,226,234.0,train,
boithuso,2021/2022,2021,255,226.0,train,
boithuso,2022/2023,2022,292,255.0,test,228.96652937595604
boithuso,2023/2024,2023,292,292.0,test,249.48203512834965
boithuso,2024/2025,2024,298,292.0,test,255.60555999319882
boksburg,2011/2012,2011,1108,1201.0,train,
boksburg,2012/2013,2012,1124,1108.0,train,
boksburg,2013/2014,2013,1075,1124.0,train,
boksburg,2014/2015,2014,1204,1075.0,train,
boksburg,2015/2016,2015,1338,1204.0,train,
boksburg,2016/2017,2016,1140,1338.0,train,
boksburg,2017/2018,2017,1116,1140.0,train,
boksburg,2018/2019,2018,1176,1116.0,train,
boksburg,2019/2020,2019,1042,1176.0,train,
boksburg,2020/2021,2020,755,1042.0,train,
boksburg,2021/2022,2021,689,755.0,train,
boksburg,2022/2023,2022,782,689.0,test,661.8813534253695
boksburg,2023/2024,2023,745,782.0,test,722.9331620954075
boksburg,2024/2025,2024,605,745.0,test,700.0997173511255
boksburg north,2011/2012,2011,1526,1732.0,train,
boksburg north,2012/2013,2012,1747,1526.0,train,
boksburg north,2013/2014,2013,1815,1747.0,train,
boksburg north,2014/2015,2014,1719,1815.0,train,
boksburg north,2015/2016,2015,1591,1719.0,train,
boksburg north,2016/2017,2016,1666,1591.0,train,
boksburg north,2017/2018,2017,1506,1666.0,train,
boksburg north,2018/2019,2018,1594,1506.0,train,
boksburg north,2019/2020,2019,1483,1594.0,train,
boksburg north,2020/2021,2020,1114,1483.0,train,
boksburg north,2021/2022,2021,1098,1114.0,train,
boksburg north,2022/2023,2022,1166,1098.0,test,1046.1182694726278
boksburg north,2023/2024,2023,1183,1166.0,test,1095.2265348122432
boksburg north,2024/2025,2024,923,1183.0,test,1117.4579519371957
bolobedu,2011/2012,2011,461,372.0,train,
bolobedu,2012/2013,2012,427,461.0,train,
bolobedu,2013/2014,2013,443,427.0,train,
bolobedu,2014/2015,2014,474,443.0,train,
bolobedu,2015/2016,2015,340,474.0,train,
bolobedu,2016/2017,2016,328,340.0,train,
bolobedu,2017/2018,2017,281,328.0,train,
bolobedu,2018/2019,2018,287,281.0,train,
bolobedu,2019/2020,2019,241,287.0,train,
bolobedu,2020/2021,2020,212,241.0,train,
bolobedu,2021/2022,2021,228,212.0,train,
bolobedu,2022/2023,2022,286,228.0,test,209.16758035609396
bolobedu,2023/2024,2023,237,286.0,test,250.88926516152884
bolobedu,2024/2025,2024,212,237.0,test,230.80328997943639
bonnievale,2011/2012,2011,87,54.0,train,
bonnievale,2012/2013,2012,111,87.0,train,
bonnievale,2013/2014,2013,79,111.0,train,
bonnievale,2014/2015,2014,91,79.0,train,
bonnievale,2015/2016,2015,112,91.0,train,
bonnievale,2016/2017,2016,193,112.0,train,
bonnievale,2017/2018,2017,189,193.0,train,
bonnievale,2018/2019,2018,172,189.0,train,
bonnievale,2019/2020,2019,243,172.0,train,
bonnievale,2020/2021,2020,157,243.0,train,
bonnievale,2021/2022,2021,157,157.0,train,
bonnievale,2022/2023,2022,162,157.0,test,155.50849128668656
bonnievale,2023/2024,2023,177,162.0,test,146.65785961909606
bonnievale,2024/2025,2024,137,177.0,test,157.28211483526124
boons,2011/2012,2011,27,51.0,train,
boons,2012/2013,2012,13,27.0,train,
boons,2013/2014,2013,15,13.0,train,
boons,2014/2015,2014,15,15.0,train,
boons,2015/2016,2015,27,15.0,train,
boons,2016/2017,2016,47,27.0,train,
boons,2017/2018,2017,37,47.0,train,
boons,2018/2019,2018,35,37.0,train,
boons,2019/2020,2019,24,35.0,train,
boons,2020/2021,2020,31,24.0,train,
boons,2021/2022,2021,33,31.0,train,
boons,2022/2023,2022,30,33.0,test,30.230343748844994
boons,2023/2024,2023,17,30.0,test,30.189374138002233
boons,2024/2025,2024,39,17.0,test,21.222082665226196
booysens,2011/2012,2011,3110,3792.0,train,
booysens,2012/2013,2012,2059,3110.0,train,
booysens,2013/2014,2013,2073,2059.0,train,
booysens,2014/2015,2014,1907,2073.0,train,
booysens,2015/2016,2015,1779,1907.0,train,
booysens,2016/2017,2016,1710,1779.0,train,
booysens,2017/2018,2017,1544,1710.0,train,
booysens,2018/2019,2018,1510,1544.0,train,
booysens,2019/2020,2019,1443,1510.0,train,
booysens,2020/2021,2020,1013,1443.0,train,
booysens,2021/2022,2021,1168,1013.0,train,
booysens,2022/2023,2022,1148,1168.0,test,1108.2307369404205
booysens,2023/2024,2023,1128,1148.0,test,1104.33748523344
booysens,2024/2025,2024,961,1128.0,test,1075.1090767940138
boschkop,2011/2012,2011,816,822.0,train,
boschkop,2012/2013,2012,852,816.0,train,
boschkop,2013/2014,2013,841,852.0,train,
boschkop,2014/2015,2014,732,841.0,train,
boschkop,2015/2016,2015,566,732.0,train,
boschkop,2016/2017,2016,623,566.0,train,
boschkop,2017/2018,2017,536,623.0,train,
boschkop,2018/2019,2018,553,536.0,train,
boschkop,2019/2020,2019,408,553.0,train,
boschkop,2020/2021,2020,353,408.0,train,
boschkop,2021/2022,2021,444,353.0,train,
boschkop,2022/2023,2022,413,444.0,test,419.11719657210574
boschkop,2023/2024,2023,407,413.0,test,399.0812135453047
boschkop,2024/2025,2024,346,407.0,test,385.2046203964212
boshoek,2011/2012,2011,10,11.0,train,
boshoek,2012/2013,2012,8,10.0,train,
boshoek,2013/2014,2013,4,8.0,train,
boshoek,2014/2015,2014,10,4.0,train,
boshoek,2015/2016,2015,19,10.0,train,
boshoek,2016/2017,2016,8,19.0,train,
boshoek,2017/2018,2017,7,8.0,train,
boshoek,2018/2019,2018,8,7.0,train,
boshoek,2019/2020,2019,14,8.0,train,
boshoek,2020/2021,2020,12,14.0,train,
boshoek,2021/2022,2021,3,12.0,train,
boshoek,2022/2023,2022,2,3.0,test,6.187776203258071
boshoek,2023/2024,2023,7,2.0,test,3.245618773393784
boshoek,2024/2025,2024,10,7.0,test,5.6855436563112
boshof,2011/2012,2011,45,34.0,train,
boshof,2012/2013,2012,44,45.0,train,
boshof,2013/2014,2013,47,44.0,train,
boshof,2014/2015,2014,53,47.0,train,
boshof,2015/2016,2015,57,53.0,train,
boshof,2016/2017,2016,79,57.0,train,
boshof,2017/2018,2017,60,79.0,train,
boshof,2018/2019,2018,58,60.0,train,
boshof,2019/2020,2019,49,58.0,train,
boshof,2020/2021,2020,41,49.0,train,
boshof,2021/2022,2021,32,41.0,train,
boshof,2022/2023,2022,26,32.0,test,33.526695583478194
boshof,2023/2024,2023,34,26.0,test,28.790425065783253
boshof,2024/2025,2024,48,34.0,test,29.48811388340961
boston,2011/2012,2011,40,35.0,train,
boston,2012/2013,2012,19,40.0,train,
boston,2013/2014,2013,28,19.0,train,
boston,2014/2015,2014,23,28.0,train,
boston,2015/2016,2015,20,23.0,train,
boston,2016/2017,2016,15,20.0,train,
boston,2017/2018,2017,8,15.0,train,
boston,2018/2019,2018,7,8.0,train,
boston,2019/2020,2019,9,7.0,train,
boston,2020/2021,2020,9,9.0,train,
boston,2021/2022,2021,12,9.0,train,
boston,2022/2023,2022,16,12.0,test,9.56349107761195
boston,2023/2024,2023,17,16.0,test,12.564387314457345
boston,2024/2025,2024,22,17.0,test,15.470742279411526
bothasig,2011/2012,2011,736,771.0,train,
bothasig,2012/2013,2012,688,736.0,train,
bothasig,2013/2014,2013,653,688.0,train,
bothasig,2014/2015,2014,544,653.0,train,
bothasig,2015/2016,2015,514,544.0,train,
bothasig,2016/2017,2016,486,514.0,train,
bothasig,2017/2018,2017,484,486.0,train,
bothasig,2018/2019,2018,414,484.0,train,
bothasig,2019/2020,2019,271,414.0,train,
bothasig,2020/2021,2020,286,271.0,train,
bothasig,2021/2022,2021,256,286.0,train,
bothasig,2022/2023,2022,240,256.0,test,245.26760055117336
bothasig,2023/2024,2023,274,240.0,test,229.70085914258718
bothasig,2024/2025,2024,207,274.0,test,246.2334163034057
bothaville,2011/2012,2011,350,276.0,train,
bothaville,2012/2013,2012,377,350.0,train,
bothaville,2013/2014,2013,381,377.0,train,
bothaville,2014/2015,2014,271,381.0,train,
bothaville,2015/2016,2015,326,271.0,train,
bothaville,2016/2017,2016,256,326.0,train,
bothaville,2017/2018,2017,282,256.0,train,
bothaville,2018/2019,2018,232,282.0,train,
bothaville,2019/2020,2019,285,232.0,train,
bothaville,2020/2021,2020,236,285.0,train,
bothaville,2021/2022,2021,287,236.0,train,
bothaville,2022/2023,2022,240,287.0,test,248.66350515327656
bothaville,2023/2024,2023,202,240.0,test,231.75880205299097
bothaville,2024/2025,2024,178,202.0,test,196.19310264469945
bothithong,2011/2012,2011,19,36.0,train,
bothithong,2012/2013,2012,28,19.0,train,
bothithong,2013/2014,2013,17,28.0,train,
bothithong,2014/2015,2014,9,17.0,train,
bothithong,2015/2016,2015,14,9.0,train,
bothithong,2016/2017,2016,16,14.0,train,
bothithong,2017/2018,2017,16,16.0,train,
bothithong,2018/2019,2018,13,16.0,train,
bothithong,2019/2020,2019,10,13.0,train,
bothithong,2020/2021,2020,9,10.0,train,
bothithong,2021/2022,2021,14,9.0,train,
bothithong,2022/2023,2022,20,14.0,test,10.725976447595901
bothithong,2023/2024,2023,18,20.0,test,16.164162143318276
bothithong,2024/2025,2024,10,18.0,test,17.83123646699097
botlokwa,2011/2012,2011,197,257.0,train,
botlokwa,2012/2013,2012,196,197.0,train,
botlokwa,2013/2014,2013,227,196.0,train,
botlokwa,2014/2015,2014,233,227.0,train,
botlokwa,2015/2016,2015,239,233.0,train,
botlokwa,2016/2017,2016,248,239.0,train,
botlokwa,2017/2018,2017,192,248.0,train,
botlokwa,2018/2019,2018,268,192.0,train,
botlokwa,2019/2020,2019,255,268.0,train,
botlokwa,2020/2021,2020,190,255.0,train,
botlokwa,2021/2022,2021,184,190.0,train,
botlokwa,2022/2023,2022,198,184.0,test,180.65058006017895
botlokwa,2023/2024,2023,98,198.0,test,186.4183490651617
botlokwa,2024/2025,2024,117,98.0,test,104.89107448573775
botshabelo,2011/2012,2011,448,385.0,train,
botshabelo,2012/2013,2012,458,448.0,train,
botshabelo,2013/2014,2013,403,458.0,train,
botshabelo,2014/2015,2014,412,403.0,train,
botshabelo,2015/2016,2015,426,412.0,train,
botshabelo,2016/2017,2016,399,426.0,train,
botshabelo,2017/2018,2017,203,399.0,train,
botshabelo,2018/2019,2018,288,203.0,train,
botshabelo,2019/2020,2019,354,288.0,train,
botshabelo,2020/2021,2020,290,354.0,train,
botshabelo,2021/2022,2021,301,290.0,train,
botshabelo,2022/2023,2022,322,301.0,test,272.7851730707755
botshabelo,2023/2024,2023,247,322.0,test,281.2005898158288
botshabelo,2024/2025,2024,264,247.0,test,240.6969416731197
brackendowns,2011/2012,2011,990,1083.0,train,
brackendowns,2012/2013,2012,939,990.0,train,
brackendowns,2013/2014,2013,1102,939.0,train,
brackendowns,2014/2015,2014,1093,1102.0,train,
brackendowns,2015/2016,2015,848,1093.0,train,
brackendowns,2016/2017,2016,735,848.0,train,
brackendowns,2017/2018,2017,726,735.0,train,
brackendowns,2018/2019,2018,808,726.0,train,
brackendowns,2019/2020,2019,885,808.0,train,
brackendowns,2020/2021,2020,519,885.0,train,
brackendowns,2021/2022,2021,503,519.0,train,
brackendowns,2022/2023,2022,561,503.0,test,506.00898838027115
brackendowns,2023/2024,2023,517,561.0,test,513.2847674048701
brackendowns,2024/2025,2024,402,517.0,test,490.2057294874116
brackenfell,2011/2012,2011,1398,1219.0,train,
brackenfell,2012/2013,2012,1515,1398.0,train,
brackenfell,2013/2014,2013,1383,1515.0,train,
brackenfell,2014/2015,2014,1061,1383.0,train,
brackenfell,2015/2016,2015,1260,1061.0,train,
brackenfell,2016/2017,2016,1099,1260.0,train,
brackenfell,2017/2018,2017,982,1099.0,train,
brackenfell,2018/2019,2018,966,982.0,train,
brackenfell,2019/2020,2019,789,966.0,train,
brackenfell,2020/2021,2020,773,789.0,train,
brackenfell,2021/2022,2021,572,773.0,train,
brackenfell,2022/2023,2022,645,572.0,test,546.4002527640977
brackenfell,2023/2024,2023,520,645.0,test,579.5452576376681
brackenfell,2024/2025,2024,511,520.0,test,492.2703507127632
brakpan,2011/2012,2011,1403,1495.0,train,
brakpan,2012/2013,2012,1217,1403.0,train,
brakpan,2013/2014,2013,1437,1217.0,train,
brakpan,2014/2015,2014,1439,1437.0,train,
brakpan,2015/2016,2015,1317,1439.0,train,
brakpan,2016/2017,2016,1391,1317.0,train,
brakpan,2017/2018,2017,1314,1391.0,train,
brakpan,2018/2019,2018,1096,1314.0,train,
brakpan,2019/2020,2019,866,1096.0,train,
brakpan,2020/2021,2020,646,866.0,train,
brakpan,2021/2022,2021,663,646.0,train,
brakpan,2022/2023,2022,746,663.0,test,625.4277757644879
brakpan,2023/2024,2023,906,746.0,test,686.9805159520197
brakpan,2024/2025,2024,754,906.0,test,856.4194276282516
bramley,2011/2012,2011,835,876.0,train,
bramley,2012/2013,2012,874,835.0,train,
bramley,2013/2014,2013,793,874.0,train,
bramley,2014/2015,2014,912,793.0,train,
bramley,2015/2016,2015,858,912.0,train,
bramley,2016/2017,2016,1086,858.0,train,
bramley,2017/2018,2017,834,1086.0,train,
bramley,2018/2019,2018,757,834.0,train,
bramley,2019/2020,2019,727,757.0,train,
bramley,2020/2021,2020,543,727.0,train,
bramley,2021/2022,2021,571,543.0,train,
bramley,2022/2023,2022,688,571.0,test,555.1368248052845
bramley,2023/2024,2023,609,688.0,test,649.4073008173694
bramley,2024/2025,2024,499,609.0,test,587.6079010900536
brandfort,2011/2012,2011,124,174.0,train,
brandfort,2012/2013,2012,148,124.0,train,
brandfort,2013/2014,2013,120,148.0,train,
brandfort,2014/2015,2014,124,120.0,train,
brandfort,2015/2016,2015,132,124.0,train,
brandfort,2016/2017,2016,156,132.0,train,
brandfort,2017/2018,2017,130,156.0,train,
brandfort,2018/2019,2018,124,130.0,train,
brandfort,2019/2020,2019,77,124.0,train,
brandfort,2020/2021,2020,70,77.0,train,
brandfort,2021/2022,2021,90,70.0,train,
brandfort,2022/2023,2022,96,90.0,test,84.51987955950257
brandfort,2023/2024,2023,75,96.0,test,90.14419533131405
brandfort,2024/2025,2024,95,75.0,test,77.95912057794195
brandvlei,2011/2012,2011,5,0.0,train,
brandvlei,2012/2013,2012,6,5.0,train,
brandvlei,2013/2014,2013,4,6.0,train,
brandvlei,2014/2015,2014,7,4.0,train,
brandvlei,2015/2016,2015,9,7.0,train,
brandvlei,2016/2017,2016,11,9.0,train,
brandvlei,2017/2018,2017,11,11.0,train,
brandvlei,2018/2019,2018,12,11.0,train,
brandvlei,2019/2020,2019,19,12.0,train,
brandvlei,2020/2021,2020,18,19.0,train,
brandvlei,2021/2022,2021,23,18.0,train,
brandvlei,2022/2023,2022,14,23.0,test,19.463838627913574
brandvlei,2023/2024,2023,22,14.0,test,16.72407090747118
brandvlei,2024/2025,2024,18,22.0,test,18.450456654273587
bray,2011/2012,2011,7,8.0,train,
bray,2012/2013,2012,10,7.0,train,
bray,2013/2014,2013,14,10.0,train,
bray,2014/2015,2014,7,14.0,train,
bray,2015/2016,2015,8,7.0,train,
bray,2016/2017,2016,3,8.0,train,
bray,2017/2018,2017,9,3.0,train,
bray,2018/2019,2018,6,9.0,train,
bray,2019/2020,2019,8,6.0,train,
bray,2020/2021,2020,5,8.0,train,
bray,2021/2022,2021,5,5.0,train,
bray,2022/2023,2022,3,5.0,test,4.691037676389975
bray,2023/2024,2023,1,3.0,test,3.245158062320735
bray,2024/2025,2024,3,1.0,test,1.9820439360075846
bredasdorp,2011/2012,2011,150,180.0,train,
bredasdorp,2012/2013,2012,211,150.0,train,
bredasdorp,2013/2014,2013,261,211.0,train,
bredasdorp,2014/2015,2014,274,261.0,train,
bredasdorp,2015/2016,2015,450,274.0,train,
bredasdorp,2016/2017,2016,421,450.0,train,
bredasdorp,2017/2018,2017,392,421.0,train,
bredasdorp,2018/2019,2018,368,392.0,train,
bredasdorp,2019/2020,2019,305,368.0,train,
bredasdorp,2020/2021,2020,268,305.0,train,
bredasdorp,2021/2022,2021,361,268.0,train,
bredasdorp,2022/2023,2022,373,361.0,test,302.37771826375433
bredasdorp,2023/2024,2023,340,373.0,test,316.73938653409004
bredasdorp,2024/2025,2024,240,340.0,test,309.046544608554
breyten,2011/2012,2011,103,96.0,train,
breyten,2012/2013,2012,65,103.0,train,
breyten,2013/2014,2013,68,65.0,train,
breyten,2014/2015,2014,64,68.0,train,
breyten,2015/2016,2015,94,64.0,train,
breyten,2016/2017,2016,89,94.0,train,
breyten,2017/2018,2017,92,89.0,train,
breyten,2018/2019,2018,69,92.0,train,
breyten,2019/2020,2019,102,69.0,train,
breyten,2020/2021,2020,76,102.0,train,
breyten,2021/2022,2021,60,76.0,train,
breyten,2022/2023,2022,72,60.0,test,65.28107108095627
breyten,2023/2024,2023,47,72.0,test,67.16850462590084
breyten,2024/2025,2024,48,47.0,test,50.99722227984364
bridge camp,2011/2012,2011,48,43.0,train,
bridge camp,2012/2013,2012,47,48.0,train,
bridge camp,2013/2014,2013,38,47.0,train,
bridge camp,2014/2015,2014,41,38.0,train,
bridge camp,2015/2016,2015,40,41.0,train,
bridge camp,2016/2017,2016,32,40.0,train,
bridge camp,2017/2018,2017,28,32.0,train,
bridge camp,2018/2019,2018,43,28.0,train,
bridge camp,2019/2020,2019,30,43.0,train,
bridge camp,2020/2021,2020,27,30.0,train,
bridge camp,2021/2022,2021,31,27.0,train,
bridge camp,2022/2023,2022,22,31.0,test,28.341982201693085
bridge camp,2023/2024,2023,19,22.0,test,23.93492156335601
bridge camp,2024/2025,2024,27,19.0,test,20.84767532919317
brighton beach,2011/2012,2011,862,878.0,train,
brighton beach,2012/2013,2012,847,862.0,train,
brighton beach,2013/2014,2013,740,847.0,train,
brighton beach,2014/2015,2014,648,740.0,train,
brighton beach,2015/2016,2015,620,648.0,train,
brighton beach,2016/2017,2016,560,620.0,train,
brighton beach,2017/2018,2017,644,560.0,train,
brighton beach,2018/2019,2018,884,644.0,train,
brighton beach,2019/2020,2019,706,884.0,train,
brighton beach,2020/2021,2020,500,706.0,train,
brighton beach,2021/2022,2021,462,500.0,train,
brighton beach,2022/2023,2022,401,462.0,test,465.0299136739907
brighton beach,2023/2024,2023,486,401.0,test,399.63111017816317
brighton beach,2024/2025,2024,456,486.0,test,452.9088045031903
brits,2011/2012,2011,1522,1600.0,train,
brits,2012/2013,2012,1477,1522.0,train,
brits,2013/2014,2013,1197,1477.0,train,
brits,2014/2015,2014,1135,1197.0,train,
brits,2015/2016,2015,1099,1135.0,train,
brits,2016/2017,2016,1184,1099.0,train,
brits,2017/2018,2017,1126,1184.0,train,
brits,2018/2019,2018,1174,1126.0,train,
brits,2019/2020,2019,1088,1174.0,train,
brits,2020/2021,2020,1037,1088.0,train,
brits,2021/2022,2021,881,1037.0,train,
brits,2022/2023,2022,833,881.0,test,869.7208638017631
brits,2023/2024,2023,834,833.0,test,792.6142836097491
brits,2024/2025,2024,826,834.0,test,772.082651517671
britstown,2011/2012,2011,29,30.0,train,
britstown,2012/2013,2012,37,29.0,train,
britstown,2013/2014,2013,58,37.0,train,
britstown,2014/2015,2014,52,58.0,train,
britstown,2015/2016,2015,40,52.0,train,
britstown,2016/2017,2016,48,40.0,train,
britstown,2017/2018,2017,47,48.0,train,
britstown,2018/2019,2018,46,47.0,train,
britstown,2019/2020,2019,51,46.0,train,
britstown,2020/2021,2020,32,51.0,train,
britstown,2021/2022,2021,33,32.0,train,
britstown,2022/2023,2022,32,33.0,test,33.57639361152344
britstown,2023/2024,2023,32,32.0,test,30.598530139037187
britstown,2024/2025,2024,38,32.0,test,30.866217634661073
brixton,2011/2012,2011,1245,1673.0,train,
brixton,2012/2013,2012,1139,1245.0,train,
brixton,2013/2014,2013,1390,1139.0,train,
brixton,2014/2015,2014,1458,1390.0,train,
brixton,2015/2016,2015,1557,1458.0,train,
brixton,2016/2017,2016,1513,1557.0,train,
brixton,2017/2018,2017,1365,1513.0,train,
brixton,2018/2019,2018,1212,1365.0,train,
brixton,2019/2020,2019,1169,1212.0,train,
brixton,2020/2021,2020,684,1169.0,train,
brixton,2021/2022,2021,704,684.0,train,
brixton,2022/2023,2022,962,704.0,test,687.1344185224749
brixton,2023/2024,2023,851,962.0,test,911.2219600974686
brixton,2024/2025,2024,683,851.0,test,831.8688275153763
bronkhorstspruit,2011/2012,2011,1004,1038.0,train,
bronkhorstspruit,2012/2013,2012,1025,1004.0,train,
bronkhorstspruit,2013/2014,2013,1121,1025.0,train,
bronkhorstspruit,2014/2015,2014,1072,1121.0,train,
bronkhorstspruit,2015/2016,2015,1086,1072.0,train,
bronkhorstspruit,2016/2017,2016,1068,1086.0,train,
bronkhorstspruit,2017/2018,2017,842,1068.0,train,
bronkhorstspruit,2018/2019,2018,751,842.0,train,
bronkhorstspruit,2019/2020,2019,761,751.0,train,
bronkhorstspruit,2020/2021,2020,607,761.0,train,
bronkhorstspruit,2021/2022,2021,661,607.0,train,
bronkhorstspruit,2022/2023,2022,613,661.0,test,598.796499845197
bronkhorstspruit,2023/2024,2023,600,613.0,test,550.7419798848612
bronkhorstspruit,2024/2025,2024,585,600.0,test,543.2181228196661
bronville,2011/2012,2011,195,128.0,train,
bronville,2012/2013,2012,171,195.0,train,
bronville,2013/2014,2013,171,171.0,train,
bronville,2014/2015,2014,200,171.0,train,
bronville,2015/2016,2015,244,200.0,train,
bronville,2016/2017,2016,144,244.0,train,
bronville,2017/2018,2017,104,144.0,train,
bronville,2018/2019,2018,152,104.0,train,
bronville,2019/2020,2019,121,152.0,train,
bronville,2020/2021,2020,93,121.0,train,
bronville,2021/2022,2021,98,93.0,train,
bronville,2022/2023,2022,165,98.0,test,92.17045356112149
bronville,2023/2024,2023,170,165.0,test,150.86039346002582
bronville,2024/2025,2024,141,170.0,test,158.6200807011043
brooklyn,2011/2012,2011,3044,3550.0,train,
brooklyn,2012/2013,2012,3035,3044.0,train,
brooklyn,2013/2014,2013,2765,3035.0,train,
brooklyn,2014/2015,2014,2740,2765.0,train,
brooklyn,2015/2016,2015,2524,2740.0,train,
brooklyn,2016/2017,2016,3034,2524.0,train,
brooklyn,2017/2018,2017,2653,3034.0,train,
brooklyn,2018/2019,2018,2250,2653.0,train,
brooklyn,2019/2020,2019,2870,2250.0,train,
brooklyn,2020/2021,2020,2140,2870.0,train,
brooklyn,2021/2022,2021,2298,2140.0,train,
brooklyn,2022/2023,2022,1982,2298.0,test,2033.0072196168087
brooklyn,2023/2024,2023,1992,1982.0,test,1843.3602771329818
brooklyn,2024/2025,2024,1891,1992.0,test,1770.3803027870326
buffalo flats,2011/2012,2011,338,386.0,train,
buffalo flats,2012/2013,2012,369,338.0,train,
buffalo flats,2013/2014,2013,345,369.0,train,
buffalo flats,2014/2015,2014,363,345.0,train,
buffalo flats,2015/2016,2015,293,363.0,train,
buffalo flats,2016/2017,2016,323,293.0,train,
buffalo flats,2017/2018,2017,326,323.0,train,
buffalo flats,2018/2019,2018,278,326.0,train,
buffalo flats,2019/2020,2019,304,278.0,train,
buffalo flats,2020/2021,2020,233,304.0,train,
buffalo flats,2021/2022,2021,236,233.0,train,
buffalo flats,2022/2023,2022,292,236.0,test,217.90967357510706
buffalo flats,2023/2024,2023,261,292.0,test,254.60880454700924
buffalo flats,2024/2025,2024,251,261.0,test,246.29966730684868
buffelshoek,2011/2012,2011,25,51.0,train,
buffelshoek,2012/2013,2012,41,25.0,train,
buffelshoek,2013/2014,2013,39,41.0,train,
buffelshoek,2014/2015,2014,51,39.0,train,
buffelshoek,2015/2016,2015,44,51.0,train,
buffelshoek,2016/2017,2016,42,44.0,train,
buffelshoek,2017/2018,2017,28,42.0,train,
buffelshoek,2018/2019,2018,39,28.0,train,
buffelshoek,2019/2020,2019,59,39.0,train,
buffelshoek,2020/2021,2020,31,59.0,train,
buffelshoek,2021/2022,2021,40,31.0,train,
buffelshoek,2022/2023,2022,39,40.0,test,39.26000926779363
buffelshoek,2023/2024,2023,39,39.0,test,38.0470515815705
buffelshoek,2024/2025,2024,32,39.0,test,38.39334535884548
bulgerivier,2011/2012,2011,7,7.0,train,
bulgerivier,2012/2013,2012,13,7.0,train,
bulgerivier,2013/2014,2013,13,13.0,train,
bulgerivier,2014/2015,2014,9,13.0,train,
bulgerivier,2015/2016,2015,6,9.0,train,
bulgerivier,2016/2017,2016,4,6.0,train,
bulgerivier,2017/2018,2017,8,4.0,train,
bulgerivier,2018/2019,2018,2,8.0,train,
bulgerivier,2019/2020,2019,5,2.0,train,
bulgerivier,2020/2021,2020,3,5.0,train,
bulgerivier,2021/2022,2021,3,3.0,train,
bulgerivier,2022/2023,2022,11,3.0,test,3.0516798236902543
bulgerivier,2023/2024,2023,3,11.0,test,8.965182876047814
bulgerivier,2024/2025,2024,2,3.0,test,5.613674232005064
bultfontein,2011/2012,2011,129,104.0,train,
bultfontein,2012/2013,2012,181,129.0,train,
bultfontein,2013/2014,2013,116,181.0,train,
bultfontein,2014/2015,2014,102,116.0,train,
bultfontein,2015/2016,2015,138,102.0,train,
bultfontein,2016/2017,2016,141,138.0,train,
bultfontein,2017/2018,2017,115,141.0,train,
bultfontein,2018/2019,2018,117,115.0,train,
bultfontein,2019/2020,2019,118,117.0,train,
bultfontein,2020/2021,2020,90,118.0,train,
bultfontein,2021/2022,2021,118,90.0,train,
bultfontein,2022/2023,2022,153,118.0,test,110.72595693458224
bultfontein,2023/2024,2023,75,153.0,test,131.0385239413484
bultfontein,2024/2025,2024,85,75.0,test,80.52193847437806
bulwer,2011/2012,2011,150,145.0,train,
bulwer,2012/2013,2012,143,150.0,train,
bulwer,2013/2014,2013,194,143.0,train,
bulwer,2014/2015,2014,152,194.0,train,
bulwer,2015/2016,2015,109,152.0,train,
bulwer,2016/2017,2016,125,109.0,train,
bulwer,2017/2018,2017,87,125.0,train,
bulwer,2018/2019,2018,56,87.0,train,
bulwer,2019/2020,2019,82,56.0,train,
bulwer,2020/2021,2020,98,82.0,train,
bulwer,2021/2022,2021,128,98.0,train,
bulwer,2022/2023,2022,92,128.0,test,121.32631412759062
bulwer,2023/2024,2023,87,92.0,test,97.36146682873498
bulwer,2024/2025,2024,64,87.0,test,89.66245372599346
burgersdorp,2011/2012,2011,106,119.0,train,
burgersdorp,2012/2013,2012,142,106.0,train,
burgersdorp,2013/2014,2013,131,142.0,train,
burgersdorp,2014/2015,2014,129,131.0,train,
burgersdorp,2015/2016,2015,82,129.0,train,
burgersdorp,2016/2017,2016,114,82.0,train,
burgersdorp,2017/2018,2017,121,114.0,train,
burgersdorp,2018/2019,2018,97,121.0,train,
burgersdorp,2019/2020,2019,105,97.0,train,
burgersdorp,2020/2021,2020,74,105.0,train,
burgersdorp,2021/2022,2021,67,74.0,train,
burgersdorp,2022/2023,2022,94,67.0,test,71.12338517063841
burgersdorp,2023/2024,2023,77,94.0,test,87.18782399076116
burgersdorp,2024/2025,2024,99,77.0,test,77.77511406636738
burgersfort,2011/2012,2011,369,237.0,train,
burgersfort,2012/2013,2012,529,369.0,train,
burgersfort,2013/2014,2013,426,529.0,train,
burgersfort,2014/2015,2014,458,426.0,train,
burgersfort,2015/2016,2015,456,458.0,train,
burgersfort,2016/2017,2016,436,456.0,train,
burgersfort,2017/2018,2017,408,436.0,train,
burgersfort,2018/2019,2018,313,408.0,train,
burgersfort,2019/2020,2019,366,313.0,train,
burgersfort,2020/2021,2020,284,366.0,train,
burgersfort,2021/2022,2021,317,284.0,train,
burgersfort,2022/2023,2022,379,317.0,test,294.5109669971032
burgersfort,2023/2024,2023,200,379.0,test,353.23222915638496
burgersfort,2024/2025,2024,241,200.0,test,220.28273918576406
bushbuckridge,2011/2012,2011,424,374.0,train,
bushbuckridge,2012/2013,2012,452,424.0,train,
bushbuckridge,2013/2014,2013,380,452.0,train,
bushbuckridge,2014/2015,2014,317,380.0,train,
bushbuckridge,2015/2016,2015,298,317.0,train,
bushbuckridge,2016/2017,2016,322,298.0,train,
bushbuckridge,2017/2018,2017,312,322.0,train,
bushbuckridge,2018/2019,2018,301,312.0,train,
bushbuckridge,2019/2020,2019,342,301.0,train,
bushbuckridge,2020/2021,2020,392,342.0,train,
bushbuckridge,2021/2022,2021,368,392.0,train,
bushbuckridge,2022/2023,2022,353,368.0,test,360.70490390987294
bushbuckridge,2023/2024,2023,393,353.0,test,344.9364170223529
bushbuckridge,2024/2025,2024,320,393.0,test,358.2579774071894
butterworth,2011/2012,2011,425,439.0,train,
butterworth,2012/2013,2012,417,425.0,train,
butterworth,2013/2014,2013,451,417.0,train,
butterworth,2014/2015,2014,461,451.0,train,
butterworth,2015/2016,2015,441,461.0,train,
butterworth,2016/2017,2016,436,441.0,train,
butterworth,2017/2018,2017,423,436.0,train,
butterworth,2018/2019,2018,376,423.0,train,
butterworth,2019/2020,2019,284,376.0,train,
butterworth,2020/2021,2020,259,284.0,train,
butterworth,2021/2022,2021,299,259.0,train,
butterworth,2022/2023,2022,276,299.0,test,268.72012051338294
butterworth,2023/2024,2023,219,276.0,test,258.598827182205
butterworth,2024/2025,2024,231,219.0,test,217.24515716540236
cala,2011/2012,2011,151,137.0,train,
cala,2012/2013,2012,162,151.0,train,
cala,2013/2014,2013,162,162.0,train,
cala,2014/2015,2014,132,162.0,train,
cala,2015/2016,2015,182,132.0,train,
cala,2016/2017,2016,163,182.0,train,
cala,2017/2018,2017,212,163.0,train,
cala,2018/2019,2018,177,212.0,train,
cala,2019/2020,2019,155,177.0,train,
cala,2020/2021,2020,116,155.0,train,
cala,2021/2022,2021,108,116.0,train,
cala,2022/2023,2022,133,108.0,test,106.38465601193286
cala,2023/2024,2023,123,133.0,test,126.01473966288079
cala,2024/2025,2024,130,123.0,test,117.9631110947276
calcutta,2011/2012,2011,417,488.0,train,
calcutta,2012/2013,2012,328,417.0,train,
calcutta,2013/2014,2013,375,328.0,train,
calcutta,2014/2015,2014,372,375.0,train,
calcutta,2015/2016,2015,359,372.0,train,
calcutta,2016/2017,2016,445,359.0,train,
calcutta,2017/2018,2017,389,445.0,train,
calcutta,2018/2019,2018,417,389.0,train,
calcutta,2019/2020,2019,446,417.0,train,
calcutta,2020/2021,2020,357,446.0,train,
calcutta,2021/2022,2021,413,357.0,train,
calcutta,2022/2023,2022,425,413.0,test,386.50858501126083
calcutta,2023/2024,2023,467,425.0,test,386.1799982607912
calcutta,2024/2025,2024,407,467.0,test,431.89175788090535
caledon,2011/2012,2011,180,177.0,train,
caledon,2012/2013,2012,236,180.0,train,
caledon,2013/2014,2013,272,236.0,train,
caledon,2014/2015,2014,311,272.0,train,
caledon,2015/2016,2015,321,311.0,train,
caledon,2016/2017,2016,424,321.0,train,
caledon,2017/2018,2017,374,424.0,train,
caledon,2018/2019,2018,421,374.0,train,
caledon,2019/2020,2019,371,421.0,train,
caledon,2020/2021,2020,406,371.0,train,
caledon,2021/2022,2021,348,406.0,train,
caledon,2022/2023,2022,331,348.0,test,328.77293169019947
caledon,2023/2024,2023,346,331.0,test,313.38028678773065
caledon,2024/2025,2024,265,346.0,test,304.44642585236494
calitzdorp,2011/2012,2011,103,100.0,train,
calitzdorp,2012/2013,2012,115,103.0,train,
calitzdorp,2013/2014,2013,86,115.0,train,
calitzdorp,2014/2015,2014,95,86.0,train,
calitzdorp,2015/2016,2015,113,95.0,train,
calitzdorp,2016/2017,2016,88,113.0,train,
calitzdorp,2017/2018,2017,130,88.0,train,
calitzdorp,2018/2019,2018,196,130.0,train,
calitzdorp,2019/2020,2019,142,196.0,train,
calitzdorp,2020/2021,2020,112,142.0,train,
calitzdorp,2021/2022,2021,67,112.0,train,
calitzdorp,2022/2023,2022,91,67.0,test,71.85435059620366
calitzdorp,2023/2024,2023,80,91.0,test,85.91292109482363
calitzdorp,2024/2025,2024,79,80.0,test,80.09254801280622
calvinia,2011/2012,2011,54,41.0,train,
calvinia,2012/2013,2012,64,54.0,train,
calvinia,2013/2014,2013,70,64.0,train,
calvinia,2014/2015,2014,80,70.0,train,
calvinia,2015/2016,2015,79,80.0,train,
calvinia,2016/2017,2016,92,79.0,train,
calvinia,2017/2018,2017,74,92.0,train,
calvinia,2018/2019,2018,95,74.0,train,
calvinia,2019/2020,2019,78,95.0,train,
calvinia,2020/2021,2020,73,78.0,train,
calvinia,2021/2022,2021,70,73.0,train,
calvinia,2022/2023,2022,60,70.0,test,71.5466460382568
calvinia,2023/2024,2023,92,60.0,test,62.830935681367905
calvinia,2024/2025,2024,78,92.0,test,83.71369003570472
cambridge,2011/2012,2011,2102,2048.0,train,
cambridge,2012/2013,2012,1894,2102.0,train,
cambridge,2013/2014,2013,1734,1894.0,train,
cambridge,2014/2015,2014,1723,1734.0,train,
cambridge,2015/2016,2015,1372,1723.0,train,
cambridge,2016/2017,2016,1755,1372.0,train,
cambridge,2017/2018,2017,1485,1755.0,train,
cambridge,2018/2019,2018,1476,1485.0,train,
cambridge,2019/2020,2019,1357,1476.0,train,
cambridge,2020/2021,2020,908,1357.0,train,
cambridge,2021/2022,2021,1422,908.0,train,
cambridge,2022/2023,2022,1377,1422.0,test,1338.3008345605997
cambridge,2023/2024,2023,1343,1377.0,test,1323.160553633738
cambridge,2024/2025,2024,1017,1343.0,test,1240.0438567136052
campbell,2011/2012,2011,11,16.0,train,
campbell,2012/2013,2012,18,11.0,train,
campbell,2013/2014,2013,14,18.0,train,
campbell,2014/2015,2014,12,14.0,train,
campbell,2015/2016,2015,17,12.0,train,
campbell,2016/2017,2016,14,17.0,train,
campbell,2017/2018,2017,23,14.0,train,
campbell,2018/2019,2018,11,23.0,train,
campbell,2019/2020,2019,8,11.0,train,
campbell,2020/2021,2020,7,8.0,train,
campbell,2021/2022,2021,4,7.0,train,
campbell,2022/2023,2022,16,4.0,test,4.595962222745157
campbell,2023/2024,2023,5,16.0,test,13.307309400364595
campbell,2024/2025,2024,8,5.0,test,8.420699717606933
camperdown,2011/2012,2011,153,170.0,train,
camperdown,2012/2013,2012,165,153.0,train,
camperdown,2013/2014,2013,191,165.0,train,
camperdown,2014/2015,2014,242,191.0,train,
camperdown,2015/2016,2015,201,242.0,train,
camperdown,2016/2017,2016,191,201.0,train,
camperdown,2017/2018,2017,173,191.0,train,
camperdown,2018/2019,2018,181,173.0,train,
camperdown,2019/2020,2019,122,181.0,train,
camperdown,2020/2021,2020,136,122.0,train,
camperdown,2021/2022,2021,148,136.0,train,
camperdown,2022/2023,2022,144,148.0,test,136.16362119325848
camperdown,2023/2024,2023,134,144.0,test,135.31289924666368
camperdown,2024/2025,2024,125,134.0,test,129.73505618331814
camps bay,2011/2012,2011,388,442.0,train,
camps bay,2012/2013,2012,303,388.0,train,
camps bay,2013/2014,2013,197,303.0,train,
camps bay,2014/2015,2014,229,197.0,train,
camps bay,2015/2016,2015,247,229.0,train,
camps bay,2016/2017,2016,350,247.0,train,
camps bay,2017/2018,2017,359,350.0,train,
camps bay,2018/2019,2018,332,359.0,train,
camps bay,2019/2020,2019,200,332.0,train,
camps bay,2020/2021,2020,133,200.0,train,
camps bay,2021/2022,2021,187,133.0,train,
camps bay,2022/2023,2022,238,187.0,test,178.03312325969566
camps bay,2023/2024,2023,245,238.0,test,216.10256392588798
camps bay,2024/2025,2024,178,245.0,test,222.25601522055987
cape town central,2011/2012,2011,4518,4081.0,train,
cape town central,2012/2013,2012,4541,4518.0,train,
cape town central,2013/2014,2013,4773,4541.0,train,
cape town central,2014/2015,2014,4466,4773.0,train,
cape town central,2015/2016,2015,4427,4466.0,train,
cape town central,2016/2017,2016,4781,4427.0,train,
cape town central,2017/2018,2017,4833,4781.0,train,
cape town central,2018/2019,2018,4480,4833.0,train,
cape town central,2019/2020,2019,4530,4480.0,train,
cape town central,2020/2021,2020,2016,4530.0,train,
cape town central,2021/2022,2021,2547,2016.0,train,
cape town central,2022/2023,2022,3094,2547.0,test,2178.109995183464
cape town central,2023/2024,2023,3604,3094.0,test,2681.904348565481
cape town central,2024/2025,2024,2955,3604.0,test,3192.802362397481
carletonville,2011/2012,2011,774,933.0,train,
carletonville,2012/2013,2012,844,774.0,train,
carletonville,2013/2014,2013,936,844.0,train,
carletonville,2014/2015,2014,964,936.0,train,
carletonville,2015/2016,2015,953,964.0,train,
carletonville,2016/2017,2016,813,953.0,train,
carletonville,2017/2018,2017,892,813.0,train,
carletonville,2018/2019,2018,859,892.0,train,
carletonville,2019/2020,2019,788,859.0,train,
carletonville,2020/2021,2020,602,788.0,train,
carletonville,2021/2022,2021,650,602.0,train,
carletonville,2022/2023,2022,712,650.0,test,598.4383337530031
carletonville,2023/2024,2023,709,712.0,test,637.0264782672241
carletonville,2024/2025,2024,583,709.0,test,656.226619257947
carnarvon,2011/2012,2011,42,38.0,train,
carnarvon,2012/2013,2012,50,42.0,train,
carnarvon,2013/2014,2013,52,50.0,train,
carnarvon,2014/2015,2014,51,52.0,train,
carnarvon,2015/2016,2015,51,51.0,train,
carnarvon,2016/2017,2016,53,51.0,train,
carnarvon,2017/2018,2017,63,53.0,train,
carnarvon,2018/2019,2018,50,63.0,train,
carnarvon,2019/2020,2019,43,50.0,train,
carnarvon,2020/2021,2020,39,43.0,train,
carnarvon,2021/2022,2021,46,39.0,train,
carnarvon,2022/2023,2022,65,46.0,test,42.81611025851095
carnarvon,2023/2024,2023,57,65.0,test,59.97479700427104
carnarvon,2024/2025,2024,60,57.0,test,56.728983833395205
carolina,2011/2012,2011,178,206.0,train,
carolina,2012/2013,2012,169,178.0,train,
carolina,2013/2014,2013,171,169.0,train,
carolina,2014/2015,2014,206,171.0,train,
carolina,2015/2016,2015,220,206.0,train,
carolina,2016/2017,2016,183,220.0,train,
carolina,2017/2018,2017,185,183.0,train,
carolina,2018/2019,2018,201,185.0,train,
carolina,2019/2020,2019,244,201.0,train,
carolina,2020/2021,2020,173,244.0,train,
carolina,2021/2022,2021,178,173.0,train,
carolina,2022/2023,2022,225,178.0,test,178.41801205215836
carolina,2023/2024,2023,233,225.0,test,204.42750137921476
carolina,2024/2025,2024,207,233.0,test,212.01717223797752
cathcart,2011/2012,2011,73,93.0,train,
cathcart,2012/2013,2012,74,73.0,train,
cathcart,2013/2014,2013,50,74.0,train,
cathcart,2014/2015,2014,54,50.0,train,
cathcart,2015/2016,2015,79,54.0,train,
cathcart,2016/2017,2016,99,79.0,train,
cathcart,2017/2018,2017,98,99.0,train,
cathcart,2018/2019,2018,67,98.0,train,
cathcart,2019/2020,2019,67,67.0,train,
cathcart,2020/2021,2020,61,67.0,train,
cathcart,2021/2022,2021,77,61.0,train,
cathcart,2022/2023,2022,51,77.0,test,68.76857701875764
cathcart,2023/2024,2023,46,51.0,test,53.87849196939051
cathcart,2024/2025,2024,45,46.0,test,48.191135999157
cato manor,2011/2012,2011,556,403.0,train,
cato manor,2012/2013,2012,479,556.0,train,
cato manor,2013/2014,2013,383,479.0,train,
cato manor,2014/2015,2014,378,383.0,train,
cato manor,2015/2016,2015,374,378.0,train,
cato manor,2016/2017,2016,436,374.0,train,
cato manor,2017/2018,2017,514,436.0,train,
cato manor,2018/2019,2018,557,514.0,train,
cato manor,2019/2020,2019,502,557.0,train,
cato manor,2020/2021,2020,358,502.0,train,
cato manor,2021/2022,2021,374,358.0,train,
cato manor,2022/2023,2022,489,374.0,test,374.19133293114925
cato manor,2023/2024,2023,416,489.0,test,474.8030631636763
cato manor,2024/2025,2024,357,416.0,test,420.8976972159362
cedarville,2011/2012,2011,26,37.0,train,
cedarville,2012/2013,2012,37,26.0,train,
cedarville,2013/2014,2013,42,37.0,train,
cedarville,2014/2015,2014,31,42.0,train,
cedarville,2015/2016,2015,37,31.0,train,
cedarville,2016/2017,2016,55,37.0,train,
cedarville,2017/2018,2017,44,55.0,train,
cedarville,2018/2019,2018,34,44.0,train,
cedarville,2019/2020,2019,49,34.0,train,
cedarville,2020/2021,2020,34,49.0,train,
cedarville,2021/2022,2021,66,34.0,train,
cedarville,2022/2023,2022,59,66.0,test,60.572798257784186
cedarville,2023/2024,2023,36,59.0,test,57.162522803044205
cedarville,2024/2025,2024,23,36.0,test,38.82882582665518
centane,2011/2012,2011,154,114.0,train,
centane,2012/2013,2012,114,154.0,train,
centane,2013/2014,2013,128,114.0,train,
centane,2014/2015,2014,168,128.0,train,
centane,2015/2016,2015,153,168.0,train,
centane,2016/2017,2016,161,153.0,train,
centane,2017/2018,2017,142,161.0,train,
centane,2018/2019,2018,183,142.0,train,
centane,2019/2020,2019,155,183.0,train,
centane,2020/2021,2020,133,155.0,train,
centane,2021/2022,2021,118,133.0,train,
centane,2022/2023,2022,89,118.0,test,117.25938686480178
centane,2023/2024,2023,65,89.0,test,95.91915375887855
centane,2024/2025,2024,103,65.0,test,72.12720372538675
ceres,2011/2012,2011,423,395.0,train,
ceres,2012/2013,2012,526,423.0,train,
ceres,2013/2014,2013,616,526.0,train,
ceres,2014/2015,2014,640,616.0,train,
ceres,2015/2016,2015,513,640.0,train,
ceres,2016/2017,2016,565,513.0,train,
ceres,2017/2018,2017,437,565.0,train,
ceres,2018/2019,2018,515,437.0,train,
ceres,2019/2020,2019,525,515.0,train,
ceres,2020/2021,2020,423,525.0,train,
ceres,2021/2022,2021,336,423.0,train,
ceres,2022/2023,2022,323,336.0,test,338.1028346227686
ceres,2023/2024,2023,250,323.0,test,316.8740017166643
ceres,2024/2025,2024,221,250.0,test,247.07868676476133
ceza,2011/2012,2011,50,50.0,train,
ceza,2012/2013,2012,52,50.0,train,
ceza,2013/2014,2013,30,52.0,train,
ceza,2014/2015,2014,24,30.0,train,
ceza,2015/2016,2015,18,24.0,train,
ceza,2016/2017,2016,24,18.0,train,
ceza,2017/2018,2017,20,24.0,train,
ceza,2018/2019,2018,11,20.0,train,
ceza,2019/2020,2019,14,11.0,train,
ceza,2020/2021,2020,14,14.0,train,
ceza,2021/2022,2021,15,14.0,train,
ceza,2022/2023,2022,12,15.0,test,14.60610675255496
ceza,2023/2024,2023,10,12.0,test,14.566263541042474
ceza,2024/2025,2024,18,10.0,test,11.47766425516527
chalumna,2011/2012,2011,83,129.0,train,
chalumna,2012/2013,2012,120,83.0,train,
chalumna,2013/2014,2013,147,120.0,train,
chalumna,2014/2015,2014,95,147.0,train,
chalumna,2015/2016,2015,122,95.0,train,
chalumna,2016/2017,2016,46,122.0,train,
chalumna,2017/2018,2017,83,46.0,train,
chalumna,2018/2019,2018,110,83.0,train,
chalumna,2019/2020,2019,67,110.0,train,
chalumna,2020/2021,2020,53,67.0,train,
chalumna,2021/2022,2021,83,53.0,train,
chalumna,2022/2023,2022,74,83.0,test,75.24607983479196
chalumna,2023/2024,2023,51,74.0,test,71.8590533330705
chalumna,2024/2025,2024,70,51.0,test,55.36425118462185
charl cilliers,2011/2012,2011,15,10.0,train,
charl cilliers,2012/2013,2012,9,15.0,train,
charl cilliers,2013/2014,2013,21,9.0,train,
charl cilliers,2014/2015,2014,13,21.0,train,
charl cilliers,2015/2016,2015,17,13.0,train,
charl cilliers,2016/2017,2016,13,17.0,train,
charl cilliers,2017/2018,2017,16,13.0,train,
charl cilliers,2018/2019,2018,14,16.0,train,
charl cilliers,2019/2020,2019,19,14.0,train,
charl cilliers,2020/2021,2020,26,19.0,train,
charl cilliers,2021/2022,2021,29,26.0,train,
charl cilliers,2022/2023,2022,24,29.0,test,25.88676304847409
charl cilliers,2023/2024,2023,9,24.0,test,24.11965519121035
charl cilliers,2024/2025,2024,21,9.0,test,15.90282414233036
charlestown,2011/2012,2011,13,23.0,train,
charlestown,2012/2013,2012,29,13.0,train,
charlestown,2013/2014,2013,40,29.0,train,
charlestown,2014/2015,2014,22,40.0,train,
charlestown,2015/2016,2015,35,22.0,train,
charlestown,2016/2017,2016,29,35.0,train,
charlestown,2017/2018,2017,19,29.0,train,
charlestown,2018/2019,2018,15,19.0,train,
charlestown,2019/2020,2019,28,15.0,train,
charlestown,2020/2021,2020,27,28.0,train,
charlestown,2021/2022,2021,10,27.0,train,
charlestown,2022/2023,2022,39,10.0,test,17.033505437881722
charlestown,2023/2024,2023,28,39.0,test,33.42511248642711
charlestown,2024/2025,2024,31,28.0,test,28.00864991999267
chatsworth,2011/2012,2011,1746,1831.0,train,
chatsworth,2012/2013,2012,1886,1746.0,train,
chatsworth,2013/2014,2013,1996,1886.0,train,
chatsworth,2014/2015,2014,1908,1996.0,train,
chatsworth,2015/2016,2015,1981,1908.0,train,
chatsworth,2016/2017,2016,1955,1981.0,train,
chatsworth,2017/2018,2017,1527,1955.0,train,
chatsworth,2018/2019,2018,1337,1527.0,train,
chatsworth,2019/2020,2019,1332,1337.0,train,
chatsworth,2020/2021,2020,1015,1332.0,train,
chatsworth,2021/2022,2021,1041,1015.0,train,
chatsworth,2022/2023,2022,1226,1041.0,test,994.2684232826808
chatsworth,2023/2024,2023,1393,1226.0,test,1151.3495313488825
chatsworth,2024/2025,2024,1360,1393.0,test,1310.133031655463
chrissiesmeer,2011/2012,2011,10,30.0,train,
chrissiesmeer,2012/2013,2012,31,10.0,train,
chrissiesmeer,2013/2014,2013,25,31.0,train,
chrissiesmeer,2014/2015,2014,34,25.0,train,
chrissiesmeer,2015/2016,2015,46,34.0,train,
chrissiesmeer,2016/2017,2016,33,46.0,train,
chrissiesmeer,2017/2018,2017,31,33.0,train,
chrissiesmeer,2018/2019,2018,46,31.0,train,
chrissiesmeer,2019/2020,2019,28,46.0,train,
chrissiesmeer,2020/2021,2020,30,28.0,train,
chrissiesmeer,2021/2022,2021,31,30.0,train,
chrissiesmeer,2022/2023,2022,49,31.0,test,28.723222257700826
chrissiesmeer,2023/2024,2023,42,49.0,test,41.14051551333745
chrissiesmeer,2024/2025,2024,34,42.0,test,40.24131868440679
christiana,2011/2012,2011,257,199.0,train,
christiana,2012/2013,2012,212,257.0,train,
christiana,2013/2014,2013,236,212.0,train,
christiana,2014/2015,2014,268,236.0,train,
christiana,2015/2016,2015,215,268.0,train,
christiana,2016/2017,2016,192,215.0,train,
christiana,2017/2018,2017,240,192.0,train,
christiana,2018/2019,2018,239,240.0,train,
christiana,2019/2020,2019,221,239.0,train,
christiana,2020/2021,2020,199,221.0,train,
christiana,2021/2022,2021,174,199.0,train,
christiana,2022/2023,2022,149,174.0,test,163.62670912124932
christiana,2023/2024,2023,114,149.0,test,146.03906580453346
christiana,2024/2025,2024,112,114.0,test,110.42532073721428
chungwa,2011/2012,2011,31,29.0,train,
chungwa,2012/2013,2012,31,31.0,train,
chungwa,2013/2014,2013,26,31.0,train,
chungwa,2014/2015,2014,36,26.0,train,
chungwa,2015/2016,2015,41,36.0,train,
chungwa,2016/2017,2016,44,41.0,train,
chungwa,2017/2018,2017,33,44.0,train,
chungwa,2018/2019,2018,38,33.0,train,
chungwa,2019/2020,2019,38,38.0,train,
chungwa,2020/2021,2020,40,38.0,train,
chungwa,2021/2022,2021,52,40.0,train,
chungwa,2022/2023,2022,36,52.0,test,46.52994644585267
chungwa,2023/2024,2023,37,36.0,test,37.43078089977468
chungwa,2024/2025,2024,32,37.0,test,36.01102575076628
citrusdal,2011/2012,2011,104,88.0,train,
citrusdal,2012/2013,2012,98,104.0,train,
citrusdal,2013/2014,2013,129,98.0,train,
citrusdal,2014/2015,2014,106,129.0,train,
citrusdal,2015/2016,2015,212,106.0,train,
citrusdal,2016/2017,2016,133,212.0,train,
citrusdal,2017/2018,2017,111,133.0,train,
citrusdal,2018/2019,2018,130,111.0,train,
citrusdal,2019/2020,2019,105,130.0,train,
citrusdal,2020/2021,2020,105,105.0,train,
citrusdal,2021/2022,2021,90,105.0,train,
citrusdal,2022/2023,2022,75,90.0,test,87.90845473659118
citrusdal,2023/2024,2023,101,75.0,test,78.48879456852227
citrusdal,2024/2025,2024,75,101.0,test,96.14031855393193
clanwilliam,2011/2012,2011,75,65.0,train,
clanwilliam,2012/2013,2012,76,75.0,train,
clanwilliam,2013/2014,2013,72,76.0,train,
clanwilliam,2014/2015,2014,64,72.0,train,
clanwilliam,2015/2016,2015,113,64.0,train,
clanwilliam,2016/2017,2016,95,113.0,train,
clanwilliam,2017/2018,2017,74,95.0,train,
clanwilliam,2018/2019,2018,68,74.0,train,
clanwilliam,2019/2020,2019,78,68.0,train,
clanwilliam,2020/2021,2020,44,78.0,train,
clanwilliam,2021/2022,2021,48,44.0,train,
clanwilliam,2022/2023,2022,71,48.0,test,47.835058190850944
clanwilliam,2023/2024,2023,53,71.0,test,65.39431145541671
clanwilliam,2024/2025,2024,61,53.0,test,53.993902458367124
claremont,2011/2012,2011,1597,1796.0,train,
claremont,2012/2013,2012,1809,1597.0,train,
claremont,2013/2014,2013,1926,1809.0,train,
claremont,2014/2015,2014,2150,1926.0,train,
claremont,2015/2016,2015,1927,2150.0,train,
claremont,2016/2017,2016,1450,1927.0,train,
claremont,2017/2018,2017,1278,1450.0,train,
claremont,2018/2019,2018,1484,1278.0,train,
claremont,2019/2020,2019,1447,1484.0,train,
claremont,2020/2021,2020,1097,1447.0,train,
claremont,2021/2022,2021,1021,1097.0,train,
claremont,2022/2023,2022,1005,1021.0,test,965.8119350776342
claremont,2023/2024,2023,1014,1005.0,test,931.3525163906312
claremont,2024/2025,2024,624,1014.0,test,941.6059826638278
clarens,2011/2012,2011,48,40.0,train,
clarens,2012/2013,2012,50,48.0,train,
clarens,2013/2014,2013,43,50.0,train,
clarens,2014/2015,2014,36,43.0,train,
clarens,2015/2016,2015,56,36.0,train,
clarens,2016/2017,2016,43,56.0,train,
clarens,2017/2018,2017,28,43.0,train,
clarens,2018/2019,2018,30,28.0,train,
clarens,2019/2020,2019,36,30.0,train,
clarens,2020/2021,2020,32,36.0,train,
clarens,2021/2022,2021,44,32.0,train,
clarens,2022/2023,2022,42,44.0,test,41.57696366803223
clarens,2023/2024,2023,24,42.0,test,42.005121304171816
clarens,2024/2025,2024,42,24.0,test,28.55697518950873
cleveland,2011/2012,2011,851,816.0,train,
cleveland,2012/2013,2012,862,851.0,train,
cleveland,2013/2014,2013,950,862.0,train,
cleveland,2014/2015,2014,1063,950.0,train,
cleveland,2015/2016,2015,943,1063.0,train,
cleveland,2016/2017,2016,966,943.0,train,
cleveland,2017/2018,2017,966,966.0,train,
cleveland,2018/2019,2018,848,966.0,train,
cleveland,2019/2020,2019,743,848.0,train,
cleveland,2020/2021,2020,496,743.0,train,
cleveland,2021/2022,2021,644,496.0,train,
cleveland,2022/2023,2022,644,644.0,test,622.1642987301436
cleveland,2023/2024,2023,679,644.0,test,613.2562152208881
cleveland,2024/2025,2024,555,679.0,test,624.74022168963
clocolan,2011/2012,2011,124,112.0,train,
clocolan,2012/2013,2012,169,124.0,train,
clocolan,2013/2014,2013,110,169.0,train,
clocolan,2014/2015,2014,74,110.0,train,
clocolan,2015/2016,2015,67,74.0,train,
clocolan,2016/2017,2016,65,67.0,train,
clocolan,2017/2018,2017,78,65.0,train,
clocolan,2018/2019,2018,54,78.0,train,
clocolan,2019/2020,2019,52,54.0,train,
clocolan,2020/2021,2020,47,52.0,train,
clocolan,2021/2022,2021,38,47.0,train,
clocolan,2022/2023,2022,52,38.0,test,41.74925747777223
clocolan,2023/2024,2023,66,52.0,test,49.041657225839074
clocolan,2024/2025,2024,52,66.0,test,61.457963412627045
cloetesville,2011/2012,2011,327,338.0,train,
cloetesville,2012/2013,2012,307,327.0,train,
cloetesville,2013/2014,2013,406,307.0,train,
cloetesville,2014/2015,2014,441,406.0,train,
cloetesville,2015/2016,2015,409,441.0,train,
cloetesville,2016/2017,2016,429,409.0,train,
cloetesville,2017/2018,2017,413,429.0,train,
cloetesville,2018/2019,2018,297,413.0,train,
cloetesville,2019/2020,2019,314,297.0,train,
cloetesville,2020/2021,2020,224,314.0,train,
cloetesville,2021/2022,2021,207,224.0,train,
cloetesville,2022/2023,2022,165,207.0,test,199.03856544386565
cloetesville,2023/2024,2023,171,165.0,test,168.9505274683102
cloetesville,2024/2025,2024,147,171.0,test,165.78649180385182
coffee bay,2011/2012,2011,57,78.0,train,
coffee bay,2012/2013,2012,69,57.0,train,
coffee bay,2013/2014,2013,53,69.0,train,
coffee bay,2014/2015,2014,29,53.0,train,
coffee bay,2015/2016,2015,18,29.0,train,
coffee bay,2016/2017,2016,40,18.0,train,
coffee bay,2017/2018,2017,46,40.0,train,
coffee bay,2018/2019,2018,38,46.0,train,
coffee bay,2019/2020,2019,43,38.0,train,
coffee bay,2020/2021,2020,32,43.0,train,
coffee bay,2021/2022,2021,29,32.0,train,
coffee bay,2022/2023,2022,20,29.0,test,31.5201773680921
coffee bay,2023/2024,2023,21,20.0,test,22.01567568162224
coffee bay,2024/2025,2024,39,21.0,test,19.96480316586264
cofimvaba,2011/2012,2011,212,236.0,train,
cofimvaba,2012/2013,2012,214,212.0,train,
cofimvaba,2013/2014,2013,172,214.0,train,
cofimvaba,2014/2015,2014,182,172.0,train,
cofimvaba,2015/2016,2015,146,182.0,train,
cofimvaba,2016/2017,2016,177,146.0,train,
cofimvaba,2017/2018,2017,174,177.0,train,
cofimvaba,2018/2019,2018,156,174.0,train,
cofimvaba,2019/2020,2019,180,156.0,train,
cofimvaba,2020/2021,2020,144,180.0,train,
cofimvaba,2021/2022,2021,121,144.0,train,
cofimvaba,2022/2023,2022,98,121.0,test,119.28056207291719
cofimvaba,2023/2024,2023,81,98.0,test,100.85321683703006
cofimvaba,2024/2025,2024,84,81.0,test,88.05358796536771
colenso,2011/2012,2011,47,62.0,train,
colenso,2012/2013,2012,44,47.0,train,
colenso,2013/2014,2013,26,44.0,train,
colenso,2014/2015,2014,55,26.0,train,
colenso,2015/2016,2015,59,55.0,train,
colenso,2016/2017,2016,46,59.0,train,
colenso,2017/2018,2017,27,46.0,train,
colenso,2018/2019,2018,34,27.0,train,
colenso,2019/2020,2019,39,34.0,train,
colenso,2020/2021,2020,49,39.0,train,
colenso,2021/2022,2021,24,49.0,train,
colenso,2022/2023,2022,29,24.0,test,29.254010062023973
colenso,2023/2024,2023,28,29.0,test,30.11046141345502
colenso,2024/2025,2024,25,28.0,test,26.93471141435271
colesberg,2011/2012,2011,26,57.0,train,
colesberg,2012/2013,2012,86,26.0,train,
colesberg,2013/2014,2013,49,86.0,train,
colesberg,2014/2015,2014,57,49.0,train,
colesberg,2015/2016,2015,52,57.0,train,
colesberg,2016/2017,2016,44,52.0,train,
colesberg,2017/2018,2017,55,44.0,train,
colesberg,2018/2019,2018,67,55.0,train,
colesberg,2019/2020,2019,55,67.0,train,
colesberg,2020/2021,2020,47,55.0,train,
colesberg,2021/2022,2021,44,47.0,train,
colesberg,2022/2023,2022,54,44.0,test,43.995407571006204
colesberg,2023/2024,2023,24,54.0,test,50.00614847265313
colesberg,2024/2025,2024,29,24.0,test,28.685633715551006
coligny,2011/2012,2011,52,72.0,train,
coligny,2012/2013,2012,104,52.0,train,
coligny,2013/2014,2013,92,104.0,train,
coligny,2014/2015,2014,94,92.0,train,
coligny,2015/2016,2015,101,94.0,train,
coligny,2016/2017,2016,92,101.0,train,
coligny,2017/2018,2017,122,92.0,train,
coligny,2018/2019,2018,151,122.0,train,
coligny,2019/2020,2019,151,151.0,train,
coligny,2020/2021,2020,90,151.0,train,
coligny,2021/2022,2021,74,90.0,train,
coligny,2022/2023,2022,102,74.0,test,79.10971890100114
coligny,2023/2024,2023,121,102.0,test,98.18147941262727
coligny,2024/2025,2024,94,121.0,test,110.92965527730586
committees,2011/2012,2011,9,3.0,train,
committees,2012/2013,2012,6,9.0,train,
committees,2013/2014,2013,4,6.0,train,
committees,2014/2015,2014,4,4.0,train,
committees,2015/2016,2015,3,4.0,train,
committees,2016/2017,2016,2,3.0,train,
committees,2017/2018,2017,2,2.0,train,
committees,2018/2019,2018,3,2.0,train,
committees,2019/2020,2019,5,3.0,train,
committees,2020/2021,2020,2,5.0,train,
committees,2021/2022,2021,4,2.0,train,
committees,2022/2023,2022,4,4.0,test,2.8655699541879036
committees,2023/2024,2023,4,4.0,test,3.9643841567917204
committees,2024/2025,2024,1,4.0,test,3.751922513595316
conville,2011/2012,2011,697,560.0,train,
conville,2012/2013,2012,649,697.0,train,
conville,2013/2014,2013,734,649.0,train,
conville,2014/2015,2014,658,734.0,train,
conville,2015/2016,2015,617,658.0,train,
conville,2016/2017,2016,705,617.0,train,
conville,2017/2018,2017,604,705.0,train,
conville,2018/2019,2018,673,604.0,train,
conville,2019/2020,2019,597,673.0,train,
conville,2020/2021,2020,482,597.0,train,
conville,2021/2022,2021,433,482.0,train,
conville,2022/2023,2022,449,433.0,test,410.5481380592944
conville,2023/2024,2023,350,449.0,test,400.00019943991487
conville,2024/2025,2024,392,350.0,test,349.91227032063244
cookhouse,2011/2012,2011,107,69.0,train,
cookhouse,2012/2013,2012,88,107.0,train,
cookhouse,2013/2014,2013,86,88.0,train,
cookhouse,2014/2015,2014,94,86.0,train,
cookhouse,2015/2016,2015,143,94.0,train,
cookhouse,2016/2017,2016,79,143.0,train,
cookhouse,2017/2018,2017,83,79.0,train,
cookhouse,2018/2019,2018,62,83.0,train,
cookhouse,2019/2020,2019,66,62.0,train,
cookhouse,2020/2021,2020,69,66.0,train,
cookhouse,2021/2022,2021,62,69.0,train,
cookhouse,2022/2023,2022,49,62.0,test,63.332273125934904
cookhouse,2023/2024,2023,45,49.0,test,53.23247489125083
cookhouse,2024/2025,2024,26,45.0,test,45.71112632093063
cornelia,2011/2012,2011,34,25.0,train,
cornelia,2012/2013,2012,33,34.0,train,
cornelia,2013/2014,2013,17,33.0,train,
cornelia,2014/2015,2014,13,17.0,train,
cornelia,2015/2016,2015,26,13.0,train,
cornelia,2016/2017,2016,25,26.0,train,
cornelia,2017/2018,2017,12,25.0,train,
cornelia,2018/2019,2018,15,12.0,train,
cornelia,2019/2020,2019,17,15.0,train,
cornelia,2020/2021,2020,16,17.0,train,
cornelia,2021/2022,2021,16,16.0,train,
cornelia,2022/2023,2022,16,16.0,test,16.532947207529123
cornelia,2023/2024,2023,18,16.0,test,15.842270034147807
cornelia,2024/2025,2024,16,18.0,test,16.630220657169556
cradock,2011/2012,2011,273,258.0,train,
cradock,2012/2013,2012,315,273.0,train,
cradock,2013/2014,2013,303,315.0,train,
cradock,2014/2015,2014,309,303.0,train,
cradock,2015/2016,2015,316,309.0,train,
cradock,2016/2017,2016,472,316.0,train,
cradock,2017/2018,2017,492,472.0,train,
cradock,2018/2019,2018,458,492.0,train,
cradock,2019/2020,2019,420,458.0,train,
cradock,2020/2021,2020,321,420.0,train,
cradock,2021/2022,2021,355,321.0,train,
cradock,2022/2023,2022,373,355.0,test,321.61903334090897
cramond,2011/2012,2011,63,65.0,train,
cramond,2012/2013,2012,42,63.0,train,
cramond,2013/2014,2013,52,42.0,train,
cramond,2014/2015,2014,75,52.0,train,
cramond,2015/2016,2015,48,75.0,train,
cramond,2016/2017,2016,33,48.0,train,
cramond,2017/2018,2017,44,33.0,train,
cramond,2018/2019,2018,33,44.0,train,
cramond,2019/2020,2019,42,33.0,train,
cramond,2020/2021,2020,59,42.0,train,
cramond,2021/2022,2021,76,59.0,train,
cramond,2022/2023,2022,66,76.0,test,69.01308802529226
cramond,2023/2024,2023,72,66.0,test,67.79901966054904
cramond,2024/2025,2024,45,72.0,test,68.57622384594731
creighton,2011/2012,2011,63,85.0,train,
creighton,2012/2013,2012,62,63.0,train,
creighton,2013/2014,2013,49,62.0,train,
creighton,2014/2015,2014,28,49.0,train,
creighton,2015/2016,2015,28,28.0,train,
creighton,2016/2017,2016,60,28.0,train,
creighton,2017/2018,2017,66,60.0,train,
creighton,2018/2019,2018,54,66.0,train,
creighton,2019/2020,2019,34,54.0,train,
creighton,2020/2021,2020,32,34.0,train,
creighton,2021/2022,2021,38,32.0,train,
creighton,2022/2023,2022,32,38.0,test,36.85373718287599
creighton,2023/2024,2023,33,32.0,test,33.10342865611366
creighton,2024/2025,2024,30,33.0,test,32.18920807428535
crystalpark,2011/2012,2011,580,840.0,train,
crystalpark,2012/2013,2012,441,580.0,train,
crystalpark,2013/2014,2013,443,441.0,train,
crystalpark,2014/2015,2014,478,443.0,train,
crystalpark,2015/2016,2015,409,478.0,train,
crystalpark,2016/2017,2016,517,409.0,train,
crystalpark,2017/2018,2017,524,517.0,train,
crystalpark,2018/2019,2018,631,524.0,train,
crystalpark,2019/2020,2019,484,631.0,train,
crystalpark,2020/2021,2020,438,484.0,train,
crystalpark,2021/2022,2021,413,438.0,train,
crystalpark,2022/2023,2022,396,413.0,test,394.35040542509665
crystalpark,2023/2024,2023,450,396.0,test,383.5072569939354
crystalpark,2024/2025,2024,340,450.0,test,412.76044013771093
cullinan,2011/2012,2011,527,608.0,train,
cullinan,2012/2013,2012,576,527.0,train,
cullinan,2013/2014,2013,620,576.0,train,
cullinan,2014/2015,2014,650,620.0,train,
cullinan,2015/2016,2015,724,650.0,train,
cullinan,2016/2017,2016,520,724.0,train,
cullinan,2017/2018,2017,561,520.0,train,
cullinan,2018/2019,2018,520,561.0,train,
cullinan,2019/2020,2019,531,520.0,train,
cullinan,2020/2021,2020,433,531.0,train,
cullinan,2021/2022,2021,415,433.0,train,
cullinan,2022/2023,2022,382,415.0,test,396.81749610758123
cullinan,2023/2024,2023,319,382.0,test,360.1717065513534
cullinan,2024/2025,2024,369,319.0,test,319.38752195622635
cumberland,2011/2012,2011,12,21.0,train,
cumberland,2012/2013,2012,15,12.0,train,
cumberland,2013/2014,2013,16,15.0,train,
cumberland,2014/2015,2014,13,16.0,train,
cumberland,2015/2016,2015,7,13.0,train,
cumberland,2016/2017,2016,8,7.0,train,
cumberland,2017/2018,2017,7,8.0,train,
cumberland,2018/2019,2018,4,7.0,train,
cumberland,2019/2020,2019,2,4.0,train,
cumberland,2020/2021,2020,2,2.0,train,
cumberland,2021/2022,2021,3,2.0,train,
cumberland,2022/2023,2022,3,3.0,test,2.809635668452768
cumberland,2023/2024,2023,3,3.0,test,3.5970466926282585
cumberland,2024/2025,2024,3,3.0,test,3.3732759726634285
cyferskuil,2011/2012,2011,34,50.0,train,
cyferskuil,2012/2013,2012,53,34.0,train,
cyferskuil,2013/2014,2013,54,53.0,train,
cyferskuil,2014/2015,2014,62,54.0,train,
cyferskuil,2015/2016,2015,69,62.0,train,
cyferskuil,2016/2017,2016,62,69.0,train,
cyferskuil,2017/2018,2017,64,62.0,train,
cyferskuil,2018/2019,2018,107,64.0,train,
cyferskuil,2019/2020,2019,100,107.0,train,
cyferskuil,2020/2021,2020,44,100.0,train,
cyferskuil,2021/2022,2021,38,44.0,train,
cyferskuil,2022/2023,2022,49,38.0,test,43.59614685666007
cyferskuil,2023/2024,2023,51,49.0,test,44.63970974621057
cyferskuil,2024/2025,2024,42,51.0,test,50.006079217960796
da gamaskop,2011/2012,2011,363,413.0,train,
da gamaskop,2012/2013,2012,485,363.0,train,
da gamaskop,2013/2014,2013,572,485.0,train,
da gamaskop,2014/2015,2014,548,572.0,train,
da gamaskop,2015/2016,2015,553,548.0,train,
da gamaskop,2016/2017,2016,517,553.0,train,
da gamaskop,2017/2018,2017,517,517.0,train,
da gamaskop,2018/2019,2018,502,517.0,train,
da gamaskop,2019/2020,2019,428,502.0,train,
da gamaskop,2020/2021,2020,387,428.0,train,
da gamaskop,2021/2022,2021,314,387.0,train,
da gamaskop,2022/2023,2022,313,314.0,test,317.25522632510973
da gamaskop,2023/2024,2023,357,313.0,test,293.62647656385354
da gamaskop,2024/2025,2024,289,357.0,test,321.0516023520365
daggakraal,2011/2012,2011,0,0.0,train,
daggakraal,2012/2013,2012,0,0.0,train,
daggakraal,2013/2014,2013,0,0.0,train,
daggakraal,2014/2015,2014,0,0.0,train,
daggakraal,2015/2016,2015,0,0.0,train,
daggakraal,2016/2017,2016,0,0.0,train,
daggakraal,2017/2018,2017,11,0.0,train,
daggakraal,2018/2019,2018,77,11.0,train,
daggakraal,2019/2020,2019,79,77.0,train,
daggakraal,2020/2021,2020,84,79.0,train,
daggakraal,2021/2022,2021,77,84.0,train,
daggakraal,2022/2023,2022,60,77.0,test,76.12086083082737
daggakraal,2023/2024,2023,70,60.0,test,61.02709620625064
daggakraal,2024/2025,2024,89,70.0,test,64.17792831955158
dalasile,2011/2012,2011,64,69.0,train,
dalasile,2012/2013,2012,91,64.0,train,
dalasile,2013/2014,2013,56,91.0,train,
dalasile,2014/2015,2014,44,56.0,train,
dalasile,2015/2016,2015,45,44.0,train,
dalasile,2016/2017,2016,39,45.0,train,
dalasile,2017/2018,2017,74,39.0,train,
dalasile,2018/2019,2018,62,74.0,train,
dalasile,2019/2020,2019,62,62.0,train,
dalasile,2020/2021,2020,65,62.0,train,
dalasile,2021/2022,2021,48,65.0,train,
dalasile,2022/2023,2022,30,48.0,test,52.28206599219102
dalasile,2023/2024,2023,28,30.0,test,36.248947208641155
dalasile,2024/2025,2024,19,28.0,test,30.41543807748707
dalton,2011/2012,2011,18,33.0,train,
dalton,2012/2013,2012,34,18.0,train,
dalton,2013/2014,2013,30,34.0,train,
dalton,2014/2015,2014,45,30.0,train,
dalton,2015/2016,2015,49,45.0,train,
dalton,2016/2017,2016,26,49.0,train,
dalton,2017/2018,2017,35,26.0,train,
dalton,2018/2019,2018,26,35.0,train,
dalton,2019/2020,2019,24,26.0,train,
dalton,2020/2021,2020,39,24.0,train,
dalton,2021/2022,2021,17,39.0,train,
dalton,2022/2023,2022,30,17.0,test,22.270232775464542
dalton,2023/2024,2023,20,30.0,test,27.168736193112267
dalton,2024/2025,2024,30,20.0,test,21.473871409899655
danielskuil,2011/2012,2011,60,47.0,train,
danielskuil,2012/2013,2012,58,60.0,train,
danielskuil,2013/2014,2013,64,58.0,train,
danielskuil,2014/2015,2014,53,64.0,train,
danielskuil,2015/2016,2015,93,53.0,train,
danielskuil,2016/2017,2016,91,93.0,train,
danielskuil,2017/2018,2017,97,91.0,train,
danielskuil,2018/2019,2018,81,97.0,train,
danielskuil,2019/2020,2019,63,81.0,train,
danielskuil,2020/2021,2020,60,63.0,train,
danielskuil,2021/2022,2021,62,60.0,train,
danielskuil,2022/2023,2022,72,62.0,test,61.542201999776864
danielskuil,2023/2024,2023,76,72.0,test,66.20206305833757
danielskuil,2024/2025,2024,64,76.0,test,74.3832838930247
dannhauser,2011/2012,2011,164,220.0,train,
dannhauser,2012/2013,2012,184,164.0,train,
dannhauser,2013/2014,2013,253,184.0,train,
dannhauser,2014/2015,2014,201,253.0,train,
dannhauser,2015/2016,2015,212,201.0,train,
dannhauser,2016/2017,2016,287,212.0,train,
dannhauser,2017/2018,2017,253,287.0,train,
dannhauser,2018/2019,2018,227,253.0,train,
dannhauser,2019/2020,2019,219,227.0,train,
dannhauser,2020/2021,2020,254,219.0,train,
dannhauser,2021/2022,2021,243,254.0,train,
dannhauser,2022/2023,2022,170,243.0,test,213.9561447686718
dannhauser,2023/2024,2023,158,170.0,test,177.378564173534
dannhauser,2024/2025,2024,188,158.0,test,168.78439914297965
darling,2011/2012,2011,116,139.0,train,
darling,2012/2013,2012,140,116.0,train,
darling,2013/2014,2013,121,140.0,train,
darling,2014/2015,2014,143,121.0,train,
darling,2015/2016,2015,98,143.0,train,
darling,2016/2017,2016,122,98.0,train,
darling,2017/2018,2017,115,122.0,train,
darling,2018/2019,2018,161,115.0,train,
darling,2019/2020,2019,202,161.0,train,
darling,2020/2021,2020,134,202.0,train,
darling,2021/2022,2021,121,134.0,train,
darling,2022/2023,2022,126,121.0,test,120.1600655096633
darling,2023/2024,2023,129,126.0,test,115.4747680201378
darling,2024/2025,2024,135,129.0,test,118.59104760918397
davel,2011/2012,2011,40,44.0,train,
davel,2012/2013,2012,34,40.0,train,
davel,2013/2014,2013,25,34.0,train,
davel,2014/2015,2014,15,25.0,train,
davel,2015/2016,2015,17,15.0,train,
davel,2016/2017,2016,20,17.0,train,
davel,2017/2018,2017,24,20.0,train,
davel,2018/2019,2018,44,24.0,train,
davel,2019/2020,2019,31,44.0,train,
davel,2020/2021,2020,15,31.0,train,
davel,2021/2022,2021,17,15.0,train,
davel,2022/2023,2022,19,17.0,test,15.997822735361458
davel,2023/2024,2023,25,19.0,test,17.25903658455811
davel,2024/2025,2024,22,25.0,test,21.694226762695916
daveyton,2011/2012,2011,366,367.0,train,
daveyton,2012/2013,2012,531,366.0,train,
daveyton,2013/2014,2013,637,531.0,train,
daveyton,2014/2015,2014,681,637.0,train,
daveyton,2015/2016,2015,554,681.0,train,
daveyton,2016/2017,2016,748,554.0,train,
daveyton,2017/2018,2017,568,748.0,train,
daveyton,2018/2019,2018,487,568.0,train,
daveyton,2019/2020,2019,726,487.0,train,
daveyton,2020/2021,2020,532,726.0,train,
daveyton,2021/2022,2021,460,532.0,train,
daveyton,2022/2023,2022,569,460.0,test,472.5523712465949
daveyton,2023/2024,2023,432,569.0,test,520.4227512118136
daveyton,2024/2025,2024,547,432.0,test,448.7486518881131
dawn park,2011/2012,2011,869,906.0,train,
dawn park,2012/2013,2012,834,869.0,train,
dawn park,2013/2014,2013,927,834.0,train,
dawn park,2014/2015,2014,906,927.0,train,
dawn park,2015/2016,2015,851,906.0,train,
dawn park,2016/2017,2016,848,851.0,train,
dawn park,2017/2018,2017,744,848.0,train,
dawn park,2018/2019,2018,681,744.0,train,
dawn park,2019/2020,2019,780,681.0,train,
dawn park,2020/2021,2020,622,780.0,train,
dawn park,2021/2022,2021,626,622.0,train,
dawn park,2022/2023,2022,626,626.0,test,570.831045707194
dawn park,2023/2024,2023,592,626.0,test,563.0959928190646
dawn park,2024/2025,2024,616,592.0,test,545.1120406444445
de aar,2011/2012,2011,111,112.0,train,
de aar,2012/2013,2012,224,111.0,train,
de aar,2013/2014,2013,149,224.0,train,
de aar,2014/2015,2014,142,149.0,train,
de aar,2015/2016,2015,105,142.0,train,
de aar,2016/2017,2016,174,105.0,train,
de aar,2017/2018,2017,181,174.0,train,
de aar,2018/2019,2018,254,181.0,train,
de aar,2019/2020,2019,237,254.0,train,
de aar,2020/2021,2020,161,237.0,train,
de aar,2021/2022,2021,139,161.0,train,
de aar,2022/2023,2022,164,139.0,test,148.59209077412055
de aar,2023/2024,2023,164,164.0,test,150.56291954696377
de aar,2024/2025,2024,172,164.0,test,149.00958849552808
de deur,2011/2012,2011,754,820.0,train,
de deur,2012/2013,2012,638,754.0,train,
de deur,2013/2014,2013,644,638.0,train,
de deur,2014/2015,2014,654,644.0,train,
de deur,2015/2016,2015,748,654.0,train,
de deur,2016/2017,2016,775,748.0,train,
de deur,2017/2018,2017,579,775.0,train,
de deur,2018/2019,2018,698,579.0,train,
de deur,2019/2020,2019,569,698.0,train,
de deur,2020/2021,2020,455,569.0,train,
de deur,2021/2022,2021,453,455.0,train,
de deur,2022/2023,2022,532,453.0,test,437.8978651681126
de deur,2023/2024,2023,547,532.0,test,486.2273630887525
de deur,2024/2025,2024,460,547.0,test,513.283815341923
de doorns,2011/2012,2011,239,213.0,train,
de doorns,2012/2013,2012,273,239.0,train,
de doorns,2013/2014,2013,284,273.0,train,
de doorns,2014/2015,2014,328,284.0,train,
de doorns,2015/2016,2015,353,328.0,train,
de doorns,2016/2017,2016,410,353.0,train,
de doorns,2017/2018,2017,329,410.0,train,
de doorns,2018/2019,2018,296,329.0,train,
de doorns,2019/2020,2019,244,296.0,train,
de doorns,2020/2021,2020,255,244.0,train,
de doorns,2021/2022,2021,235,255.0,train,
de doorns,2022/2023,2022,250,235.0,test,213.93724396625495
de doorns,2023/2024,2023,200,250.0,test,221.1038943290166
de doorns,2024/2025,2024,191,200.0,test,192.3121239305452
de rust,2011/2012,2011,31,20.0,train,
de rust,2012/2013,2012,55,31.0,train,
de rust,2013/2014,2013,66,55.0,train,
de rust,2014/2015,2014,71,66.0,train,
de rust,2015/2016,2015,65,71.0,train,
de rust,2016/2017,2016,62,65.0,train,
de rust,2017/2018,2017,81,62.0,train,
de rust,2018/2019,2018,56,81.0,train,
de rust,2019/2020,2019,59,56.0,train,
de rust,2020/2021,2020,44,59.0,train,
de rust,2021/2022,2021,30,44.0,train,
de rust,2022/2023,2022,51,30.0,test,33.306145567353994
de rust,2023/2024,2023,43,51.0,test,46.27398616768792
de rust,2024/2025,2024,46,43.0,test,40.240153699580816
dealesville,2011/2012,2011,29,16.0,train,
dealesville,2012/2013,2012,23,29.0,train,
dealesville,2013/2014,2013,21,23.0,train,
dealesville,2014/2015,2014,20,21.0,train,
dealesville,2015/2016,2015,18,20.0,train,
dealesville,2016/2017,2016,26,18.0,train,
dealesville,2017/2018,2017,33,26.0,train,
dealesville,2018/2019,2018,41,33.0,train,
dealesville,2019/2020,2019,35,41.0,train,
dealesville,2020/2021,2020,34,35.0,train,
dealesville,2021/2022,2021,26,34.0,train,
dealesville,2022/2023,2022,38,26.0,test,26.564842071077095
dealesville,2023/2024,2023,37,38.0,test,32.534065643535456
dealesville,2024/2025,2024,40,37.0,test,34.3539771956117
deben,2011/2012,2011,21,13.0,train,
deben,2012/2013,2012,18,21.0,train,
deben,2013/2014,2013,16,18.0,train,
deben,2014/2015,2014,16,16.0,train,
deben,2015/2016,2015,11,16.0,train,
deben,2016/2017,2016,25,11.0,train,
deben,2017/2018,2017,9,25.0,train,
deben,2018/2019,2018,12,9.0,train,
deben,2019/2020,2019,9,12.0,train,
deben,2020/2021,2020,7,9.0,train,
deben,2021/2022,2021,9,7.0,train,
deben,2022/2023,2022,5,9.0,test,8.253631073861772
deben,2023/2024,2023,14,5.0,test,6.234940733298271
deben,2024/2025,2024,15,14.0,test,11.489945896708521
delareyville,2011/2012,2011,68,57.0,train,
delareyville,2012/2013,2012,84,68.0,train,
delareyville,2013/2014,2013,56,84.0,train,
delareyville,2014/2015,2014,85,56.0,train,
delareyville,2015/2016,2015,93,85.0,train,
delareyville,2016/2017,2016,85,93.0,train,
delareyville,2017/2018,2017,99,85.0,train,
delareyville,2018/2019,2018,137,99.0,train,
delareyville,2019/2020,2019,142,137.0,train,
delareyville,2020/2021,2020,145,142.0,train,
delareyville,2021/2022,2021,147,145.0,train,
delareyville,2022/2023,2022,147,147.0,test,137.35132314287102
delareyville,2023/2024,2023,87,147.0,test,138.27216524169833
delareyville,2024/2025,2024,180,87.0,test,88.79827578690998
delft,2011/2012,2011,1103,1017.0,train,
delft,2012/2013,2012,1206,1103.0,train,
delft,2013/2014,2013,1212,1206.0,train,
delft,2014/2015,2014,1308,1212.0,train,
delft,2015/2016,2015,1486,1308.0,train,
delft,2016/2017,2016,1461,1486.0,train,
delft,2017/2018,2017,1651,1461.0,train,
delft,2018/2019,2018,1560,1651.0,train,
delft,2019/2020,2019,1503,1560.0,train,
delft,2020/2021,2020,1098,1503.0,train,
delft,2021/2022,2021,1153,1098.0,train,
delft,2022/2023,2022,1196,1153.0,test,1092.83397544706
delft,2023/2024,2023,1206,1196.0,test,1112.3631517130136
delft,2024/2025,2024,1168,1206.0,test,1126.0144385897172
delmas,2011/2012,2011,619,771.0,train,
delmas,2012/2013,2012,661,619.0,train,
delmas,2013/2014,2013,616,661.0,train,
delmas,2014/2015,2014,653,616.0,train,
delmas,2015/2016,2015,692,653.0,train,
delmas,2016/2017,2016,797,692.0,train,
delmas,2017/2018,2017,697,797.0,train,
delmas,2018/2019,2018,764,697.0,train,
delmas,2019/2020,2019,666,764.0,train,
delmas,2020/2021,2020,524,666.0,train,
delmas,2021/2022,2021,537,524.0,train,
delmas,2022/2023,2022,542,537.0,test,505.41195764444933
delmas,2023/2024,2023,453,542.0,test,498.4172917831644
delmas,2024/2025,2024,512,453.0,test,448.6008931858778
delportshoop,2011/2012,2011,43,38.0,train,
delportshoop,2012/2013,2012,44,43.0,train,
delportshoop,2013/2014,2013,43,44.0,train,
delportshoop,2014/2015,2014,60,43.0,train,
delportshoop,2015/2016,2015,69,60.0,train,
delportshoop,2016/2017,2016,86,69.0,train,
delportshoop,2017/2018,2017,125,86.0,train,
delportshoop,2018/2019,2018,89,125.0,train,
delportshoop,2019/2020,2019,105,89.0,train,
delportshoop,2020/2021,2020,99,105.0,train,
delportshoop,2021/2022,2021,93,99.0,train,
delportshoop,2022/2023,2022,93,93.0,test,88.95241247652226
delportshoop,2023/2024,2023,58,93.0,test,87.00417889220056
delportshoop,2024/2025,2024,58,58.0,test,60.08264017947997
deneysville,2011/2012,2011,120,106.0,train,
deneysville,2012/2013,2012,144,120.0,train,
deneysville,2013/2014,2013,157,144.0,train,
deneysville,2014/2015,2014,172,157.0,train,
deneysville,2015/2016,2015,220,172.0,train,
deneysville,2016/2017,2016,177,220.0,train,
deneysville,2017/2018,2017,216,177.0,train,
deneysville,2018/2019,2018,254,216.0,train,
deneysville,2019/2020,2019,295,254.0,train,
deneysville,2020/2021,2020,189,295.0,train,
deneysville,2021/2022,2021,194,189.0,train,
deneysville,2022/2023,2022,211,194.0,test,181.08217311639075
deneysville,2023/2024,2023,214,211.0,test,182.03037828649678
deneysville,2024/2025,2024,170,214.0,test,185.02166638360018
dennilton,2011/2012,2011,305,341.0,train,
dennilton,2012/2013,2012,268,305.0,train,
dennilton,2013/2014,2013,325,268.0,train,
dennilton,2014/2015,2014,306,325.0,train,
dennilton,2015/2016,2015,289,306.0,train,
dennilton,2016/2017,2016,309,289.0,train,
dennilton,2017/2018,2017,318,309.0,train,
dennilton,2018/2019,2018,411,318.0,train,
dennilton,2019/2020,2019,442,411.0,train,
dennilton,2020/2021,2020,346,442.0,train,
dennilton,2021/2022,2021,316,346.0,train,
dennilton,2022/2023,2022,371,316.0,test,315.8641815095984
dennilton,2023/2024,2023,431,371.0,test,327.77136352047603
dennilton,2024/2025,2024,438,431.0,test,387.66664717704515
despatch,2011/2012,2011,281,349.0,train,
despatch,2012/2013,2012,303,281.0,train,
despatch,2013/2014,2013,273,303.0,train,
despatch,2014/2015,2014,340,273.0,train,
despatch,2015/2016,2015,228,340.0,train,
despatch,2016/2017,2016,229,228.0,train,
despatch,2017/2018,2017,207,229.0,train,
despatch,2018/2019,2018,302,207.0,train,
despatch,2019/2020,2019,294,302.0,train,
despatch,2020/2021,2020,225,294.0,train,
despatch,2021/2022,2021,198,225.0,train,
despatch,2022/2023,2022,201,198.0,test,194.9837371271924
despatch,2023/2024,2023,207,201.0,test,189.91854788906457
despatch,2024/2025,2024,200,207.0,test,199.01093857927526
devon,2011/2012,2011,55,57.0,train,
devon,2012/2013,2012,73,55.0,train,
devon,2013/2014,2013,77,73.0,train,
devon,2014/2015,2014,50,77.0,train,
devon,2015/2016,2015,69,50.0,train,
devon,2016/2017,2016,90,69.0,train,
devon,2017/2018,2017,52,90.0,train,
devon,2018/2019,2018,65,52.0,train,
devon,2019/2020,2019,93,65.0,train,
devon,2020/2021,2020,93,93.0,train,
devon,2021/2022,2021,63,93.0,train,
devon,2022/2023,2022,97,63.0,test,69.23023186820153
devon,2023/2024,2023,51,97.0,test,93.63963743245155
devon,2024/2025,2024,50,51.0,test,56.529793054817546
dewetsdorp,2011/2012,2011,40,47.0,train,
dewetsdorp,2012/2013,2012,56,40.0,train,
dewetsdorp,2013/2014,2013,41,56.0,train,
dewetsdorp,2014/2015,2014,45,41.0,train,
dewetsdorp,2015/2016,2015,45,45.0,train,
dewetsdorp,2016/2017,2016,23,45.0,train,
dewetsdorp,2017/2018,2017,17,23.0,train,
dewetsdorp,2018/2019,2018,26,17.0,train,
dewetsdorp,2019/2020,2019,27,26.0,train,
dewetsdorp,2020/2021,2020,28,27.0,train,
dewetsdorp,2021/2022,2021,25,28.0,train,
dewetsdorp,2022/2023,2022,41,25.0,test,25.555575289393875
dewetsdorp,2023/2024,2023,43,41.0,test,33.60345767994115
dewetsdorp,2024/2025,2024,41,43.0,test,41.02387402106614
dientjie,2011/2012,2011,35,36.0,train,
dientjie,2012/2013,2012,31,35.0,train,
dientjie,2013/2014,2013,33,31.0,train,
dientjie,2014/2015,2014,27,33.0,train,
dientjie,2015/2016,2015,33,27.0,train,
dientjie,2016/2017,2016,42,33.0,train,
dientjie,2017/2018,2017,25,42.0,train,
dientjie,2018/2019,2018,30,25.0,train,
dientjie,2019/2020,2019,45,30.0,train,
dientjie,2020/2021,2020,15,45.0,train,
dientjie,2021/2022,2021,20,15.0,train,
dientjie,2022/2023,2022,26,20.0,test,20.030354341563683
dientjie,2023/2024,2023,23,26.0,test,21.955377634930525
dientjie,2024/2025,2024,12,23.0,test,23.44158150693642
diepkloof,2011/2012,2011,622,600.0,train,
diepkloof,2012/2013,2012,696,622.0,train,
diepkloof,2013/2014,2013,706,696.0,train,
diepkloof,2014/2015,2014,738,706.0,train,
diepkloof,2015/2016,2015,748,738.0,train,
diepkloof,2016/2017,2016,797,748.0,train,
diepkloof,2017/2018,2017,865,797.0,train,
diepkloof,2018/2019,2018,775,865.0,train,
diepkloof,2019/2020,2019,796,775.0,train,
diepkloof,2020/2021,2020,503,796.0,train,
diepkloof,2021/2022,2021,559,503.0,train,
diepkloof,2022/2023,2022,604,559.0,test,538.9784406120534
diepkloof,2023/2024,2023,601,604.0,test,560.4171074115504
diepkloof,2024/2025,2024,593,601.0,test,557.9505836956257
dieprivier,2011/2012,2011,1390,1340.0,train,
dieprivier,2012/2013,2012,1872,1390.0,train,
dieprivier,2013/2014,2013,1707,1872.0,train,
dieprivier,2014/2015,2014,1411,1707.0,train,
dieprivier,2015/2016,2015,1513,1411.0,train,
dieprivier,2016/2017,2016,1239,1513.0,train,
dieprivier,2017/2018,2017,920,1239.0,train,
dieprivier,2018/2019,2018,865,920.0,train,
dieprivier,2019/2020,2019,714,865.0,train,
dieprivier,2020/2021,2020,584,714.0,train,
dieprivier,2021/2022,2021,488,584.0,train,
dieprivier,2022/2023,2022,636,488.0,test,467.7602693319335
dieprivier,2023/2024,2023,653,636.0,test,573.5069397118153
dieprivier,2024/2025,2024,573,653.0,test,582.5150807295468
diepsloot,2011/2012,2011,867,268.0,train,
diepsloot,2012/2013,2012,665,867.0,train,
diepsloot,2013/2014,2013,804,665.0,train,
diepsloot,2014/2015,2014,749,804.0,train,
diepsloot,2015/2016,2015,805,749.0,train,
diepsloot,2016/2017,2016,869,805.0,train,
diepsloot,2017/2018,2017,825,869.0,train,
diepsloot,2018/2019,2018,793,825.0,train,
diepsloot,2019/2020,2019,706,793.0,train,
diepsloot,2020/2021,2020,574,706.0,train,
diepsloot,2021/2022,2021,560,574.0,train,
diepsloot,2022/2023,2022,416,560.0,test,541.1202380507884
diepsloot,2023/2024,2023,495,416.0,test,437.30171003646973
diepsloot,2024/2025,2024,563,495.0,test,480.0221414286606
dimbaza,2011/2012,2011,203,169.0,train,
dimbaza,2012/2013,2012,204,203.0,train,
dimbaza,2013/2014,2013,184,204.0,train,
dimbaza,2014/2015,2014,170,184.0,train,
dimbaza,2015/2016,2015,204,170.0,train,
dimbaza,2016/2017,2016,198,204.0,train,
dimbaza,2017/2018,2017,220,198.0,train,
dimbaza,2018/2019,2018,237,220.0,train,
dimbaza,2019/2020,2019,207,237.0,train,
dimbaza,2020/2021,2020,177,207.0,train,
dimbaza,2021/2022,2021,167,177.0,train,
dimbaza,2022/2023,2022,250,167.0,test,168.84330803579797
dimbaza,2023/2024,2023,214,250.0,test,217.03107972451392
dimbaza,2024/2025,2024,198,214.0,test,188.86279578394863
dingleton,2011/2012,2011,10,14.0,train,
dingleton,2012/2013,2012,11,10.0,train,
dingleton,2013/2014,2013,10,11.0,train,
dingleton,2014/2015,2014,19,10.0,train,
dingleton,2015/2016,2015,19,19.0,train,
dingleton,2016/2017,2016,9,19.0,train,
dingleton,2017/2018,2017,5,9.0,train,
dingleton,2018/2019,2018,12,5.0,train,
dingleton,2019/2020,2019,17,12.0,train,
dingleton,2020/2021,2020,8,17.0,train,
dingleton,2021/2022,2021,17,8.0,train,
dingleton,2022/2023,2022,29,17.0,test,13.094595453798222
dirkiesdorp,2011/2012,2011,93,123.0,train,
dirkiesdorp,2012/2013,2012,118,93.0,train,
dirkiesdorp,2013/2014,2013,122,118.0,train,
dirkiesdorp,2014/2015,2014,94,122.0,train,
dirkiesdorp,2015/2016,2015,89,94.0,train,
dirkiesdorp,2016/2017,2016,114,89.0,train,
dirkiesdorp,2017/2018,2017,162,114.0,train,
dirkiesdorp,2018/2019,2018,120,162.0,train,
dirkiesdorp,2019/2020,2019,100,120.0,train,
dirkiesdorp,2020/2021,2020,101,100.0,train,
dirkiesdorp,2021/2022,2021,101,101.0,train,
dirkiesdorp,2022/2023,2022,89,101.0,test,96.63645052249346
dirkiesdorp,2023/2024,2023,62,89.0,test,88.49777583036507
dirkiesdorp,2024/2025,2024,59,62.0,test,66.12357616170762
dobsonville,2011/2012,2011,1211,1396.0,train,
dobsonville,2012/2013,2012,1430,1211.0,train,
dobsonville,2013/2014,2013,1353,1430.0,train,
dobsonville,2014/2015,2014,1473,1353.0,train,
dobsonville,2015/2016,2015,1661,1473.0,train,
dobsonville,2016/2017,2016,1695,1661.0,train,
dobsonville,2017/2018,2017,1570,1695.0,train,
dobsonville,2018/2019,2018,1707,1570.0,train,
dobsonville,2019/2020,2019,1802,1707.0,train,
dobsonville,2020/2021,2020,804,1802.0,train,
dobsonville,2021/2022,2021,713,804.0,train,
dobsonville,2022/2023,2022,757,713.0,test,734.4255661065076
dobsonville,2023/2024,2023,627,757.0,test,687.122027933428
dobsonville,2024/2025,2024,611,627.0,test,596.5038031764938
donnybrook,2011/2012,2011,77,78.0,train,
donnybrook,2012/2013,2012,112,77.0,train,
donnybrook,2013/2014,2013,104,112.0,train,
donnybrook,2014/2015,2014,92,104.0,train,
donnybrook,2015/2016,2015,82,92.0,train,
donnybrook,2016/2017,2016,89,82.0,train,
donnybrook,2017/2018,2017,92,89.0,train,
donnybrook,2018/2019,2018,68,92.0,train,
donnybrook,2019/2020,2019,71,68.0,train,
donnybrook,2020/2021,2020,88,71.0,train,
donnybrook,2021/2022,2021,89,88.0,train,
donnybrook,2022/2023,2022,77,89.0,test,86.10075231098035
donnybrook,2023/2024,2023,61,77.0,test,75.80991878059372
donnybrook,2024/2025,2024,34,61.0,test,66.07393047503051
dordrecht,2011/2012,2011,50,52.0,train,
dordrecht,2012/2013,2012,72,50.0,train,
dordrecht,2013/2014,2013,64,72.0,train,
dordrecht,2014/2015,2014,44,64.0,train,
dordrecht,2015/2016,2015,55,44.0,train,
dordrecht,2016/2017,2016,64,55.0,train,
dordrecht,2017/2018,2017,73,64.0,train,
dordrecht,2018/2019,2018,64,73.0,train,
dordrecht,2019/2020,2019,54,64.0,train,
dordrecht,2020/2021,2020,59,54.0,train,
dordrecht,2021/2022,2021,55,59.0,train,
dordrecht,2022/2023,2022,94,55.0,test,54.37472558702742
dordrecht,2023/2024,2023,83,94.0,test,85.90063719724236
dordrecht,2024/2025,2024,61,83.0,test,79.70728260627968
doring bay,2011/2012,2011,11,11.0,train,
doring bay,2012/2013,2012,10,11.0,train,
doring bay,2013/2014,2013,7,10.0,train,
doring bay,2014/2015,2014,8,7.0,train,
doring bay,2015/2016,2015,7,8.0,train,
doring bay,2016/2017,2016,10,7.0,train,
doring bay,2017/2018,2017,7,10.0,train,
doring bay,2018/2019,2018,64,7.0,train,
doring bay,2019/2020,2019,54,64.0,train,
doring bay,2020/2021,2020,59,54.0,train,
doring bay,2021/2022,2021,55,59.0,train,
doring bay,2022/2023,2022,94,55.0,test,53.24542834700585
doring bay,2023/2024,2023,7,94.0,test,86.0063131502835
doring bay,2024/2025,2024,9,7.0,test,14.228436930714267
doringkloof,2011/2012,2011,1,4.0,train,
doringkloof,2012/2013,2012,0,1.0,train,
doringkloof,2013/2014,2013,3,0.0,train,
doringkloof,2014/2015,2014,3,3.0,train,
doringkloof,2015/2016,2015,3,3.0,train,
doringkloof,2016/2017,2016,2,3.0,train,
doringkloof,2017/2018,2017,2,2.0,train,
doringkloof,2018/2019,2018,64,2.0,train,
doringkloof,2019/2020,2019,54,64.0,train,
doringkloof,2020/2021,2020,59,54.0,train,
doringkloof,2021/2022,2021,55,59.0,train,
doringkloof,2022/2023,2022,94,55.0,test,53.28236016518767
doringkloof,2023/2024,2023,1,94.0,test,86.0063131502835
doringkloof,2024/2025,2024,0,1.0,test,8.324484635918392
dorset,2011/2012,2011,26,28.0,train,
dorset,2012/2013,2012,33,26.0,train,
dorset,2013/2014,2013,28,33.0,train,
dorset,2014/2015,2014,41,28.0,train,
dorset,2015/2016,2015,38,41.0,train,
dorset,2016/2017,2016,15,38.0,train,
dorset,2017/2018,2017,20,15.0,train,
dorset,2018/2019,2018,2,20.0,train,
dorset,2019/2020,2019,7,2.0,train,
dorset,2020/2021,2020,13,7.0,train,
dorset,2021/2022,2021,7,13.0,train,
dorset,2022/2023,2022,8,7.0,test,9.86932755961199
dorset,2023/2024,2023,6,8.0,test,8.278750408338455
dorset,2024/2025,2024,14,6.0,test,6.830389419431786
douglas,2011/2012,2011,148,161.0,train,
douglas,2012/2013,2012,175,148.0,train,
douglas,2013/2014,2013,148,175.0,train,
douglas,2014/2015,2014,167,148.0,train,
douglas,2015/2016,2015,169,167.0,train,
douglas,2016/2017,2016,199,169.0,train,
douglas,2017/2018,2017,227,199.0,train,
douglas,2018/2019,2018,222,227.0,train,
douglas,2019/2020,2019,205,222.0,train,
douglas,2020/2021,2020,181,205.0,train,
douglas,2021/2022,2021,140,181.0,train,
douglas,2022/2023,2022,220,140.0,test,139.1538881446101
douglas,2023/2024,2023,219,220.0,test,185.32908643706818
douglas,2024/2025,2024,208,219.0,test,183.76562273080822
douglasdale,2011/2012,2011,1751,1744.0,train,
douglasdale,2012/2013,2012,1785,1751.0,train,
douglasdale,2013/2014,2013,1899,1785.0,train,
douglasdale,2014/2015,2014,1918,1899.0,train,
douglasdale,2015/2016,2015,1771,1918.0,train,
douglasdale,2016/2017,2016,1781,1771.0,train,
douglasdale,2017/2018,2017,1529,1781.0,train,
douglasdale,2018/2019,2018,1341,1529.0,train,
douglasdale,2019/2020,2019,1559,1341.0,train,
douglasdale,2020/2021,2020,852,1559.0,train,
douglasdale,2021/2022,2021,1062,852.0,train,
douglasdale,2022/2023,2022,976,1062.0,test,1037.2275337509002
douglasdale,2023/2024,2023,976,976.0,test,945.3769226746567
douglasdale,2024/2025,2024,851,976.0,test,923.6169121320777
driekop,2011/2012,2011,0,0.0,train,
driekop,2012/2013,2012,0,0.0,train,
driekop,2013/2014,2013,0,0.0,train,
driekop,2014/2015,2014,0,0.0,train,
driekop,2015/2016,2015,0,0.0,train,
driekop,2016/2017,2016,0,0.0,train,
driekop,2017/2018,2017,21,0.0,train,
driekop,2018/2019,2018,80,21.0,train,
driekop,2019/2020,2019,88,80.0,train,
driekop,2020/2021,2020,67,88.0,train,
driekop,2021/2022,2021,74,67.0,train,
driekop,2022/2023,2022,40,74.0,test,75.47248463909003
driekop,2023/2024,2023,69,40.0,test,44.99035553312402
driekop,2024/2025,2024,70,69.0,test,66.33866707611561
dube,2011/2012,2011,109,73.0,train,
dube,2012/2013,2012,109,109.0,train,
dube,2013/2014,2013,96,109.0,train,
dube,2014/2015,2014,133,96.0,train,
dube,2015/2016,2015,117,133.0,train,
dube,2016/2017,2016,122,117.0,train,
dube,2017/2018,2017,122,122.0,train,
dube,2018/2019,2018,113,122.0,train,
dube,2019/2020,2019,110,113.0,train,
dube,2020/2021,2020,82,110.0,train,
dube,2021/2022,2021,107,82.0,train,
dube,2022/2023,2022,53,107.0,test,104.60728237152487
dube,2023/2024,2023,61,53.0,test,61.20299441023134
dube,2024/2025,2024,62,61.0,test,65.7761926471443
dududu,2011/2012,2011,36,47.0,train,
dududu,2012/2013,2012,52,36.0,train,
dududu,2013/2014,2013,45,52.0,train,
dududu,2014/2015,2014,62,45.0,train,
dududu,2015/2016,2015,47,62.0,train,
dududu,2016/2017,2016,56,47.0,train,
dududu,2017/2018,2017,80,56.0,train,
dududu,2018/2019,2018,67,80.0,train,
dududu,2019/2020,2019,39,67.0,train,
dududu,2020/2021,2020,46,39.0,train,
dududu,2021/2022,2021,47,46.0,train,
dududu,2022/2023,2022,60,47.0,test,46.74691463301699
dududu,2023/2024,2023,60,60.0,test,57.186489734052635
dududu,2024/2025,2024,53,60.0,test,59.314993849313105
duduza,2011/2012,2011,315,390.0,train,
duduza,2012/2013,2012,416,315.0,train,
duduza,2013/2014,2013,491,416.0,train,
duduza,2014/2015,2014,490,491.0,train,
duduza,2015/2016,2015,560,490.0,train,
duduza,2016/2017,2016,679,560.0,train,
duduza,2017/2018,2017,588,679.0,train,
duduza,2018/2019,2018,519,588.0,train,
duduza,2019/2020,2019,381,519.0,train,
duduza,2020/2021,2020,301,381.0,train,
duduza,2021/2022,2021,307,301.0,train,
duduza,2022/2023,2022,311,307.0,test,298.9271905283233
duduza,2023/2024,2023,316,311.0,test,292.81266776993334
duduza,2024/2025,2024,276,316.0,test,291.7949973304082
dullstroom,2011/2012,2011,87,80.0,train,
dullstroom,2012/2013,2012,99,87.0,train,
dullstroom,2013/2014,2013,94,99.0,train,
dullstroom,2014/2015,2014,77,94.0,train,
dullstroom,2015/2016,2015,81,77.0,train,
dullstroom,2016/2017,2016,47,81.0,train,
dullstroom,2017/2018,2017,71,47.0,train,
dullstroom,2018/2019,2018,96,71.0,train,
dullstroom,2019/2020,2019,88,96.0,train,
dullstroom,2020/2021,2020,95,88.0,train,
dullstroom,2021/2022,2021,85,95.0,train,
dullstroom,2022/2023,2022,77,85.0,test,82.92159898053559
dullstroom,2023/2024,2023,68,77.0,test,77.38415795761352
dullstroom,2024/2025,2024,22,68.0,test,73.00489954667769
duncan village,2011/2012,2011,629,638.0,train,
duncan village,2012/2013,2012,578,629.0,train,
duncan village,2013/2014,2013,497,578.0,train,
duncan village,2014/2015,2014,511,497.0,train,
duncan village,2015/2016,2015,576,511.0,train,
duncan village,2016/2017,2016,563,576.0,train,
duncan village,2017/2018,2017,477,563.0,train,
duncan village,2018/2019,2018,462,477.0,train,
duncan village,2019/2020,2019,399,462.0,train,
duncan village,2020/2021,2020,305,399.0,train,
duncan village,2021/2022,2021,397,305.0,train,
duncan village,2022/2023,2022,418,397.0,test,347.787404271021
duncan village,2023/2024,2023,389,418.0,test,369.1313083339344
duncan village,2024/2025,2024,419,389.0,test,348.26488327009463
dundee,2011/2012,2011,273,338.0,train,
dundee,2012/2013,2012,246,273.0,train,
dundee,2013/2014,2013,329,246.0,train,
dundee,2014/2015,2014,265,329.0,train,
dundee,2015/2016,2015,366,265.0,train,
dundee,2016/2017,2016,336,366.0,train,
dundee,2017/2018,2017,459,336.0,train,
dundee,2018/2019,2018,376,459.0,train,
dundee,2019/2020,2019,333,376.0,train,
dundee,2020/2021,2020,282,333.0,train,
dundee,2021/2022,2021,255,282.0,train,
dundee,2022/2023,2022,289,255.0,test,242.12413704037274
dundee,2023/2024,2023,336,289.0,test,252.26663554629926
dundee,2024/2025,2024,316,336.0,test,286.5444261114559
dunnottar,2011/2012,2011,222,227.0,train,
dunnottar,2012/2013,2012,210,222.0,train,
dunnottar,2013/2014,2013,229,210.0,train,
dunnottar,2014/2015,2014,261,229.0,train,
dunnottar,2015/2016,2015,225,261.0,train,
dunnottar,2016/2017,2016,214,225.0,train,
dunnottar,2017/2018,2017,190,214.0,train,
dunnottar,2018/2019,2018,144,190.0,train,
dunnottar,2019/2020,2019,162,144.0,train,
dunnottar,2020/2021,2020,170,162.0,train,
dunnottar,2021/2022,2021,154,170.0,train,
dunnottar,2022/2023,2022,147,154.0,test,144.60220303893385
dunnottar,2023/2024,2023,140,147.0,test,138.37623702533676
dunnottar,2024/2025,2024,82,140.0,test,131.27985485362117
durban central,2011/2012,2011,1890,2010.0,train,
durban central,2012/2013,2012,2165,1890.0,train,
durban central,2013/2014,2013,2111,2165.0,train,
durban central,2014/2015,2014,1976,2111.0,train,
durban central,2015/2016,2015,2040,1976.0,train,
durban central,2016/2017,2016,2422,2040.0,train,
durban central,2017/2018,2017,2472,2422.0,train,
durban central,2018/2019,2018,2344,2472.0,train,
durban central,2019/2020,2019,2472,2344.0,train,
durban central,2020/2021,2020,1410,2472.0,train,
durban central,2021/2022,2021,1526,1410.0,train,
durban central,2022/2023,2022,1862,1526.0,test,1430.0808039389642
durban central,2023/2024,2023,2196,1862.0,test,1660.6316249022718
durban central,2024/2025,2024,1743,2196.0,test,1928.841033816433
durban north,2011/2012,2011,1578,1493.0,train,
durban north,2012/2013,2012,1587,1578.0,train,
durban north,2013/2014,2013,1561,1587.0,train,
durban north,2014/2015,2014,1151,1561.0,train,
durban north,2015/2016,2015,1118,1151.0,train,
durban north,2016/2017,2016,956,1118.0,train,
durban north,2017/2018,2017,1091,956.0,train,
durban north,2018/2019,2018,882,1091.0,train,
durban north,2019/2020,2019,764,882.0,train,
durban north,2020/2021,2020,510,764.0,train,
durban north,2021/2022,2021,514,510.0,train,
durban north,2022/2023,2022,658,514.0,test,493.9678377347583
durban north,2023/2024,2023,687,658.0,test,600.8071571562781
durban north,2024/2025,2024,502,687.0,test,621.3702689691189
durbanville,2011/2012,2011,1845,1608.0,train,
durbanville,2012/2013,2012,2224,1845.0,train,
durbanville,2013/2014,2013,1933,2224.0,train,
durbanville,2014/2015,2014,1420,1933.0,train,
durbanville,2015/2016,2015,1182,1420.0,train,
durbanville,2016/2017,2016,1107,1182.0,train,
durbanville,2017/2018,2017,1051,1107.0,train,
durbanville,2018/2019,2018,1005,1051.0,train,
durbanville,2019/2020,2019,961,1005.0,train,
durbanville,2020/2021,2020,816,961.0,train,
durbanville,2021/2022,2021,843,816.0,train,
durbanville,2022/2023,2022,1029,843.0,test,767.5023339247673
durbanville,2023/2024,2023,1115,1029.0,test,945.3473919531987
durbanville,2024/2025,2024,966,1115.0,test,1025.791229718704
dutywa,2011/2012,2011,218,218.0,train,
dutywa,2012/2013,2012,278,218.0,train,
dutywa,2013/2014,2013,239,278.0,train,
dutywa,2014/2015,2014,222,239.0,train,
dutywa,2015/2016,2015,239,222.0,train,
dutywa,2016/2017,2016,330,239.0,train,
dutywa,2017/2018,2017,318,330.0,train,
dutywa,2018/2019,2018,316,318.0,train,
dutywa,2019/2020,2019,324,316.0,train,
dutywa,2020/2021,2020,276,324.0,train,
dutywa,2021/2022,2021,261,276.0,train,
dutywa,2022/2023,2022,265,261.0,test,242.5001722157423
dutywa,2023/2024,2023,196,265.0,test,244.01162547438057
dutywa,2024/2025,2024,222,196.0,test,196.88706595587757
dwaalboom,2011/2012,2011,8,16.0,train,
dwaalboom,2012/2013,2012,12,8.0,train,
dwaalboom,2013/2014,2013,11,12.0,train,
dwaalboom,2014/2015,2014,14,11.0,train,
dwaalboom,2015/2016,2015,13,14.0,train,
dwaalboom,2016/2017,2016,19,13.0,train,
dwaalboom,2017/2018,2017,8,19.0,train,
dwaalboom,2018/2019,2018,64,8.0,train,
dwaalboom,2019/2020,2019,54,64.0,train,
dwaalboom,2020/2021,2020,59,54.0,train,
dwaalboom,2021/2022,2021,55,59.0,train,
dwaalboom,2022/2023,2022,94,55.0,test,53.228041983369486
dwaalboom,2023/2024,2023,1,94.0,test,86.0063131502835
dwaalboom,2024/2025,2024,3,1.0,test,8.42706501475902
dysselsdorp,2011/2012,2011,24,32.0,train,
dysselsdorp,2012/2013,2012,42,24.0,train,
dysselsdorp,2013/2014,2013,20,42.0,train,
dysselsdorp,2014/2015,2014,47,20.0,train,
dysselsdorp,2015/2016,2015,64,47.0,train,
dysselsdorp,2016/2017,2016,85,64.0,train,
dysselsdorp,2017/2018,2017,85,85.0,train,
dysselsdorp,2018/2019,2018,64,85.0,train,
dysselsdorp,2019/2020,2019,54,64.0,train,
dysselsdorp,2020/2021,2020,59,54.0,train,
dysselsdorp,2021/2022,2021,55,59.0,train,
dysselsdorp,2022/2023,2022,94,55.0,test,53.82227506686856
dysselsdorp,2023/2024,2023,70,94.0,test,85.86600756761273
dysselsdorp,2024/2025,2024,93,70.0,test,69.28364549854552
east london,2011/2012,2011,2520,2061.0,train,
east london,2012/2013,2012,1805,2520.0,train,
east london,2013/2014,2013,1689,1805.0,train,
east london,2014/2015,2014,1347,1689.0,train,
east london,2015/2016,2015,1383,1347.0,train,
east london,2016/2017,2016,1646,1383.0,train,
east london,2017/2018,2017,1763,1646.0,train,
east london,2018/2019,2018,1724,1763.0,train,
east london,2019/2020,2019,1710,1724.0,train,
east london,2020/2021,2020,1015,1710.0,train,
east london,2021/2022,2021,1284,1015.0,train,
east london,2022/2023,2022,1509,1284.0,test,1199.7778184738504
east london,2023/2024,2023,1483,1509.0,test,1362.4459157901906
east london,2024/2025,2024,1169,1483.0,test,1343.5242274343286
edenburg,2011/2012,2011,55,50.0,train,
edenburg,2012/2013,2012,55,55.0,train,
edenburg,2013/2014,2013,31,55.0,train,
edenburg,2014/2015,2014,43,31.0,train,
edenburg,2015/2016,2015,70,43.0,train,
edenburg,2016/2017,2016,54,70.0,train,
edenburg,2017/2018,2017,56,54.0,train,
edenburg,2018/2019,2018,28,56.0,train,
edenburg,2019/2020,2019,35,28.0,train,
edenburg,2020/2021,2020,29,35.0,train,
edenburg,2021/2022,2021,51,29.0,train,
edenburg,2022/2023,2022,54,51.0,test,44.785569441153896
edenburg,2023/2024,2023,48,54.0,test,50.37464710095303
edenburg,2024/2025,2024,36,48.0,test,45.251805695137
edenpark,2011/2012,2011,467,569.0,train,
edenpark,2012/2013,2012,497,467.0,train,
edenpark,2013/2014,2013,528,497.0,train,
edenpark,2014/2015,2014,542,528.0,train,
edenpark,2015/2016,2015,545,542.0,train,
edenpark,2016/2017,2016,619,545.0,train,
edenpark,2017/2018,2017,572,619.0,train,
edenpark,2018/2019,2018,529,572.0,train,
edenpark,2019/2020,2019,541,529.0,train,
edenpark,2020/2021,2020,470,541.0,train,
edenpark,2021/2022,2021,422,470.0,train,
edenpark,2022/2023,2022,492,422.0,test,425.443837422301
edenpark,2023/2024,2023,415,492.0,test,458.6990450273244
edenpark,2024/2025,2024,385,415.0,test,408.2415397462102
edenvale,2011/2012,2011,1177,1345.0,train,
edenvale,2012/2013,2012,1116,1177.0,train,
edenvale,2013/2014,2013,1062,1116.0,train,
edenvale,2014/2015,2014,1160,1062.0,train,
edenvale,2015/2016,2015,1044,1160.0,train,
edenvale,2016/2017,2016,1259,1044.0,train,
edenvale,2017/2018,2017,1156,1259.0,train,
edenvale,2018/2019,2018,1082,1156.0,train,
edenvale,2019/2020,2019,1219,1082.0,train,
edenvale,2020/2021,2020,596,1219.0,train,
edenvale,2021/2022,2021,506,596.0,train,
edenvale,2022/2023,2022,390,506.0,test,535.9479604285231
edenvale,2023/2024,2023,583,390.0,test,416.5222163305826
edenvale,2024/2025,2024,563,583.0,test,559.9506072602592
edenville,2011/2012,2011,28,22.0,train,
edenville,2012/2013,2012,22,28.0,train,
edenville,2013/2014,2013,24,22.0,train,
edenville,2014/2015,2014,23,24.0,train,
edenville,2015/2016,2015,44,23.0,train,
edenville,2016/2017,2016,29,44.0,train,
edenville,2017/2018,2017,15,29.0,train,
edenville,2018/2019,2018,15,15.0,train,
edenville,2019/2020,2019,14,15.0,train,
edenville,2020/2021,2020,32,14.0,train,
edenville,2021/2022,2021,18,32.0,train,
edenville,2022/2023,2022,18,18.0,test,21.871074493227354
edenville,2023/2024,2023,30,18.0,test,17.280164529537466
edenville,2024/2025,2024,27,30.0,test,23.23049546481306
eendekuil,2011/2012,2011,20,6.0,train,
eendekuil,2012/2013,2012,6,20.0,train,
eendekuil,2013/2014,2013,10,6.0,train,
eendekuil,2014/2015,2014,8,10.0,train,
eendekuil,2015/2016,2015,5,8.0,train,
eendekuil,2016/2017,2016,6,5.0,train,
eendekuil,2017/2018,2017,14,6.0,train,
eendekuil,2018/2019,2018,8,14.0,train,
eendekuil,2019/2020,2019,15,8.0,train,
eendekuil,2020/2021,2020,11,15.0,train,
eendekuil,2021/2022,2021,9,11.0,train,
eendekuil,2022/2023,2022,15,9.0,test,10.050266434415525
eendekuil,2023/2024,2023,8,15.0,test,11.489394841064602
eendekuil,2024/2025,2024,9,8.0,test,10.464383497263402
eersterust,2011/2012,2011,335,367.0,train,
eersterust,2012/2013,2012,361,335.0,train,
eersterust,2013/2014,2013,399,361.0,train,
eersterust,2014/2015,2014,265,399.0,train,
eersterust,2015/2016,2015,308,265.0,train,
eersterust,2016/2017,2016,300,308.0,train,
eersterust,2017/2018,2017,343,300.0,train,
eersterust,2018/2019,2018,294,343.0,train,
eersterust,2019/2020,2019,264,294.0,train,
eersterust,2020/2021,2020,207,264.0,train,
eersterust,2021/2022,2021,195,207.0,train,
eersterust,2022/2023,2022,236,195.0,test,189.43597428130155
eersterust,2023/2024,2023,219,236.0,test,218.11602018515094
eersterust,2024/2025,2024,249,219.0,test,204.7359070148789
ekangala,2011/2012,2011,245,359.0,train,
ekangala,2012/2013,2012,319,245.0,train,
ekangala,2013/2014,2013,329,319.0,train,
ekangala,2014/2015,2014,382,329.0,train,
ekangala,2015/2016,2015,295,382.0,train,
ekangala,2016/2017,2016,325,295.0,train,
ekangala,2017/2018,2017,295,325.0,train,
ekangala,2018/2019,2018,280,295.0,train,
ekangala,2019/2020,2019,237,280.0,train,
ekangala,2020/2021,2020,168,237.0,train,
ekangala,2021/2022,2021,142,168.0,train,
ekangala,2022/2023,2022,210,142.0,test,152.89695791721138
ekangala,2023/2024,2023,181,210.0,test,194.49911834242525
ekangala,2024/2025,2024,183,181.0,test,175.63749609217285
ekombe,2011/2012,2011,29,23.0,train,
ekombe,2012/2013,2012,28,29.0,train,
ekombe,2013/2014,2013,33,28.0,train,
ekombe,2014/2015,2014,41,33.0,train,
ekombe,2015/2016,2015,26,41.0,train,
ekombe,2016/2017,2016,39,26.0,train,
ekombe,2017/2018,2017,52,39.0,train,
ekombe,2018/2019,2018,41,52.0,train,
ekombe,2019/2020,2019,43,41.0,train,
ekombe,2020/2021,2020,39,43.0,train,
ekombe,2021/2022,2021,30,39.0,train,
ekombe,2022/2023,2022,35,30.0,test,30.305642044662534
ekombe,2023/2024,2023,36,35.0,test,33.8395393861368
ekombe,2024/2025,2024,30,36.0,test,33.70237827445816
ekulindeni,2011/2012,2011,11,15.0,train,
ekulindeni,2012/2013,2012,11,11.0,train,
ekulindeni,2013/2014,2013,22,11.0,train,
ekulindeni,2014/2015,2014,15,22.0,train,
ekulindeni,2015/2016,2015,21,15.0,train,
ekulindeni,2016/2017,2016,10,21.0,train,
ekulindeni,2017/2018,2017,14,10.0,train,
ekulindeni,2018/2019,2018,16,14.0,train,
ekulindeni,2019/2020,2019,11,16.0,train,
ekulindeni,2020/2021,2020,18,11.0,train,
ekulindeni,2021/2022,2021,4,18.0,train,
ekulindeni,2022/2023,2022,4,4.0,test,8.604346984106886
ekulindeni,2023/2024,2023,6,4.0,test,4.991025189821813
ekulindeni,2024/2025,2024,10,6.0,test,5.028724934949093
ekuvukeni,2011/2012,2011,135,161.0,train,
ekuvukeni,2012/2013,2012,159,135.0,train,
ekuvukeni,2013/2014,2013,194,159.0,train,
ekuvukeni,2014/2015,2014,206,194.0,train,
ekuvukeni,2015/2016,2015,177,206.0,train,
ekuvukeni,2016/2017,2016,174,177.0,train,
ekuvukeni,2017/2018,2017,183,174.0,train,
ekuvukeni,2018/2019,2018,134,183.0,train,
ekuvukeni,2019/2020,2019,193,134.0,train,
ekuvukeni,2020/2021,2020,127,193.0,train,
ekuvukeni,2021/2022,2021,113,127.0,train,
ekuvukeni,2022/2023,2022,112,113.0,test,113.91686982378103
ekuvukeni,2023/2024,2023,108,112.0,test,106.9835221839898
ekuvukeni,2024/2025,2024,131,108.0,test,106.15719992516146
elands bay,2011/2012,2011,17,14.0,train,
elands bay,2012/2013,2012,18,17.0,train,
elands bay,2013/2014,2013,9,18.0,train,
elands bay,2014/2015,2014,14,9.0,train,
elands bay,2015/2016,2015,23,14.0,train,
elands bay,2016/2017,2016,13,23.0,train,
elands bay,2017/2018,2017,23,13.0,train,
elands bay,2018/2019,2018,23,23.0,train,
elands bay,2019/2020,2019,24,23.0,train,
elands bay,2020/2021,2020,35,24.0,train,
elands bay,2021/2022,2021,23,35.0,train,
elands bay,2022/2023,2022,36,23.0,test,24.24257581834081
elands bay,2023/2024,2023,28,36.0,test,30.585600053424983
elands bay,2024/2025,2024,15,28.0,test,27.65314011004077
elands height,2011/2012,2011,1,3.0,train,
elands height,2012/2013,2012,1,1.0,train,
elands height,2013/2014,2013,3,1.0,train,
elands height,2014/2015,2014,2,3.0,train,
elands height,2015/2016,2015,1,2.0,train,
elands height,2016/2017,2016,1,1.0,train,
elands height,2017/2018,2017,0,1.0,train,
elands height,2018/2019,2018,0,0.0,train,
elands height,2019/2020,2019,0,0.0,train,
elands height,2020/2021,2020,1,0.0,train,
elands height,2021/2022,2021,0,1.0,train,
elands height,2022/2023,2022,0,0.0,test,0.9211561230164756
elands height,2023/2024,2023,0,0.0,test,1.5413711231579463
elands height,2024/2025,2024,0,0.0,test,3.176532913268521
elandskraal,2011/2012,2011,27,57.0,train,
elandskraal,2012/2013,2012,26,27.0,train,
elandskraal,2013/2014,2013,21,26.0,train,
elandskraal,2014/2015,2014,31,21.0,train,
elandskraal,2015/2016,2015,32,31.0,train,
elandskraal,2016/2017,2016,63,32.0,train,
elandskraal,2017/2018,2017,41,63.0,train,
elandskraal,2018/2019,2018,37,41.0,train,
elandskraal,2019/2020,2019,27,37.0,train,
elandskraal,2020/2021,2020,40,27.0,train,
elandskraal,2021/2022,2021,64,40.0,train,
elandskraal,2022/2023,2022,58,64.0,test,59.930502440530944
elandskraal,2023/2024,2023,55,58.0,test,56.87902527534919
elandskraal,2024/2025,2024,50,55.0,test,54.72282079381879
elandslaagte,2011/2012,2011,65,65.0,train,
elandslaagte,2012/2013,2012,72,65.0,train,
elandslaagte,2013/2014,2013,53,72.0,train,
elandslaagte,2014/2015,2014,47,53.0,train,
elandslaagte,2015/2016,2015,50,47.0,train,
elandslaagte,2016/2017,2016,53,50.0,train,
elandslaagte,2017/2018,2017,40,53.0,train,
elandslaagte,2018/2019,2018,41,40.0,train,
elandslaagte,2019/2020,2019,42,41.0,train,
elandslaagte,2020/2021,2020,37,42.0,train,
elandslaagte,2021/2022,2021,37,37.0,train,
elandslaagte,2022/2023,2022,46,37.0,test,36.99441742295705
elandslaagte,2023/2024,2023,37,46.0,test,42.146733234479946
elandslaagte,2024/2025,2024,36,37.0,test,37.94028371687556
eldorado park,2011/2012,2011,912,1055.0,train,
eldorado park,2012/2013,2012,992,912.0,train,
eldorado park,2013/2014,2013,1014,992.0,train,
eldorado park,2014/2015,2014,1057,1014.0,train,
eldorado park,2015/2016,2015,1016,1057.0,train,
eldorado park,2016/2017,2016,980,1016.0,train,
eldorado park,2017/2018,2017,947,980.0,train,
eldorado park,2018/2019,2018,987,947.0,train,
eldorado park,2019/2020,2019,814,987.0,train,
eldorado park,2020/2021,2020,666,814.0,train,
eldorado park,2021/2022,2021,666,666.0,train,
eldorado park,2022/2023,2022,684,666.0,test,617.0414977219621
eldorado park,2023/2024,2023,660,684.0,test,613.9901678448471
eldorado park,2024/2025,2024,568,660.0,test,606.1814618587316
elliot,2011/2012,2011,102,88.0,train,
elliot,2012/2013,2012,105,102.0,train,
elliot,2013/2014,2013,97,105.0,train,
elliot,2014/2015,2014,98,97.0,train,
elliot,2015/2016,2015,112,98.0,train,
elliot,2016/2017,2016,80,112.0,train,
elliot,2017/2018,2017,108,80.0,train,
elliot,2018/2019,2018,177,108.0,train,
elliot,2019/2020,2019,123,177.0,train,
elliot,2020/2021,2020,110,123.0,train,
elliot,2021/2022,2021,101,110.0,train,
elliot,2022/2023,2022,130,101.0,test,101.20039017793891
elliotdale,2011/2012,2011,40,72.0,train,
elliotdale,2012/2013,2012,40,40.0,train,
elliotdale,2013/2014,2013,66,40.0,train,
elliotdale,2014/2015,2014,50,66.0,train,
elliotdale,2015/2016,2015,44,50.0,train,
elliotdale,2016/2017,2016,45,44.0,train,
elliotdale,2017/2018,2017,42,45.0,train,
elliotdale,2018/2019,2018,41,42.0,train,
elliotdale,2019/2020,2019,21,41.0,train,
elliotdale,2020/2021,2020,35,21.0,train,
elliotdale,2021/2022,2021,23,35.0,train,
elliotdale,2022/2023,2022,48,23.0,test,26.455246907303795
elliotdale,2023/2024,2023,32,48.0,test,42.764393694242855
elliotdale,2024/2025,2024,27,32.0,test,35.64090722609618
elsburg,2011/2012,2011,724,795.0,train,
elsburg,2012/2013,2012,810,724.0,train,
elsburg,2013/2014,2013,805,810.0,train,
elsburg,2014/2015,2014,759,805.0,train,
elsburg,2015/2016,2015,803,759.0,train,
elsburg,2016/2017,2016,888,803.0,train,
elsburg,2017/2018,2017,770,888.0,train,
elsburg,2018/2019,2018,702,770.0,train,
elsburg,2019/2020,2019,725,702.0,train,
elsburg,2020/2021,2020,593,725.0,train,
elsburg,2021/2022,2021,591,593.0,train,
elsburg,2022/2023,2022,542,591.0,test,562.0209268237522
elsburg,2023/2024,2023,467,542.0,test,531.1951250835592
elsburg,2024/2025,2024,418,467.0,test,474.62064104000143
elsies river,2011/2012,2011,769,809.0,train,
elsies river,2012/2013,2012,813,769.0,train,
elsies river,2013/2014,2013,967,813.0,train,
elsies river,2014/2015,2014,966,967.0,train,
elsies river,2015/2016,2015,1018,966.0,train,
elsies river,2016/2017,2016,909,1018.0,train,
elsies river,2017/2018,2017,889,909.0,train,
elsies river,2018/2019,2018,808,889.0,train,
elsies river,2019/2020,2019,743,808.0,train,
elsies river,2020/2021,2020,484,743.0,train,
elsies river,2021/2022,2021,461,484.0,train,
elsies river,2022/2023,2022,552,461.0,test,447.968424451338
elsies river,2023/2024,2023,596,552.0,test,497.92168852168476
elsies river,2024/2025,2024,388,596.0,test,546.2051860922966
elukwatini,2011/2012,2011,195,178.0,train,
elukwatini,2012/2013,2012,175,195.0,train,
elukwatini,2013/2014,2013,179,175.0,train,
elukwatini,2014/2015,2014,222,179.0,train,
elukwatini,2015/2016,2015,243,222.0,train,
elukwatini,2016/2017,2016,336,243.0,train,
elukwatini,2017/2018,2017,315,336.0,train,
elukwatini,2018/2019,2018,317,315.0,train,
elukwatini,2019/2020,2019,300,317.0,train,
elukwatini,2020/2021,2020,295,300.0,train,
elukwatini,2021/2022,2021,240,295.0,train,
elukwatini,2022/2023,2022,291,240.0,test,232.85552517321793
elukwatini,2023/2024,2023,261,291.0,test,250.20766934353725
elukwatini,2024/2025,2024,240,261.0,test,246.06503537613656
emanguzi,2011/2012,2011,162,181.0,train,
emanguzi,2012/2013,2012,190,162.0,train,
emanguzi,2013/2014,2013,199,190.0,train,
emanguzi,2014/2015,2014,163,199.0,train,
emanguzi,2015/2016,2015,154,163.0,train,
emanguzi,2016/2017,2016,243,154.0,train,
emanguzi,2017/2018,2017,205,243.0,train,
emanguzi,2018/2019,2018,208,205.0,train,
emanguzi,2019/2020,2019,304,208.0,train,
emanguzi,2020/2021,2020,173,304.0,train,
emanguzi,2021/2022,2021,181,173.0,train,
emanguzi,2022/2023,2022,143,181.0,test,186.39796269624958
emanguzi,2023/2024,2023,153,143.0,test,141.18035144600609
emanguzi,2024/2025,2024,144,153.0,test,145.63687253402563
ematimatolo,2011/2012,2011,32,46.0,train,
ematimatolo,2012/2013,2012,51,32.0,train,
ematimatolo,2013/2014,2013,82,51.0,train,
ematimatolo,2014/2015,2014,104,82.0,train,
ematimatolo,2015/2016,2015,106,104.0,train,
ematimatolo,2016/2017,2016,76,106.0,train,
ematimatolo,2017/2018,2017,40,76.0,train,
ematimatolo,2018/2019,2018,40,40.0,train,
ematimatolo,2019/2020,2019,46,40.0,train,
ematimatolo,2020/2021,2020,42,46.0,train,
ematimatolo,2021/2022,2021,41,42.0,train,
ematimatolo,2022/2023,2022,42,41.0,test,41.11367523416611
ematimatolo,2023/2024,2023,29,42.0,test,41.83995935721795
ematimatolo,2024/2025,2024,26,29.0,test,31.391521893895952
ematsheni,2011/2012,2011,55,71.0,train,
ematsheni,2012/2013,2012,75,55.0,train,
ematsheni,2013/2014,2013,106,75.0,train,
ematsheni,2014/2015,2014,76,106.0,train,
ematsheni,2015/2016,2015,86,76.0,train,
ematsheni,2016/2017,2016,99,86.0,train,
ematsheni,2017/2018,2017,78,99.0,train,
ematsheni,2018/2019,2018,57,78.0,train,
ematsheni,2019/2020,2019,84,57.0,train,
ematsheni,2020/2021,2020,66,84.0,train,
ematsheni,2021/2022,2021,39,66.0,train,
ematsheni,2022/2023,2022,63,39.0,test,42.966929335814875
ematsheni,2023/2024,2023,59,63.0,test,60.764911768281415
ematsheni,2024/2025,2024,78,59.0,test,58.838811736194515
embalenhle,2011/2012,2011,640,823.0,train,
embalenhle,2012/2013,2012,587,640.0,train,
embalenhle,2013/2014,2013,718,587.0,train,
embalenhle,2014/2015,2014,705,718.0,train,
embalenhle,2015/2016,2015,702,705.0,train,
embalenhle,2016/2017,2016,697,702.0,train,
embalenhle,2017/2018,2017,742,697.0,train,
embalenhle,2018/2019,2018,716,742.0,train,
embalenhle,2019/2020,2019,612,716.0,train,
embalenhle,2020/2021,2020,464,612.0,train,
embalenhle,2021/2022,2021,407,464.0,train,
embalenhle,2022/2023,2022,476,407.0,test,412.168332103537
embalenhle,2023/2024,2023,480,476.0,test,431.6546039883639
embalenhle,2024/2025,2024,321,480.0,test,441.2117223155586
empangeni,2011/2012,2011,1733,1585.0,train,
empangeni,2012/2013,2012,2068,1733.0,train,
empangeni,2013/2014,2013,1975,2068.0,train,
empangeni,2014/2015,2014,1617,1975.0,train,
empangeni,2015/2016,2015,2161,1617.0,train,
empangeni,2016/2017,2016,1741,2161.0,train,
empangeni,2017/2018,2017,1534,1741.0,train,
empangeni,2018/2019,2018,1333,1534.0,train,
empangeni,2019/2020,2019,1339,1333.0,train,
empangeni,2020/2021,2020,1156,1339.0,train,
empangeni,2021/2022,2021,1082,1156.0,train,
empangeni,2022/2023,2022,1125,1082.0,test,1018.5087011543453
empangeni,2023/2024,2023,1182,1125.0,test,1036.5536763881198
empangeni,2024/2025,2024,985,1182.0,test,1090.1897732705402
emzinoni,2011/2012,2011,212,212.0,train,
emzinoni,2012/2013,2012,289,212.0,train,
emzinoni,2013/2014,2013,312,289.0,train,
emzinoni,2014/2015,2014,362,312.0,train,
emzinoni,2015/2016,2015,360,362.0,train,
emzinoni,2016/2017,2016,385,360.0,train,
emzinoni,2017/2018,2017,391,385.0,train,
emzinoni,2018/2019,2018,342,391.0,train,
emzinoni,2019/2020,2019,272,342.0,train,
emzinoni,2020/2021,2020,254,272.0,train,
emzinoni,2021/2022,2021,188,254.0,train,
emzinoni,2022/2023,2022,214,188.0,test,185.5997009854217
emzinoni,2023/2024,2023,271,214.0,test,191.97590910253714
emzinoni,2024/2025,2024,212,271.0,test,230.43424324289023
ennerdale,2011/2012,2011,594,606.0,train,
ennerdale,2012/2013,2012,556,594.0,train,
ennerdale,2013/2014,2013,594,556.0,train,
ennerdale,2014/2015,2014,611,594.0,train,
ennerdale,2015/2016,2015,681,611.0,train,
ennerdale,2016/2017,2016,613,681.0,train,
ennerdale,2017/2018,2017,380,613.0,train,
ennerdale,2018/2019,2018,674,380.0,train,
ennerdale,2019/2020,2019,613,674.0,train,
ennerdale,2020/2021,2020,496,613.0,train,
ennerdale,2021/2022,2021,537,496.0,train,
ennerdale,2022/2023,2022,505,537.0,test,494.42472184051076
ennerdale,2023/2024,2023,578,505.0,test,474.3222995935784
ennerdale,2024/2025,2024,549,578.0,test,519.7307958722682
erasmia,2011/2012,2011,364,835.0,train,
erasmia,2012/2013,2012,352,364.0,train,
erasmia,2013/2014,2013,343,352.0,train,
erasmia,2014/2015,2014,274,343.0,train,
erasmia,2015/2016,2015,309,274.0,train,
erasmia,2016/2017,2016,280,309.0,train,
erasmia,2017/2018,2017,194,280.0,train,
erasmia,2018/2019,2018,291,194.0,train,
erasmia,2019/2020,2019,242,291.0,train,
erasmia,2020/2021,2020,232,242.0,train,
erasmia,2021/2022,2021,196,232.0,train,
erasmia,2022/2023,2022,231,196.0,test,197.49023444195325
erasmia,2023/2024,2023,208,231.0,test,222.3830024600729
erasmia,2024/2025,2024,157,208.0,test,202.21166493145768
ermelo,2011/2012,2011,1287,1163.0,train,
ermelo,2012/2013,2012,1269,1287.0,train,
ermelo,2013/2014,2013,1274,1269.0,train,
ermelo,2014/2015,2014,1302,1274.0,train,
ermelo,2015/2016,2015,1207,1302.0,train,
ermelo,2016/2017,2016,1242,1207.0,train,
ermelo,2017/2018,2017,1077,1242.0,train,
ermelo,2018/2019,2018,867,1077.0,train,
ermelo,2019/2020,2019,809,867.0,train,
ermelo,2020/2021,2020,725,809.0,train,
ermelo,2021/2022,2021,752,725.0,train,
ermelo,2022/2023,2022,654,752.0,test,669.8005417512908
ermelo,2023/2024,2023,565,654.0,test,584.82002707483
ermelo,2024/2025,2024,570,565.0,test,527.3177778725199
eshowe,2011/2012,2011,659,549.0,train,
eshowe,2012/2013,2012,640,659.0,train,
eshowe,2013/2014,2013,486,640.0,train,
eshowe,2014/2015,2014,577,486.0,train,
eshowe,2015/2016,2015,663,577.0,train,
eshowe,2016/2017,2016,591,663.0,train,
eshowe,2017/2018,2017,571,591.0,train,
eshowe,2018/2019,2018,560,571.0,train,
eshowe,2019/2020,2019,525,560.0,train,
eshowe,2020/2021,2020,469,525.0,train,
eshowe,2021/2022,2021,436,469.0,train,
eshowe,2022/2023,2022,397,436.0,test,400.0857422019894
eshowe,2023/2024,2023,363,397.0,test,363.2442847393884
eshowe,2024/2025,2024,372,363.0,test,348.35319501172347
esikhaleni,2011/2012,2011,911,760.0,train,
esikhaleni,2012/2013,2012,932,911.0,train,
esikhaleni,2013/2014,2013,990,932.0,train,
esikhaleni,2014/2015,2014,967,990.0,train,
esikhaleni,2015/2016,2015,1044,967.0,train,
esikhaleni,2016/2017,2016,767,1044.0,train,
esikhaleni,2017/2018,2017,793,767.0,train,
esikhaleni,2018/2019,2018,703,793.0,train,
esikhaleni,2019/2020,2019,654,703.0,train,
esikhaleni,2020/2021,2020,707,654.0,train,
esikhaleni,2021/2022,2021,533,707.0,train,
esikhaleni,2022/2023,2022,624,533.0,test,525.9319629358706
esikhaleni,2023/2024,2023,566,624.0,test,568.772385867105
esikhaleni,2024/2025,2024,535,566.0,test,523.4169672708933
estcourt,2011/2012,2011,445,538.0,train,
estcourt,2012/2013,2012,518,445.0,train,
estcourt,2013/2014,2013,343,518.0,train,
estcourt,2014/2015,2014,434,343.0,train,
estcourt,2015/2016,2015,378,434.0,train,
estcourt,2016/2017,2016,367,378.0,train,
estcourt,2017/2018,2017,318,367.0,train,
estcourt,2018/2019,2018,280,318.0,train,
estcourt,2019/2020,2019,243,280.0,train,
estcourt,2020/2021,2020,188,243.0,train,
estcourt,2021/2022,2021,252,188.0,train,
estcourt,2022/2023,2022,256,252.0,test,235.18097119571195
estcourt,2023/2024,2023,274,256.0,test,234.0642965902048
estcourt,2024/2025,2024,244,274.0,test,249.14071615627824
etwatwa,2011/2012,2011,618,823.0,train,
etwatwa,2012/2013,2012,592,618.0,train,
etwatwa,2013/2014,2013,694,592.0,train,
etwatwa,2014/2015,2014,719,694.0,train,
etwatwa,2015/2016,2015,589,719.0,train,
etwatwa,2016/2017,2016,780,589.0,train,
etwatwa,2017/2018,2017,698,780.0,train,
etwatwa,2018/2019,2018,651,698.0,train,
etwatwa,2019/2020,2019,765,651.0,train,
etwatwa,2020/2021,2020,633,765.0,train,
etwatwa,2021/2022,2021,502,633.0,train,
etwatwa,2022/2023,2022,506,502.0,test,508.0555453644356
etwatwa,2023/2024,2023,466,506.0,test,478.928454546233
etwatwa,2024/2025,2024,477,466.0,test,436.2609823180499
evander,2011/2012,2011,147,190.0,train,
evander,2012/2013,2012,179,147.0,train,
evander,2013/2014,2013,231,179.0,train,
evander,2014/2015,2014,157,231.0,train,
evander,2015/2016,2015,228,157.0,train,
evander,2016/2017,2016,317,228.0,train,
evander,2017/2018,2017,212,317.0,train,
evander,2018/2019,2018,220,212.0,train,
evander,2019/2020,2019,259,220.0,train,
evander,2020/2021,2020,166,259.0,train,
evander,2021/2022,2021,167,166.0,train,
evander,2022/2023,2022,262,167.0,test,171.18466165974334
evander,2023/2024,2023,136,262.0,test,225.7912571417478
evander,2024/2025,2024,115,136.0,test,143.54134978538164
evaton,2011/2012,2011,1162,1032.0,train,
evaton,2012/2013,2012,1191,1162.0,train,
evaton,2013/2014,2013,1255,1191.0,train,
evaton,2014/2015,2014,1217,1255.0,train,
evaton,2015/2016,2015,1171,1217.0,train,
evaton,2016/2017,2016,1294,1171.0,train,
evaton,2017/2018,2017,1258,1294.0,train,
evaton,2018/2019,2018,1272,1258.0,train,
evaton,2019/2020,2019,1123,1272.0,train,
evaton,2020/2021,2020,813,1123.0,train,
evaton,2021/2022,2021,732,813.0,train,
evaton,2022/2023,2022,727,732.0,test,711.3769726171661
evaton,2023/2024,2023,640,727.0,test,663.2394981328528
evaton,2024/2025,2024,610,640.0,test,592.9396667762935
evatt,2011/2012,2011,21,8.0,train,
evatt,2012/2013,2012,9,21.0,train,
evatt,2013/2014,2013,18,9.0,train,
evatt,2014/2015,2014,11,18.0,train,
evatt,2015/2016,2015,11,11.0,train,
evatt,2016/2017,2016,9,11.0,train,
evatt,2017/2018,2017,6,9.0,train,
evatt,2018/2019,2018,12,6.0,train,
evatt,2019/2020,2019,10,12.0,train,
evatt,2020/2021,2020,17,10.0,train,
evatt,2021/2022,2021,6,17.0,train,
evatt,2022/2023,2022,7,6.0,test,9.233198894489753
evatt,2023/2024,2023,7,7.0,test,6.6318838350955325
evatt,2024/2025,2024,3,7.0,test,6.934984081953574
excelsior,2011/2012,2011,22,41.0,train,
excelsior,2012/2013,2012,23,22.0,train,
excelsior,2013/2014,2013,28,23.0,train,
excelsior,2014/2015,2014,28,28.0,train,
excelsior,2015/2016,2015,23,28.0,train,
excelsior,2016/2017,2016,17,23.0,train,
excelsior,2017/2018,2017,14,17.0,train,
excelsior,2018/2019,2018,11,14.0,train,
excelsior,2019/2020,2019,12,11.0,train,
excelsior,2020/2021,2020,8,12.0,train,
excelsior,2021/2022,2021,5,8.0,train,
excelsior,2022/2023,2022,11,5.0,test,6.784044183917624
excelsior,2023/2024,2023,17,11.0,test,9.183834874490834
excelsior,2024/2025,2024,12,17.0,test,13.231278308262683
ezakheni,2011/2012,2011,307,348.0,train,
ezakheni,2012/2013,2012,320,307.0,train,
ezakheni,2013/2014,2013,394,320.0,train,
ezakheni,2014/2015,2014,368,394.0,train,
ezakheni,2015/2016,2015,372,368.0,train,
ezakheni,2016/2017,2016,406,372.0,train,
ezakheni,2017/2018,2017,325,406.0,train,
ezakheni,2018/2019,2018,296,325.0,train,
ezakheni,2019/2020,2019,243,296.0,train,
ezakheni,2020/2021,2020,210,243.0,train,
ezakheni,2021/2022,2021,254,210.0,train,
ezakheni,2022/2023,2022,251,254.0,test,235.62629730127662
ezakheni,2023/2024,2023,166,251.0,test,232.39181525504512
ezakheni,2024/2025,2024,177,166.0,test,176.33813557360037
ezibayeni,2011/2012,2011,19,7.0,train,
ezibayeni,2012/2013,2012,16,19.0,train,
ezibayeni,2013/2014,2013,23,16.0,train,
ezibayeni,2014/2015,2014,17,23.0,train,
ezibayeni,2015/2016,2015,14,17.0,train,
ezibayeni,2016/2017,2016,20,14.0,train,
ezibayeni,2017/2018,2017,16,20.0,train,
ezibayeni,2018/2019,2018,11,16.0,train,
ezibayeni,2019/2020,2019,16,11.0,train,
ezibayeni,2020/2021,2020,24,16.0,train,
ezibayeni,2021/2022,2021,21,24.0,train,
ezibayeni,2022/2023,2022,13,21.0,test,20.993399463382048
ezibayeni,2023/2024,2023,8,13.0,test,16.536295627768656
ezibayeni,2024/2025,2024,9,8.0,test,10.760612735731403
ezibeleni,2011/2012,2011,116,94.0,train,
ezibeleni,2012/2013,2012,117,116.0,train,
ezibeleni,2013/2014,2013,108,117.0,train,
ezibeleni,2014/2015,2014,91,108.0,train,
ezibeleni,2015/2016,2015,100,91.0,train,
ezibeleni,2016/2017,2016,112,100.0,train,
ezibeleni,2017/2018,2017,106,112.0,train,
ezibeleni,2018/2019,2018,132,106.0,train,
ezibeleni,2019/2020,2019,169,132.0,train,
ezibeleni,2020/2021,2020,194,169.0,train,
ezibeleni,2021/2022,2021,126,194.0,train,
ezibeleni,2022/2023,2022,104,126.0,test,128.93323684413127
ezibeleni,2023/2024,2023,89,104.0,test,105.45038491141956
ezibeleni,2024/2025,2024,96,89.0,test,92.21259587072994
ezinqoleni,2011/2012,2011,260,252.0,train,
ezinqoleni,2012/2013,2012,253,260.0,train,
ezinqoleni,2013/2014,2013,250,253.0,train,
ezinqoleni,2014/2015,2014,215,250.0,train,
ezinqoleni,2015/2016,2015,191,215.0,train,
ezinqoleni,2016/2017,2016,195,191.0,train,
ezinqoleni,2017/2018,2017,200,195.0,train,
ezinqoleni,2018/2019,2018,217,200.0,train,
ezinqoleni,2019/2020,2019,167,217.0,train,
ezinqoleni,2020/2021,2020,134,167.0,train,
ezinqoleni,2021/2022,2021,105,134.0,train,
ezinqoleni,2022/2023,2022,101,105.0,test,106.10781990010987
ezinqoleni,2023/2024,2023,138,101.0,test,100.54245367483927
ezinqoleni,2024/2025,2024,99,138.0,test,130.64540180965494
fairland,2011/2012,2011,469,497.0,train,
fairland,2012/2013,2012,515,469.0,train,
fairland,2013/2014,2013,501,515.0,train,
fairland,2014/2015,2014,565,501.0,train,
fairland,2015/2016,2015,545,565.0,train,
fairland,2016/2017,2016,531,545.0,train,
fairland,2017/2018,2017,531,531.0,train,
fairland,2018/2019,2018,460,531.0,train,
fairland,2019/2020,2019,485,460.0,train,
fairland,2020/2021,2020,257,485.0,train,
fairland,2021/2022,2021,369,257.0,train,
fairland,2022/2023,2022,327,369.0,test,362.22783441351294
fairland,2023/2024,2023,290,327.0,test,323.12506581576025
fairland,2024/2025,2024,264,290.0,test,283.8625257896214
fauresmith,2011/2012,2011,17,13.0,train,
fauresmith,2012/2013,2012,17,17.0,train,
fauresmith,2013/2014,2013,10,17.0,train,
fauresmith,2014/2015,2014,3,10.0,train,
fauresmith,2015/2016,2015,5,3.0,train,
fauresmith,2016/2017,2016,5,5.0,train,
fauresmith,2017/2018,2017,6,5.0,train,
fauresmith,2018/2019,2018,7,6.0,train,
fauresmith,2019/2020,2019,7,7.0,train,
fauresmith,2020/2021,2020,7,7.0,train,
fauresmith,2021/2022,2021,3,7.0,train,
fauresmith,2022/2023,2022,11,3.0,test,4.007933853486418
fauresmith,2023/2024,2023,15,11.0,test,9.38904150241934
fauresmith,2024/2025,2024,14,15.0,test,11.90224873713509
fernie,2011/2012,2011,32,28.0,train,
fernie,2012/2013,2012,51,32.0,train,
fernie,2013/2014,2013,17,51.0,train,
fernie,2014/2015,2014,24,17.0,train,
fernie,2015/2016,2015,32,24.0,train,
fernie,2016/2017,2016,35,32.0,train,
fernie,2017/2018,2017,38,35.0,train,
fernie,2018/2019,2018,39,38.0,train,
fernie,2019/2020,2019,44,39.0,train,
fernie,2020/2021,2020,39,44.0,train,
fernie,2021/2022,2021,63,39.0,train,
fernie,2022/2023,2022,45,63.0,test,57.53567218931474
fernie,2023/2024,2023,25,45.0,test,44.67043396649354
fernie,2024/2025,2024,54,25.0,test,29.708546221563342
ficksburg,2011/2012,2011,505,438.0,train,
ficksburg,2012/2013,2012,560,505.0,train,
ficksburg,2013/2014,2013,379,560.0,train,
ficksburg,2014/2015,2014,346,379.0,train,
ficksburg,2015/2016,2015,304,346.0,train,
ficksburg,2016/2017,2016,386,304.0,train,
ficksburg,2017/2018,2017,384,386.0,train,
ficksburg,2018/2019,2018,350,384.0,train,
ficksburg,2019/2020,2019,297,350.0,train,
ficksburg,2020/2021,2020,283,297.0,train,
ficksburg,2021/2022,2021,206,283.0,train,
ficksburg,2022/2023,2022,240,206.0,test,208.9251711087369
ficksburg,2023/2024,2023,219,240.0,test,222.8490968036455
ficksburg,2024/2025,2024,164,219.0,test,199.7739714045523
fish hoek,2011/2012,2011,653,653.0,train,
fish hoek,2012/2013,2012,802,653.0,train,
fish hoek,2013/2014,2013,841,802.0,train,
fish hoek,2014/2015,2014,817,841.0,train,
fish hoek,2015/2016,2015,750,817.0,train,
fish hoek,2016/2017,2016,852,750.0,train,
fish hoek,2017/2018,2017,833,852.0,train,
fish hoek,2018/2019,2018,635,833.0,train,
fish hoek,2019/2020,2019,521,635.0,train,
fish hoek,2020/2021,2020,302,521.0,train,
fish hoek,2021/2022,2021,314,302.0,train,
fish hoek,2022/2023,2022,366,314.0,test,312.75833510727
fish hoek,2023/2024,2023,397,366.0,test,341.87359114741156
fish hoek,2024/2025,2024,377,397.0,test,367.78257440286154
flagstaff,2011/2012,2011,274,260.0,train,
flagstaff,2012/2013,2012,210,274.0,train,
flagstaff,2013/2014,2013,131,210.0,train,
flagstaff,2014/2015,2014,127,131.0,train,
flagstaff,2015/2016,2015,158,127.0,train,
flagstaff,2016/2017,2016,135,158.0,train,
flagstaff,2017/2018,2017,137,135.0,train,
flagstaff,2018/2019,2018,148,137.0,train,
flagstaff,2019/2020,2019,225,148.0,train,
flagstaff,2020/2021,2020,176,225.0,train,
flagstaff,2021/2022,2021,134,176.0,train,
flagstaff,2022/2023,2022,149,134.0,test,150.20569984801642
flagstaff,2023/2024,2023,120,149.0,test,140.09149167390737
flagstaff,2024/2025,2024,113,120.0,test,115.84229216154839
florida,2011/2012,2011,1935,2074.0,train,
florida,2012/2013,2012,2083,1935.0,train,
florida,2013/2014,2013,2341,2083.0,train,
florida,2014/2015,2014,2138,2341.0,train,
florida,2015/2016,2015,2009,2138.0,train,
florida,2016/2017,2016,2008,2009.0,train,
florida,2017/2018,2017,1935,2008.0,train,
florida,2018/2019,2018,1905,1935.0,train,
florida,2019/2020,2019,1549,1905.0,train,
florida,2020/2021,2020,1088,1549.0,train,
florida,2021/2022,2021,1209,1088.0,train,
florida,2022/2023,2022,1210,1209.0,test,1155.9981788135847
florida,2023/2024,2023,1177,1210.0,test,1147.6232416345372
florida,2024/2025,2024,1005,1177.0,test,1119.9620642509076
floukraal,2011/2012,2011,9,2.0,train,
floukraal,2012/2013,2012,1,9.0,train,
floukraal,2013/2014,2013,4,1.0,train,
floukraal,2014/2015,2014,4,4.0,train,
floukraal,2015/2016,2015,6,4.0,train,
floukraal,2016/2017,2016,3,6.0,train,
floukraal,2017/2018,2017,2,3.0,train,
floukraal,2018/2019,2018,3,2.0,train,
floukraal,2019/2020,2019,1,3.0,train,
floukraal,2020/2021,2020,5,1.0,train,
floukraal,2021/2022,2021,1,5.0,train,
floukraal,2022/2023,2022,2,1.0,test,2.065788308728475
floukraal,2023/2024,2023,2,2.0,test,1.692366119908345
floukraal,2024/2025,2024,1,2.0,test,2.1137551449344105
fochville,2011/2012,2011,412,477.0,train,
fochville,2012/2013,2012,465,412.0,train,
fochville,2013/2014,2013,533,465.0,train,
fochville,2014/2015,2014,490,533.0,train,
fochville,2015/2016,2015,431,490.0,train,
fochville,2016/2017,2016,479,431.0,train,
fochville,2017/2018,2017,517,479.0,train,
fochville,2018/2019,2018,499,517.0,train,
fochville,2019/2020,2019,451,499.0,train,
fochville,2020/2021,2020,335,451.0,train,
fochville,2021/2022,2021,412,335.0,train,
fochville,2022/2023,2022,451,412.0,test,373.9909934139552
fochville,2023/2024,2023,467,451.0,test,412.27737105752004
fochville,2024/2025,2024,333,467.0,test,422.3049148266571
folweni,2011/2012,2011,269,221.0,train,
folweni,2012/2013,2012,278,269.0,train,
folweni,2013/2014,2013,317,278.0,train,
folweni,2014/2015,2014,361,317.0,train,
folweni,2015/2016,2015,326,361.0,train,
folweni,2016/2017,2016,309,326.0,train,
folweni,2017/2018,2017,287,309.0,train,
folweni,2018/2019,2018,300,287.0,train,
folweni,2019/2020,2019,241,300.0,train,
folweni,2020/2021,2020,246,241.0,train,
folweni,2021/2022,2021,225,246.0,train,
folweni,2022/2023,2022,258,225.0,test,215.96537859845114
folweni,2023/2024,2023,181,258.0,test,238.81282587277093
folweni,2024/2025,2024,194,181.0,test,184.30130109676952
fort beaufort,2011/2012,2011,312,279.0,train,
fort beaufort,2012/2013,2012,399,312.0,train,
fort beaufort,2013/2014,2013,354,399.0,train,
fort beaufort,2014/2015,2014,357,354.0,train,
fort beaufort,2015/2016,2015,381,357.0,train,
fort beaufort,2016/2017,2016,269,381.0,train,
fort beaufort,2017/2018,2017,312,269.0,train,
fort beaufort,2018/2019,2018,347,312.0,train,
fort beaufort,2019/2020,2019,263,347.0,train,
fort beaufort,2020/2021,2020,234,263.0,train,
fort beaufort,2021/2022,2021,212,234.0,train,
fort beaufort,2022/2023,2022,255,212.0,test,198.98632644235477
fort brown,2011/2012,2011,1,7.0,train,
fort brown,2012/2013,2012,1,1.0,train,
fort brown,2013/2014,2013,2,1.0,train,
fort brown,2014/2015,2014,2,2.0,train,
fort brown,2015/2016,2015,5,2.0,train,
fort brown,2016/2017,2016,4,5.0,train,
fort brown,2017/2018,2017,1,4.0,train,
fort brown,2018/2019,2018,3,1.0,train,
fort brown,2019/2020,2019,6,3.0,train,
fort brown,2020/2021,2020,3,6.0,train,
fort brown,2021/2022,2021,3,3.0,train,
fort brown,2022/2023,2022,0,3.0,test,3.051333002680223
fort brown,2023/2024,2023,4,0.0,test,1.1361369669384047
fort brown,2024/2025,2024,0,4.0,test,3.472404423373944
fouriesburg,2011/2012,2011,69,104.0,train,
fouriesburg,2012/2013,2012,70,69.0,train,
fouriesburg,2013/2014,2013,68,70.0,train,
fouriesburg,2014/2015,2014,62,68.0,train,
fouriesburg,2015/2016,2015,39,62.0,train,
fouriesburg,2016/2017,2016,62,39.0,train,
fouriesburg,2017/2018,2017,42,62.0,train,
fouriesburg,2018/2019,2018,38,42.0,train,
fouriesburg,2019/2020,2019,46,38.0,train,
fouriesburg,2020/2021,2020,46,46.0,train,
fouriesburg,2021/2022,2021,74,46.0,train,
fouriesburg,2022/2023,2022,65,74.0,test,67.59134278322995
fouriesburg,2023/2024,2023,69,65.0,test,63.81174536904151
fouriesburg,2024/2025,2024,41,69.0,test,66.96589235781074
franklin,2011/2012,2011,9,9.0,train,
franklin,2012/2013,2012,7,9.0,train,
franklin,2013/2014,2013,4,7.0,train,
franklin,2014/2015,2014,10,4.0,train,
franklin,2015/2016,2015,16,10.0,train,
franklin,2016/2017,2016,9,16.0,train,
franklin,2017/2018,2017,10,9.0,train,
franklin,2018/2019,2018,8,10.0,train,
franklin,2019/2020,2019,14,8.0,train,
franklin,2020/2021,2020,15,14.0,train,
franklin,2021/2022,2021,3,15.0,train,
franklin,2022/2023,2022,13,3.0,test,6.44670495511308
franklin,2023/2024,2023,11,13.0,test,11.192159507604638
franklin,2024/2025,2024,8,11.0,test,11.12640201501808
franschhoek,2011/2012,2011,257,238.0,train,
franschhoek,2012/2013,2012,244,257.0,train,
franschhoek,2013/2014,2013,260,244.0,train,
franschhoek,2014/2015,2014,209,260.0,train,
franschhoek,2015/2016,2015,202,209.0,train,
franschhoek,2016/2017,2016,223,202.0,train,
franschhoek,2017/2018,2017,205,223.0,train,
franschhoek,2018/2019,2018,263,205.0,train,
franschhoek,2019/2020,2019,264,263.0,train,
franschhoek,2020/2021,2020,147,264.0,train,
franschhoek,2021/2022,2021,130,147.0,train,
franschhoek,2022/2023,2022,186,130.0,test,139.0769789784992
franschhoek,2023/2024,2023,153,186.0,test,169.25686056952736
franschhoek,2024/2025,2024,130,153.0,test,141.0359654978903
fraserburg,2011/2012,2011,31,32.0,train,
fraserburg,2012/2013,2012,24,31.0,train,
fraserburg,2013/2014,2013,22,24.0,train,
fraserburg,2014/2015,2014,23,22.0,train,
fraserburg,2015/2016,2015,17,23.0,train,
fraserburg,2016/2017,2016,16,17.0,train,
fraserburg,2017/2018,2017,15,16.0,train,
fraserburg,2018/2019,2018,12,15.0,train,
fraserburg,2019/2020,2019,10,12.0,train,
fraserburg,2020/2021,2020,1,10.0,train,
fraserburg,2021/2022,2021,12,1.0,train,
fraserburg,2022/2023,2022,16,12.0,test,11.154865368788228
fraserburg,2023/2024,2023,21,16.0,test,13.834048775618566
fraserburg,2024/2025,2024,29,21.0,test,17.29881628915715
ga-rankuwa,2011/2012,2011,680,1037.0,train,
ga-rankuwa,2012/2013,2012,509,680.0,train,
ga-rankuwa,2013/2014,2013,693,509.0,train,
ga-rankuwa,2014/2015,2014,691,693.0,train,
ga-rankuwa,2015/2016,2015,867,691.0,train,
ga-rankuwa,2016/2017,2016,893,867.0,train,
ga-rankuwa,2017/2018,2017,933,893.0,train,
ga-rankuwa,2018/2019,2018,861,933.0,train,
ga-rankuwa,2019/2020,2019,756,861.0,train,
ga-rankuwa,2020/2021,2020,507,756.0,train,
ga-rankuwa,2021/2022,2021,463,507.0,train,
ga-rankuwa,2022/2023,2022,482,463.0,test,480.54552889531004
ga-rankuwa,2023/2024,2023,483,482.0,test,447.1311795191689
ga-rankuwa,2024/2025,2024,464,483.0,test,449.57618550103973
galeshewe,2011/2012,2011,602,725.0,train,
galeshewe,2012/2013,2012,631,602.0,train,
galeshewe,2013/2014,2013,603,631.0,train,
galeshewe,2014/2015,2014,602,603.0,train,
galeshewe,2015/2016,2015,575,602.0,train,
galeshewe,2016/2017,2016,636,575.0,train,
galeshewe,2017/2018,2017,571,636.0,train,
galeshewe,2018/2019,2018,609,571.0,train,
galeshewe,2019/2020,2019,562,609.0,train,
galeshewe,2020/2021,2020,581,562.0,train,
galeshewe,2021/2022,2021,503,581.0,train,
galeshewe,2022/2023,2022,629,503.0,test,445.0178296271763
galeshewe,2023/2024,2023,598,629.0,test,545.8306574773501
galeshewe,2024/2025,2024,549,598.0,test,526.1290986483289
gamalakhe,2011/2012,2011,173,178.0,train,
gamalakhe,2012/2013,2012,166,173.0,train,
gamalakhe,2013/2014,2013,173,166.0,train,
gamalakhe,2014/2015,2014,295,173.0,train,
gamalakhe,2015/2016,2015,262,295.0,train,
gamalakhe,2016/2017,2016,281,262.0,train,
gamalakhe,2017/2018,2017,334,281.0,train,
gamalakhe,2018/2019,2018,322,334.0,train,
gamalakhe,2019/2020,2019,246,322.0,train,
gamalakhe,2020/2021,2020,230,246.0,train,
gamalakhe,2021/2022,2021,289,230.0,train,
gamalakhe,2022/2023,2022,250,289.0,test,241.53061453513521
gamalakhe,2023/2024,2023,284,250.0,test,231.2535323035235
gamalakhe,2024/2025,2024,337,284.0,test,238.3088631160148
gans bay,2011/2012,2011,349,366.0,train,
gans bay,2012/2013,2012,339,349.0,train,
gans bay,2013/2014,2013,350,339.0,train,
gans bay,2014/2015,2014,508,350.0,train,
gans bay,2015/2016,2015,449,508.0,train,
gans bay,2016/2017,2016,630,449.0,train,
gans bay,2017/2018,2017,631,630.0,train,
gans bay,2018/2019,2018,612,631.0,train,
gans bay,2019/2020,2019,536,612.0,train,
gans bay,2020/2021,2020,427,536.0,train,
gans bay,2021/2022,2021,266,427.0,train,
gans bay,2022/2023,2022,266,266.0,test,285.8320349988301
gans bay,2023/2024,2023,167,266.0,test,257.51499804190786
gans bay,2024/2025,2024,222,167.0,test,177.06045472908693
ganyesa,2011/2012,2011,101,93.0,train,
ganyesa,2012/2013,2012,90,101.0,train,
ganyesa,2013/2014,2013,63,90.0,train,
ganyesa,2014/2015,2014,72,63.0,train,
ganyesa,2015/2016,2015,72,72.0,train,
ganyesa,2016/2017,2016,104,72.0,train,
ganyesa,2017/2018,2017,86,104.0,train,
ganyesa,2018/2019,2018,82,86.0,train,
ganyesa,2019/2020,2019,114,82.0,train,
ganyesa,2020/2021,2020,94,114.0,train,
ganyesa,2021/2022,2021,97,94.0,train,
ganyesa,2022/2023,2022,110,97.0,test,92.90126225076642
ganyesa,2023/2024,2023,102,110.0,test,100.83600697757662
ganyesa,2024/2025,2024,78,102.0,test,98.99784249602655
gariepdam,2011/2012,2011,14,14.0,train,
gariepdam,2012/2013,2012,16,14.0,train,
gariepdam,2013/2014,2013,3,16.0,train,
gariepdam,2014/2015,2014,5,3.0,train,
gariepdam,2015/2016,2015,15,5.0,train,
gariepdam,2016/2017,2016,10,15.0,train,
gariepdam,2017/2018,2017,7,10.0,train,
gariepdam,2018/2019,2018,7,7.0,train,
gariepdam,2019/2020,2019,15,7.0,train,
gariepdam,2020/2021,2020,12,15.0,train,
gariepdam,2021/2022,2021,3,12.0,train,
gariepdam,2022/2023,2022,13,3.0,test,6.22278961200499
gariepdam,2023/2024,2023,10,13.0,test,11.196478039208431
gariepdam,2024/2025,2024,5,10.0,test,10.835065886812112
garies,2011/2012,2011,17,8.0,train,
garies,2012/2013,2012,22,17.0,train,
garies,2013/2014,2013,23,22.0,train,
garies,2014/2015,2014,37,23.0,train,
garies,2015/2016,2015,19,37.0,train,
garies,2016/2017,2016,26,19.0,train,
garies,2017/2018,2017,14,26.0,train,
garies,2018/2019,2018,14,14.0,train,
garies,2019/2020,2019,28,14.0,train,
garies,2020/2021,2020,12,28.0,train,
garies,2021/2022,2021,38,12.0,train,
garies,2022/2023,2022,25,38.0,test,32.2806594112181
garies,2023/2024,2023,25,25.0,test,25.912549570180122
garies,2024/2025,2024,6,25.0,test,24.009876533259487
garsfontein,2011/2012,2011,1977,2292.0,train,
garsfontein,2012/2013,2012,1968,1977.0,train,
garsfontein,2013/2014,2013,1686,1968.0,train,
garsfontein,2014/2015,2014,1538,1686.0,train,
garsfontein,2015/2016,2015,1744,1538.0,train,
garsfontein,2016/2017,2016,2067,1744.0,train,
garsfontein,2017/2018,2017,1884,2067.0,train,
garsfontein,2018/2019,2018,1533,1884.0,train,
garsfontein,2019/2020,2019,1608,1533.0,train,
garsfontein,2020/2021,2020,1225,1608.0,train,
garsfontein,2021/2022,2021,1373,1225.0,train,
garsfontein,2022/2023,2022,1044,1373.0,test,1292.0681729304738
garsfontein,2023/2024,2023,1070,1044.0,test,1048.7801628765428
garsfontein,2024/2025,2024,1099,1070.0,test,1015.0866574706124
gelvandale,2011/2012,2011,922,834.0,train,
gelvandale,2012/2013,2012,1055,922.0,train,
gelvandale,2013/2014,2013,973,1055.0,train,
gelvandale,2014/2015,2014,762,973.0,train,
gelvandale,2015/2016,2015,839,762.0,train,
gelvandale,2016/2017,2016,553,839.0,train,
gelvandale,2017/2018,2017,497,553.0,train,
gelvandale,2018/2019,2018,458,497.0,train,
gelvandale,2019/2020,2019,435,458.0,train,
gelvandale,2020/2021,2020,314,435.0,train,
gelvandale,2021/2022,2021,298,314.0,train,
gelvandale,2022/2023,2022,284,298.0,test,299.3075694009914
gelvandale,2023/2024,2023,220,284.0,test,264.6566599521625
gelvandale,2024/2025,2024,225,220.0,test,222.10212795726446
genadendal,2011/2012,2011,116,116.0,train,
genadendal,2012/2013,2012,203,116.0,train,
genadendal,2013/2014,2013,157,203.0,train,
genadendal,2014/2015,2014,162,157.0,train,
genadendal,2015/2016,2015,185,162.0,train,
genadendal,2016/2017,2016,135,185.0,train,
genadendal,2017/2018,2017,169,135.0,train,
genadendal,2018/2019,2018,182,169.0,train,
genadendal,2019/2020,2019,117,182.0,train,
genadendal,2020/2021,2020,139,117.0,train,
genadendal,2021/2022,2021,105,139.0,train,
genadendal,2022/2023,2022,119,105.0,test,104.10063099050926
genadendal,2023/2024,2023,166,119.0,test,110.55120477207124
genadendal,2024/2025,2024,143,166.0,test,145.50556050972781
george,2011/2012,2011,1536,1552.0,train,
george,2012/2013,2012,1895,1536.0,train,
george,2013/2014,2013,1735,1895.0,train,
george,2014/2015,2014,1370,1735.0,train,
george,2015/2016,2015,1235,1370.0,train,
george,2016/2017,2016,1372,1235.0,train,
george,2017/2018,2017,1086,1372.0,train,
george,2018/2019,2018,950,1086.0,train,
george,2019/2020,2019,1052,950.0,train,
george,2020/2021,2020,855,1052.0,train,
george,2021/2022,2021,866,855.0,train,
george,2022/2023,2022,806,866.0,test,785.3333016819508
george,2023/2024,2023,744,806.0,test,726.6223056623787
george,2024/2025,2024,584,744.0,test,666.2322634887801
germiston,2011/2012,2011,1558,1888.0,train,
germiston,2012/2013,2012,1546,1558.0,train,
germiston,2013/2014,2013,1488,1546.0,train,
germiston,2014/2015,2014,1704,1488.0,train,
germiston,2015/2016,2015,1683,1704.0,train,
germiston,2016/2017,2016,1650,1683.0,train,
germiston,2017/2018,2017,1470,1650.0,train,
germiston,2018/2019,2018,1218,1470.0,train,
germiston,2019/2020,2019,1160,1218.0,train,
germiston,2020/2021,2020,938,1160.0,train,
germiston,2021/2022,2021,906,938.0,train,
germiston,2022/2023,2022,935,906.0,test,866.2380082625353
germiston,2023/2024,2023,871,935.0,test,873.62753549693
germiston,2024/2025,2024,864,871.0,test,835.4592482215025
gilead,2011/2012,2011,46,40.0,train,
gilead,2012/2013,2012,31,46.0,train,
gilead,2013/2014,2013,68,31.0,train,
gilead,2014/2015,2014,61,68.0,train,
gilead,2015/2016,2015,54,61.0,train,
gilead,2016/2017,2016,79,54.0,train,
gilead,2017/2018,2017,78,79.0,train,
gilead,2018/2019,2018,64,78.0,train,
gilead,2019/2020,2019,52,64.0,train,
gilead,2020/2021,2020,29,52.0,train,
gilead,2021/2022,2021,58,29.0,train,
gilead,2022/2023,2022,56,58.0,test,54.48266769993271
gilead,2023/2024,2023,37,56.0,test,53.61910612317733
gilead,2024/2025,2024,53,37.0,test,39.073789045039454
gingindlovu,2011/2012,2011,161,148.0,train,
gingindlovu,2012/2013,2012,200,161.0,train,
gingindlovu,2013/2014,2013,161,200.0,train,
gingindlovu,2014/2015,2014,109,161.0,train,
gingindlovu,2015/2016,2015,154,109.0,train,
gingindlovu,2016/2017,2016,134,154.0,train,
gingindlovu,2017/2018,2017,163,134.0,train,
gingindlovu,2018/2019,2018,113,163.0,train,
gingindlovu,2019/2020,2019,107,113.0,train,
gingindlovu,2020/2021,2020,100,107.0,train,
gingindlovu,2021/2022,2021,89,100.0,train,
gingindlovu,2022/2023,2022,111,89.0,test,89.27032181198287
gingindlovu,2023/2024,2023,128,111.0,test,106.52128780769351
gingindlovu,2024/2025,2024,184,128.0,test,120.4794031425011
giyani,2011/2012,2011,559,521.0,train,
giyani,2012/2013,2012,489,559.0,train,
giyani,2013/2014,2013,628,489.0,train,
giyani,2014/2015,2014,669,628.0,train,
giyani,2015/2016,2015,575,669.0,train,
giyani,2016/2017,2016,521,575.0,train,
giyani,2017/2018,2017,537,521.0,train,
giyani,2018/2019,2018,495,537.0,train,
giyani,2019/2020,2019,495,495.0,train,
giyani,2020/2021,2020,444,495.0,train,
giyani,2021/2022,2021,437,444.0,train,
giyani,2022/2023,2022,390,437.0,test,380.0791299362395
giyani,2023/2024,2023,259,390.0,test,356.1656068497279
giyani,2024/2025,2024,375,259.0,test,278.3761933278536
glen,2011/2012,2011,33,26.0,train,
glen,2012/2013,2012,34,33.0,train,
glen,2013/2014,2013,31,34.0,train,
glen,2014/2015,2014,66,31.0,train,
glen,2015/2016,2015,67,66.0,train,
glen,2016/2017,2016,51,67.0,train,
glen,2017/2018,2017,43,51.0,train,
glen,2018/2019,2018,27,43.0,train,
glen,2019/2020,2019,27,27.0,train,
glen,2020/2021,2020,37,27.0,train,
glen,2021/2022,2021,19,37.0,train,
glen,2022/2023,2022,15,19.0,test,24.220855149953035
glen,2023/2024,2023,24,15.0,test,19.070895911546092
glen,2024/2025,2024,25,24.0,test,20.357748060956766
glen grey,2011/2012,2011,37,36.0,train,
glen grey,2012/2013,2012,28,37.0,train,
glen grey,2013/2014,2013,23,28.0,train,
glen grey,2014/2015,2014,23,23.0,train,
glen grey,2015/2016,2015,30,23.0,train,
glen grey,2016/2017,2016,43,30.0,train,
glen grey,2017/2018,2017,21,43.0,train,
glen grey,2018/2019,2018,31,21.0,train,
glen grey,2019/2020,2019,29,31.0,train,
glen grey,2020/2021,2020,27,29.0,train,
glen grey,2021/2022,2021,21,27.0,train,
glen grey,2022/2023,2022,26,21.0,test,21.723730993411742
glen grey,2023/2024,2023,25,26.0,test,24.467469023289325
glen grey,2024/2025,2024,36,25.0,test,24.5484126735596
glencoe,2011/2012,2011,79,173.0,train,
glencoe,2012/2013,2012,118,79.0,train,
glencoe,2013/2014,2013,98,118.0,train,
glencoe,2014/2015,2014,119,98.0,train,
glencoe,2015/2016,2015,116,119.0,train,
glencoe,2016/2017,2016,60,116.0,train,
glencoe,2017/2018,2017,120,60.0,train,
glencoe,2018/2019,2018,124,120.0,train,
glencoe,2019/2020,2019,155,124.0,train,
glencoe,2020/2021,2020,110,155.0,train,
glencoe,2021/2022,2021,80,110.0,train,
glencoe,2022/2023,2022,91,80.0,test,85.94810826119503
glencoe,2023/2024,2023,85,91.0,test,85.9821298362124
glencoe,2024/2025,2024,116,85.0,test,82.53913864101601
glendale,2011/2012,2011,28,41.0,train,
glendale,2012/2013,2012,21,28.0,train,
glendale,2013/2014,2013,26,21.0,train,
glendale,2014/2015,2014,32,26.0,train,
glendale,2015/2016,2015,24,32.0,train,
glendale,2016/2017,2016,29,24.0,train,
glendale,2017/2018,2017,30,29.0,train,
glendale,2018/2019,2018,32,30.0,train,
glendale,2019/2020,2019,29,32.0,train,
glendale,2020/2021,2020,37,29.0,train,
glendale,2021/2022,2021,31,37.0,train,
glendale,2022/2023,2022,39,31.0,test,31.459572252669755
glendale,2023/2024,2023,20,39.0,test,36.384571206616656
glendale,2024/2025,2024,21,20.0,test,23.892458148364426
gluckstadt,2011/2012,2011,33,29.0,train,
gluckstadt,2012/2013,2012,36,33.0,train,
gluckstadt,2013/2014,2013,45,36.0,train,
gluckstadt,2014/2015,2014,55,45.0,train,
gluckstadt,2015/2016,2015,42,55.0,train,
gluckstadt,2016/2017,2016,39,42.0,train,
gluckstadt,2017/2018,2017,31,39.0,train,
gluckstadt,2018/2019,2018,20,31.0,train,
gluckstadt,2019/2020,2019,23,20.0,train,
gluckstadt,2020/2021,2020,21,23.0,train,
gluckstadt,2021/2022,2021,14,21.0,train,
gluckstadt,2022/2023,2022,26,14.0,test,17.272482667023286
gluckstadt,2023/2024,2023,18,26.0,test,21.26265702835749
gluckstadt,2024/2025,2024,26,18.0,test,20.40464507899292
goedemoed,2011/2012,2011,6,4.0,train,
goedemoed,2012/2013,2012,8,6.0,train,
goedemoed,2013/2014,2013,3,8.0,train,
goedemoed,2014/2015,2014,4,3.0,train,
goedemoed,2015/2016,2015,7,4.0,train,
goedemoed,2016/2017,2016,2,7.0,train,
goedemoed,2017/2018,2017,1,2.0,train,
goedemoed,2018/2019,2018,4,1.0,train,
goedemoed,2019/2020,2019,1,4.0,train,
goedemoed,2020/2021,2020,1,1.0,train,
goedemoed,2021/2022,2021,0,1.0,train,
goedemoed,2022/2023,2022,2,0.0,test,1.0845594930135725
goedemoed,2023/2024,2023,2,2.0,test,1.4640197577992675
goedemoed,2024/2025,2024,3,2.0,test,2.120695731785287
gonubie,2011/2012,2011,502,548.0,train,
gonubie,2012/2013,2012,589,502.0,train,
gonubie,2013/2014,2013,464,589.0,train,
gonubie,2014/2015,2014,444,464.0,train,
gonubie,2015/2016,2015,344,444.0,train,
gonubie,2016/2017,2016,409,344.0,train,
gonubie,2017/2018,2017,340,409.0,train,
gonubie,2018/2019,2018,431,340.0,train,
gonubie,2019/2020,2019,438,431.0,train,
gonubie,2020/2021,2020,357,438.0,train,
gonubie,2021/2022,2021,406,357.0,train,
gonubie,2022/2023,2022,352,406.0,test,340.1869472805427
gonubie,2023/2024,2023,394,352.0,test,328.1144169302339
gonubie,2024/2025,2024,305,394.0,test,331.7655185781917
goodwood,2011/2012,2011,1424,1304.0,train,
goodwood,2012/2013,2012,1340,1424.0,train,
goodwood,2013/2014,2013,1397,1340.0,train,
goodwood,2014/2015,2014,1355,1397.0,train,
goodwood,2015/2016,2015,1300,1355.0,train,
goodwood,2016/2017,2016,1171,1300.0,train,
goodwood,2017/2018,2017,1216,1171.0,train,
goodwood,2018/2019,2018,1164,1216.0,train,
goodwood,2019/2020,2019,991,1164.0,train,
goodwood,2020/2021,2020,707,991.0,train,
goodwood,2021/2022,2021,686,707.0,train,
goodwood,2022/2023,2022,782,686.0,test,620.4848129661236
goodwood,2023/2024,2023,861,782.0,test,703.193307714989
goodwood,2024/2025,2024,774,861.0,test,795.6334151334576
gordons bay,2011/2012,2011,802,649.0,train,
gordons bay,2012/2013,2012,607,802.0,train,
gordons bay,2013/2014,2013,494,607.0,train,
gordons bay,2014/2015,2014,395,494.0,train,
gordons bay,2015/2016,2015,462,395.0,train,
gordons bay,2016/2017,2016,446,462.0,train,
gordons bay,2017/2018,2017,396,446.0,train,
gordons bay,2018/2019,2018,430,396.0,train,
gordons bay,2019/2020,2019,434,430.0,train,
gordons bay,2020/2021,2020,263,434.0,train,
gordons bay,2021/2022,2021,332,263.0,train,
gordons bay,2022/2023,2022,239,332.0,test,320.9054550824817
gordons bay,2023/2024,2023,334,239.0,test,241.75405080422462
gordons bay,2024/2025,2024,291,334.0,test,306.43205310062
gowan lea,2011/2012,2011,42,58.0,train,
gowan lea,2012/2013,2012,30,42.0,train,
gowan lea,2013/2014,2013,57,30.0,train,
gowan lea,2014/2015,2014,87,57.0,train,
gowan lea,2015/2016,2015,71,87.0,train,
gowan lea,2016/2017,2016,48,71.0,train,
gowan lea,2017/2018,2017,56,48.0,train,
gowan lea,2018/2019,2018,28,56.0,train,
gowan lea,2019/2020,2019,54,28.0,train,
gowan lea,2020/2021,2020,45,54.0,train,
gowan lea,2021/2022,2021,29,45.0,train,
gowan lea,2022/2023,2022,29,29.0,test,34.22505061042434
gowan lea,2023/2024,2023,19,29.0,test,29.910261504146067
gowan lea,2024/2025,2024,29,19.0,test,21.675696232789278
graaff-reinet,2011/2012,2011,366,380.0,train,
graaff-reinet,2012/2013,2012,482,366.0,train,
graaff-reinet,2013/2014,2013,340,482.0,train,
graaff-reinet,2014/2015,2014,322,340.0,train,
graaff-reinet,2015/2016,2015,449,322.0,train,
graaff-reinet,2016/2017,2016,513,449.0,train,
graaff-reinet,2017/2018,2017,504,513.0,train,
graaff-reinet,2018/2019,2018,371,504.0,train,
graaff-reinet,2019/2020,2019,407,371.0,train,
graaff-reinet,2020/2021,2020,440,407.0,train,
graaff-reinet,2021/2022,2021,437,440.0,train,
graaff-reinet,2022/2023,2022,452,437.0,test,365.18224106812255
graaff-reinet,2023/2024,2023,420,452.0,test,388.42954266121853
graaff-reinet,2024/2025,2024,382,420.0,test,363.9955648882652
graafwater,2011/2012,2011,16,13.0,train,
graafwater,2012/2013,2012,17,16.0,train,
graafwater,2013/2014,2013,12,17.0,train,
graafwater,2014/2015,2014,35,12.0,train,
graafwater,2015/2016,2015,25,35.0,train,
graafwater,2016/2017,2016,40,25.0,train,
graafwater,2017/2018,2017,28,40.0,train,
graafwater,2018/2019,2018,36,28.0,train,
graafwater,2019/2020,2019,31,36.0,train,
graafwater,2020/2021,2020,35,31.0,train,
graafwater,2021/2022,2021,27,35.0,train,
graafwater,2022/2023,2022,23,27.0,test,28.136927786519603
graafwater,2023/2024,2023,26,23.0,test,24.017051818834037
graafwater,2024/2025,2024,23,26.0,test,23.712572253673713
grabouw,2011/2012,2011,376,547.0,train,
grabouw,2012/2013,2012,567,376.0,train,
grabouw,2013/2014,2013,715,567.0,train,
grabouw,2014/2015,2014,656,715.0,train,
grabouw,2015/2016,2015,688,656.0,train,
grabouw,2016/2017,2016,582,688.0,train,
grabouw,2017/2018,2017,657,582.0,train,
grabouw,2018/2019,2018,599,657.0,train,
grabouw,2019/2020,2019,556,599.0,train,
grabouw,2020/2021,2020,435,556.0,train,
grabouw,2021/2022,2021,418,435.0,train,
grabouw,2022/2023,2022,436,418.0,test,377.2101466662009
grabouw,2023/2024,2023,346,436.0,test,378.22152497412213
grabouw,2024/2025,2024,240,346.0,test,338.2385871548639
grahamstown,2011/2012,2011,1812,1680.0,train,
grahamstown,2012/2013,2012,1359,1812.0,train,
grahamstown,2013/2014,2013,1165,1359.0,train,
grahamstown,2014/2015,2014,895,1165.0,train,
grahamstown,2015/2016,2015,859,895.0,train,
grahamstown,2016/2017,2016,946,859.0,train,
grahamstown,2017/2018,2017,818,946.0,train,
grahamstown,2018/2019,2018,728,818.0,train,
grahamstown,2019/2020,2019,742,728.0,train,
grahamstown,2020/2021,2020,643,742.0,train,
grahamstown,2021/2022,2021,433,643.0,train,
grahamstown,2022/2023,2022,466,433.0,test,423.894451079033
graskop,2011/2012,2011,34,43.0,train,
graskop,2012/2013,2012,53,34.0,train,
graskop,2013/2014,2013,53,53.0,train,
graskop,2014/2015,2014,52,53.0,train,
graskop,2015/2016,2015,35,52.0,train,
graskop,2016/2017,2016,47,35.0,train,
graskop,2017/2018,2017,57,47.0,train,
graskop,2018/2019,2018,61,57.0,train,
graskop,2019/2020,2019,52,61.0,train,
graskop,2020/2021,2020,33,52.0,train,
graskop,2021/2022,2021,45,33.0,train,
graskop,2022/2023,2022,62,45.0,test,42.64191246772121
graskop,2023/2024,2023,37,62.0,test,57.22613703650096
graskop,2024/2025,2024,32,37.0,test,40.27098753470513
grassy park,2011/2012,2011,1365,1616.0,train,
grassy park,2012/2013,2012,1568,1365.0,train,
grassy park,2013/2014,2013,1613,1568.0,train,
grassy park,2014/2015,2014,1421,1613.0,train,
grassy park,2015/2016,2015,1466,1421.0,train,
grassy park,2016/2017,2016,1288,1466.0,train,
grassy park,2017/2018,2017,1210,1288.0,train,
grassy park,2018/2019,2018,937,1210.0,train,
grassy park,2019/2020,2019,926,937.0,train,
grassy park,2020/2021,2020,726,926.0,train,
grassy park,2021/2022,2021,787,726.0,train,
grassy park,2022/2023,2022,791,787.0,test,717.5290097465374
grassy park,2023/2024,2023,806,791.0,test,713.4876830648324
grassy park,2024/2025,2024,706,806.0,test,724.2535830941212
gravelotte,2011/2012,2011,23,17.0,train,
gravelotte,2012/2013,2012,33,23.0,train,
gravelotte,2013/2014,2013,48,33.0,train,
gravelotte,2014/2015,2014,24,48.0,train,
gravelotte,2015/2016,2015,28,24.0,train,
gravelotte,2016/2017,2016,33,28.0,train,
gravelotte,2017/2018,2017,17,33.0,train,
gravelotte,2018/2019,2018,7,17.0,train,
gravelotte,2019/2020,2019,12,7.0,train,
gravelotte,2020/2021,2020,10,12.0,train,
gravelotte,2021/2022,2021,13,10.0,train,
gravelotte,2022/2023,2022,18,13.0,test,11.247931284572006
gravelotte,2023/2024,2023,12,18.0,test,13.860335422408308
gravelotte,2024/2025,2024,8,12.0,test,15.151904981588599
greenwood park,2011/2012,2011,1558,1418.0,train,
greenwood park,2012/2013,2012,1506,1558.0,train,
greenwood park,2013/2014,2013,1323,1506.0,train,
greenwood park,2014/2015,2014,1309,1323.0,train,
greenwood park,2015/2016,2015,1331,1309.0,train,
greenwood park,2016/2017,2016,1226,1331.0,train,
greenwood park,2017/2018,2017,1099,1226.0,train,
greenwood park,2018/2019,2018,995,1099.0,train,
greenwood park,2019/2020,2019,1053,995.0,train,
greenwood park,2020/2021,2020,842,1053.0,train,
greenwood park,2021/2022,2021,861,842.0,train,
greenwood park,2022/2023,2022,886,861.0,test,819.5830569377952
greenwood park,2023/2024,2023,819,886.0,test,832.8600677122533
greenwood park,2024/2025,2024,686,819.0,test,776.7181503565229
greylingstad,2011/2012,2011,72,93.0,train,
greylingstad,2012/2013,2012,76,72.0,train,
greylingstad,2013/2014,2013,77,76.0,train,
greylingstad,2014/2015,2014,70,77.0,train,
greylingstad,2015/2016,2015,72,70.0,train,
greylingstad,2016/2017,2016,50,72.0,train,
greylingstad,2017/2018,2017,35,50.0,train,
greylingstad,2018/2019,2018,40,35.0,train,
greylingstad,2019/2020,2019,73,40.0,train,
greylingstad,2020/2021,2020,53,73.0,train,
greylingstad,2021/2022,2021,45,53.0,train,
greylingstad,2022/2023,2022,54,45.0,test,49.27835565791168
greylingstad,2023/2024,2023,71,54.0,test,52.80158016519375
greylingstad,2024/2025,2024,35,71.0,test,67.45126083443908
greytown,2011/2012,2011,237,260.0,train,
greytown,2012/2013,2012,266,237.0,train,
greytown,2013/2014,2013,368,266.0,train,
greytown,2014/2015,2014,313,368.0,train,
greytown,2015/2016,2015,354,313.0,train,
greytown,2016/2017,2016,286,354.0,train,
greytown,2017/2018,2017,298,286.0,train,
greytown,2018/2019,2018,205,298.0,train,
greytown,2019/2020,2019,228,205.0,train,
greytown,2020/2021,2020,204,228.0,train,
greytown,2021/2022,2021,158,204.0,train,
greytown,2022/2023,2022,209,158.0,test,165.96267614024126
greytown,2023/2024,2023,223,209.0,test,199.09851814909948
greytown,2024/2025,2024,138,223.0,test,193.48057240950908
griekwastad,2011/2012,2011,27,24.0,train,
griekwastad,2012/2013,2012,15,27.0,train,
griekwastad,2013/2014,2013,33,15.0,train,
griekwastad,2014/2015,2014,44,33.0,train,
griekwastad,2015/2016,2015,40,44.0,train,
griekwastad,2016/2017,2016,52,40.0,train,
griekwastad,2017/2018,2017,55,52.0,train,
griekwastad,2018/2019,2018,51,55.0,train,
griekwastad,2019/2020,2019,29,51.0,train,
griekwastad,2020/2021,2020,56,29.0,train,
griekwastad,2021/2022,2021,43,56.0,train,
griekwastad,2022/2023,2022,50,43.0,test,40.5872548930266
griekwastad,2023/2024,2023,48,50.0,test,46.86586858061633
griekwastad,2024/2025,2024,20,48.0,test,45.78752278960121
groblersdal,2011/2012,2011,293,256.0,train,
groblersdal,2012/2013,2012,259,293.0,train,
groblersdal,2013/2014,2013,289,259.0,train,
groblersdal,2014/2015,2014,253,289.0,train,
groblersdal,2015/2016,2015,306,253.0,train,
groblersdal,2016/2017,2016,269,306.0,train,
groblersdal,2017/2018,2017,236,269.0,train,
groblersdal,2018/2019,2018,217,236.0,train,
groblersdal,2019/2020,2019,209,217.0,train,
groblersdal,2020/2021,2020,167,209.0,train,
groblersdal,2021/2022,2021,152,167.0,train,
groblersdal,2022/2023,2022,286,152.0,test,152.2860589632477
groblersdal,2023/2024,2023,310,286.0,test,262.46546736461704
groblersdal,2024/2025,2024,257,310.0,test,288.21106892475825
groblershoop,2011/2012,2011,44,48.0,train,
groblershoop,2012/2013,2012,52,44.0,train,
groblershoop,2013/2014,2013,52,52.0,train,
groblershoop,2014/2015,2014,37,52.0,train,
groblershoop,2015/2016,2015,85,37.0,train,
groblershoop,2016/2017,2016,58,85.0,train,
groblershoop,2017/2018,2017,112,58.0,train,
groblershoop,2018/2019,2018,121,112.0,train,
groblershoop,2019/2020,2019,96,121.0,train,
groblershoop,2020/2021,2020,95,96.0,train,
groblershoop,2021/2022,2021,83,95.0,train,
groblershoop,2022/2023,2022,68,83.0,test,81.09158452298033
groblershoop,2023/2024,2023,63,68.0,test,69.67268747099486
groblershoop,2024/2025,2024,66,63.0,test,65.48505686099675
groenvlei,2011/2012,2011,6,8.0,train,
groenvlei,2012/2013,2012,8,6.0,train,
groenvlei,2013/2014,2013,10,8.0,train,
groenvlei,2014/2015,2014,9,10.0,train,
groenvlei,2015/2016,2015,7,9.0,train,
groenvlei,2016/2017,2016,9,7.0,train,
groenvlei,2017/2018,2017,6,9.0,train,
groenvlei,2018/2019,2018,4,6.0,train,
groenvlei,2019/2020,2019,3,4.0,train,
groenvlei,2020/2021,2020,4,3.0,train,
groenvlei,2021/2022,2021,6,4.0,train,
groenvlei,2022/2023,2022,3,6.0,test,4.792520000628646
groenvlei,2023/2024,2023,1,3.0,test,3.289344138514132
groenvlei,2024/2025,2024,3,1.0,test,2.0379236481618066
groot brakrivier,2011/2012,2011,196,231.0,train,
groot brakrivier,2012/2013,2012,205,196.0,train,
groot brakrivier,2013/2014,2013,191,205.0,train,
groot brakrivier,2014/2015,2014,212,191.0,train,
groot brakrivier,2015/2016,2015,241,212.0,train,
groot brakrivier,2016/2017,2016,181,241.0,train,
groot brakrivier,2017/2018,2017,190,181.0,train,
groot brakrivier,2018/2019,2018,256,190.0,train,
groot brakrivier,2019/2020,2019,285,256.0,train,
groot brakrivier,2020/2021,2020,164,285.0,train,
groot brakrivier,2021/2022,2021,205,164.0,train,
groot brakrivier,2022/2023,2022,292,205.0,test,185.71519917472227
groot brakrivier,2023/2024,2023,176,292.0,test,245.20664622147333
groot brakrivier,2024/2025,2024,95,176.0,test,178.31876578520016
groot marico,2011/2012,2011,74,50.0,train,
groot marico,2012/2013,2012,66,74.0,train,
groot marico,2013/2014,2013,45,66.0,train,
groot marico,2014/2015,2014,49,45.0,train,
groot marico,2015/2016,2015,36,49.0,train,
groot marico,2016/2017,2016,48,36.0,train,
groot marico,2017/2018,2017,42,48.0,train,
groot marico,2018/2019,2018,32,42.0,train,
groot marico,2019/2020,2019,40,32.0,train,
groot marico,2020/2021,2020,35,40.0,train,
groot marico,2021/2022,2021,23,35.0,train,
groot marico,2022/2023,2022,10,23.0,test,26.28123392727652
groot marico,2023/2024,2023,46,10.0,test,15.854018224545143
groot marico,2024/2025,2024,41,46.0,test,40.25325956774564
groot-drakenstein,2011/2012,2011,119,125.0,train,
groot-drakenstein,2012/2013,2012,151,119.0,train,
groot-drakenstein,2013/2014,2013,154,151.0,train,
groot-drakenstein,2014/2015,2014,164,154.0,train,
groot-drakenstein,2015/2016,2015,126,164.0,train,
groot-drakenstein,2016/2017,2016,169,126.0,train,
groot-drakenstein,2017/2018,2017,143,169.0,train,
groot-drakenstein,2018/2019,2018,119,143.0,train,
groot-drakenstein,2019/2020,2019,129,119.0,train,
groot-drakenstein,2020/2021,2020,73,129.0,train,
groot-drakenstein,2021/2022,2021,61,73.0,train,
groot-drakenstein,2022/2023,2022,72,61.0,test,66.569675673965
groot-drakenstein,2023/2024,2023,113,72.0,test,65.55440459976772
groot-drakenstein,2024/2025,2024,104,113.0,test,102.33079484608007
grootvlei,2011/2012,2011,156,102.0,train,
grootvlei,2012/2013,2012,68,156.0,train,
grootvlei,2013/2014,2013,110,68.0,train,
grootvlei,2014/2015,2014,123,110.0,train,
grootvlei,2015/2016,2015,77,123.0,train,
grootvlei,2016/2017,2016,60,77.0,train,
grootvlei,2017/2018,2017,83,60.0,train,
grootvlei,2018/2019,2018,119,83.0,train,
grootvlei,2019/2020,2019,109,119.0,train,
grootvlei,2020/2021,2020,96,109.0,train,
grootvlei,2021/2022,2021,137,96.0,train,
grootvlei,2022/2023,2022,114,137.0,test,132.6453908133681
grootvlei,2023/2024,2023,92,114.0,test,112.52392737485586
grootvlei,2024/2025,2024,85,92.0,test,98.55423749223264
gugulethu,2011/2012,2011,930,813.0,train,
gugulethu,2012/2013,2012,1115,930.0,train,
gugulethu,2013/2014,2013,1044,1115.0,train,
gugulethu,2014/2015,2014,963,1044.0,train,
gugulethu,2015/2016,2015,959,963.0,train,
gugulethu,2016/2017,2016,953,959.0,train,
gugulethu,2017/2018,2017,734,953.0,train,
gugulethu,2018/2019,2018,808,734.0,train,
gugulethu,2019/2020,2019,811,808.0,train,
gugulethu,2020/2021,2020,702,811.0,train,
gugulethu,2021/2022,2021,604,702.0,train,
gugulethu,2022/2023,2022,607,604.0,test,586.2150331904107
gugulethu,2023/2024,2023,522,607.0,test,573.7683760951702
gugulethu,2024/2025,2024,536,522.0,test,515.5874975623121
haenertsburg,2011/2012,2011,27,28.0,train,
haenertsburg,2012/2013,2012,26,27.0,train,
haenertsburg,2013/2014,2013,52,26.0,train,
haenertsburg,2014/2015,2014,55,52.0,train,
haenertsburg,2015/2016,2015,57,55.0,train,
haenertsburg,2016/2017,2016,70,57.0,train,
haenertsburg,2017/2018,2017,72,70.0,train,
haenertsburg,2018/2019,2018,47,72.0,train,
haenertsburg,2019/2020,2019,57,47.0,train,
haenertsburg,2020/2021,2020,47,57.0,train,
haenertsburg,2021/2022,2021,44,47.0,train,
haenertsburg,2022/2023,2022,30,44.0,test,44.03347143986894
haenertsburg,2023/2024,2023,38,30.0,test,32.507229911725744
haenertsburg,2024/2025,2024,32,38.0,test,36.210760680869065
hamburg,2011/2012,2011,22,17.0,train,
hamburg,2012/2013,2012,13,22.0,train,
hamburg,2013/2014,2013,12,13.0,train,
hamburg,2014/2015,2014,15,12.0,train,
hamburg,2015/2016,2015,18,15.0,train,
hamburg,2016/2017,2016,28,18.0,train,
hamburg,2017/2018,2017,22,28.0,train,
hamburg,2018/2019,2018,13,22.0,train,
hamburg,2019/2020,2019,18,13.0,train,
hamburg,2020/2021,2020,24,18.0,train,
hamburg,2021/2022,2021,8,24.0,train,
hamburg,2022/2023,2022,9,8.0,test,14.037205733973654
hamburg,2023/2024,2023,9,9.0,test,10.353558188740836
hamburg,2024/2025,2024,12,9.0,test,9.185041915485462
hammanskraal,2011/2012,2011,618,550.0,train,
hammanskraal,2012/2013,2012,566,618.0,train,
hammanskraal,2013/2014,2013,554,566.0,train,
hammanskraal,2014/2015,2014,488,554.0,train,
hammanskraal,2015/2016,2015,535,488.0,train,
hammanskraal,2016/2017,2016,547,535.0,train,
hammanskraal,2017/2018,2017,432,547.0,train,
hammanskraal,2018/2019,2018,446,432.0,train,
hammanskraal,2019/2020,2019,354,446.0,train,
hammanskraal,2020/2021,2020,371,354.0,train,
hammanskraal,2021/2022,2021,341,371.0,train,
hammanskraal,2022/2023,2022,403,341.0,test,324.1935364787456
hammanskraal,2023/2024,2023,379,403.0,test,361.45075862476017
hammanskraal,2024/2025,2024,390,379.0,test,364.537987755119
hammarsdale,2011/2012,2011,103,102.0,train,
hammarsdale,2012/2013,2012,99,103.0,train,
hammarsdale,2013/2014,2013,110,99.0,train,
hammarsdale,2014/2015,2014,148,110.0,train,
hammarsdale,2015/2016,2015,165,148.0,train,
hammarsdale,2016/2017,2016,150,165.0,train,
hammarsdale,2017/2018,2017,163,150.0,train,
hammarsdale,2018/2019,2018,142,163.0,train,
hammarsdale,2019/2020,2019,111,142.0,train,
hammarsdale,2020/2021,2020,86,111.0,train,
hammarsdale,2021/2022,2021,89,86.0,train,
hammarsdale,2022/2023,2022,70,89.0,test,87.25387017366113
hammarsdale,2023/2024,2023,75,70.0,test,77.07684416604953
hammarsdale,2024/2025,2024,58,75.0,test,74.20059933406175
hankey,2011/2012,2011,74,78.0,train,
hankey,2012/2013,2012,61,74.0,train,
hankey,2013/2014,2013,66,61.0,train,
hankey,2014/2015,2014,85,66.0,train,
hankey,2015/2016,2015,88,85.0,train,
hankey,2016/2017,2016,87,88.0,train,
hankey,2017/2018,2017,114,87.0,train,
hankey,2018/2019,2018,86,114.0,train,
hankey,2019/2020,2019,94,86.0,train,
hankey,2020/2021,2020,89,94.0,train,
hankey,2021/2022,2021,69,89.0,train,
hankey,2022/2023,2022,102,69.0,test,71.46488034673922
hankey,2023/2024,2023,91,102.0,test,93.9386186792201
hankey,2024/2025,2024,67,91.0,test,84.55773925008185
hanover,2011/2012,2011,41,34.0,train,
hanover,2012/2013,2012,52,41.0,train,
hanover,2013/2014,2013,35,52.0,train,
hanover,2014/2015,2014,54,35.0,train,
hanover,2015/2016,2015,48,54.0,train,
hanover,2016/2017,2016,35,48.0,train,
hanover,2017/2018,2017,29,35.0,train,
hanover,2018/2019,2018,41,29.0,train,
hanover,2019/2020,2019,45,41.0,train,
hanover,2020/2021,2020,41,45.0,train,
hanover,2021/2022,2021,26,41.0,train,
hanover,2022/2023,2022,44,26.0,test,28.88789612372868
hanover,2023/2024,2023,28,44.0,test,39.91087792436122
hanover,2024/2025,2024,24,28.0,test,31.310721869091676
harare,2011/2012,2011,819,957.0,train,
harare,2012/2013,2012,820,819.0,train,
harare,2013/2014,2013,1018,820.0,train,
harare,2014/2015,2014,1160,1018.0,train,
harare,2015/2016,2015,991,1160.0,train,
harare,2016/2017,2016,1045,991.0,train,
harare,2017/2018,2017,1032,1045.0,train,
harare,2018/2019,2018,1181,1032.0,train,
harare,2019/2020,2019,1060,1181.0,train,
harare,2020/2021,2020,879,1060.0,train,
harare,2021/2022,2021,1094,879.0,train,
harare,2022/2023,2022,1087,1094.0,test,1042.1079432135448
harare,2023/2024,2023,1138,1087.0,test,1035.752234950248
harare,2024/2025,2024,631,1138.0,test,1067.2304588997767
harburg,2011/2012,2011,26,43.0,train,
harburg,2012/2013,2012,30,26.0,train,
harburg,2013/2014,2013,19,30.0,train,
harburg,2014/2015,2014,26,19.0,train,
harburg,2015/2016,2015,40,26.0,train,
harburg,2016/2017,2016,24,40.0,train,
harburg,2017/2018,2017,42,24.0,train,
harburg,2018/2019,2018,7,42.0,train,
harburg,2019/2020,2019,33,7.0,train,
harburg,2020/2021,2020,44,33.0,train,
harburg,2021/2022,2021,40,44.0,train,
harburg,2022/2023,2022,18,40.0,test,39.41022085583167
harburg,2023/2024,2023,29,18.0,test,22.852908294119594
harburg,2024/2025,2024,30,29.0,test,26.392831473166655
harding,2011/2012,2011,244,267.0,train,
harding,2012/2013,2012,183,244.0,train,
harding,2013/2014,2013,183,183.0,train,
harding,2014/2015,2014,235,183.0,train,
harding,2015/2016,2015,228,235.0,train,
harding,2016/2017,2016,202,228.0,train,
harding,2017/2018,2017,178,202.0,train,
harding,2018/2019,2018,148,178.0,train,
harding,2019/2020,2019,166,148.0,train,
harding,2020/2021,2020,166,166.0,train,
harding,2021/2022,2021,134,166.0,train,
harding,2022/2023,2022,145,134.0,test,128.03109869360975
harding,2023/2024,2023,184,145.0,test,136.0410351666183
harding,2024/2025,2024,193,184.0,test,171.55743539783495
harrismith,2011/2012,2011,540,581.0,train,
harrismith,2012/2013,2012,613,540.0,train,
harrismith,2013/2014,2013,592,613.0,train,
harrismith,2014/2015,2014,534,592.0,train,
harrismith,2015/2016,2015,648,534.0,train,
harrismith,2016/2017,2016,710,648.0,train,
harrismith,2017/2018,2017,640,710.0,train,
harrismith,2018/2019,2018,707,640.0,train,
harrismith,2019/2020,2019,554,707.0,train,
harrismith,2020/2021,2020,567,554.0,train,
harrismith,2021/2022,2021,499,567.0,train,
harrismith,2022/2023,2022,644,499.0,test,447.9112632827546
harrismith,2023/2024,2023,477,644.0,test,563.0418248961695
harrismith,2024/2025,2024,398,477.0,test,457.6575504791524
hartbeesfontein,2011/2012,2011,74,92.0,train,
hartbeesfontein,2012/2013,2012,134,74.0,train,
hartbeesfontein,2013/2014,2013,133,134.0,train,
hartbeesfontein,2014/2015,2014,85,133.0,train,
hartbeesfontein,2015/2016,2015,102,85.0,train,
hartbeesfontein,2016/2017,2016,113,102.0,train,
hartbeesfontein,2017/2018,2017,145,113.0,train,
hartbeesfontein,2018/2019,2018,147,145.0,train,
hartbeesfontein,2019/2020,2019,136,147.0,train,
hartbeesfontein,2020/2021,2020,164,136.0,train,
hartbeesfontein,2021/2022,2021,136,164.0,train,
hartbeesfontein,2022/2023,2022,159,136.0,test,130.75558057308587
hartbeesfontein,2023/2024,2023,146,159.0,test,147.35216064780573
hartbeesfontein,2024/2025,2024,111,146.0,test,138.45027699446445
hartbeespoortdam,2011/2012,2011,936,926.0,train,
hartbeespoortdam,2012/2013,2012,862,936.0,train,
hartbeespoortdam,2013/2014,2013,837,862.0,train,
hartbeespoortdam,2014/2015,2014,688,837.0,train,
hartbeespoortdam,2015/2016,2015,608,688.0,train,
hartbeespoortdam,2016/2017,2016,647,608.0,train,
hartbeespoortdam,2017/2018,2017,573,647.0,train,
hartbeespoortdam,2018/2019,2018,692,573.0,train,
hartbeespoortdam,2019/2020,2019,725,692.0,train,
hartbeespoortdam,2020/2021,2020,591,725.0,train,
hartbeespoortdam,2021/2022,2021,684,591.0,train,
hartbeespoortdam,2022/2023,2022,610,684.0,test,628.8120569345645
hartbeespoortdam,2023/2024,2023,507,610.0,test,570.7409064875962
hartbeespoortdam,2024/2025,2024,502,507.0,test,502.31057319224504
hartebeeskop,2011/2012,2011,26,48.0,train,
hartebeeskop,2012/2013,2012,23,26.0,train,
hartebeeskop,2013/2014,2013,34,23.0,train,
hartebeeskop,2014/2015,2014,34,34.0,train,
hartebeeskop,2015/2016,2015,31,34.0,train,
hartebeeskop,2016/2017,2016,65,31.0,train,
hartebeeskop,2017/2018,2017,50,65.0,train,
hartebeeskop,2018/2019,2018,59,50.0,train,
hartebeeskop,2019/2020,2019,62,59.0,train,
hartebeeskop,2020/2021,2020,47,62.0,train,
hartebeeskop,2021/2022,2021,35,47.0,train,
hartebeeskop,2022/2023,2022,40,35.0,test,37.070358382101816
hartebeeskop,2023/2024,2023,38,40.0,test,39.28327014833017
hartebeeskop,2024/2025,2024,30,38.0,test,37.59557898627238
hartswater,2011/2012,2011,174,164.0,train,
hartswater,2012/2013,2012,163,174.0,train,
hartswater,2013/2014,2013,237,163.0,train,
hartswater,2014/2015,2014,238,237.0,train,
hartswater,2015/2016,2015,299,238.0,train,
hartswater,2016/2017,2016,228,299.0,train,
hartswater,2017/2018,2017,280,228.0,train,
hartswater,2018/2019,2018,287,280.0,train,
hartswater,2019/2020,2019,306,287.0,train,
hartswater,2020/2021,2020,206,306.0,train,
hartswater,2021/2022,2021,296,206.0,train,
hartswater,2022/2023,2022,318,296.0,test,263.16942879920884
hartswater,2023/2024,2023,281,318.0,test,280.1373825680945
hartswater,2024/2025,2024,129,281.0,test,260.80353056579344
hattingspruit,2011/2012,2011,24,22.0,train,
hattingspruit,2012/2013,2012,10,24.0,train,
hattingspruit,2013/2014,2013,22,10.0,train,
hattingspruit,2014/2015,2014,20,22.0,train,
hattingspruit,2015/2016,2015,22,20.0,train,
hattingspruit,2016/2017,2016,23,22.0,train,
hattingspruit,2017/2018,2017,13,23.0,train,
hattingspruit,2018/2019,2018,19,13.0,train,
hattingspruit,2019/2020,2019,22,19.0,train,
hattingspruit,2020/2021,2020,24,22.0,train,
hattingspruit,2021/2022,2021,23,24.0,train,
hattingspruit,2022/2023,2022,16,23.0,test,21.72835259072617
hattingspruit,2023/2024,2023,11,16.0,test,18.744888758611378
hattingspruit,2024/2025,2024,12,11.0,test,13.988788496219943
hazyview,2011/2012,2011,387,351.0,train,
hazyview,2012/2013,2012,442,387.0,train,
hazyview,2013/2014,2013,378,442.0,train,
hazyview,2014/2015,2014,515,378.0,train,
hazyview,2015/2016,2015,367,515.0,train,
hazyview,2016/2017,2016,272,367.0,train,
hazyview,2017/2018,2017,306,272.0,train,
hazyview,2018/2019,2018,262,306.0,train,
hazyview,2019/2020,2019,253,262.0,train,
hazyview,2020/2021,2020,233,253.0,train,
hazyview,2021/2022,2021,245,233.0,train,
hazyview,2022/2023,2022,291,245.0,test,234.8936943535099
hazyview,2023/2024,2023,240,291.0,test,265.24398836471045
hazyview,2024/2025,2024,181,240.0,test,239.97514818583437
healdtown,2011/2012,2011,24,13.0,train,
healdtown,2012/2013,2012,15,24.0,train,
healdtown,2013/2014,2013,11,15.0,train,
healdtown,2014/2015,2014,15,11.0,train,
healdtown,2015/2016,2015,19,15.0,train,
healdtown,2016/2017,2016,20,19.0,train,
healdtown,2017/2018,2017,19,20.0,train,
healdtown,2018/2019,2018,11,19.0,train,
healdtown,2019/2020,2019,21,11.0,train,
healdtown,2020/2021,2020,17,21.0,train,
healdtown,2021/2022,2021,27,17.0,train,
healdtown,2022/2023,2022,23,27.0,test,22.229528295590455
healdtown,2023/2024,2023,16,23.0,test,22.266527623771786
healdtown,2024/2025,2024,20,16.0,test,18.65373063884096
hebron,2011/2012,2011,156,0.0,train,
hebron,2012/2013,2012,364,156.0,train,
hebron,2013/2014,2013,385,364.0,train,
hebron,2014/2015,2014,460,385.0,train,
hebron,2015/2016,2015,364,460.0,train,
hebron,2016/2017,2016,465,364.0,train,
hebron,2017/2018,2017,417,465.0,train,
hebron,2018/2019,2018,500,417.0,train,
hebron,2019/2020,2019,408,500.0,train,
hebron,2020/2021,2020,270,408.0,train,
hebron,2021/2022,2021,289,270.0,train,
hebron,2022/2023,2022,332,289.0,test,275.82942062106474
hebron,2023/2024,2023,312,332.0,test,296.25235533296274
hebron,2024/2025,2024,337,312.0,test,284.52450196819814
heidedal,2011/2012,2011,408,317.0,train,
heidedal,2012/2013,2012,465,408.0,train,
heidedal,2013/2014,2013,442,465.0,train,
heidedal,2014/2015,2014,409,442.0,train,
heidedal,2015/2016,2015,422,409.0,train,
heidedal,2016/2017,2016,329,422.0,train,
heidedal,2017/2018,2017,342,329.0,train,
heidedal,2018/2019,2018,331,342.0,train,
heidedal,2019/2020,2019,326,331.0,train,
heidedal,2020/2021,2020,193,326.0,train,
heidedal,2021/2022,2021,257,193.0,train,
heidedal,2022/2023,2022,234,257.0,test,239.25951329273602
heidedal,2023/2024,2023,198,234.0,test,219.93229845490842
heidedal,2024/2025,2024,172,198.0,test,190.2371263332368
heidelberg (gp),2011/2012,2011,369,458.0,train,
heidelberg (gp),2012/2013,2012,535,369.0,train,
heidelberg (gp),2013/2014,2013,532,535.0,train,
heidelberg (gp),2014/2015,2014,584,532.0,train,
heidelberg (gp),2015/2016,2015,443,584.0,train,
heidelberg (gp),2016/2017,2016,460,443.0,train,
heidelberg (gp),2017/2018,2017,451,460.0,train,
heidelberg (gp),2018/2019,2018,528,451.0,train,
heidelberg (gp),2019/2020,2019,483,528.0,train,
heidelberg (gp),2020/2021,2020,457,483.0,train,
heidelberg (gp),2021/2022,2021,524,457.0,train,
heidelberg (gp),2022/2023,2022,453,524.0,test,476.43830418503387
heidelberg (gp),2023/2024,2023,431,453.0,test,442.0412408321698
heidelberg (gp),2024/2025,2024,448,431.0,test,428.32047420664037
heidelberg(c),2011/2012,2011,81,69.0,train,
heidelberg(c),2012/2013,2012,61,81.0,train,
heidelberg(c),2013/2014,2013,79,61.0,train,
heidelberg(c),2014/2015,2014,100,79.0,train,
heidelberg(c),2015/2016,2015,96,100.0,train,
heidelberg(c),2016/2017,2016,101,96.0,train,
heidelberg(c),2017/2018,2017,127,101.0,train,
heidelberg(c),2018/2019,2018,170,127.0,train,
heidelberg(c),2019/2020,2019,132,170.0,train,
heidelberg(c),2020/2021,2020,147,132.0,train,
heidelberg(c),2021/2022,2021,122,147.0,train,
heidelberg(c),2022/2023,2022,148,122.0,test,117.15822507757997
heidelberg(c),2023/2024,2023,146,148.0,test,134.50824085127493
heidelberg(c),2024/2025,2024,109,146.0,test,133.14181153780302
heilbron,2011/2012,2011,133,103.0,train,
heilbron,2012/2013,2012,248,133.0,train,
heilbron,2013/2014,2013,180,248.0,train,
heilbron,2014/2015,2014,186,180.0,train,
heilbron,2015/2016,2015,162,186.0,train,
heilbron,2016/2017,2016,151,162.0,train,
heilbron,2017/2018,2017,140,151.0,train,
heilbron,2018/2019,2018,136,140.0,train,
heilbron,2019/2020,2019,199,136.0,train,
heilbron,2020/2021,2020,201,199.0,train,
heilbron,2021/2022,2021,172,201.0,train,
heilbron,2022/2023,2022,198,172.0,test,171.58678990034446
heilbron,2023/2024,2023,164,198.0,test,179.44083343934886
heilbron,2024/2025,2024,174,164.0,test,153.7113696682645
hekpoort,2011/2012,2011,106,71.0,train,
hekpoort,2012/2013,2012,84,106.0,train,
hekpoort,2013/2014,2013,78,84.0,train,
hekpoort,2014/2015,2014,105,78.0,train,
hekpoort,2015/2016,2015,87,105.0,train,
hekpoort,2016/2017,2016,102,87.0,train,
hekpoort,2017/2018,2017,55,102.0,train,
hekpoort,2018/2019,2018,63,55.0,train,
hekpoort,2019/2020,2019,69,63.0,train,
hekpoort,2020/2021,2020,65,69.0,train,
hekpoort,2021/2022,2021,73,65.0,train,
hekpoort,2022/2023,2022,73,73.0,test,71.33297732255735
hekpoort,2023/2024,2023,57,73.0,test,72.65173912971099
hekpoort,2024/2025,2024,80,57.0,test,62.53289310199653
helpmekaar,2011/2012,2011,12,24.0,train,
helpmekaar,2012/2013,2012,8,12.0,train,
helpmekaar,2013/2014,2013,9,8.0,train,
helpmekaar,2014/2015,2014,13,9.0,train,
helpmekaar,2015/2016,2015,18,13.0,train,
helpmekaar,2016/2017,2016,18,18.0,train,
helpmekaar,2017/2018,2017,16,18.0,train,
helpmekaar,2018/2019,2018,11,16.0,train,
helpmekaar,2019/2020,2019,20,11.0,train,
helpmekaar,2020/2021,2020,14,20.0,train,
helpmekaar,2021/2022,2021,15,14.0,train,
helpmekaar,2022/2023,2022,10,15.0,test,13.728717484792263
helpmekaar,2023/2024,2023,9,10.0,test,12.306733958019656
helpmekaar,2024/2025,2024,10,9.0,test,9.744941415092667
henderson,2011/2012,2011,0,3.0,train,
henderson,2012/2013,2012,4,0.0,train,
henderson,2013/2014,2013,1,4.0,train,
henderson,2014/2015,2014,0,1.0,train,
henderson,2015/2016,2015,2,0.0,train,
henderson,2016/2017,2016,0,2.0,train,
henderson,2017/2018,2017,0,0.0,train,
henderson,2018/2019,2018,2,0.0,train,
henderson,2019/2020,2019,0,2.0,train,
henderson,2020/2021,2020,0,0.0,train,
henderson,2021/2022,2021,1,0.0,train,
henderson,2022/2023,2022,0,1.0,test,1.0712894565019697
henderson,2023/2024,2023,0,0.0,test,0.8871228986156042
henderson,2024/2025,2024,1,0.0,test,1.2409644419669517
hendrina,2011/2012,2011,203,224.0,train,
hendrina,2012/2013,2012,209,203.0,train,
hendrina,2013/2014,2013,240,209.0,train,
hendrina,2014/2015,2014,250,240.0,train,
hendrina,2015/2016,2015,240,250.0,train,
hendrina,2016/2017,2016,190,240.0,train,
hendrina,2017/2018,2017,123,190.0,train,
hendrina,2018/2019,2018,182,123.0,train,
hendrina,2019/2020,2019,156,182.0,train,
hendrina,2020/2021,2020,150,156.0,train,
hendrina,2021/2022,2021,137,150.0,train,
hendrina,2022/2023,2022,155,137.0,test,130.50358244606417
hendrina,2023/2024,2023,160,155.0,test,143.23845880690314
hendrina,2024/2025,2024,143,160.0,test,146.27578387848905
hennenman,2011/2012,2011,113,102.0,train,
hennenman,2012/2013,2012,124,113.0,train,
hennenman,2013/2014,2013,123,124.0,train,
hennenman,2014/2015,2014,94,123.0,train,
hennenman,2015/2016,2015,120,94.0,train,
hennenman,2016/2017,2016,149,120.0,train,
hennenman,2017/2018,2017,130,149.0,train,
hennenman,2018/2019,2018,160,130.0,train,
hennenman,2019/2020,2019,198,160.0,train,
hennenman,2020/2021,2020,147,198.0,train,
hennenman,2021/2022,2021,155,147.0,train,
hennenman,2022/2023,2022,176,155.0,test,148.74349594138423
hennenman,2023/2024,2023,155,176.0,test,154.5578429953411
hennenman,2024/2025,2024,158,155.0,test,143.5043135616031
hercules,2011/2012,2011,941,1141.0,train,
hercules,2012/2013,2012,1030,941.0,train,
hercules,2013/2014,2013,968,1030.0,train,
hercules,2014/2015,2014,998,968.0,train,
hercules,2015/2016,2015,1013,998.0,train,
hercules,2016/2017,2016,971,1013.0,train,
hercules,2017/2018,2017,932,971.0,train,
hercules,2018/2019,2018,1157,932.0,train,
hercules,2019/2020,2019,1128,1157.0,train,
hercules,2020/2021,2020,717,1128.0,train,
hercules,2021/2022,2021,718,717.0,train,
hercules,2022/2023,2022,905,718.0,test,690.1947657962431
hercules,2023/2024,2023,827,905.0,test,849.6464336970861
hercules,2024/2025,2024,773,827.0,test,792.3916435277899
hermanus,2011/2012,2011,746,593.0,train,
hermanus,2012/2013,2012,648,746.0,train,
hermanus,2013/2014,2013,744,648.0,train,
hermanus,2014/2015,2014,911,744.0,train,
hermanus,2015/2016,2015,1059,911.0,train,
hermanus,2016/2017,2016,1222,1059.0,train,
hermanus,2017/2018,2017,1284,1222.0,train,
hermanus,2018/2019,2018,1235,1284.0,train,
hermanus,2019/2020,2019,956,1235.0,train,
hermanus,2020/2021,2020,691,956.0,train,
hermanus,2021/2022,2021,672,691.0,train,
hermanus,2022/2023,2022,688,672.0,test,611.4095199356792
hermanus,2023/2024,2023,624,688.0,test,602.3088135542138
hermanus,2024/2025,2024,533,624.0,test,543.8980251727991
hertzogville,2011/2012,2011,76,41.0,train,
hertzogville,2012/2013,2012,55,76.0,train,
hertzogville,2013/2014,2013,63,55.0,train,
hertzogville,2014/2015,2014,74,63.0,train,
hertzogville,2015/2016,2015,58,74.0,train,
hertzogville,2016/2017,2016,71,58.0,train,
hertzogville,2017/2018,2017,44,71.0,train,
hertzogville,2018/2019,2018,61,44.0,train,
hertzogville,2019/2020,2019,59,61.0,train,
hertzogville,2020/2021,2020,65,59.0,train,
hertzogville,2021/2022,2021,54,65.0,train,
hertzogville,2022/2023,2022,62,54.0,test,54.141525000001515
hertzogville,2023/2024,2023,55,62.0,test,60.24673249832014
hertzogville,2024/2025,2024,61,55.0,test,55.421890974060915
heuningspruit,2011/2012,2011,5,3.0,train,
heuningspruit,2012/2013,2012,5,5.0,train,
heuningspruit,2013/2014,2013,14,5.0,train,
heuningspruit,2014/2015,2014,6,14.0,train,
heuningspruit,2015/2016,2015,12,6.0,train,
heuningspruit,2016/2017,2016,26,12.0,train,
heuningspruit,2017/2018,2017,6,26.0,train,
heuningspruit,2018/2019,2018,6,6.0,train,
heuningspruit,2019/2020,2019,5,6.0,train,
heuningspruit,2020/2021,2020,4,5.0,train,
heuningspruit,2021/2022,2021,1,4.0,train,
heuningspruit,2022/2023,2022,7,1.0,test,2.2864380240493176
heuningspruit,2023/2024,2023,2,7.0,test,6.470093619257706
heuningspruit,2024/2025,2024,1,2.0,test,3.787979293783424
heuningvlei,2011/2012,2011,10,6.0,train,
heuningvlei,2012/2013,2012,2,10.0,train,
heuningvlei,2013/2014,2013,2,2.0,train,
heuningvlei,2014/2015,2014,7,2.0,train,
heuningvlei,2015/2016,2015,7,7.0,train,
heuningvlei,2016/2017,2016,11,7.0,train,
heuningvlei,2017/2018,2017,7,11.0,train,
heuningvlei,2018/2019,2018,4,7.0,train,
heuningvlei,2019/2020,2019,4,4.0,train,
heuningvlei,2020/2021,2020,3,4.0,train,
heuningvlei,2021/2022,2021,3,3.0,train,
heuningvlei,2022/2023,2022,6,3.0,test,3.1904263043912886
heuningvlei,2023/2024,2023,4,6.0,test,4.2631859572282345
heuningvlei,2024/2025,2024,1,4.0,test,4.31798342196404
hibberdene,2011/2012,2011,572,591.0,train,
hibberdene,2012/2013,2012,679,572.0,train,
hibberdene,2013/2014,2013,615,679.0,train,
hibberdene,2014/2015,2014,652,615.0,train,
hibberdene,2015/2016,2015,555,652.0,train,
hibberdene,2016/2017,2016,543,555.0,train,
hibberdene,2017/2018,2017,499,543.0,train,
hibberdene,2018/2019,2018,584,499.0,train,
hibberdene,2019/2020,2019,407,584.0,train,
hibberdene,2020/2021,2020,470,407.0,train,
hibberdene,2021/2022,2021,325,470.0,train,
hibberdene,2022/2023,2022,450,325.0,test,333.0242587621687
hibberdene,2023/2024,2023,362,450.0,test,395.0762968803897
hibberdene,2024/2025,2024,410,362.0,test,351.12549747993467
highflats,2011/2012,2011,182,212.0,train,
highflats,2012/2013,2012,145,182.0,train,
highflats,2013/2014,2013,152,145.0,train,
highflats,2014/2015,2014,193,152.0,train,
highflats,2015/2016,2015,160,193.0,train,
highflats,2016/2017,2016,166,160.0,train,
highflats,2017/2018,2017,153,166.0,train,
highflats,2018/2019,2018,88,153.0,train,
highflats,2019/2020,2019,111,88.0,train,
highflats,2020/2021,2020,148,111.0,train,
highflats,2021/2022,2021,129,148.0,train,
highflats,2022/2023,2022,125,129.0,test,124.74718753366135
highflats,2023/2024,2023,118,125.0,test,119.9880540567351
highflats,2024/2025,2024,122,118.0,test,113.75119052905897
hillbrow,2011/2012,2011,1558,1538.0,train,
hillbrow,2012/2013,2012,1579,1558.0,train,
hillbrow,2013/2014,2013,1719,1579.0,train,
hillbrow,2014/2015,2014,1919,1719.0,train,
hillbrow,2015/2016,2015,1879,1919.0,train,
hillbrow,2016/2017,2016,2074,1879.0,train,
hillbrow,2017/2018,2017,1667,2074.0,train,
hillbrow,2018/2019,2018,1249,1667.0,train,
hillbrow,2019/2020,2019,1045,1249.0,train,
hillbrow,2020/2021,2020,583,1045.0,train,
hillbrow,2021/2022,2021,710,583.0,train,
hillbrow,2022/2023,2022,751,710.0,test,673.4015094738379
hillbrow,2023/2024,2023,751,751.0,test,700.0745076531547
hillbrow,2024/2025,2024,757,751.0,test,692.2498153576302
hillcrest,2011/2012,2011,1740,1499.0,train,
hillcrest,2012/2013,2012,1564,1740.0,train,
hillcrest,2013/2014,2013,1048,1564.0,train,
hillcrest,2014/2015,2014,1227,1048.0,train,
hillcrest,2015/2016,2015,1158,1227.0,train,
hillcrest,2016/2017,2016,1253,1158.0,train,
hillcrest,2017/2018,2017,1230,1253.0,train,
hillcrest,2018/2019,2018,1420,1230.0,train,
hillcrest,2019/2020,2019,1071,1420.0,train,
hillcrest,2020/2021,2020,852,1071.0,train,
hillcrest,2021/2022,2021,899,852.0,train,
hillcrest,2022/2023,2022,815,899.0,test,834.2031342886191
hillcrest,2023/2024,2023,645,815.0,test,756.7450407036088
hillcrest,2024/2025,2024,648,645.0,test,627.8228358111919
hilton-kzn,2011/2012,2011,198,166.0,train,
hilton-kzn,2012/2013,2012,241,198.0,train,
hilton-kzn,2013/2014,2013,294,241.0,train,
hilton-kzn,2014/2015,2014,237,294.0,train,
hilton-kzn,2015/2016,2015,251,237.0,train,
hilton-kzn,2016/2017,2016,251,251.0,train,
hilton-kzn,2017/2018,2017,216,251.0,train,
hilton-kzn,2018/2019,2018,281,216.0,train,
hilton-kzn,2019/2020,2019,190,281.0,train,
hilton-kzn,2020/2021,2020,113,190.0,train,
hilton-kzn,2021/2022,2021,68,113.0,train,
hilton-kzn,2022/2023,2022,97,68.0,test,76.78942870819843
hilton-kzn,2023/2024,2023,142,97.0,test,91.91087250465613
hilton-kzn,2024/2025,2024,131,142.0,test,130.92311603065986
himeville,2011/2012,2011,164,177.0,train,
himeville,2012/2013,2012,233,164.0,train,
himeville,2013/2014,2013,192,233.0,train,
himeville,2014/2015,2014,152,192.0,train,
himeville,2015/2016,2015,165,152.0,train,
himeville,2016/2017,2016,165,165.0,train,
himeville,2017/2018,2017,82,165.0,train,
himeville,2018/2019,2018,61,82.0,train,
himeville,2019/2020,2019,65,61.0,train,
himeville,2020/2021,2020,63,65.0,train,
himeville,2021/2022,2021,57,63.0,train,
himeville,2022/2023,2022,51,57.0,test,59.176031065326086
himeville,2023/2024,2023,32,51.0,test,51.14850603136125
himeville,2024/2025,2024,26,32.0,test,37.26772502910995
hlababomvu,2011/2012,2011,20,9.0,train,
hlababomvu,2012/2013,2012,22,20.0,train,
hlababomvu,2013/2014,2013,9,22.0,train,
hlababomvu,2014/2015,2014,7,9.0,train,
hlababomvu,2015/2016,2015,7,7.0,train,
hlababomvu,2016/2017,2016,8,7.0,train,
hlababomvu,2017/2018,2017,5,8.0,train,
hlababomvu,2018/2019,2018,11,5.0,train,
hlababomvu,2019/2020,2019,7,11.0,train,
hlababomvu,2020/2021,2020,7,7.0,train,
hlababomvu,2021/2022,2021,8,7.0,train,
hlababomvu,2022/2023,2022,7,8.0,test,7.346613255902333
hlababomvu,2023/2024,2023,10,7.0,test,6.889519417821791
hlababomvu,2024/2025,2024,5,10.0,test,8.25025075803778
hlabisa,2011/2012,2011,61,69.0,train,
hlabisa,2012/2013,2012,71,61.0,train,
hlabisa,2013/2014,2013,70,71.0,train,
hlabisa,2014/2015,2014,66,70.0,train,
hlabisa,2015/2016,2015,53,66.0,train,
hlabisa,2016/2017,2016,90,53.0,train,
hlabisa,2017/2018,2017,78,90.0,train,
hlabisa,2018/2019,2018,82,78.0,train,
hlabisa,2019/2020,2019,83,82.0,train,
hlabisa,2020/2021,2020,55,83.0,train,
hlabisa,2021/2022,2021,53,55.0,train,
hlabisa,2022/2023,2022,26,53.0,test,56.44117123214689
hlabisa,2023/2024,2023,44,26.0,test,31.56125700335127
hlabisa,2024/2025,2024,51,44.0,test,40.260625553839404
hlanganani,2011/2012,2011,126,179.0,train,
hlanganani,2012/2013,2012,112,126.0,train,
hlanganani,2013/2014,2013,123,112.0,train,
hlanganani,2014/2015,2014,130,123.0,train,
hlanganani,2015/2016,2015,120,130.0,train,
hlanganani,2016/2017,2016,83,120.0,train,
hlanganani,2017/2018,2017,70,83.0,train,
hlanganani,2018/2019,2018,86,70.0,train,
hlanganani,2019/2020,2019,85,86.0,train,
hlanganani,2020/2021,2020,69,85.0,train,
hlanganani,2021/2022,2021,108,69.0,train,
hlanganani,2022/2023,2022,142,108.0,test,104.59394985798455
hlanganani,2023/2024,2023,116,142.0,test,130.19021874231433
hlanganani,2024/2025,2024,115,116.0,test,113.75186787348066
hlobane,2011/2012,2011,128,119.0,train,
hlobane,2012/2013,2012,159,128.0,train,
hlobane,2013/2014,2013,107,159.0,train,
hlobane,2014/2015,2014,76,107.0,train,
hlobane,2015/2016,2015,107,76.0,train,
hlobane,2016/2017,2016,107,107.0,train,
hlobane,2017/2018,2017,137,107.0,train,
hlobane,2018/2019,2018,119,137.0,train,
hlobane,2019/2020,2019,122,119.0,train,
hlobane,2020/2021,2020,99,122.0,train,
hlobane,2021/2022,2021,132,99.0,train,
hlobane,2022/2023,2022,106,132.0,test,122.68455247135708
hlobane,2023/2024,2023,84,106.0,test,109.40299399407776
hlobane,2024/2025,2024,88,84.0,test,86.21517831439319
hlogotlou,2011/2012,2011,142,122.0,train,
hlogotlou,2012/2013,2012,158,142.0,train,
hlogotlou,2013/2014,2013,184,158.0,train,
hlogotlou,2014/2015,2014,197,184.0,train,
hlogotlou,2015/2016,2015,207,197.0,train,
hlogotlou,2016/2017,2016,272,207.0,train,
hlogotlou,2017/2018,2017,244,272.0,train,
hlogotlou,2018/2019,2018,211,244.0,train,
hlogotlou,2019/2020,2019,206,211.0,train,
hlogotlou,2020/2021,2020,162,206.0,train,
hlogotlou,2021/2022,2021,278,162.0,train,
hlogotlou,2022/2023,2022,188,278.0,test,246.8794721840068
hlogotlou,2023/2024,2023,252,188.0,test,187.4170792633309
hlogotlou,2024/2025,2024,208,252.0,test,227.14834469732645
hluhluwe,2011/2012,2011,113,132.0,train,
hluhluwe,2012/2013,2012,106,113.0,train,
hluhluwe,2013/2014,2013,161,106.0,train,
hluhluwe,2014/2015,2014,155,161.0,train,
hluhluwe,2015/2016,2015,145,155.0,train,
hluhluwe,2016/2017,2016,115,145.0,train,
hluhluwe,2017/2018,2017,97,115.0,train,
hluhluwe,2018/2019,2018,109,97.0,train,
hluhluwe,2019/2020,2019,98,109.0,train,
hluhluwe,2020/2021,2020,79,98.0,train,
hluhluwe,2021/2022,2021,89,79.0,train,
hluhluwe,2022/2023,2022,60,89.0,test,83.60464174168051
hluhluwe,2023/2024,2023,61,60.0,test,66.73196748820061
hluhluwe,2024/2025,2024,78,61.0,test,63.47674725138564
hobhouse,2011/2012,2011,31,23.0,train,
hobhouse,2012/2013,2012,23,31.0,train,
hobhouse,2013/2014,2013,27,23.0,train,
hobhouse,2014/2015,2014,14,27.0,train,
hobhouse,2015/2016,2015,12,14.0,train,
hobhouse,2016/2017,2016,21,12.0,train,
hobhouse,2017/2018,2017,21,21.0,train,
hobhouse,2018/2019,2018,14,21.0,train,
hobhouse,2019/2020,2019,18,14.0,train,
hobhouse,2020/2021,2020,31,18.0,train,
hobhouse,2021/2022,2021,19,31.0,train,
hobhouse,2022/2023,2022,15,19.0,test,20.993992155658628
hobhouse,2023/2024,2023,11,15.0,test,16.536800299164927
hobhouse,2024/2025,2024,16,11.0,test,13.484344698397921
hoedspruit,2011/2012,2011,131,93.0,train,
hoedspruit,2012/2013,2012,142,131.0,train,
hoedspruit,2013/2014,2013,132,142.0,train,
hoedspruit,2014/2015,2014,132,132.0,train,
hoedspruit,2015/2016,2015,152,132.0,train,
hoedspruit,2016/2017,2016,154,152.0,train,
hoedspruit,2017/2018,2017,149,154.0,train,
hoedspruit,2018/2019,2018,81,149.0,train,
hoedspruit,2019/2020,2019,72,81.0,train,
hoedspruit,2020/2021,2020,57,72.0,train,
hoedspruit,2021/2022,2021,70,57.0,train,
hoedspruit,2022/2023,2022,73,70.0,test,64.27677974308341
hoedspruit,2023/2024,2023,61,73.0,test,71.03342102679292
hoedspruit,2024/2025,2024,43,61.0,test,65.7789611957586
hofmeyr,2011/2012,2011,36,37.0,train,
hofmeyr,2012/2013,2012,33,36.0,train,
hofmeyr,2013/2014,2013,32,33.0,train,
hofmeyr,2014/2015,2014,39,32.0,train,
hofmeyr,2015/2016,2015,38,39.0,train,
hofmeyr,2016/2017,2016,32,38.0,train,
hofmeyr,2017/2018,2017,18,32.0,train,
hofmeyr,2018/2019,2018,17,18.0,train,
hofmeyr,2019/2020,2019,33,17.0,train,
hofmeyr,2020/2021,2020,52,33.0,train,
hofmeyr,2021/2022,2021,30,52.0,train,
hofmeyr,2022/2023,2022,28,30.0,test,31.843380494393912
hofmeyr,2023/2024,2023,42,28.0,test,27.834015937964047
hofmeyr,2024/2025,2024,25,42.0,test,36.609094250336064
hogsback,2011/2012,2011,60,43.0,train,
hogsback,2012/2013,2012,55,60.0,train,
hogsback,2013/2014,2013,58,55.0,train,
hogsback,2014/2015,2014,28,58.0,train,
hogsback,2015/2016,2015,13,28.0,train,
hogsback,2016/2017,2016,13,13.0,train,
hogsback,2017/2018,2017,17,13.0,train,
hogsback,2018/2019,2018,19,17.0,train,
hogsback,2019/2020,2019,19,19.0,train,
hogsback,2020/2021,2020,23,19.0,train,
hogsback,2021/2022,2021,11,23.0,train,
hogsback,2022/2023,2022,13,11.0,test,15.492316423422304
hogsback,2023/2024,2023,9,13.0,test,12.31152702228046
hogsback,2024/2025,2024,9,9.0,test,11.170820949055884
hondeklip bay,2011/2012,2011,6,2.0,train,
hondeklip bay,2012/2013,2012,2,6.0,train,
hondeklip bay,2013/2014,2013,1,2.0,train,
hondeklip bay,2014/2015,2014,2,1.0,train,
hondeklip bay,2015/2016,2015,7,2.0,train,
hondeklip bay,2016/2017,2016,1,7.0,train,
hondeklip bay,2017/2018,2017,5,1.0,train,
hondeklip bay,2018/2019,2018,4,5.0,train,
hondeklip bay,2019/2020,2019,8,4.0,train,
hondeklip bay,2020/2021,2020,8,8.0,train,
hondeklip bay,2021/2022,2021,8,8.0,train,
hondeklip bay,2022/2023,2022,8,8.0,test,7.941976761227487
hondeklip bay,2023/2024,2023,9,8.0,test,8.354069088381088
hondeklip bay,2024/2025,2024,7,9.0,test,8.652033480301979
honeydew,2011/2012,2011,3767,4125.0,train,
honeydew,2012/2013,2012,4263,3767.0,train,
honeydew,2013/2014,2013,4295,4263.0,train,
honeydew,2014/2015,2014,4573,4295.0,train,
honeydew,2015/2016,2015,3947,4573.0,train,
honeydew,2016/2017,2016,3814,3947.0,train,
honeydew,2017/2018,2017,3689,3814.0,train,
honeydew,2018/2019,2018,3452,3689.0,train,
honeydew,2019/2020,2019,3609,3452.0,train,
honeydew,2020/2021,2020,1994,3609.0,train,
honeydew,2021/2022,2021,2197,1994.0,train,
honeydew,2022/2023,2022,2319,2197.0,test,1979.2143910739057
honeydew,2023/2024,2023,2150,2319.0,test,1981.4510931912328
honeydew,2024/2025,2024,1728,2150.0,test,1907.4254595148127
hoopdal,2011/2012,2011,9,9.0,train,
hoopdal,2012/2013,2012,3,9.0,train,
hoopdal,2013/2014,2013,8,3.0,train,
hoopdal,2014/2015,2014,6,8.0,train,
hoopdal,2015/2016,2015,2,6.0,train,
hoopdal,2016/2017,2016,2,2.0,train,
hoopdal,2017/2018,2017,2,2.0,train,
hoopdal,2018/2019,2018,5,2.0,train,
hoopdal,2019/2020,2019,3,5.0,train,
hoopdal,2020/2021,2020,2,3.0,train,
hoopdal,2021/2022,2021,3,2.0,train,
hoopdal,2022/2023,2022,1,3.0,test,2.864741418802579
hoopdal,2023/2024,2023,5,1.0,test,1.8970273263857962
hoopdal,2024/2025,2024,3,5.0,test,3.822417126682005
hoopstad,2011/2012,2011,90,91.0,train,
hoopstad,2012/2013,2012,87,90.0,train,
hoopstad,2013/2014,2013,97,87.0,train,
hoopstad,2014/2015,2014,106,97.0,train,
hoopstad,2015/2016,2015,112,106.0,train,
hoopstad,2016/2017,2016,98,112.0,train,
hoopstad,2017/2018,2017,86,98.0,train,
hoopstad,2018/2019,2018,96,86.0,train,
hoopstad,2019/2020,2019,66,96.0,train,
hoopstad,2020/2021,2020,71,66.0,train,
hoopstad,2021/2022,2021,102,71.0,train,
hoopstad,2022/2023,2022,93,102.0,test,96.16472243275389
hoopstad,2023/2024,2023,71,93.0,test,88.1702221527496
hoopstad,2024/2025,2024,76,71.0,test,75.23896432507694
hopefield,2011/2012,2011,53,21.0,train,
hopefield,2012/2013,2012,47,53.0,train,
hopefield,2013/2014,2013,63,47.0,train,
hopefield,2014/2015,2014,61,63.0,train,
hopefield,2015/2016,2015,61,61.0,train,
hopefield,2016/2017,2016,34,61.0,train,
hopefield,2017/2018,2017,35,34.0,train,
hopefield,2018/2019,2018,40,35.0,train,
hopefield,2019/2020,2019,48,40.0,train,
hopefield,2020/2021,2020,45,48.0,train,
hopefield,2021/2022,2021,39,45.0,train,
hopefield,2022/2023,2022,36,39.0,test,38.35936711185293
hopefield,2023/2024,2023,46,36.0,test,35.68982213257535
hopefield,2024/2025,2024,30,46.0,test,39.257945159036986
hopeville,2011/2012,2011,72,76.0,train,
hopeville,2012/2013,2012,68,72.0,train,
hopeville,2013/2014,2013,59,68.0,train,
hopeville,2014/2015,2014,75,59.0,train,
hopeville,2015/2016,2015,76,75.0,train,
hopeville,2016/2017,2016,73,76.0,train,
hopeville,2017/2018,2017,131,73.0,train,
hopeville,2018/2019,2018,99,131.0,train,
hopeville,2019/2020,2019,104,99.0,train,
hopeville,2020/2021,2020,102,104.0,train,
hopeville,2021/2022,2021,94,102.0,train,
hopeville,2022/2023,2022,104,94.0,test,90.04902692704802
hout bay,2011/2012,2011,1153,920.0,train,
hout bay,2012/2013,2012,1163,1153.0,train,
hout bay,2013/2014,2013,902,1163.0,train,
hout bay,2014/2015,2014,727,902.0,train,
hout bay,2015/2016,2015,712,727.0,train,
hout bay,2016/2017,2016,693,712.0,train,
hout bay,2017/2018,2017,598,693.0,train,
hout bay,2018/2019,2018,540,598.0,train,
hout bay,2019/2020,2019,321,540.0,train,
hout bay,2020/2021,2020,314,321.0,train,
hout bay,2021/2022,2021,277,314.0,train,
hout bay,2022/2023,2022,256,277.0,test,266.2585698134525
hout bay,2023/2024,2023,333,256.0,test,243.30795112295218
hout bay,2024/2025,2024,347,333.0,test,305.46591072082634
howick,2011/2012,2011,415,549.0,train,
howick,2012/2013,2012,506,415.0,train,
howick,2013/2014,2013,428,506.0,train,
howick,2014/2015,2014,537,428.0,train,
howick,2015/2016,2015,402,537.0,train,
howick,2016/2017,2016,483,402.0,train,
howick,2017/2018,2017,420,483.0,train,
howick,2018/2019,2018,417,420.0,train,
howick,2019/2020,2019,394,417.0,train,
howick,2020/2021,2020,291,394.0,train,
howick,2021/2022,2021,251,291.0,train,
howick,2022/2023,2022,302,251.0,test,256.59459097592054
howick,2023/2024,2023,319,302.0,test,266.3507438552353
howick,2024/2025,2024,207,319.0,test,284.31157363462705
huhudi,2011/2012,2011,82,112.0,train,
huhudi,2012/2013,2012,169,82.0,train,
huhudi,2013/2014,2013,115,169.0,train,
huhudi,2014/2015,2014,175,115.0,train,
huhudi,2015/2016,2015,229,175.0,train,
huhudi,2016/2017,2016,207,229.0,train,
huhudi,2017/2018,2017,199,207.0,train,
huhudi,2018/2019,2018,163,199.0,train,
huhudi,2019/2020,2019,140,163.0,train,
huhudi,2020/2021,2020,137,140.0,train,
huhudi,2021/2022,2021,160,137.0,train,
huhudi,2022/2023,2022,177,160.0,test,144.14909251603981
huhudi,2023/2024,2023,138,177.0,test,148.333729342424
huhudi,2024/2025,2024,107,138.0,test,132.5609818465107
humansdorp,2011/2012,2011,275,247.0,train,
humansdorp,2012/2013,2012,288,275.0,train,
humansdorp,2013/2014,2013,277,288.0,train,
humansdorp,2014/2015,2014,255,277.0,train,
humansdorp,2015/2016,2015,298,255.0,train,
humansdorp,2016/2017,2016,287,298.0,train,
humansdorp,2017/2018,2017,290,287.0,train,
humansdorp,2018/2019,2018,260,290.0,train,
humansdorp,2019/2020,2019,230,260.0,train,
humansdorp,2020/2021,2020,221,230.0,train,
humansdorp,2021/2022,2021,176,221.0,train,
humansdorp,2022/2023,2022,174,176.0,test,175.2308169016015
humansdorp,2023/2024,2023,178,174.0,test,170.2511433333056
humansdorp,2024/2025,2024,169,178.0,test,166.58706032423623
humewood,2011/2012,2011,2147,2099.0,train,
humewood,2012/2013,2012,2109,2147.0,train,
humewood,2013/2014,2013,1911,2109.0,train,
humewood,2014/2015,2014,1978,1911.0,train,
humewood,2015/2016,2015,1791,1978.0,train,
humewood,2016/2017,2016,2080,1791.0,train,
humewood,2017/2018,2017,2084,2080.0,train,
humewood,2018/2019,2018,1852,2084.0,train,
humewood,2019/2020,2019,2014,1852.0,train,
humewood,2020/2021,2020,1331,2014.0,train,
humewood,2021/2022,2021,1278,1331.0,train,
humewood,2022/2023,2022,1358,1278.0,test,1239.7568599547221
humewood,2023/2024,2023,1553,1358.0,test,1211.549873720062
humewood,2024/2025,2024,1327,1553.0,test,1365.631339953923
ibisi,2011/2012,2011,150,106.0,train,
ibisi,2012/2013,2012,140,150.0,train,
ibisi,2013/2014,2013,151,140.0,train,
ibisi,2014/2015,2014,114,151.0,train,
ibisi,2015/2016,2015,167,114.0,train,
ibisi,2016/2017,2016,155,167.0,train,
ibisi,2017/2018,2017,136,155.0,train,
ibisi,2018/2019,2018,128,136.0,train,
ibisi,2019/2020,2019,159,128.0,train,
ibisi,2020/2021,2020,97,159.0,train,
ibisi,2021/2022,2021,87,97.0,train,
ibisi,2022/2023,2022,131,87.0,test,89.04703838722332
ibisi,2023/2024,2023,129,131.0,test,123.07149174053427
ibisi,2024/2025,2024,90,129.0,test,122.47124972991627
ida,2011/2012,2011,3,0.0,train,
ida,2012/2013,2012,1,3.0,train,
ida,2013/2014,2013,3,1.0,train,
ida,2014/2015,2014,1,3.0,train,
ida,2015/2016,2015,5,1.0,train,
ida,2016/2017,2016,1,5.0,train,
ida,2017/2018,2017,0,1.0,train,
ida,2018/2019,2018,3,0.0,train,
ida,2019/2020,2019,1,3.0,train,
ida,2020/2021,2020,2,1.0,train,
ida,2021/2022,2021,0,2.0,train,
ida,2022/2023,2022,3,0.0,test,0.8894902412304426
ida,2023/2024,2023,1,3.0,test,2.52235240123255
ida,2024/2025,2024,3,1.0,test,1.7027199912680389
ikageng,2011/2012,2011,615,676.0,train,
ikageng,2012/2013,2012,679,615.0,train,
ikageng,2013/2014,2013,842,679.0,train,
ikageng,2014/2015,2014,745,842.0,train,
ikageng,2015/2016,2015,913,745.0,train,
ikageng,2016/2017,2016,1190,913.0,train,
ikageng,2017/2018,2017,1058,1190.0,train,
ikageng,2018/2019,2018,1049,1058.0,train,
ikageng,2019/2020,2019,964,1049.0,train,
ikageng,2020/2021,2020,904,964.0,train,
ikageng,2021/2022,2021,961,904.0,train,
ikageng,2022/2023,2022,811,961.0,test,883.36233110681
ikageng,2023/2024,2023,742,811.0,test,762.8016121484258
ikageng,2024/2025,2024,733,742.0,test,686.6619150937477
ikamvelihle,2011/2012,2011,238,242.0,train,
ikamvelihle,2012/2013,2012,266,238.0,train,
ikamvelihle,2013/2014,2013,276,266.0,train,
ikamvelihle,2014/2015,2014,289,276.0,train,
ikamvelihle,2015/2016,2015,278,289.0,train,
ikamvelihle,2016/2017,2016,311,278.0,train,
ikamvelihle,2017/2018,2017,283,311.0,train,
ikamvelihle,2018/2019,2018,292,283.0,train,
ikamvelihle,2019/2020,2019,225,292.0,train,
ikamvelihle,2020/2021,2020,154,225.0,train,
ikamvelihle,2021/2022,2021,167,154.0,train,
ikamvelihle,2022/2023,2022,189,167.0,test,168.93441764836652
ikamvelihle,2023/2024,2023,237,189.0,test,183.16732337838639
ikamvelihle,2024/2025,2024,156,237.0,test,226.5613626170489
ilinge,2011/2012,2011,27,39.0,train,
ilinge,2012/2013,2012,22,27.0,train,
ilinge,2013/2014,2013,25,22.0,train,
ilinge,2014/2015,2014,20,25.0,train,
ilinge,2015/2016,2015,28,20.0,train,
ilinge,2016/2017,2016,26,28.0,train,
ilinge,2017/2018,2017,39,26.0,train,
ilinge,2018/2019,2018,63,39.0,train,
ilinge,2019/2020,2019,34,63.0,train,
ilinge,2020/2021,2020,30,34.0,train,
ilinge,2021/2022,2021,27,30.0,train,
ilinge,2022/2023,2022,26,27.0,test,27.584914793516543
ilinge,2023/2024,2023,37,26.0,test,25.345105958697957
ilinge,2024/2025,2024,17,37.0,test,31.89552246961713
impendle,2011/2012,2011,65,65.0,train,
impendle,2012/2013,2012,62,65.0,train,
impendle,2013/2014,2013,92,62.0,train,
impendle,2014/2015,2014,68,92.0,train,
impendle,2015/2016,2015,79,68.0,train,
impendle,2016/2017,2016,86,79.0,train,
impendle,2017/2018,2017,78,86.0,train,
impendle,2018/2019,2018,110,78.0,train,
impendle,2019/2020,2019,110,110.0,train,
impendle,2020/2021,2020,70,110.0,train,
impendle,2021/2022,2021,71,70.0,train,
impendle,2022/2023,2022,93,71.0,test,74.42539662593956
impendle,2023/2024,2023,96,93.0,test,89.20250737069723
impendle,2024/2025,2024,101,96.0,test,87.67315251843087
inanda,2011/2012,2011,1203,1257.0,train,
inanda,2012/2013,2012,1543,1203.0,train,
inanda,2013/2014,2013,1499,1543.0,train,
inanda,2014/2015,2014,1527,1499.0,train,
inanda,2015/2016,2015,1653,1527.0,train,
inanda,2016/2017,2016,1533,1653.0,train,
inanda,2017/2018,2017,1634,1533.0,train,
inanda,2018/2019,2018,1523,1634.0,train,
inanda,2019/2020,2019,1572,1523.0,train,
inanda,2020/2021,2020,1254,1572.0,train,
inanda,2021/2022,2021,1236,1254.0,train,
inanda,2022/2023,2022,1322,1236.0,test,1162.8220861271022
inanda,2023/2024,2023,1290,1322.0,test,1226.7315540063196
inanda,2024/2025,2024,1376,1290.0,test,1206.0372546083124
inchanga,2011/2012,2011,165,157.0,train,
inchanga,2012/2013,2012,213,165.0,train,
inchanga,2013/2014,2013,213,213.0,train,
inchanga,2014/2015,2014,206,213.0,train,
inchanga,2015/2016,2015,179,206.0,train,
inchanga,2016/2017,2016,165,179.0,train,
inchanga,2017/2018,2017,121,165.0,train,
inchanga,2018/2019,2018,117,121.0,train,
inchanga,2019/2020,2019,138,117.0,train,
inchanga,2020/2021,2020,124,138.0,train,
inchanga,2021/2022,2021,95,124.0,train,
inchanga,2022/2023,2022,83,95.0,test,103.20352463887767
inchanga,2023/2024,2023,99,83.0,test,89.78827791513733
inchanga,2024/2025,2024,88,99.0,test,93.63907157174673
indwe,2011/2012,2011,54,48.0,train,
indwe,2012/2013,2012,48,54.0,train,
indwe,2013/2014,2013,68,48.0,train,
indwe,2014/2015,2014,55,68.0,train,
indwe,2015/2016,2015,53,55.0,train,
indwe,2016/2017,2016,47,53.0,train,
indwe,2017/2018,2017,39,47.0,train,
indwe,2018/2019,2018,40,39.0,train,
indwe,2019/2020,2019,55,40.0,train,
indwe,2020/2021,2020,57,55.0,train,
indwe,2021/2022,2021,65,57.0,train,
indwe,2022/2023,2022,45,65.0,test,62.138865605033565
indwe,2023/2024,2023,41,45.0,test,47.65966966831322
indwe,2024/2025,2024,37,41.0,test,41.151306957521996
ingogo,2011/2012,2011,14,16.0,train,
ingogo,2012/2013,2012,12,14.0,train,
ingogo,2013/2014,2013,3,12.0,train,
ingogo,2014/2015,2014,9,3.0,train,
ingogo,2015/2016,2015,11,9.0,train,
ingogo,2016/2017,2016,7,11.0,train,
ingogo,2017/2018,2017,14,7.0,train,
ingogo,2018/2019,2018,6,14.0,train,
ingogo,2019/2020,2019,15,6.0,train,
ingogo,2020/2021,2020,18,15.0,train,
ingogo,2021/2022,2021,14,18.0,train,
ingogo,2022/2023,2022,14,14.0,test,14.826875284160295
ingogo,2023/2024,2023,11,14.0,test,13.861364133919151
ingogo,2024/2025,2024,17,11.0,test,12.310171160964224
ingwavuma,2011/2012,2011,93,78.0,train,
ingwavuma,2012/2013,2012,94,93.0,train,
ingwavuma,2013/2014,2013,64,94.0,train,
ingwavuma,2014/2015,2014,69,64.0,train,
ingwavuma,2015/2016,2015,101,69.0,train,
ingwavuma,2016/2017,2016,68,101.0,train,
ingwavuma,2017/2018,2017,60,68.0,train,
ingwavuma,2018/2019,2018,97,60.0,train,
ingwavuma,2019/2020,2019,44,97.0,train,
ingwavuma,2020/2021,2020,52,44.0,train,
ingwavuma,2021/2022,2021,55,52.0,train,
ingwavuma,2022/2023,2022,67,55.0,test,54.94231941903966
ingwavuma,2023/2024,2023,65,67.0,test,63.05394232141838
ingwavuma,2024/2025,2024,54,65.0,test,65.5132322338853
int airp king shaka,2011/2012,2011,17,36.0,train,
int airp king shaka,2012/2013,2012,17,17.0,train,
int airp king shaka,2013/2014,2013,102,17.0,train,
int airp king shaka,2014/2015,2014,135,102.0,train,
int airp king shaka,2015/2016,2015,18,135.0,train,
int airp king shaka,2016/2017,2016,17,18.0,train,
int airp king shaka,2017/2018,2017,30,17.0,train,
int airp king shaka,2018/2019,2018,16,30.0,train,
int airp king shaka,2019/2020,2019,34,16.0,train,
int airp king shaka,2020/2021,2020,23,34.0,train,
int airp king shaka,2021/2022,2021,21,23.0,train,
int airp king shaka,2022/2023,2022,19,21.0,test,21.565930245511133
int airp king shaka,2023/2024,2023,22,19.0,test,19.87507222653788
int airp king shaka,2024/2025,2024,31,22.0,test,19.90777427036715
intsikeni,2011/2012,2011,94,108.0,train,
intsikeni,2012/2013,2012,97,94.0,train,
intsikeni,2013/2014,2013,105,97.0,train,
intsikeni,2014/2015,2014,85,105.0,train,
intsikeni,2015/2016,2015,76,85.0,train,
intsikeni,2016/2017,2016,98,76.0,train,
intsikeni,2017/2018,2017,96,98.0,train,
intsikeni,2018/2019,2018,64,96.0,train,
intsikeni,2019/2020,2019,54,64.0,train,
intsikeni,2020/2021,2020,59,54.0,train,
intsikeni,2021/2022,2021,55,59.0,train,
intsikeni,2022/2023,2022,94,55.0,test,55.8397883190103
intsikeni,2023/2024,2023,31,94.0,test,85.84543739570198
intsikeni,2024/2025,2024,34,31.0,test,37.55886612832022
inyibiba,2011/2012,2011,376,359.0,train,
inyibiba,2012/2013,2012,366,376.0,train,
inyibiba,2013/2014,2013,385,366.0,train,
inyibiba,2014/2015,2014,357,385.0,train,
inyibiba,2015/2016,2015,409,357.0,train,
inyibiba,2016/2017,2016,310,409.0,train,
inyibiba,2017/2018,2017,287,310.0,train,
inyibiba,2018/2019,2018,359,287.0,train,
inyibiba,2019/2020,2019,312,359.0,train,
inyibiba,2020/2021,2020,230,312.0,train,
inyibiba,2021/2022,2021,302,230.0,train,
inyibiba,2022/2023,2022,210,302.0,test,266.1825708956888
inyibiba,2023/2024,2023,198,210.0,test,209.0036388172655
inyibiba,2024/2025,2024,248,198.0,test,192.40582568937833
ipelegeng,2011/2012,2011,99,104.0,train,
ipelegeng,2012/2013,2012,68,99.0,train,
ipelegeng,2013/2014,2013,111,68.0,train,
ipelegeng,2014/2015,2014,80,111.0,train,
ipelegeng,2015/2016,2015,104,80.0,train,
ipelegeng,2016/2017,2016,136,104.0,train,
ipelegeng,2017/2018,2017,137,136.0,train,
ipelegeng,2018/2019,2018,112,137.0,train,
ipelegeng,2019/2020,2019,168,112.0,train,
ipelegeng,2020/2021,2020,153,168.0,train,
ipelegeng,2021/2022,2021,125,153.0,train,
ipelegeng,2022/2023,2022,183,125.0,test,117.83466623937493
ipelegeng,2023/2024,2023,121,183.0,test,150.87953342936638
ipelegeng,2024/2025,2024,163,121.0,test,121.17139172946953
isipingo,2011/2012,2011,699,670.0,train,
isipingo,2012/2013,2012,780,699.0,train,
isipingo,2013/2014,2013,884,780.0,train,
isipingo,2014/2015,2014,786,884.0,train,
isipingo,2015/2016,2015,742,786.0,train,
isipingo,2016/2017,2016,583,742.0,train,
isipingo,2017/2018,2017,633,583.0,train,
isipingo,2018/2019,2018,657,633.0,train,
isipingo,2019/2020,2019,617,657.0,train,
isipingo,2020/2021,2020,421,617.0,train,
isipingo,2021/2022,2021,535,421.0,train,
isipingo,2022/2023,2022,558,535.0,test,519.7014988671486
isipingo,2023/2024,2023,479,558.0,test,539.6447139957709
isipingo,2024/2025,2024,401,479.0,test,473.08637387874944
itsoseng,2011/2012,2011,257,222.0,train,
itsoseng,2012/2013,2012,267,257.0,train,
itsoseng,2013/2014,2013,338,267.0,train,
itsoseng,2014/2015,2014,275,338.0,train,
itsoseng,2015/2016,2015,301,275.0,train,
itsoseng,2016/2017,2016,300,301.0,train,
itsoseng,2017/2018,2017,340,300.0,train,
itsoseng,2018/2019,2018,360,340.0,train,
itsoseng,2019/2020,2019,276,360.0,train,
itsoseng,2020/2021,2020,253,276.0,train,
itsoseng,2021/2022,2021,196,253.0,train,
itsoseng,2022/2023,2022,204,196.0,test,192.16910257958241
itsoseng,2023/2024,2023,222,204.0,test,182.77405932989745
itsoseng,2024/2025,2024,218,222.0,test,194.25560165850843
ivory park,2011/2012,2011,1699,1623.0,train,
ivory park,2012/2013,2012,1672,1699.0,train,
ivory park,2013/2014,2013,1654,1672.0,train,
ivory park,2014/2015,2014,1899,1654.0,train,
ivory park,2015/2016,2015,1839,1899.0,train,
ivory park,2016/2017,2016,1994,1839.0,train,
ivory park,2017/2018,2017,1695,1994.0,train,
ivory park,2018/2019,2018,1437,1695.0,train,
ivory park,2019/2020,2019,1200,1437.0,train,
ivory park,2020/2021,2020,1080,1200.0,train,
ivory park,2021/2022,2021,1004,1080.0,train,
ivory park,2022/2023,2022,1152,1004.0,test,972.7955599187353
ivory park,2023/2024,2023,1138,1152.0,test,1079.5708257959332
ivory park,2024/2025,2024,1102,1138.0,test,1084.9533148268222
ixopo,2011/2012,2011,109,134.0,train,
ixopo,2012/2013,2012,125,109.0,train,
ixopo,2013/2014,2013,164,125.0,train,
ixopo,2014/2015,2014,170,164.0,train,
ixopo,2015/2016,2015,132,170.0,train,
ixopo,2016/2017,2016,138,132.0,train,
ixopo,2017/2018,2017,103,138.0,train,
ixopo,2018/2019,2018,114,103.0,train,
ixopo,2019/2020,2019,64,114.0,train,
ixopo,2020/2021,2020,82,64.0,train,
ixopo,2021/2022,2021,113,82.0,train,
ixopo,2022/2023,2022,143,113.0,test,106.0068401401971
ixopo,2023/2024,2023,130,143.0,test,132.01550921100457
ixopo,2024/2025,2024,154,130.0,test,124.57906470104076
jabulani,2011/2012,2011,491,457.0,train,
jabulani,2012/2013,2012,593,491.0,train,
jabulani,2013/2014,2013,627,593.0,train,
jabulani,2014/2015,2014,714,627.0,train,
jabulani,2015/2016,2015,707,714.0,train,
jabulani,2016/2017,2016,693,707.0,train,
jabulani,2017/2018,2017,701,693.0,train,
jabulani,2018/2019,2018,619,701.0,train,
jabulani,2019/2020,2019,634,619.0,train,
jabulani,2020/2021,2020,498,634.0,train,
jabulani,2021/2022,2021,457,498.0,train,
jabulani,2022/2023,2022,459,457.0,test,466.70352536850567
jabulani,2023/2024,2023,544,459.0,test,437.7171282636512
jabulani,2024/2025,2024,496,544.0,test,510.54675851593095
jacobsdal,2011/2012,2011,40,69.0,train,
jacobsdal,2012/2013,2012,60,40.0,train,
jacobsdal,2013/2014,2013,47,60.0,train,
jacobsdal,2014/2015,2014,37,47.0,train,
jacobsdal,2015/2016,2015,51,37.0,train,
jacobsdal,2016/2017,2016,63,51.0,train,
jacobsdal,2017/2018,2017,54,63.0,train,
jacobsdal,2018/2019,2018,49,54.0,train,
jacobsdal,2019/2020,2019,46,49.0,train,
jacobsdal,2020/2021,2020,56,46.0,train,
jacobsdal,2021/2022,2021,41,56.0,train,
jacobsdal,2022/2023,2022,46,41.0,test,40.659636833539366
jacobsdal,2023/2024,2023,48,46.0,test,45.47187497854682
jacobsdal,2024/2025,2024,44,48.0,test,46.09941698135431
jagersfontein,2011/2012,2011,25,34.0,train,
jagersfontein,2012/2013,2012,10,25.0,train,
jagersfontein,2013/2014,2013,14,10.0,train,
jagersfontein,2014/2015,2014,17,14.0,train,
jagersfontein,2015/2016,2015,4,17.0,train,
jagersfontein,2016/2017,2016,11,4.0,train,
jagersfontein,2017/2018,2017,11,11.0,train,
jagersfontein,2018/2019,2018,11,11.0,train,
jagersfontein,2019/2020,2019,9,11.0,train,
jagersfontein,2020/2021,2020,14,9.0,train,
jagersfontein,2021/2022,2021,11,14.0,train,
jagersfontein,2022/2023,2022,17,11.0,test,12.151307322153135
jagersfontein,2023/2024,2023,22,17.0,test,12.917207919918058
jagersfontein,2024/2025,2024,33,22.0,test,18.103395147261548
jamestown,2011/2012,2011,33,39.0,train,
jamestown,2012/2013,2012,27,33.0,train,
jamestown,2013/2014,2013,28,27.0,train,
jamestown,2014/2015,2014,24,28.0,train,
jamestown,2015/2016,2015,23,24.0,train,
jamestown,2016/2017,2016,33,23.0,train,
jamestown,2017/2018,2017,27,33.0,train,
jamestown,2018/2019,2018,27,27.0,train,
jamestown,2019/2020,2019,30,27.0,train,
jamestown,2020/2021,2020,27,30.0,train,
jamestown,2021/2022,2021,29,27.0,train,
jamestown,2022/2023,2022,21,29.0,test,27.664440452339512
jan kempdorp,2011/2012,2011,182,126.0,train,
jan kempdorp,2012/2013,2012,208,182.0,train,
jan kempdorp,2013/2014,2013,251,208.0,train,
jan kempdorp,2014/2015,2014,209,251.0,train,
jan kempdorp,2015/2016,2015,174,209.0,train,
jan kempdorp,2016/2017,2016,188,174.0,train,
jan kempdorp,2017/2018,2017,282,188.0,train,
jan kempdorp,2018/2019,2018,251,282.0,train,
jan kempdorp,2019/2020,2019,203,251.0,train,
jan kempdorp,2020/2021,2020,149,203.0,train,
jan kempdorp,2021/2022,2021,142,149.0,train,
jan kempdorp,2022/2023,2022,203,142.0,test,140.32775663931108
jan kempdorp,2023/2024,2023,154,203.0,test,170.5801603715664
jan kempdorp,2024/2025,2024,154,154.0,test,144.47643359881815
jane furse,2011/2012,2011,146,107.0,train,
jane furse,2012/2013,2012,160,146.0,train,
jane furse,2013/2014,2013,162,160.0,train,
jane furse,2014/2015,2014,188,162.0,train,
jane furse,2015/2016,2015,170,188.0,train,
jane furse,2016/2017,2016,233,170.0,train,
jane furse,2017/2018,2017,196,233.0,train,
jane furse,2018/2019,2018,198,196.0,train,
jane furse,2019/2020,2019,144,198.0,train,
jane furse,2020/2021,2020,201,144.0,train,
jane furse,2021/2022,2021,218,201.0,train,
jane furse,2022/2023,2022,194,218.0,test,194.27128684804458
jane furse,2023/2024,2023,125,194.0,test,188.33528681598852
jane furse,2024/2025,2024,120,125.0,test,137.8897836527188
jansenville,2011/2012,2011,15,54.0,train,
jansenville,2012/2013,2012,22,15.0,train,
jansenville,2013/2014,2013,30,22.0,train,
jansenville,2014/2015,2014,21,30.0,train,
jansenville,2015/2016,2015,41,21.0,train,
jansenville,2016/2017,2016,33,41.0,train,
jansenville,2017/2018,2017,21,33.0,train,
jansenville,2018/2019,2018,21,21.0,train,
jansenville,2019/2020,2019,29,21.0,train,
jansenville,2020/2021,2020,28,29.0,train,
jansenville,2021/2022,2021,28,28.0,train,
jansenville,2022/2023,2022,34,28.0,test,26.542539048547777
jansenville,2023/2024,2023,33,34.0,test,30.582945700330484
jansenville,2024/2025,2024,35,33.0,test,30.928620861796254
jeffreys bay,2011/2012,2011,561,611.0,train,
jeffreys bay,2012/2013,2012,537,561.0,train,
jeffreys bay,2013/2014,2013,601,537.0,train,
jeffreys bay,2014/2015,2014,635,601.0,train,
jeffreys bay,2015/2016,2015,537,635.0,train,
jeffreys bay,2016/2017,2016,549,537.0,train,
jeffreys bay,2017/2018,2017,543,549.0,train,
jeffreys bay,2018/2019,2018,532,543.0,train,
jeffreys bay,2019/2020,2019,432,532.0,train,
jeffreys bay,2020/2021,2020,341,432.0,train,
jeffreys bay,2021/2022,2021,307,341.0,train,
jeffreys bay,2022/2023,2022,273,307.0,test,299.6809514381006
jeffreys bay,2023/2024,2023,191,273.0,test,262.9788223834422
jeffreys bay,2024/2025,2024,141,191.0,test,199.13182798771743
jeppe,2011/2012,2011,1121,1126.0,train,
jeppe,2012/2013,2012,1210,1121.0,train,
jeppe,2013/2014,2013,1276,1210.0,train,
jeppe,2014/2015,2014,1318,1276.0,train,
jeppe,2015/2016,2015,1434,1318.0,train,
jeppe,2016/2017,2016,1545,1434.0,train,
jeppe,2017/2018,2017,1326,1545.0,train,
jeppe,2018/2019,2018,1110,1326.0,train,
jeppe,2019/2020,2019,1015,1110.0,train,
jeppe,2020/2021,2020,643,1015.0,train,
jeppe,2021/2022,2021,840,643.0,train,
jeppe,2022/2023,2022,960,840.0,test,807.7535025362756
jeppe,2023/2024,2023,982,960.0,test,911.5689436610113
jeppe,2024/2025,2024,770,982.0,test,933.5216639876036
jericho,2011/2012,2011,100,102.0,train,
jericho,2012/2013,2012,57,100.0,train,
jericho,2013/2014,2013,64,57.0,train,
jericho,2014/2015,2014,84,64.0,train,
jericho,2015/2016,2015,80,84.0,train,
jericho,2016/2017,2016,66,80.0,train,
jericho,2017/2018,2017,110,66.0,train,
jericho,2018/2019,2018,54,110.0,train,
jericho,2019/2020,2019,62,54.0,train,
jericho,2020/2021,2020,69,62.0,train,
jericho,2021/2022,2021,75,69.0,train,
jericho,2022/2023,2022,60,75.0,test,72.78052723317744
jericho,2023/2024,2023,62,60.0,test,64.22661037924323
jericho,2024/2025,2024,65,62.0,test,64.73007854859843
jhb central,2011/2012,2011,1561,1671.0,train,
jhb central,2012/2013,2012,1652,1561.0,train,
jhb central,2013/2014,2013,1664,1652.0,train,
jhb central,2014/2015,2014,2061,1664.0,train,
jhb central,2015/2016,2015,2090,2061.0,train,
jhb central,2016/2017,2016,2187,2090.0,train,
jhb central,2017/2018,2017,2009,2187.0,train,
jhb central,2018/2019,2018,1991,2009.0,train,
jhb central,2019/2020,2019,1632,1991.0,train,
jhb central,2020/2021,2020,976,1632.0,train,
jhb central,2021/2022,2021,1096,976.0,train,
jhb central,2022/2023,2022,1378,1096.0,test,1043.462727258077
jhb central,2023/2024,2023,1269,1378.0,test,1255.5376432521136
jhb central,2024/2025,2024,956,1269.0,test,1199.3295082979726
joubertina,2011/2012,2011,206,195.0,train,
joubertina,2012/2013,2012,170,206.0,train,
joubertina,2013/2014,2013,186,170.0,train,
joubertina,2014/2015,2014,200,186.0,train,
joubertina,2015/2016,2015,262,200.0,train,
joubertina,2016/2017,2016,285,262.0,train,
joubertina,2017/2018,2017,284,285.0,train,
joubertina,2018/2019,2018,255,284.0,train,
joubertina,2019/2020,2019,180,255.0,train,
joubertina,2020/2021,2020,131,180.0,train,
joubertina,2021/2022,2021,129,131.0,train,
joubertina,2022/2023,2022,152,129.0,test,122.00439510464628
joubertina,2023/2024,2023,148,152.0,test,138.04710619625936
joubertina,2024/2025,2024,156,148.0,test,137.0091360646347
jouberton,2011/2012,2011,885,890.0,train,
jouberton,2012/2013,2012,917,885.0,train,
jouberton,2013/2014,2013,900,917.0,train,
jouberton,2014/2015,2014,886,900.0,train,
jouberton,2015/2016,2015,820,886.0,train,
jouberton,2016/2017,2016,827,820.0,train,
jouberton,2017/2018,2017,828,827.0,train,
jouberton,2018/2019,2018,806,828.0,train,
jouberton,2019/2020,2019,795,806.0,train,
jouberton,2020/2021,2020,626,795.0,train,
jouberton,2021/2022,2021,571,626.0,train,
jouberton,2022/2023,2022,598,571.0,test,519.7698131375482
jouberton,2023/2024,2023,473,598.0,test,523.0181472189914
jouberton,2024/2025,2024,509,473.0,test,464.9315196877177
joza,2011/2012,2011,0,0.0,train,
joza,2012/2013,2012,0,0.0,train,
joza,2013/2014,2013,72,0.0,train,
joza,2014/2015,2014,368,72.0,train,
joza,2015/2016,2015,383,368.0,train,
joza,2016/2017,2016,400,383.0,train,
joza,2017/2018,2017,390,400.0,train,
joza,2018/2019,2018,339,390.0,train,
joza,2019/2020,2019,377,339.0,train,
joza,2020/2021,2020,229,377.0,train,
joza,2021/2022,2021,180,229.0,train,
joza,2022/2023,2022,154,180.0,test,182.50855575650485
joza,2023/2024,2023,156,154.0,test,160.59432332614026
joza,2024/2025,2024,218,156.0,test,145.88016825113013
jozini,2011/2012,2011,158,174.0,train,
jozini,2012/2013,2012,196,158.0,train,
jozini,2013/2014,2013,139,196.0,train,
jozini,2014/2015,2014,139,139.0,train,
jozini,2015/2016,2015,172,139.0,train,
jozini,2016/2017,2016,199,172.0,train,
jozini,2017/2018,2017,206,199.0,train,
jozini,2018/2019,2018,156,206.0,train,
jozini,2019/2020,2019,168,156.0,train,
jozini,2020/2021,2020,130,168.0,train,
jozini,2021/2022,2021,75,130.0,train,
jozini,2022/2023,2022,111,75.0,test,83.87763697426216
jozini,2023/2024,2023,104,111.0,test,106.49930181686281
jozini,2024/2025,2024,111,104.0,test,100.96580739697012
kaapmuiden,2011/2012,2011,30,16.0,train,
kaapmuiden,2012/2013,2012,13,30.0,train,
kaapmuiden,2013/2014,2013,25,13.0,train,
kaapmuiden,2014/2015,2014,9,25.0,train,
kaapmuiden,2015/2016,2015,19,9.0,train,
kaapmuiden,2016/2017,2016,9,19.0,train,
kaapmuiden,2017/2018,2017,18,9.0,train,
kaapmuiden,2018/2019,2018,12,18.0,train,
kaapmuiden,2019/2020,2019,27,12.0,train,
kaapmuiden,2020/2021,2020,8,27.0,train,
kaapmuiden,2021/2022,2021,7,8.0,train,
kaapmuiden,2022/2023,2022,10,7.0,test,8.960580582071001
kaapmuiden,2023/2024,2023,4,10.0,test,8.235956400989577
kaapmuiden,2024/2025,2024,5,4.0,test,6.744761850977435
kabega park,2011/2012,2011,1259,1214.0,train,
kabega park,2012/2013,2012,1332,1259.0,train,
kabega park,2013/2014,2013,1356,1332.0,train,
kabega park,2014/2015,2014,1503,1356.0,train,
kabega park,2015/2016,2015,1255,1503.0,train,
kabega park,2016/2017,2016,1101,1255.0,train,
kabega park,2017/2018,2017,893,1101.0,train,
kabega park,2018/2019,2018,958,893.0,train,
kabega park,2019/2020,2019,894,958.0,train,
kabega park,2020/2021,2020,809,894.0,train,
kabega park,2021/2022,2021,810,809.0,train,
kabega park,2022/2023,2022,918,810.0,test,735.4063227641042
kabega park,2023/2024,2023,699,918.0,test,841.8185901554897
kabega park,2024/2025,2024,653,699.0,test,668.6199416674386
kabokweni,2011/2012,2011,718,729.0,train,
kabokweni,2012/2013,2012,673,718.0,train,
kabokweni,2013/2014,2013,586,673.0,train,
kabokweni,2014/2015,2014,672,586.0,train,
kabokweni,2015/2016,2015,645,672.0,train,
kabokweni,2016/2017,2016,734,645.0,train,
kabokweni,2017/2018,2017,632,734.0,train,
kabokweni,2018/2019,2018,578,632.0,train,
kabokweni,2019/2020,2019,548,578.0,train,
kabokweni,2020/2021,2020,535,548.0,train,
kabokweni,2021/2022,2021,572,535.0,train,
kabokweni,2022/2023,2022,493,572.0,test,511.7045244429416
kabokweni,2023/2024,2023,539,493.0,test,468.90636460810276
kabokweni,2024/2025,2024,473,539.0,test,485.058387011273
kagisanong,2011/2012,2011,799,859.0,train,
kagisanong,2012/2013,2012,1073,799.0,train,
kagisanong,2013/2014,2013,819,1073.0,train,
kagisanong,2014/2015,2014,927,819.0,train,
kagisanong,2015/2016,2015,1065,927.0,train,
kagisanong,2016/2017,2016,976,1065.0,train,
kagisanong,2017/2018,2017,740,976.0,train,
kagisanong,2018/2019,2018,543,740.0,train,
kagisanong,2019/2020,2019,519,543.0,train,
kagisanong,2020/2021,2020,368,519.0,train,
kagisanong,2021/2022,2021,608,368.0,train,
kagisanong,2022/2023,2022,582,608.0,test,541.3899698863601
kagisanong,2023/2024,2023,511,582.0,test,527.5344742574031
kagisanong,2024/2025,2024,536,511.0,test,474.92027599511596
kagisho,2011/2012,2011,323,409.0,train,
kagisho,2012/2013,2012,292,323.0,train,
kagisho,2013/2014,2013,299,292.0,train,
kagisho,2014/2015,2014,314,299.0,train,
kagisho,2015/2016,2015,300,314.0,train,
kagisho,2016/2017,2016,388,300.0,train,
kagisho,2017/2018,2017,308,388.0,train,
kagisho,2018/2019,2018,455,308.0,train,
kagisho,2019/2020,2019,399,455.0,train,
kagisho,2020/2021,2020,288,399.0,train,
kagisho,2021/2022,2021,269,288.0,train,
kagisho,2022/2023,2022,301,269.0,test,261.15006840150915
kagisho,2023/2024,2023,251,301.0,test,257.357209071533
kagisho,2024/2025,2024,243,251.0,test,239.69506658588685
kagiso,2011/2012,2011,1189,1411.0,train,
kagiso,2012/2013,2012,1264,1189.0,train,
kagiso,2013/2014,2013,1271,1264.0,train,
kagiso,2014/2015,2014,1396,1271.0,train,
kagiso,2015/2016,2015,1755,1396.0,train,
kagiso,2016/2017,2016,1929,1755.0,train,
kagiso,2017/2018,2017,1691,1929.0,train,
kagiso,2018/2019,2018,1454,1691.0,train,
kagiso,2019/2020,2019,1194,1454.0,train,
kagiso,2020/2021,2020,862,1194.0,train,
kagiso,2021/2022,2021,1023,862.0,train,
kagiso,2022/2023,2022,860,1023.0,test,970.8624377918443
kagiso,2023/2024,2023,722,860.0,test,828.6007046020949
kagiso,2024/2025,2024,683,722.0,test,714.1274432466748
kakamas,2011/2012,2011,106,100.0,train,
kakamas,2012/2013,2012,109,106.0,train,
kakamas,2013/2014,2013,102,109.0,train,
kakamas,2014/2015,2014,155,102.0,train,
kakamas,2015/2016,2015,210,155.0,train,
kakamas,2016/2017,2016,133,210.0,train,
kakamas,2017/2018,2017,164,133.0,train,
kakamas,2018/2019,2018,144,164.0,train,
kakamas,2019/2020,2019,117,144.0,train,
kakamas,2020/2021,2020,112,117.0,train,
kakamas,2021/2022,2021,150,112.0,train,
kakamas,2022/2023,2022,243,150.0,test,136.9337534287483
kakamas,2023/2024,2023,250,243.0,test,208.24165612523586
kakamas,2024/2025,2024,215,250.0,test,213.04735875558052
kameeldrift,2011/2012,2011,349,379.0,train,
kameeldrift,2012/2013,2012,325,349.0,train,
kameeldrift,2013/2014,2013,349,325.0,train,
kameeldrift,2014/2015,2014,386,349.0,train,
kameeldrift,2015/2016,2015,335,386.0,train,
kameeldrift,2016/2017,2016,273,335.0,train,
kameeldrift,2017/2018,2017,330,273.0,train,
kameeldrift,2018/2019,2018,341,330.0,train,
kameeldrift,2019/2020,2019,317,341.0,train,
kameeldrift,2020/2021,2020,327,317.0,train,
kameeldrift,2021/2022,2021,221,327.0,train,
kameeldrift,2022/2023,2022,320,221.0,test,224.65635157916591
kameeldrift,2023/2024,2023,328,320.0,test,291.2225037974677
kameeldrift,2024/2025,2024,326,328.0,test,300.70903810086514
kamesh,2011/2012,2011,379,355.0,train,
kamesh,2012/2013,2012,339,379.0,train,
kamesh,2013/2014,2013,357,339.0,train,
kamesh,2014/2015,2014,363,357.0,train,
kamesh,2015/2016,2015,406,363.0,train,
kamesh,2016/2017,2016,313,406.0,train,
kamesh,2017/2018,2017,292,313.0,train,
kamesh,2018/2019,2018,211,292.0,train,
kamesh,2019/2020,2019,184,211.0,train,
kamesh,2020/2021,2020,126,184.0,train,
kamesh,2021/2022,2021,238,126.0,train,
kamesh,2022/2023,2022,244,238.0,test,215.61717413513878
kamesh,2023/2024,2023,197,244.0,test,221.34052975994896
kamesh,2024/2025,2024,216,197.0,test,195.638411192206
kamhlushwa,2011/2012,2011,0,0.0,train,
kamhlushwa,2012/2013,2012,0,0.0,train,
kamhlushwa,2013/2014,2013,0,0.0,train,
kamhlushwa,2014/2015,2014,0,0.0,train,
kamhlushwa,2015/2016,2015,0,0.0,train,
kamhlushwa,2016/2017,2016,0,0.0,train,
kamhlushwa,2017/2018,2017,18,0.0,train,
kamhlushwa,2018/2019,2018,110,18.0,train,
kamhlushwa,2019/2020,2019,153,110.0,train,
kamhlushwa,2020/2021,2020,73,153.0,train,
kamhlushwa,2021/2022,2021,105,73.0,train,
kamhlushwa,2022/2023,2022,98,105.0,test,100.53290105100687
kamhlushwa,2023/2024,2023,87,98.0,test,93.1118090533846
kamhlushwa,2024/2025,2024,96,87.0,test,88.87461942972844
kamieskroon,2011/2012,2011,15,16.0,train,
kamieskroon,2012/2013,2012,20,15.0,train,
kamieskroon,2013/2014,2013,25,20.0,train,
kamieskroon,2014/2015,2014,29,25.0,train,
kamieskroon,2015/2016,2015,11,29.0,train,
kamieskroon,2016/2017,2016,17,11.0,train,
kamieskroon,2017/2018,2017,16,17.0,train,
kamieskroon,2018/2019,2018,18,16.0,train,
kamieskroon,2019/2020,2019,15,18.0,train,
kamieskroon,2020/2021,2020,15,15.0,train,
kamieskroon,2021/2022,2021,17,15.0,train,
kamieskroon,2022/2023,2022,21,17.0,test,14.454011964626838
kamieskroon,2023/2024,2023,24,21.0,test,17.69692070202377
kamieskroon,2024/2025,2024,17,24.0,test,21.03212303527637
kanana,2011/2012,2011,346,372.0,train,
kanana,2012/2013,2012,244,346.0,train,
kanana,2013/2014,2013,355,244.0,train,
kanana,2014/2015,2014,386,355.0,train,
kanana,2015/2016,2015,385,386.0,train,
kanana,2016/2017,2016,376,385.0,train,
kanana,2017/2018,2017,392,376.0,train,
kanana,2018/2019,2018,351,392.0,train,
kanana,2019/2020,2019,341,351.0,train,
kanana,2020/2021,2020,238,341.0,train,
kanana,2021/2022,2021,213,238.0,train,
kanana,2022/2023,2022,326,213.0,test,214.62604682127034
kanana,2023/2024,2023,290,326.0,test,288.3078782604326
kanana,2024/2025,2024,273,290.0,test,274.5845166729289
kanoneiland,2011/2012,2011,12,12.0,train,
kanoneiland,2012/2013,2012,7,12.0,train,
kanoneiland,2013/2014,2013,4,7.0,train,
kanoneiland,2014/2015,2014,10,4.0,train,
kanoneiland,2015/2016,2015,20,10.0,train,
kanoneiland,2016/2017,2016,15,20.0,train,
kanoneiland,2017/2018,2017,10,15.0,train,
kanoneiland,2018/2019,2018,6,10.0,train,
kanoneiland,2019/2020,2019,12,6.0,train,
kanoneiland,2020/2021,2020,9,12.0,train,
kanoneiland,2021/2022,2021,13,9.0,train,
kanoneiland,2022/2023,2022,23,13.0,test,9.99603791885216
kanoneiland,2023/2024,2023,9,23.0,test,17.777131820344824
kanoneiland,2024/2025,2024,3,9.0,test,13.71539494499021
kanyamazane,2011/2012,2011,445,933.0,train,
kanyamazane,2012/2013,2012,398,445.0,train,
kanyamazane,2013/2014,2013,393,398.0,train,
kanyamazane,2014/2015,2014,385,393.0,train,
kanyamazane,2015/2016,2015,449,385.0,train,
kanyamazane,2016/2017,2016,470,449.0,train,
kanyamazane,2017/2018,2017,418,470.0,train,
kanyamazane,2018/2019,2018,302,418.0,train,
kanyamazane,2019/2020,2019,310,302.0,train,
kanyamazane,2020/2021,2020,275,310.0,train,
kanyamazane,2021/2022,2021,220,275.0,train,
kanyamazane,2022/2023,2022,236,220.0,test,220.1122373663942
kanyamazane,2023/2024,2023,192,236.0,test,225.63042001820168
kanyamazane,2024/2025,2024,224,192.0,test,192.38016541454488
kareedouw,2011/2012,2011,72,74.0,train,
kareedouw,2012/2013,2012,55,72.0,train,
kareedouw,2013/2014,2013,46,55.0,train,
kareedouw,2014/2015,2014,49,46.0,train,
kareedouw,2015/2016,2015,48,49.0,train,
kareedouw,2016/2017,2016,61,48.0,train,
kareedouw,2017/2018,2017,53,61.0,train,
kareedouw,2018/2019,2018,40,53.0,train,
kareedouw,2019/2020,2019,62,40.0,train,
kareedouw,2020/2021,2020,55,62.0,train,
kareedouw,2021/2022,2021,56,55.0,train,
kareedouw,2022/2023,2022,74,56.0,test,55.04011881280275
kareedouw,2023/2024,2023,56,74.0,test,67.52302703150089
kareedouw,2024/2025,2024,60,56.0,test,56.666150873443485
kathu,2011/2012,2011,165,130.0,train,
kathu,2012/2013,2012,255,165.0,train,
kathu,2013/2014,2013,391,255.0,train,
kathu,2014/2015,2014,425,391.0,train,
kathu,2015/2016,2015,615,425.0,train,
kathu,2016/2017,2016,598,615.0,train,
kathu,2017/2018,2017,415,598.0,train,
kathu,2018/2019,2018,505,415.0,train,
kathu,2019/2020,2019,407,505.0,train,
kathu,2020/2021,2020,406,407.0,train,
kathu,2021/2022,2021,435,406.0,train,
kathu,2022/2023,2022,281,435.0,test,383.57981532502356
kathu,2023/2024,2023,255,281.0,test,296.5894686561591
kathu,2024/2025,2024,173,255.0,test,254.3483222127162
katkop,2011/2012,2011,61,39.0,train,
katkop,2012/2013,2012,72,61.0,train,
katkop,2013/2014,2013,55,72.0,train,
katkop,2014/2015,2014,30,55.0,train,
katkop,2015/2016,2015,47,30.0,train,
katkop,2016/2017,2016,49,47.0,train,
katkop,2017/2018,2017,52,49.0,train,
katkop,2018/2019,2018,45,52.0,train,
katkop,2019/2020,2019,49,45.0,train,
katkop,2020/2021,2020,44,49.0,train,
katkop,2021/2022,2021,45,44.0,train,
katkop,2022/2023,2022,35,45.0,test,44.625737762156625
katlehong,2011/2012,2011,1056,1094.0,train,
katlehong,2012/2013,2012,772,1056.0,train,
katlehong,2013/2014,2013,820,772.0,train,
katlehong,2014/2015,2014,629,820.0,train,
katlehong,2015/2016,2015,630,629.0,train,
katlehong,2016/2017,2016,717,630.0,train,
katlehong,2017/2018,2017,590,717.0,train,
katlehong,2018/2019,2018,548,590.0,train,
katlehong,2019/2020,2019,614,548.0,train,
katlehong,2020/2021,2020,409,614.0,train,
katlehong,2021/2022,2021,387,409.0,train,
katlehong,2022/2023,2022,476,387.0,test,403.9223017784353
katlehong,2023/2024,2023,396,476.0,test,439.67776544465727
katlehong,2024/2025,2024,346,396.0,test,397.35861909662947
katlehong north,2011/2012,2011,0,0.0,train,
katlehong north,2012/2013,2012,304,0.0,train,
katlehong north,2013/2014,2013,418,304.0,train,
katlehong north,2014/2015,2014,431,418.0,train,
katlehong north,2015/2016,2015,460,431.0,train,
katlehong north,2016/2017,2016,462,460.0,train,
katlehong north,2017/2018,2017,380,462.0,train,
katlehong north,2018/2019,2018,297,380.0,train,
katlehong north,2019/2020,2019,285,297.0,train,
katlehong north,2020/2021,2020,226,285.0,train,
katlehong north,2021/2022,2021,228,226.0,train,
katlehong north,2022/2023,2022,242,228.0,test,218.7943011562249
katlehong north,2023/2024,2023,239,242.0,test,227.21606055715307
katlehong north,2024/2025,2024,212,239.0,test,225.52082178630155
kei bridge,2011/2012,2011,23,11.0,train,
kei bridge,2012/2013,2012,10,23.0,train,
kei bridge,2013/2014,2013,27,10.0,train,
kei bridge,2014/2015,2014,25,27.0,train,
kei bridge,2015/2016,2015,19,25.0,train,
kei bridge,2016/2017,2016,23,19.0,train,
kei bridge,2017/2018,2017,21,23.0,train,
kei bridge,2018/2019,2018,29,21.0,train,
kei bridge,2019/2020,2019,22,29.0,train,
kei bridge,2020/2021,2020,21,22.0,train,
kei bridge,2021/2022,2021,22,21.0,train,
kei bridge,2022/2023,2022,21,22.0,test,19.81547135048283
kei bridge,2023/2024,2023,17,21.0,test,20.271589383579194
kei bridge,2024/2025,2024,15,17.0,test,17.983386721516098
kei mouth,2011/2012,2011,79,62.0,train,
kei mouth,2012/2013,2012,66,79.0,train,
kei mouth,2013/2014,2013,68,66.0,train,
kei mouth,2014/2015,2014,38,68.0,train,
kei mouth,2015/2016,2015,37,38.0,train,
kei mouth,2016/2017,2016,46,37.0,train,
kei mouth,2017/2018,2017,42,46.0,train,
kei mouth,2018/2019,2018,65,42.0,train,
kei mouth,2019/2020,2019,50,65.0,train,
kei mouth,2020/2021,2020,42,50.0,train,
kei mouth,2021/2022,2021,34,42.0,train,
kei mouth,2022/2023,2022,52,34.0,test,36.467837010539064
kei mouth,2023/2024,2023,58,52.0,test,48.96476415704671
kei mouth,2024/2025,2024,83,58.0,test,56.19471862284423
kei road,2011/2012,2011,36,25.0,train,
kei road,2012/2013,2012,21,36.0,train,
kei road,2013/2014,2013,32,21.0,train,
kei road,2014/2015,2014,25,32.0,train,
kei road,2015/2016,2015,30,25.0,train,
kei road,2016/2017,2016,22,30.0,train,
kei road,2017/2018,2017,23,22.0,train,
kei road,2018/2019,2018,26,23.0,train,
kei road,2019/2020,2019,15,26.0,train,
kei road,2020/2021,2020,19,15.0,train,
kei road,2021/2022,2021,20,19.0,train,
kei road,2022/2023,2022,26,20.0,test,18.098759274862086
kei road,2023/2024,2023,18,26.0,test,22.489127466898235
kei road,2024/2025,2024,21,18.0,test,19.433200851710904
keimoes,2011/2012,2011,76,101.0,train,
keimoes,2012/2013,2012,107,76.0,train,
keimoes,2013/2014,2013,104,107.0,train,
keimoes,2014/2015,2014,80,104.0,train,
keimoes,2015/2016,2015,119,80.0,train,
keimoes,2016/2017,2016,72,119.0,train,
keimoes,2017/2018,2017,79,72.0,train,
keimoes,2018/2019,2018,75,79.0,train,
keimoes,2019/2020,2019,104,75.0,train,
keimoes,2020/2021,2020,121,104.0,train,
keimoes,2021/2022,2021,103,121.0,train,
keimoes,2022/2023,2022,120,103.0,test,103.1001429525117
keimoes,2023/2024,2023,128,120.0,test,108.05232658436336
keimoes,2024/2025,2024,105,128.0,test,114.43790476755326
keiskammahoek,2011/2012,2011,145,164.0,train,
keiskammahoek,2012/2013,2012,147,145.0,train,
keiskammahoek,2013/2014,2013,169,147.0,train,
keiskammahoek,2014/2015,2014,183,169.0,train,
keiskammahoek,2015/2016,2015,151,183.0,train,
keiskammahoek,2016/2017,2016,152,151.0,train,
keiskammahoek,2017/2018,2017,159,152.0,train,
keiskammahoek,2018/2019,2018,159,159.0,train,
keiskammahoek,2019/2020,2019,120,159.0,train,
keiskammahoek,2020/2021,2020,133,120.0,train,
keiskammahoek,2021/2022,2021,119,133.0,train,
keiskammahoek,2022/2023,2022,127,119.0,test,114.68611565292501
keiskammahoek,2023/2024,2023,153,127.0,test,118.90067471511313
keiskammahoek,2024/2025,2024,132,153.0,test,135.69252187227875
kempton park,2011/2012,2011,1941,1929.0,train,
kempton park,2012/2013,2012,1985,1941.0,train,
kempton park,2013/2014,2013,2168,1985.0,train,
kempton park,2014/2015,2014,2155,2168.0,train,
kempton park,2015/2016,2015,2197,2155.0,train,
kempton park,2016/2017,2016,2264,2197.0,train,
kempton park,2017/2018,2017,2099,2264.0,train,
kempton park,2018/2019,2018,2185,2099.0,train,
kempton park,2019/2020,2019,1849,2185.0,train,
kempton park,2020/2021,2020,1237,1849.0,train,
kempton park,2021/2022,2021,1584,1237.0,train,
kempton park,2022/2023,2022,1505,1584.0,test,1428.3307532088922
kempton park,2023/2024,2023,1595,1505.0,test,1417.575086500855
kempton park,2024/2025,2024,1404,1595.0,test,1439.8001593540027
kenhardt,2011/2012,2011,14,9.0,train,
kenhardt,2012/2013,2012,9,14.0,train,
kenhardt,2013/2014,2013,30,9.0,train,
kenhardt,2014/2015,2014,40,30.0,train,
kenhardt,2015/2016,2015,34,40.0,train,
kenhardt,2016/2017,2016,33,34.0,train,
kenhardt,2017/2018,2017,41,33.0,train,
kenhardt,2018/2019,2018,56,41.0,train,
kenhardt,2019/2020,2019,57,56.0,train,
kenhardt,2020/2021,2020,36,57.0,train,
kenhardt,2021/2022,2021,34,36.0,train,
kenhardt,2022/2023,2022,51,34.0,test,32.467473420142525
kenhardt,2023/2024,2023,55,51.0,test,45.0711770283675
kenhardt,2024/2025,2024,33,55.0,test,51.96872328818857
kensington,2011/2012,2011,302,304.0,train,
kensington,2012/2013,2012,286,302.0,train,
kensington,2013/2014,2013,353,286.0,train,
kensington,2014/2015,2014,338,353.0,train,
kensington,2015/2016,2015,306,338.0,train,
kensington,2016/2017,2016,273,306.0,train,
kensington,2017/2018,2017,340,273.0,train,
kensington,2018/2019,2018,312,340.0,train,
kensington,2019/2020,2019,235,312.0,train,
kensington,2020/2021,2020,201,235.0,train,
kensington,2021/2022,2021,152,201.0,train,
kensington,2022/2023,2022,202,152.0,test,161.18553955705266
kensington,2023/2024,2023,203,202.0,test,187.1167556578182
kensington,2024/2025,2024,158,203.0,test,184.68777386523954
kenton on sea,2011/2012,2011,297,272.0,train,
kenton on sea,2012/2013,2012,316,297.0,train,
kenton on sea,2013/2014,2013,254,316.0,train,
kenton on sea,2014/2015,2014,241,254.0,train,
kenton on sea,2015/2016,2015,277,241.0,train,
kenton on sea,2016/2017,2016,193,277.0,train,
kenton on sea,2017/2018,2017,163,193.0,train,
kenton on sea,2018/2019,2018,191,163.0,train,
kenton on sea,2019/2020,2019,225,191.0,train,
kenton on sea,2020/2021,2020,185,225.0,train,
kenton on sea,2021/2022,2021,138,185.0,train,
kenton on sea,2022/2023,2022,141,138.0,test,153.28901395334452
kenton on sea,2023/2024,2023,127,141.0,test,132.83842722897404
kenton on sea,2024/2025,2024,174,127.0,test,122.21045141055245
kestell,2011/2012,2011,50,44.0,train,
kestell,2012/2013,2012,73,50.0,train,
kestell,2013/2014,2013,94,73.0,train,
kestell,2014/2015,2014,75,94.0,train,
kestell,2015/2016,2015,99,75.0,train,
kestell,2016/2017,2016,89,99.0,train,
kestell,2017/2018,2017,58,89.0,train,
kestell,2018/2019,2018,61,58.0,train,
kestell,2019/2020,2019,60,61.0,train,
kestell,2020/2021,2020,51,60.0,train,
kestell,2021/2022,2021,58,51.0,train,
kestell,2022/2023,2022,71,58.0,test,55.910920235145824
kestell,2023/2024,2023,53,71.0,test,64.33612252178007
kestell,2024/2025,2024,44,53.0,test,53.701259173065296
kgomotso,2011/2012,2011,29,31.0,train,
kgomotso,2012/2013,2012,40,29.0,train,
kgomotso,2013/2014,2013,53,40.0,train,
kgomotso,2014/2015,2014,38,53.0,train,
kgomotso,2015/2016,2015,48,38.0,train,
kgomotso,2016/2017,2016,40,48.0,train,
kgomotso,2017/2018,2017,45,40.0,train,
kgomotso,2018/2019,2018,30,45.0,train,
kgomotso,2019/2020,2019,29,30.0,train,
kgomotso,2020/2021,2020,14,29.0,train,
kgomotso,2021/2022,2021,35,14.0,train,
kgomotso,2022/2023,2022,22,35.0,test,30.791884202056846
kgomotso,2023/2024,2023,15,22.0,test,23.982527737380416
kgomotso,2024/2025,2024,30,15.0,test,19.317615684474855
khayelitsha,2011/2012,2011,647,649.0,train,
khayelitsha,2012/2013,2012,773,647.0,train,
khayelitsha,2013/2014,2013,927,773.0,train,
khayelitsha,2014/2015,2014,940,927.0,train,
khayelitsha,2015/2016,2015,912,940.0,train,
khayelitsha,2016/2017,2016,1011,912.0,train,
khayelitsha,2017/2018,2017,816,1011.0,train,
khayelitsha,2018/2019,2018,935,816.0,train,
khayelitsha,2019/2020,2019,871,935.0,train,
khayelitsha,2020/2021,2020,728,871.0,train,
khayelitsha,2021/2022,2021,592,728.0,train,
khayelitsha,2022/2023,2022,600,592.0,test,595.6010470677271
khayelitsha,2023/2024,2023,635,600.0,test,557.7894709011769
khayelitsha,2024/2025,2024,685,635.0,test,576.5732141846592
khubusidrift,2011/2012,2011,0,1.0,train,
khubusidrift,2012/2013,2012,5,0.0,train,
khubusidrift,2013/2014,2013,2,5.0,train,
khubusidrift,2014/2015,2014,8,2.0,train,
khubusidrift,2015/2016,2015,5,8.0,train,
khubusidrift,2016/2017,2016,9,5.0,train,
khubusidrift,2017/2018,2017,1,9.0,train,
khubusidrift,2018/2019,2018,4,1.0,train,
khubusidrift,2019/2020,2019,6,4.0,train,
khubusidrift,2020/2021,2020,3,6.0,train,
khubusidrift,2021/2022,2021,2,3.0,train,
khubusidrift,2022/2023,2022,1,2.0,test,2.3176453288844296
khubusidrift,2023/2024,2023,0,1.0,test,1.665604400307452
khubusidrift,2024/2025,2024,1,0.0,test,0.9174782295985991
khuma,2011/2012,2011,156,150.0,train,
khuma,2012/2013,2012,144,156.0,train,
khuma,2013/2014,2013,218,144.0,train,
khuma,2014/2015,2014,199,218.0,train,
khuma,2015/2016,2015,267,199.0,train,
khuma,2016/2017,2016,326,267.0,train,
khuma,2017/2018,2017,292,326.0,train,
khuma,2018/2019,2018,314,292.0,train,
khuma,2019/2020,2019,248,314.0,train,
khuma,2020/2021,2020,211,248.0,train,
khuma,2021/2022,2021,177,211.0,train,
khuma,2022/2023,2022,123,177.0,test,177.63699658783796
khuma,2023/2024,2023,116,123.0,test,138.07096373252892
khuma,2024/2025,2024,145,116.0,test,114.92165541119755
khutsong,2011/2012,2011,409,480.0,train,
khutsong,2012/2013,2012,407,409.0,train,
khutsong,2013/2014,2013,352,407.0,train,
khutsong,2014/2015,2014,379,352.0,train,
khutsong,2015/2016,2015,405,379.0,train,
khutsong,2016/2017,2016,343,405.0,train,
khutsong,2017/2018,2017,355,343.0,train,
khutsong,2018/2019,2018,500,355.0,train,
khutsong,2019/2020,2019,506,500.0,train,
khutsong,2020/2021,2020,418,506.0,train,
khutsong,2021/2022,2021,249,418.0,train,
khutsong,2022/2023,2022,273,249.0,test,269.33259149475555
khutsong,2023/2024,2023,287,273.0,test,263.3126358854955
khutsong,2024/2025,2024,194,287.0,test,251.76326457737497
kidds beach,2011/2012,2011,157,139.0,train,
kidds beach,2012/2013,2012,108,157.0,train,
kidds beach,2013/2014,2013,93,108.0,train,
kidds beach,2014/2015,2014,103,93.0,train,
kidds beach,2015/2016,2015,98,103.0,train,
kidds beach,2016/2017,2016,97,98.0,train,
kidds beach,2017/2018,2017,99,97.0,train,
kidds beach,2018/2019,2018,119,99.0,train,
kidds beach,2019/2020,2019,131,119.0,train,
kidds beach,2020/2021,2020,69,131.0,train,
kidds beach,2021/2022,2021,74,69.0,train,
kidds beach,2022/2023,2022,88,74.0,test,79.5911371987323
kidds beach,2023/2024,2023,72,88.0,test,82.56446407022224
kidds beach,2024/2025,2024,85,72.0,test,79.357539666157
kimberley,2011/2012,2011,1543,1521.0,train,
kimberley,2012/2013,2012,1735,1543.0,train,
kimberley,2013/2014,2013,2275,1735.0,train,
kimberley,2014/2015,2014,1880,2275.0,train,
kimberley,2015/2016,2015,1741,1880.0,train,
kimberley,2016/2017,2016,1838,1741.0,train,
kimberley,2017/2018,2017,1555,1838.0,train,
kimberley,2018/2019,2018,1737,1555.0,train,
kimberley,2019/2020,2019,1597,1737.0,train,
kimberley,2020/2021,2020,1120,1597.0,train,
kimberley,2021/2022,2021,888,1120.0,train,
kimberley,2022/2023,2022,1180,888.0,test,924.7752587676703
kimberley,2023/2024,2023,1174,1180.0,test,1071.807219096583
kimberley,2024/2025,2024,858,1174.0,test,1086.0311938127197
king william's town,2011/2012,2011,790,745.0,train,
king william's town,2012/2013,2012,708,790.0,train,
king william's town,2013/2014,2013,909,708.0,train,
king william's town,2014/2015,2014,950,909.0,train,
king william's town,2015/2016,2015,889,950.0,train,
king william's town,2016/2017,2016,904,889.0,train,
king william's town,2017/2018,2017,936,904.0,train,
king william's town,2018/2019,2018,1035,936.0,train,
king william's town,2019/2020,2019,756,1035.0,train,
king william's town,2020/2021,2020,510,756.0,train,
king william's town,2021/2022,2021,551,510.0,train,
king william's town,2022/2023,2022,599,551.0,test,503.1823297840908
kingsley,2011/2012,2011,11,12.0,train,
kingsley,2012/2013,2012,13,11.0,train,
kingsley,2013/2014,2013,8,13.0,train,
kingsley,2014/2015,2014,7,8.0,train,
kingsley,2015/2016,2015,7,7.0,train,
kingsley,2016/2017,2016,4,7.0,train,
kingsley,2017/2018,2017,4,4.0,train,
kingsley,2018/2019,2018,7,4.0,train,
kingsley,2019/2020,2019,2,7.0,train,
kingsley,2020/2021,2020,2,2.0,train,
kingsley,2021/2022,2021,3,2.0,train,
kingsley,2022/2023,2022,5,3.0,test,2.769486464224336
kingsley,2023/2024,2023,9,5.0,test,4.0330931939420775
kingsley,2024/2025,2024,6,9.0,test,6.752277898805892
kinkelbos,2011/2012,2011,51,30.0,train,
kinkelbos,2012/2013,2012,34,51.0,train,
kinkelbos,2013/2014,2013,35,34.0,train,
kinkelbos,2014/2015,2014,41,35.0,train,
kinkelbos,2015/2016,2015,23,41.0,train,
kinkelbos,2016/2017,2016,67,23.0,train,
kinkelbos,2017/2018,2017,55,67.0,train,
kinkelbos,2018/2019,2018,92,55.0,train,
kinkelbos,2019/2020,2019,65,92.0,train,
kinkelbos,2020/2021,2020,70,65.0,train,
kinkelbos,2021/2022,2021,51,70.0,train,
kinkelbos,2022/2023,2022,87,51.0,test,51.96941512217869
kinkelbos,2023/2024,2023,75,87.0,test,77.9549132147318
kinkelbos,2024/2025,2024,57,75.0,test,71.17812747336083
kinross,2011/2012,2011,129,144.0,train,
kinross,2012/2013,2012,188,129.0,train,
kinross,2013/2014,2013,220,188.0,train,
kinross,2014/2015,2014,193,220.0,train,
kinross,2015/2016,2015,225,193.0,train,
kinross,2016/2017,2016,257,225.0,train,
kinross,2017/2018,2017,268,257.0,train,
kinross,2018/2019,2018,196,268.0,train,
kinross,2019/2020,2019,213,196.0,train,
kinross,2020/2021,2020,201,213.0,train,
kinross,2021/2022,2021,184,201.0,train,
kinross,2022/2023,2022,163,184.0,test,181.3701115123219
kinross,2023/2024,2023,124,163.0,test,161.9052107631832
kinross,2024/2025,2024,106,124.0,test,122.06348951931832
kirkwood,2011/2012,2011,208,163.0,train,
kirkwood,2012/2013,2012,174,208.0,train,
kirkwood,2013/2014,2013,184,174.0,train,
kirkwood,2014/2015,2014,184,184.0,train,
kirkwood,2015/2016,2015,193,184.0,train,
kirkwood,2016/2017,2016,183,193.0,train,
kirkwood,2017/2018,2017,186,183.0,train,
kirkwood,2018/2019,2018,163,186.0,train,
kirkwood,2019/2020,2019,173,163.0,train,
kirkwood,2020/2021,2020,205,173.0,train,
kirkwood,2021/2022,2021,164,205.0,train,
kirkwood,2022/2023,2022,204,164.0,test,158.14463793379855
kirstenhof,2011/2012,2011,984,1084.0,train,
kirstenhof,2012/2013,2012,1163,984.0,train,
kirstenhof,2013/2014,2013,917,1163.0,train,
kirstenhof,2014/2015,2014,1025,917.0,train,
kirstenhof,2015/2016,2015,853,1025.0,train,
kirstenhof,2016/2017,2016,582,853.0,train,
kirstenhof,2017/2018,2017,599,582.0,train,
kirstenhof,2018/2019,2018,64,599.0,train,
kirstenhof,2019/2020,2019,54,64.0,train,
kirstenhof,2020/2021,2020,59,54.0,train,
kirstenhof,2021/2022,2021,55,59.0,train,
kirstenhof,2022/2023,2022,94,55.0,test,55.747426375186684
kirstenhof,2023/2024,2023,326,94.0,test,87.6730450511058
kirstenhof,2024/2025,2024,283,326.0,test,315.6569319999284
klapmuts,2011/2012,2011,182,132.0,train,
klapmuts,2012/2013,2012,132,182.0,train,
klapmuts,2013/2014,2013,148,132.0,train,
klapmuts,2014/2015,2014,205,148.0,train,
klapmuts,2015/2016,2015,191,205.0,train,
klapmuts,2016/2017,2016,185,191.0,train,
klapmuts,2017/2018,2017,255,185.0,train,
klapmuts,2018/2019,2018,204,255.0,train,
klapmuts,2019/2020,2019,208,204.0,train,
klapmuts,2020/2021,2020,133,208.0,train,
klapmuts,2021/2022,2021,116,133.0,train,
klapmuts,2022/2023,2022,139,116.0,test,119.65234264266579
klapmuts,2023/2024,2023,184,139.0,test,130.97395201111988
klapmuts,2024/2025,2024,120,184.0,test,167.7425419772627
klawer,2011/2012,2011,72,45.0,train,
klawer,2012/2013,2012,88,72.0,train,
klawer,2013/2014,2013,58,88.0,train,
klawer,2014/2015,2014,54,58.0,train,
klawer,2015/2016,2015,52,54.0,train,
klawer,2016/2017,2016,55,52.0,train,
klawer,2017/2018,2017,71,55.0,train,
klawer,2018/2019,2018,78,71.0,train,
klawer,2019/2020,2019,82,78.0,train,
klawer,2020/2021,2020,108,82.0,train,
klawer,2021/2022,2021,112,108.0,train,
klawer,2022/2023,2022,88,112.0,test,101.2252494284364
klawer,2023/2024,2023,89,88.0,test,87.50579487926872
klawer,2024/2025,2024,61,89.0,test,84.12461779907345
kleinbulhoek,2011/2012,2011,9,17.0,train,
kleinbulhoek,2012/2013,2012,21,9.0,train,
kleinbulhoek,2013/2014,2013,21,21.0,train,
kleinbulhoek,2014/2015,2014,17,21.0,train,
kleinbulhoek,2015/2016,2015,12,17.0,train,
kleinbulhoek,2016/2017,2016,14,12.0,train,
kleinbulhoek,2017/2018,2017,18,14.0,train,
kleinbulhoek,2018/2019,2018,13,18.0,train,
kleinbulhoek,2019/2020,2019,14,13.0,train,
kleinbulhoek,2020/2021,2020,14,14.0,train,
kleinbulhoek,2021/2022,2021,17,14.0,train,
kleinbulhoek,2022/2023,2022,8,17.0,test,13.77848161776877
kleinbulhoek,2023/2024,2023,12,8.0,test,11.252030064390068
kleinbulhoek,2024/2025,2024,8,12.0,test,10.325523650652089
kleinmond,2011/2012,2011,337,299.0,train,
kleinmond,2012/2013,2012,523,337.0,train,
kleinmond,2013/2014,2013,656,523.0,train,
kleinmond,2014/2015,2014,869,656.0,train,
kleinmond,2015/2016,2015,636,869.0,train,
kleinmond,2016/2017,2016,638,636.0,train,
kleinmond,2017/2018,2017,584,638.0,train,
kleinmond,2018/2019,2018,590,584.0,train,
kleinmond,2019/2020,2019,526,590.0,train,
kleinmond,2020/2021,2020,398,526.0,train,
kleinmond,2021/2022,2021,289,398.0,train,
kleinmond,2022/2023,2022,235,289.0,test,296.01974105746535
kleinmond,2023/2024,2023,223,235.0,test,240.4380204434648
kleinmond,2024/2025,2024,161,223.0,test,209.1107112722541
kleinsee,2011/2012,2011,1,1.0,train,
kleinsee,2012/2013,2012,4,1.0,train,
kleinsee,2013/2014,2013,2,4.0,train,
kleinsee,2014/2015,2014,5,2.0,train,
kleinsee,2015/2016,2015,6,5.0,train,
kleinsee,2016/2017,2016,10,6.0,train,
kleinsee,2017/2018,2017,7,10.0,train,
kleinsee,2018/2019,2018,22,7.0,train,
kleinsee,2019/2020,2019,21,22.0,train,
kleinsee,2020/2021,2020,8,21.0,train,
kleinsee,2021/2022,2021,5,8.0,train,
kleinsee,2022/2023,2022,10,5.0,test,7.011305304699011
kleinsee,2023/2024,2023,10,10.0,test,8.259022403465128
kleinsee,2024/2025,2024,4,10.0,test,9.469655961414974
kleinvlei,2011/2012,2011,1269,1198.0,train,
kleinvlei,2012/2013,2012,1621,1269.0,train,
kleinvlei,2013/2014,2013,1765,1621.0,train,
kleinvlei,2014/2015,2014,1513,1765.0,train,
kleinvlei,2015/2016,2015,1540,1513.0,train,
kleinvlei,2016/2017,2016,1401,1540.0,train,
kleinvlei,2017/2018,2017,1365,1401.0,train,
kleinvlei,2018/2019,2018,1252,1365.0,train,
kleinvlei,2019/2020,2019,1118,1252.0,train,
kleinvlei,2020/2021,2020,723,1118.0,train,
kleinvlei,2021/2022,2021,721,723.0,train,
kleinvlei,2022/2023,2022,749,721.0,test,680.8565168671009
kleinvlei,2023/2024,2023,827,749.0,test,670.4655329965293
kleinvlei,2024/2025,2024,688,827.0,test,754.9917280866512
klerksdorp,2011/2012,2011,1461,1606.0,train,
klerksdorp,2012/2013,2012,1722,1461.0,train,
klerksdorp,2013/2014,2013,1761,1722.0,train,
klerksdorp,2014/2015,2014,1795,1761.0,train,
klerksdorp,2015/2016,2015,1561,1795.0,train,
klerksdorp,2016/2017,2016,1438,1561.0,train,
klerksdorp,2017/2018,2017,1351,1438.0,train,
klerksdorp,2018/2019,2018,1694,1351.0,train,
klerksdorp,2019/2020,2019,1349,1694.0,train,
klerksdorp,2020/2021,2020,1096,1349.0,train,
klerksdorp,2021/2022,2021,1106,1096.0,train,
klerksdorp,2022/2023,2022,1091,1106.0,test,1021.1498135551273
klerksdorp,2023/2024,2023,1137,1091.0,test,1006.5802580022953
klerksdorp,2024/2025,2024,972,1137.0,test,1040.6280254369829
klerkskraal,2011/2012,2011,8,13.0,train,
klerkskraal,2012/2013,2012,25,8.0,train,
klerkskraal,2013/2014,2013,17,25.0,train,
klerkskraal,2014/2015,2014,17,17.0,train,
klerkskraal,2015/2016,2015,22,17.0,train,
klerkskraal,2016/2017,2016,29,22.0,train,
klerkskraal,2017/2018,2017,32,29.0,train,
klerkskraal,2018/2019,2018,40,32.0,train,
klerkskraal,2019/2020,2019,34,40.0,train,
klerkskraal,2020/2021,2020,14,34.0,train,
klerkskraal,2021/2022,2021,31,14.0,train,
klerkskraal,2022/2023,2022,16,31.0,test,28.78441729554797
klerkskraal,2023/2024,2023,18,16.0,test,22.25906326783042
klerkskraal,2024/2025,2024,14,18.0,test,17.760010227116652
klipgat,2011/2012,2011,391,346.0,train,
klipgat,2012/2013,2012,354,391.0,train,
klipgat,2013/2014,2013,402,354.0,train,
klipgat,2014/2015,2014,297,402.0,train,
klipgat,2015/2016,2015,340,297.0,train,
klipgat,2016/2017,2016,336,340.0,train,
klipgat,2017/2018,2017,316,336.0,train,
klipgat,2018/2019,2018,223,316.0,train,
klipgat,2019/2020,2019,247,223.0,train,
klipgat,2020/2021,2020,193,247.0,train,
klipgat,2021/2022,2021,212,193.0,train,
klipgat,2022/2023,2022,208,212.0,test,201.05027314408412
klipgat,2023/2024,2023,258,208.0,test,203.89649478906173
klipgat,2024/2025,2024,297,258.0,test,237.78400316631163
klipplaat,2011/2012,2011,19,20.0,train,
klipplaat,2012/2013,2012,18,19.0,train,
klipplaat,2013/2014,2013,18,18.0,train,
klipplaat,2014/2015,2014,16,18.0,train,
klipplaat,2015/2016,2015,16,16.0,train,
klipplaat,2016/2017,2016,31,16.0,train,
klipplaat,2017/2018,2017,52,31.0,train,
klipplaat,2018/2019,2018,53,52.0,train,
klipplaat,2019/2020,2019,29,53.0,train,
klipplaat,2020/2021,2020,18,29.0,train,
klipplaat,2021/2022,2021,24,18.0,train,
klipplaat,2022/2023,2022,32,24.0,test,21.257282695845042
klipplaat,2023/2024,2023,20,32.0,test,26.885366950614483
klipplaat,2024/2025,2024,28,20.0,test,21.617097600332276
kliprivier,2011/2012,2011,201,262.0,train,
kliprivier,2012/2013,2012,190,201.0,train,
kliprivier,2013/2014,2013,229,190.0,train,
kliprivier,2014/2015,2014,218,229.0,train,
kliprivier,2015/2016,2015,187,218.0,train,
kliprivier,2016/2017,2016,212,187.0,train,
kliprivier,2017/2018,2017,183,212.0,train,
kliprivier,2018/2019,2018,184,183.0,train,
kliprivier,2019/2020,2019,233,184.0,train,
kliprivier,2020/2021,2020,185,233.0,train,
kliprivier,2021/2022,2021,182,185.0,train,
kliprivier,2022/2023,2022,239,182.0,test,182.24054099733692
kliprivier,2023/2024,2023,179,239.0,test,222.0093407744578
kliprivier,2024/2025,2024,214,179.0,test,178.8444084094733
kliptown,2011/2012,2011,794,796.0,train,
kliptown,2012/2013,2012,936,794.0,train,
kliptown,2013/2014,2013,785,936.0,train,
kliptown,2014/2015,2014,808,785.0,train,
kliptown,2015/2016,2015,743,808.0,train,
kliptown,2016/2017,2016,692,743.0,train,
kliptown,2017/2018,2017,699,692.0,train,
kliptown,2018/2019,2018,556,699.0,train,
kliptown,2019/2020,2019,584,556.0,train,
kliptown,2020/2021,2020,446,584.0,train,
kliptown,2021/2022,2021,429,446.0,train,
kliptown,2022/2023,2022,398,429.0,test,436.62601496524286
kliptown,2023/2024,2023,423,398.0,test,388.42937897454476
kliptown,2024/2025,2024,433,423.0,test,406.7055353075812
knysna,2011/2012,2011,1351,1298.0,train,
knysna,2012/2013,2012,1446,1351.0,train,
knysna,2013/2014,2013,1723,1446.0,train,
knysna,2014/2015,2014,1862,1723.0,train,
knysna,2015/2016,2015,1514,1862.0,train,
knysna,2016/2017,2016,1417,1514.0,train,
knysna,2017/2018,2017,1370,1417.0,train,
knysna,2018/2019,2018,1158,1370.0,train,
knysna,2019/2020,2019,1194,1158.0,train,
knysna,2020/2021,2020,1015,1194.0,train,
knysna,2021/2022,2021,953,1015.0,train,
knysna,2022/2023,2022,787,953.0,test,884.5348425612107
knysna,2023/2024,2023,918,787.0,test,738.8002035872746
knysna,2024/2025,2024,749,918.0,test,831.1806319049281
koffiefontein,2011/2012,2011,102,82.0,train,
koffiefontein,2012/2013,2012,91,102.0,train,
koffiefontein,2013/2014,2013,124,91.0,train,
koffiefontein,2014/2015,2014,116,124.0,train,
koffiefontein,2015/2016,2015,93,116.0,train,
koffiefontein,2016/2017,2016,102,93.0,train,
koffiefontein,2017/2018,2017,93,102.0,train,
koffiefontein,2018/2019,2018,111,93.0,train,
koffiefontein,2019/2020,2019,95,111.0,train,
koffiefontein,2020/2021,2020,45,95.0,train,
koffiefontein,2021/2022,2021,53,45.0,train,
koffiefontein,2022/2023,2022,73,53.0,test,54.76161099840071
koffiefontein,2023/2024,2023,66,73.0,test,68.96268859053951
koffiefontein,2024/2025,2024,49,66.0,test,67.92295762067712
kokstad,2011/2012,2011,467,420.0,train,
kokstad,2012/2013,2012,574,467.0,train,
kokstad,2013/2014,2013,638,574.0,train,
kokstad,2014/2015,2014,660,638.0,train,
kokstad,2015/2016,2015,673,660.0,train,
kokstad,2016/2017,2016,748,673.0,train,
kokstad,2017/2018,2017,747,748.0,train,
kokstad,2018/2019,2018,802,747.0,train,
kokstad,2019/2020,2019,690,802.0,train,
kokstad,2020/2021,2020,628,690.0,train,
kokstad,2021/2022,2021,511,628.0,train,
kokstad,2022/2023,2022,746,511.0,test,471.475592840675
kokstad,2023/2024,2023,631,746.0,test,661.2374994388716
kokstad,2024/2025,2024,597,631.0,test,567.81302530057
kolomane,2011/2012,2011,2,2.0,train,
kolomane,2012/2013,2012,0,2.0,train,
kolomane,2013/2014,2013,6,0.0,train,
kolomane,2014/2015,2014,5,6.0,train,
kolomane,2015/2016,2015,1,5.0,train,
kolomane,2016/2017,2016,4,1.0,train,
kolomane,2017/2018,2017,1,4.0,train,
kolomane,2018/2019,2018,1,1.0,train,
kolomane,2019/2020,2019,2,1.0,train,
kolomane,2020/2021,2020,0,2.0,train,
kolomane,2021/2022,2021,2,0.0,train,
kolomane,2022/2023,2022,4,2.0,test,1.663751788098927
kolomane,2023/2024,2023,2,4.0,test,3.1312912526999073
kolomane,2024/2025,2024,3,2.0,test,2.9537342154337676
komaggas,2011/2012,2011,12,26.0,train,
komaggas,2012/2013,2012,8,12.0,train,
komaggas,2013/2014,2013,16,8.0,train,
komaggas,2014/2015,2014,12,16.0,train,
komaggas,2015/2016,2015,8,12.0,train,
komaggas,2016/2017,2016,8,8.0,train,
komaggas,2017/2018,2017,5,8.0,train,
komaggas,2018/2019,2018,8,5.0,train,
komaggas,2019/2020,2019,17,8.0,train,
komaggas,2020/2021,2020,11,17.0,train,
komaggas,2021/2022,2021,8,11.0,train,
komaggas,2022/2023,2022,9,8.0,test,9.787498986315903
komaggas,2023/2024,2023,17,9.0,test,8.95475906518971
komaggas,2024/2025,2024,11,17.0,test,12.751828669409939
komatipoort,2011/2012,2011,163,202.0,train,
komatipoort,2012/2013,2012,207,163.0,train,
komatipoort,2013/2014,2013,197,207.0,train,
komatipoort,2014/2015,2014,163,197.0,train,
komatipoort,2015/2016,2015,177,163.0,train,
komatipoort,2016/2017,2016,171,177.0,train,
komatipoort,2017/2018,2017,157,171.0,train,
komatipoort,2018/2019,2018,134,157.0,train,
komatipoort,2019/2020,2019,154,134.0,train,
komatipoort,2020/2021,2020,139,154.0,train,
komatipoort,2021/2022,2021,140,139.0,train,
komatipoort,2022/2023,2022,196,140.0,test,129.69821586805026
komatipoort,2023/2024,2023,212,196.0,test,179.42193932308743
komatipoort,2024/2025,2024,165,212.0,test,191.96968092286397
komga,2011/2012,2011,105,98.0,train,
komga,2012/2013,2012,105,105.0,train,
komga,2013/2014,2013,93,105.0,train,
komga,2014/2015,2014,90,93.0,train,
komga,2015/2016,2015,71,90.0,train,
komga,2016/2017,2016,97,71.0,train,
komga,2017/2018,2017,83,97.0,train,
komga,2018/2019,2018,94,83.0,train,
komga,2019/2020,2019,80,94.0,train,
komga,2020/2021,2020,61,80.0,train,
komga,2021/2022,2021,35,61.0,train,
komga,2022/2023,2022,46,35.0,test,40.611542556433214
kommissiepoort,2011/2012,2011,16,9.0,train,
kommissiepoort,2012/2013,2012,13,16.0,train,
kommissiepoort,2013/2014,2013,22,13.0,train,
kommissiepoort,2014/2015,2014,6,22.0,train,
kommissiepoort,2015/2016,2015,8,6.0,train,
kommissiepoort,2016/2017,2016,4,8.0,train,
kommissiepoort,2017/2018,2017,13,4.0,train,
kommissiepoort,2018/2019,2018,6,13.0,train,
kommissiepoort,2019/2020,2019,9,6.0,train,
kommissiepoort,2020/2021,2020,4,9.0,train,
kommissiepoort,2021/2022,2021,6,4.0,train,
kommissiepoort,2022/2023,2022,1,6.0,test,4.775470908008733
kommissiepoort,2023/2024,2023,6,1.0,test,2.5422452344566855
kommissiepoort,2024/2025,2024,6,6.0,test,5.228614269814053
kopanong,2011/2012,2011,549,478.0,train,
kopanong,2012/2013,2012,561,549.0,train,
kopanong,2013/2014,2013,512,561.0,train,
kopanong,2014/2015,2014,519,512.0,train,
kopanong,2015/2016,2015,526,519.0,train,
kopanong,2016/2017,2016,405,526.0,train,
kopanong,2017/2018,2017,297,405.0,train,
kopanong,2018/2019,2018,213,297.0,train,
kopanong,2019/2020,2019,196,213.0,train,
kopanong,2020/2021,2020,201,196.0,train,
kopanong,2021/2022,2021,213,201.0,train,
kopanong,2022/2023,2022,250,213.0,test,202.46388513955876
kopanong,2023/2024,2023,278,250.0,test,228.30217280647173
kopanong,2024/2025,2024,266,278.0,test,249.96766608321923
koppies,2011/2012,2011,74,72.0,train,
koppies,2012/2013,2012,90,74.0,train,
koppies,2013/2014,2013,71,90.0,train,
koppies,2014/2015,2014,44,71.0,train,
koppies,2015/2016,2015,76,44.0,train,
koppies,2016/2017,2016,74,76.0,train,
koppies,2017/2018,2017,55,74.0,train,
koppies,2018/2019,2018,65,55.0,train,
koppies,2019/2020,2019,71,65.0,train,
koppies,2020/2021,2020,90,71.0,train,
koppies,2021/2022,2021,83,90.0,train,
koppies,2022/2023,2022,117,83.0,test,80.12511891364049
koppies,2023/2024,2023,55,117.0,test,105.38579537754981
koppies,2024/2025,2024,77,55.0,test,58.00887839572203
koster,2011/2012,2011,125,189.0,train,
koster,2012/2013,2012,167,125.0,train,
koster,2013/2014,2013,153,167.0,train,
koster,2014/2015,2014,199,153.0,train,
koster,2015/2016,2015,194,199.0,train,
koster,2016/2017,2016,235,194.0,train,
koster,2017/2018,2017,268,235.0,train,
koster,2018/2019,2018,248,268.0,train,
koster,2019/2020,2019,218,248.0,train,
koster,2020/2021,2020,185,218.0,train,
koster,2021/2022,2021,203,185.0,train,
koster,2022/2023,2022,175,203.0,test,187.37912509370645
koster,2023/2024,2023,218,175.0,test,166.53173989563865
koster,2024/2025,2024,214,218.0,test,193.1115439525301
kraaifontein,2011/2012,2011,2281,1780.0,train,
kraaifontein,2012/2013,2012,1964,2281.0,train,
kraaifontein,2013/2014,2013,2196,1964.0,train,
kraaifontein,2014/2015,2014,2065,2196.0,train,
kraaifontein,2015/2016,2015,2196,2065.0,train,
kraaifontein,2016/2017,2016,2091,2196.0,train,
kraaifontein,2017/2018,2017,1966,2091.0,train,
kraaifontein,2018/2019,2018,1799,1966.0,train,
kraaifontein,2019/2020,2019,1573,1799.0,train,
kraaifontein,2020/2021,2020,1476,1573.0,train,
kraaifontein,2021/2022,2021,1321,1476.0,train,
kraaifontein,2022/2023,2022,1265,1321.0,test,1283.3167134756864
kraaifontein,2023/2024,2023,1334,1265.0,test,1197.9772697475094
kraaifontein,2024/2025,2024,1094,1334.0,test,1246.8404436360754
kranskop,2011/2012,2011,71,105.0,train,
kranskop,2012/2013,2012,105,71.0,train,
kranskop,2013/2014,2013,96,105.0,train,
kranskop,2014/2015,2014,92,96.0,train,
kranskop,2015/2016,2015,95,92.0,train,
kranskop,2016/2017,2016,129,95.0,train,
kranskop,2017/2018,2017,117,129.0,train,
kranskop,2018/2019,2018,93,117.0,train,
kranskop,2019/2020,2019,74,93.0,train,
kranskop,2020/2021,2020,52,74.0,train,
kranskop,2021/2022,2021,76,52.0,train,
kranskop,2022/2023,2022,73,76.0,test,73.74285419636168
kranskop,2023/2024,2023,69,73.0,test,74.31993780542929
kranskop,2024/2025,2024,64,69.0,test,73.78754073096475
kriel,2011/2012,2011,596,629.0,train,
kriel,2012/2013,2012,597,596.0,train,
kriel,2013/2014,2013,679,597.0,train,
kriel,2014/2015,2014,382,679.0,train,
kriel,2015/2016,2015,462,382.0,train,
kriel,2016/2017,2016,438,462.0,train,
kriel,2017/2018,2017,458,438.0,train,
kriel,2018/2019,2018,399,458.0,train,
kriel,2019/2020,2019,305,399.0,train,
kriel,2020/2021,2020,257,305.0,train,
kriel,2021/2022,2021,253,257.0,train,
kriel,2022/2023,2022,252,253.0,test,242.01269318949892
kriel,2023/2024,2023,274,252.0,test,245.71682834821314
kriel,2024/2025,2024,249,274.0,test,255.81200610545974
kroonstad,2011/2012,2011,420,365.0,train,
kroonstad,2012/2013,2012,575,420.0,train,
kroonstad,2013/2014,2013,491,575.0,train,
kroonstad,2014/2015,2014,402,491.0,train,
kroonstad,2015/2016,2015,361,402.0,train,
kroonstad,2016/2017,2016,444,361.0,train,
kroonstad,2017/2018,2017,421,444.0,train,
kroonstad,2018/2019,2018,431,421.0,train,
kroonstad,2019/2020,2019,385,431.0,train,
kroonstad,2020/2021,2020,339,385.0,train,
kroonstad,2021/2022,2021,428,339.0,train,
kroonstad,2022/2023,2022,459,428.0,test,376.726810617312
kroonstad,2023/2024,2023,567,459.0,test,412.1140957506048
kroonstad,2024/2025,2024,422,567.0,test,499.50981329985996
krugersdorp,2011/2012,2011,2184,2154.0,train,
krugersdorp,2012/2013,2012,2373,2184.0,train,
krugersdorp,2013/2014,2013,2526,2373.0,train,
krugersdorp,2014/2015,2014,2285,2526.0,train,
krugersdorp,2015/2016,2015,2170,2285.0,train,
krugersdorp,2016/2017,2016,2256,2170.0,train,
krugersdorp,2017/2018,2017,1990,2256.0,train,
krugersdorp,2018/2019,2018,1651,1990.0,train,
krugersdorp,2019/2020,2019,1541,1651.0,train,
krugersdorp,2020/2021,2020,1311,1541.0,train,
krugersdorp,2021/2022,2021,1417,1311.0,train,
krugersdorp,2022/2023,2022,1680,1417.0,test,1336.6352130069836
krugersdorp,2023/2024,2023,1535,1680.0,test,1588.5089910075226
krugersdorp,2024/2025,2024,1436,1535.0,test,1479.8511834384353
kuilsrivier,2011/2012,2011,1603,1507.0,train,
kuilsrivier,2012/2013,2012,1852,1603.0,train,
kuilsrivier,2013/2014,2013,1966,1852.0,train,
kuilsrivier,2014/2015,2014,1976,1966.0,train,
kuilsrivier,2015/2016,2015,1842,1976.0,train,
kuilsrivier,2016/2017,2016,1779,1842.0,train,
kuilsrivier,2017/2018,2017,1636,1779.0,train,
kuilsrivier,2018/2019,2018,1212,1636.0,train,
kuilsrivier,2019/2020,2019,1229,1212.0,train,
kuilsrivier,2020/2021,2020,926,1229.0,train,
kuilsrivier,2021/2022,2021,812,926.0,train,
kuilsrivier,2022/2023,2022,770,812.0,test,781.0459005250548
kuilsrivier,2023/2024,2023,838,770.0,test,703.5919153713578
kuilsrivier,2024/2025,2024,850,838.0,test,758.300494317333
kuruman,2011/2012,2011,552,381.0,train,
kuruman,2012/2013,2012,487,552.0,train,
kuruman,2013/2014,2013,552,487.0,train,
kuruman,2014/2015,2014,548,552.0,train,
kuruman,2015/2016,2015,522,548.0,train,
kuruman,2016/2017,2016,605,522.0,train,
kuruman,2017/2018,2017,445,605.0,train,
kuruman,2018/2019,2018,388,445.0,train,
kuruman,2019/2020,2019,334,388.0,train,
kuruman,2020/2021,2020,341,334.0,train,
kuruman,2021/2022,2021,415,341.0,train,
kuruman,2022/2023,2022,364,415.0,test,387.55667382022796
kuruman,2023/2024,2023,265,364.0,test,357.6193045766336
kuruman,2024/2025,2024,263,265.0,test,276.1041197520101
kuyasa,2011/2012,2011,15,14.0,train,
kuyasa,2012/2013,2012,21,15.0,train,
kuyasa,2013/2014,2013,40,21.0,train,
kuyasa,2014/2015,2014,29,40.0,train,
kuyasa,2015/2016,2015,29,29.0,train,
kuyasa,2016/2017,2016,34,29.0,train,
kuyasa,2017/2018,2017,43,34.0,train,
kuyasa,2018/2019,2018,34,43.0,train,
kuyasa,2019/2020,2019,44,34.0,train,
kuyasa,2020/2021,2020,42,44.0,train,
kuyasa,2021/2022,2021,43,42.0,train,
kuyasa,2022/2023,2022,32,43.0,test,42.04188009401277
kuyasa,2023/2024,2023,28,32.0,test,31.121859646039887
kuyasa,2024/2025,2024,35,28.0,test,28.795147788633987
kwa thema,2011/2012,2011,552,381.0,train,
kwa thema,2012/2013,2012,487,552.0,train,
kwa thema,2013/2014,2013,552,487.0,train,
kwa thema,2014/2015,2014,548,552.0,train,
kwa thema,2015/2016,2015,522,548.0,train,
kwa thema,2016/2017,2016,605,522.0,train,
kwa thema,2017/2018,2017,445,605.0,train,
kwa thema,2018/2019,2018,629,445.0,train,
kwa thema,2019/2020,2019,668,629.0,train,
kwa thema,2020/2021,2020,506,668.0,train,
kwa thema,2021/2022,2021,456,506.0,train,
kwa thema,2022/2023,2022,478,456.0,test,455.8236478577522
kwa thema,2023/2024,2023,381,478.0,test,426.24053379173625
kwa thema,2024/2025,2024,346,381.0,test,376.6518030727844
kwaaiman,2011/2012,2011,55,77.0,train,
kwaaiman,2012/2013,2012,48,55.0,train,
kwaaiman,2013/2014,2013,58,48.0,train,
kwaaiman,2014/2015,2014,29,58.0,train,
kwaaiman,2015/2016,2015,28,29.0,train,
kwaaiman,2016/2017,2016,25,28.0,train,
kwaaiman,2017/2018,2017,15,25.0,train,
kwaaiman,2018/2019,2018,23,15.0,train,
kwaaiman,2019/2020,2019,16,23.0,train,
kwaaiman,2020/2021,2020,29,16.0,train,
kwaaiman,2021/2022,2021,17,29.0,train,
kwaaiman,2022/2023,2022,22,17.0,test,20.938513156454327
kwaaiman,2023/2024,2023,18,22.0,test,20.139223007776156
kwaaiman,2024/2025,2024,43,18.0,test,19.512709646417242
kwadabeka,2011/2012,2011,614,542.0,train,
kwadabeka,2012/2013,2012,683,614.0,train,
kwadabeka,2013/2014,2013,659,683.0,train,
kwadabeka,2014/2015,2014,721,659.0,train,
kwadabeka,2015/2016,2015,581,721.0,train,
kwadabeka,2016/2017,2016,574,581.0,train,
kwadabeka,2017/2018,2017,481,574.0,train,
kwadabeka,2018/2019,2018,481,481.0,train,
kwadabeka,2019/2020,2019,515,481.0,train,
kwadabeka,2020/2021,2020,422,515.0,train,
kwadabeka,2021/2022,2021,439,422.0,train,
kwadabeka,2022/2023,2022,533,439.0,test,416.7433541355041
kwadabeka,2023/2024,2023,511,533.0,test,491.6277928062079
kwadabeka,2024/2025,2024,478,511.0,test,475.24341936669316
kwadukuza,2011/2012,2011,1220,1278.0,train,
kwadukuza,2012/2013,2012,1425,1220.0,train,
kwadukuza,2013/2014,2013,1660,1425.0,train,
kwadukuza,2014/2015,2014,1698,1660.0,train,
kwadukuza,2015/2016,2015,1463,1698.0,train,
kwadukuza,2016/2017,2016,1533,1463.0,train,
kwadukuza,2017/2018,2017,1335,1533.0,train,
kwadukuza,2018/2019,2018,1419,1335.0,train,
kwadukuza,2019/2020,2019,1303,1419.0,train,
kwadukuza,2020/2021,2020,1230,1303.0,train,
kwadukuza,2021/2022,2021,1238,1230.0,train,
kwadukuza,2022/2023,2022,1134,1238.0,test,1153.8503597611777
kwadukuza,2023/2024,2023,998,1134.0,test,1070.938649750581
kwadukuza,2024/2025,2024,1044,998.0,test,948.1401188302585
kwadwesi,2011/2012,2011,334,285.0,train,
kwadwesi,2012/2013,2012,347,334.0,train,
kwadwesi,2013/2014,2013,467,347.0,train,
kwadwesi,2014/2015,2014,422,467.0,train,
kwadwesi,2015/2016,2015,397,422.0,train,
kwadwesi,2016/2017,2016,437,397.0,train,
kwadwesi,2017/2018,2017,371,437.0,train,
kwadwesi,2018/2019,2018,385,371.0,train,
kwadwesi,2019/2020,2019,349,385.0,train,
kwadwesi,2020/2021,2020,218,349.0,train,
kwadwesi,2021/2022,2021,235,218.0,train,
kwadwesi,2022/2023,2022,335,235.0,test,234.08903349641224
kwadwesi,2023/2024,2023,311,335.0,test,326.9103805675987
kwadwesi,2024/2025,2024,291,311.0,test,310.431019211417
kwaggafontein,2011/2012,2011,229,235.0,train,
kwaggafontein,2012/2013,2012,192,229.0,train,
kwaggafontein,2013/2014,2013,195,192.0,train,
kwaggafontein,2014/2015,2014,210,195.0,train,
kwaggafontein,2015/2016,2015,276,210.0,train,
kwaggafontein,2016/2017,2016,375,276.0,train,
kwaggafontein,2017/2018,2017,299,375.0,train,
kwaggafontein,2018/2019,2018,350,299.0,train,
kwaggafontein,2019/2020,2019,287,350.0,train,
kwaggafontein,2020/2021,2020,203,287.0,train,
kwaggafontein,2021/2022,2021,212,203.0,train,
kwaggafontein,2022/2023,2022,262,212.0,test,209.66478161019438
kwaggafontein,2023/2024,2023,250,262.0,test,235.05902736945984
kwaggafontein,2024/2025,2024,211,250.0,test,233.12597815919156
kwamakhutha,2011/2012,2011,555,522.0,train,
kwamakhutha,2012/2013,2012,682,555.0,train,
kwamakhutha,2013/2014,2013,576,682.0,train,
kwamakhutha,2014/2015,2014,671,576.0,train,
kwamakhutha,2015/2016,2015,768,671.0,train,
kwamakhutha,2016/2017,2016,760,768.0,train,
kwamakhutha,2017/2018,2017,674,760.0,train,
kwamakhutha,2018/2019,2018,692,674.0,train,
kwamakhutha,2019/2020,2019,758,692.0,train,
kwamakhutha,2020/2021,2020,656,758.0,train,
kwamakhutha,2021/2022,2021,550,656.0,train,
kwamakhutha,2022/2023,2022,517,550.0,test,514.1964990110345
kwamakhutha,2023/2024,2023,554,517.0,test,478.1283969659029
kwamakhutha,2024/2025,2024,525,554.0,test,487.3347304577794
kwamashu,2011/2012,2011,605,385.0,train,
kwamashu,2012/2013,2012,707,605.0,train,
kwamashu,2013/2014,2013,698,707.0,train,
kwamashu,2014/2015,2014,683,698.0,train,
kwamashu,2015/2016,2015,687,683.0,train,
kwamashu,2016/2017,2016,822,687.0,train,
kwamashu,2017/2018,2017,928,822.0,train,
kwamashu,2018/2019,2018,877,928.0,train,
kwamashu,2019/2020,2019,689,877.0,train,
kwamashu,2020/2021,2020,553,689.0,train,
kwamashu,2021/2022,2021,520,553.0,train,
kwamashu,2022/2023,2022,591,520.0,test,510.9731530784097
kwambonambi,2011/2012,2011,458,462.0,train,
kwambonambi,2012/2013,2012,442,458.0,train,
kwambonambi,2013/2014,2013,496,442.0,train,
kwambonambi,2014/2015,2014,463,496.0,train,
kwambonambi,2015/2016,2015,532,463.0,train,
kwambonambi,2016/2017,2016,382,532.0,train,
kwambonambi,2017/2018,2017,382,382.0,train,
kwambonambi,2018/2019,2018,337,382.0,train,
kwambonambi,2019/2020,2019,356,337.0,train,
kwambonambi,2020/2021,2020,322,356.0,train,
kwambonambi,2021/2022,2021,308,322.0,train,
kwambonambi,2022/2023,2022,282,308.0,test,294.7701836952393
kwambonambi,2023/2024,2023,319,282.0,test,271.7043345611008
kwambonambi,2024/2025,2024,230,319.0,test,297.13425678446237
kwamhlanga,2011/2012,2011,595,667.0,train,
kwamhlanga,2012/2013,2012,762,595.0,train,
kwamhlanga,2013/2014,2013,703,762.0,train,
kwamhlanga,2014/2015,2014,764,703.0,train,
kwamhlanga,2015/2016,2015,733,764.0,train,
kwamhlanga,2016/2017,2016,713,733.0,train,
kwamhlanga,2017/2018,2017,735,713.0,train,
kwamhlanga,2018/2019,2018,754,735.0,train,
kwamhlanga,2019/2020,2019,702,754.0,train,
kwamhlanga,2020/2021,2020,497,702.0,train,
kwamhlanga,2021/2022,2021,621,497.0,train,
kwamhlanga,2022/2023,2022,722,621.0,test,557.7932998891922
kwamhlanga,2023/2024,2023,592,722.0,test,642.3008229293416
kwamhlanga,2024/2025,2024,514,592.0,test,567.2651897708357
kwamsane,2011/2012,2011,396,406.0,train,
kwamsane,2012/2013,2012,396,396.0,train,
kwamsane,2013/2014,2013,400,396.0,train,
kwamsane,2014/2015,2014,398,400.0,train,
kwamsane,2015/2016,2015,304,398.0,train,
kwamsane,2016/2017,2016,368,304.0,train,
kwamsane,2017/2018,2017,384,368.0,train,
kwamsane,2018/2019,2018,395,384.0,train,
kwamsane,2019/2020,2019,304,395.0,train,
kwamsane,2020/2021,2020,339,304.0,train,
kwamsane,2021/2022,2021,338,339.0,train,
kwamsane,2022/2023,2022,272,338.0,test,317.15408698377934
kwamsane,2023/2024,2023,317,272.0,test,262.65359795991094
kwamsane,2024/2025,2024,299,317.0,test,292.6876556607096
kwandengane,2011/2012,2011,0,0.0,train,
kwandengane,2012/2013,2012,0,0.0,train,
kwandengane,2013/2014,2013,1,0.0,train,
kwandengane,2014/2015,2014,10,1.0,train,
kwandengane,2015/2016,2015,8,10.0,train,
kwandengane,2016/2017,2016,15,8.0,train,
kwandengane,2017/2018,2017,6,15.0,train,
kwandengane,2018/2019,2018,8,6.0,train,
kwandengane,2019/2020,2019,5,8.0,train,
kwandengane,2020/2021,2020,6,5.0,train,
kwandengane,2021/2022,2021,4,6.0,train,
kwandengane,2022/2023,2022,4,4.0,test,4.1577276593683345
kwandengane,2023/2024,2023,8,4.0,test,3.635691635134229
kwandengane,2024/2025,2024,6,8.0,test,6.3689498911102875
kwandengezi,2011/2012,2011,313,271.0,train,
kwandengezi,2012/2013,2012,305,313.0,train,
kwandengezi,2013/2014,2013,296,305.0,train,
kwandengezi,2014/2015,2014,380,296.0,train,
kwandengezi,2015/2016,2015,362,380.0,train,
kwandengezi,2016/2017,2016,297,362.0,train,
kwandengezi,2017/2018,2017,266,297.0,train,
kwandengezi,2018/2019,2018,292,266.0,train,
kwandengezi,2019/2020,2019,280,292.0,train,
kwandengezi,2020/2021,2020,221,280.0,train,
kwandengezi,2021/2022,2021,214,221.0,train,
kwandengezi,2022/2023,2022,264,214.0,test,207.09436411148388
kwandengezi,2023/2024,2023,300,264.0,test,250.2996419961522
kwandengezi,2024/2025,2024,260,300.0,test,272.4122450934674
kwanobuhle,2011/2012,2011,515,561.0,train,
kwanobuhle,2012/2013,2012,538,515.0,train,
kwanobuhle,2013/2014,2013,518,538.0,train,
kwanobuhle,2014/2015,2014,438,518.0,train,
kwanobuhle,2015/2016,2015,474,438.0,train,
kwanobuhle,2016/2017,2016,390,474.0,train,
kwanobuhle,2017/2018,2017,493,390.0,train,
kwanobuhle,2018/2019,2018,487,493.0,train,
kwanobuhle,2019/2020,2019,537,487.0,train,
kwanobuhle,2020/2021,2020,373,537.0,train,
kwanobuhle,2021/2022,2021,425,373.0,train,
kwanobuhle,2022/2023,2022,464,425.0,test,403.4878211724928
kwanobuhle,2023/2024,2023,373,464.0,test,427.8794384950609
kwanobuhle,2024/2025,2024,452,373.0,test,384.3765125934762
kwanokuthula,2011/2012,2011,210,235.0,train,
kwanokuthula,2012/2013,2012,200,210.0,train,
kwanokuthula,2013/2014,2013,264,200.0,train,
kwanokuthula,2014/2015,2014,367,264.0,train,
kwanokuthula,2015/2016,2015,327,367.0,train,
kwanokuthula,2016/2017,2016,278,327.0,train,
kwanokuthula,2017/2018,2017,221,278.0,train,
kwanokuthula,2018/2019,2018,263,221.0,train,
kwanokuthula,2019/2020,2019,224,263.0,train,
kwanokuthula,2020/2021,2020,179,224.0,train,
kwanokuthula,2021/2022,2021,162,179.0,train,
kwanokuthula,2022/2023,2022,220,162.0,test,161.63201764296556
kwanokuthula,2023/2024,2023,119,220.0,test,190.77973864320393
kwanokuthula,2024/2025,2024,156,119.0,test,125.88394215807641
kwanonqaba,2011/2012,2011,426,382.0,train,
kwanonqaba,2012/2013,2012,530,426.0,train,
kwanonqaba,2013/2014,2013,486,530.0,train,
kwanonqaba,2014/2015,2014,511,486.0,train,
kwanonqaba,2015/2016,2015,412,511.0,train,
kwanonqaba,2016/2017,2016,421,412.0,train,
kwanonqaba,2017/2018,2017,465,421.0,train,
kwanonqaba,2018/2019,2018,495,465.0,train,
kwanonqaba,2019/2020,2019,445,495.0,train,
kwanonqaba,2020/2021,2020,505,445.0,train,
kwanonqaba,2021/2022,2021,302,505.0,train,
kwanonqaba,2022/2023,2022,427,302.0,test,323.1246378985137
kwanonqaba,2023/2024,2023,367,427.0,test,376.23601083498687
kwanonqaba,2024/2025,2024,362,367.0,test,346.4820993065035
kwazakele,2011/2012,2011,1022,894.0,train,
kwazakele,2012/2013,2012,945,1022.0,train,
kwazakele,2013/2014,2013,879,945.0,train,
kwazakele,2014/2015,2014,859,879.0,train,
kwazakele,2015/2016,2015,897,859.0,train,
kwazakele,2016/2017,2016,976,897.0,train,
kwazakele,2017/2018,2017,866,976.0,train,
kwazakele,2018/2019,2018,763,866.0,train,
kwazakele,2019/2020,2019,869,763.0,train,
kwazakele,2020/2021,2020,472,869.0,train,
kwazakele,2021/2022,2021,532,472.0,train,
kwazakele,2022/2023,2022,633,532.0,test,532.6276366655837
kwazakele,2023/2024,2023,577,633.0,test,602.1440045085701
kwazakele,2024/2025,2024,730,577.0,test,557.9198510960143
laaiplek,2011/2012,2011,133,97.0,train,
laaiplek,2012/2013,2012,162,133.0,train,
laaiplek,2013/2014,2013,116,162.0,train,
laaiplek,2014/2015,2014,161,116.0,train,
laaiplek,2015/2016,2015,136,161.0,train,
laaiplek,2016/2017,2016,155,136.0,train,
laaiplek,2017/2018,2017,189,155.0,train,
laaiplek,2018/2019,2018,154,189.0,train,
laaiplek,2019/2020,2019,170,154.0,train,
laaiplek,2020/2021,2020,151,170.0,train,
laaiplek,2021/2022,2021,110,151.0,train,
laaiplek,2022/2023,2022,111,110.0,test,106.32757549669994
laaiplek,2023/2024,2023,153,111.0,test,106.07772812469514
laaiplek,2024/2025,2024,80,153.0,test,135.7758438015153
ladismith,2011/2012,2011,111,120.0,train,
ladismith,2012/2013,2012,123,111.0,train,
ladismith,2013/2014,2013,130,123.0,train,
ladismith,2014/2015,2014,112,130.0,train,
ladismith,2015/2016,2015,102,112.0,train,
ladismith,2016/2017,2016,66,102.0,train,
ladismith,2017/2018,2017,100,66.0,train,
ladismith,2018/2019,2018,135,100.0,train,
ladismith,2019/2020,2019,155,135.0,train,
ladismith,2020/2021,2020,109,155.0,train,
ladismith,2021/2022,2021,110,109.0,train,
ladismith,2022/2023,2022,153,110.0,test,104.36325443981433
ladismith,2023/2024,2023,86,153.0,test,138.4260138275438
ladismith,2024/2025,2024,118,86.0,test,88.0700462840634
lady frere,2011/2012,2011,122,139.0,train,
lady frere,2012/2013,2012,105,122.0,train,
lady frere,2013/2014,2013,107,105.0,train,
lady frere,2014/2015,2014,103,107.0,train,
lady frere,2015/2016,2015,132,103.0,train,
lady frere,2016/2017,2016,138,132.0,train,
lady frere,2017/2018,2017,171,138.0,train,
lady frere,2018/2019,2018,163,171.0,train,
lady frere,2019/2020,2019,162,163.0,train,
lady frere,2020/2021,2020,120,162.0,train,
lady frere,2021/2022,2021,129,120.0,train,
lady frere,2022/2023,2022,91,129.0,test,122.30889238639863
lady grey,2011/2012,2011,57,67.0,train,
lady grey,2012/2013,2012,69,57.0,train,
lady grey,2013/2014,2013,71,69.0,train,
lady grey,2014/2015,2014,59,71.0,train,
lady grey,2015/2016,2015,80,59.0,train,
lady grey,2016/2017,2016,77,80.0,train,
lady grey,2017/2018,2017,57,77.0,train,
lady grey,2018/2019,2018,46,57.0,train,
lady grey,2019/2020,2019,68,46.0,train,
lady grey,2020/2021,2020,63,68.0,train,
lady grey,2021/2022,2021,78,63.0,train,
lady grey,2022/2023,2022,85,78.0,test,71.46726660380988
lady grey,2023/2024,2023,63,85.0,test,78.7924587698975
lady grey,2024/2025,2024,53,63.0,test,65.08797606345873
ladybrand,2011/2012,2011,292,311.0,train,
ladybrand,2012/2013,2012,237,292.0,train,
ladybrand,2013/2014,2013,274,237.0,train,
ladybrand,2014/2015,2014,228,274.0,train,
ladybrand,2015/2016,2015,224,228.0,train,
ladybrand,2016/2017,2016,182,224.0,train,
ladybrand,2017/2018,2017,249,182.0,train,
ladybrand,2018/2019,2018,280,249.0,train,
ladybrand,2019/2020,2019,193,280.0,train,
ladybrand,2020/2021,2020,172,193.0,train,
ladybrand,2021/2022,2021,195,172.0,train,
ladybrand,2022/2023,2022,229,195.0,test,172.7839904288428
ladybrand,2023/2024,2023,193,229.0,test,198.08867645294453
ladybrand,2024/2025,2024,167,193.0,test,181.15821711504842
ladysmith,2011/2012,2011,852,930.0,train,
ladysmith,2012/2013,2012,1022,852.0,train,
ladysmith,2013/2014,2013,1162,1022.0,train,
ladysmith,2014/2015,2014,1006,1162.0,train,
ladysmith,2015/2016,2015,831,1006.0,train,
ladysmith,2016/2017,2016,791,831.0,train,
ladysmith,2017/2018,2017,752,791.0,train,
ladysmith,2018/2019,2018,750,752.0,train,
ladysmith,2019/2020,2019,813,750.0,train,
ladysmith,2020/2021,2020,540,813.0,train,
ladysmith,2021/2022,2021,741,540.0,train,
ladysmith,2022/2023,2022,827,741.0,test,672.4025333287346
ladysmith,2023/2024,2023,759,827.0,test,755.5972004861493
ladysmith,2024/2025,2024,712,759.0,test,685.3683396462667
laersdrift,2011/2012,2011,41,42.0,train,
laersdrift,2012/2013,2012,34,41.0,train,
laersdrift,2013/2014,2013,34,34.0,train,
laersdrift,2014/2015,2014,60,34.0,train,
laersdrift,2015/2016,2015,43,60.0,train,
laersdrift,2016/2017,2016,47,43.0,train,
laersdrift,2017/2018,2017,47,47.0,train,
laersdrift,2018/2019,2018,30,47.0,train,
laersdrift,2019/2020,2019,29,30.0,train,
laersdrift,2020/2021,2020,19,29.0,train,
laersdrift,2021/2022,2021,16,19.0,train,
laersdrift,2022/2023,2022,16,16.0,test,18.327656814980973
laersdrift,2023/2024,2023,20,16.0,test,15.808417669112053
laersdrift,2024/2025,2024,8,20.0,test,17.790951025022068
laingsburg,2011/2012,2011,85,66.0,train,
laingsburg,2012/2013,2012,167,85.0,train,
laingsburg,2013/2014,2013,149,167.0,train,
laingsburg,2014/2015,2014,207,149.0,train,
laingsburg,2015/2016,2015,155,207.0,train,
laingsburg,2016/2017,2016,109,155.0,train,
laingsburg,2017/2018,2017,95,109.0,train,
laingsburg,2018/2019,2018,64,95.0,train,
laingsburg,2019/2020,2019,54,64.0,train,
laingsburg,2020/2021,2020,59,54.0,train,
laingsburg,2021/2022,2021,55,59.0,train,
laingsburg,2022/2023,2022,94,55.0,test,56.35824435416976
laingsburg,2023/2024,2023,75,94.0,test,86.60263015547848
laingsburg,2024/2025,2024,63,75.0,test,75.248686914473
lambertsbaai,2011/2012,2011,84,64.0,train,
lambertsbaai,2012/2013,2012,85,84.0,train,
lambertsbaai,2013/2014,2013,88,85.0,train,
lambertsbaai,2014/2015,2014,145,88.0,train,
lambertsbaai,2015/2016,2015,84,145.0,train,
lambertsbaai,2016/2017,2016,82,84.0,train,
lambertsbaai,2017/2018,2017,66,82.0,train,
lambertsbaai,2018/2019,2018,58,66.0,train,
lambertsbaai,2019/2020,2019,79,58.0,train,
lambertsbaai,2020/2021,2020,57,79.0,train,
lambertsbaai,2021/2022,2021,59,57.0,train,
lambertsbaai,2022/2023,2022,80,59.0,test,58.70667927681816
lambertsbaai,2023/2024,2023,42,80.0,test,73.30785968108411
lambertsbaai,2024/2025,2024,37,42.0,test,46.65991035270243
lamontville,2011/2012,2011,174,174.0,train,
lamontville,2012/2013,2012,186,174.0,train,
lamontville,2013/2014,2013,185,186.0,train,
lamontville,2014/2015,2014,194,185.0,train,
lamontville,2015/2016,2015,188,194.0,train,
lamontville,2016/2017,2016,176,188.0,train,
lamontville,2017/2018,2017,108,176.0,train,
lamontville,2018/2019,2018,64,108.0,train,
lamontville,2019/2020,2019,54,64.0,train,
lamontville,2020/2021,2020,59,54.0,train,
lamontville,2021/2022,2021,55,59.0,train,
lamontville,2022/2023,2022,94,55.0,test,56.257690271912786
lamontville,2023/2024,2023,119,94.0,test,87.52007433167266
lamontville,2024/2025,2024,104,119.0,test,111.83688853920226
langa,2011/2012,2011,382,350.0,train,
langa,2012/2013,2012,425,382.0,train,
langa,2013/2014,2013,448,425.0,train,
langa,2014/2015,2014,453,448.0,train,
langa,2015/2016,2015,471,453.0,train,
langa,2016/2017,2016,570,471.0,train,
langa,2017/2018,2017,513,570.0,train,
langa,2018/2019,2018,487,513.0,train,
langa,2019/2020,2019,453,487.0,train,
langa,2020/2021,2020,271,453.0,train,
langa,2021/2022,2021,320,271.0,train,
langa,2022/2023,2022,354,320.0,test,314.3195829428085
langa,2023/2024,2023,425,354.0,test,325.4994222800047
langa,2024/2025,2024,421,425.0,test,376.67243463756364
langebaan,2011/2012,2011,167,141.0,train,
langebaan,2012/2013,2012,273,167.0,train,
langebaan,2013/2014,2013,135,273.0,train,
langebaan,2014/2015,2014,181,135.0,train,
langebaan,2015/2016,2015,211,181.0,train,
langebaan,2016/2017,2016,211,211.0,train,
langebaan,2017/2018,2017,227,211.0,train,
langebaan,2018/2019,2018,190,227.0,train,
langebaan,2019/2020,2019,204,190.0,train,
langebaan,2020/2021,2020,182,204.0,train,
langebaan,2021/2022,2021,224,182.0,train,
langebaan,2022/2023,2022,225,224.0,test,198.86514673364513
langebaan,2023/2024,2023,191,225.0,test,190.43063888027086
langebaan,2024/2025,2024,136,191.0,test,176.6674090861511
langlaagte,2011/2012,2011,560,486.0,train,
langlaagte,2012/2013,2012,421,560.0,train,
langlaagte,2013/2014,2013,492,421.0,train,
langlaagte,2014/2015,2014,494,492.0,train,
langlaagte,2015/2016,2015,467,494.0,train,
langlaagte,2016/2017,2016,454,467.0,train,
langlaagte,2017/2018,2017,439,454.0,train,
langlaagte,2018/2019,2018,428,439.0,train,
langlaagte,2019/2020,2019,397,428.0,train,
langlaagte,2020/2021,2020,305,397.0,train,
langlaagte,2021/2022,2021,297,305.0,train,
langlaagte,2022/2023,2022,278,297.0,test,293.10474452733246
langlaagte,2023/2024,2023,212,278.0,test,266.58035904138967
langlaagte,2024/2025,2024,211,212.0,test,216.22370761029626
lansdowne,2011/2012,2011,1435,1704.0,train,
lansdowne,2012/2013,2012,1432,1435.0,train,
lansdowne,2013/2014,2013,1483,1432.0,train,
lansdowne,2014/2015,2014,1223,1483.0,train,
lansdowne,2015/2016,2015,1098,1223.0,train,
lansdowne,2016/2017,2016,930,1098.0,train,
lansdowne,2017/2018,2017,783,930.0,train,
lansdowne,2018/2019,2018,738,783.0,train,
lansdowne,2019/2020,2019,507,738.0,train,
lansdowne,2020/2021,2020,376,507.0,train,
lansdowne,2021/2022,2021,329,376.0,train,
lansdowne,2022/2023,2022,373,329.0,test,342.18754378248144
lansdowne,2023/2024,2023,433,373.0,test,354.77112548838113
lansdowne,2024/2025,2024,346,433.0,test,401.2083903739427
laudium,2011/2012,2011,338,310.0,train,
laudium,2012/2013,2012,308,338.0,train,
laudium,2013/2014,2013,275,308.0,train,
laudium,2014/2015,2014,308,275.0,train,
laudium,2015/2016,2015,269,308.0,train,
laudium,2016/2017,2016,228,269.0,train,
laudium,2017/2018,2017,174,228.0,train,
laudium,2018/2019,2018,195,174.0,train,
laudium,2019/2020,2019,237,195.0,train,
laudium,2020/2021,2020,145,237.0,train,
laudium,2021/2022,2021,155,145.0,train,
laudium,2022/2023,2022,183,155.0,test,160.44758821378463
laudium,2023/2024,2023,181,183.0,test,171.9224858259378
laudium,2024/2025,2024,117,181.0,test,170.3602299199509
leboeng,2011/2012,2011,29,30.0,train,
leboeng,2012/2013,2012,34,29.0,train,
leboeng,2013/2014,2013,36,34.0,train,
leboeng,2014/2015,2014,32,36.0,train,
leboeng,2015/2016,2015,42,32.0,train,
leboeng,2016/2017,2016,31,42.0,train,
leboeng,2017/2018,2017,25,31.0,train,
leboeng,2018/2019,2018,26,25.0,train,
leboeng,2019/2020,2019,20,26.0,train,
leboeng,2020/2021,2020,10,20.0,train,
leboeng,2021/2022,2021,28,10.0,train,
leboeng,2022/2023,2022,22,28.0,test,22.425602467827055
leboeng,2023/2024,2023,27,22.0,test,22.26204738121601
leboeng,2024/2025,2024,20,27.0,test,24.018364207597354
lebowakgomo,2011/2012,2011,440,308.0,train,
lebowakgomo,2012/2013,2012,389,440.0,train,
lebowakgomo,2013/2014,2013,383,389.0,train,
lebowakgomo,2014/2015,2014,515,383.0,train,
lebowakgomo,2015/2016,2015,641,515.0,train,
lebowakgomo,2016/2017,2016,477,641.0,train,
lebowakgomo,2017/2018,2017,460,477.0,train,
lebowakgomo,2018/2019,2018,533,460.0,train,
lebowakgomo,2019/2020,2019,490,533.0,train,
lebowakgomo,2020/2021,2020,515,490.0,train,
lebowakgomo,2021/2022,2021,440,515.0,train,
lebowakgomo,2022/2023,2022,452,440.0,test,405.40655408165577
lebowakgomo,2023/2024,2023,556,452.0,test,404.88040618053066
lebowakgomo,2024/2025,2024,473,556.0,test,483.49843025344967
leeu gamka,2011/2012,2011,26,14.0,train,
leeu gamka,2012/2013,2012,33,26.0,train,
leeu gamka,2013/2014,2013,46,33.0,train,
leeu gamka,2014/2015,2014,54,46.0,train,
leeu gamka,2015/2016,2015,48,54.0,train,
leeu gamka,2016/2017,2016,65,48.0,train,
leeu gamka,2017/2018,2017,99,65.0,train,
leeu gamka,2018/2019,2018,71,99.0,train,
leeu gamka,2019/2020,2019,106,71.0,train,
leeu gamka,2020/2021,2020,92,106.0,train,
leeu gamka,2021/2022,2021,68,92.0,train,
leeu gamka,2022/2023,2022,60,68.0,test,69.50778093945101
leeu gamka,2023/2024,2023,67,60.0,test,60.36674484512624
leeu gamka,2024/2025,2024,65,67.0,test,63.709812509681704
leeudoringstad,2011/2012,2011,62,58.0,train,
leeudoringstad,2012/2013,2012,70,62.0,train,
leeudoringstad,2013/2014,2013,71,70.0,train,
leeudoringstad,2014/2015,2014,93,71.0,train,
leeudoringstad,2015/2016,2015,108,93.0,train,
leeudoringstad,2016/2017,2016,117,108.0,train,
leeudoringstad,2017/2018,2017,78,117.0,train,
leeudoringstad,2018/2019,2018,119,78.0,train,
leeudoringstad,2019/2020,2019,75,119.0,train,
leeudoringstad,2020/2021,2020,74,75.0,train,
leeudoringstad,2021/2022,2021,123,74.0,train,
leeudoringstad,2022/2023,2022,88,123.0,test,109.1671777417824
leeudoringstad,2023/2024,2023,66,88.0,test,87.45598307521665
leeudoringstad,2024/2025,2024,74,66.0,test,71.55637475374833
lehurutshe,2011/2012,2011,174,144.0,train,
lehurutshe,2012/2013,2012,180,174.0,train,
lehurutshe,2013/2014,2013,152,180.0,train,
lehurutshe,2014/2015,2014,204,152.0,train,
lehurutshe,2015/2016,2015,234,204.0,train,
lehurutshe,2016/2017,2016,228,234.0,train,
lehurutshe,2017/2018,2017,152,228.0,train,
lehurutshe,2018/2019,2018,151,152.0,train,
lehurutshe,2019/2020,2019,172,151.0,train,
lehurutshe,2020/2021,2020,140,172.0,train,
lehurutshe,2021/2022,2021,120,140.0,train,
lehurutshe,2022/2023,2022,124,120.0,test,115.06922285938502
lehurutshe,2023/2024,2023,117,124.0,test,114.1424545121851
lehurutshe,2024/2025,2024,126,117.0,test,111.82586806590304
lenasia,2011/2012,2011,833,826.0,train,
lenasia,2012/2013,2012,822,833.0,train,
lenasia,2013/2014,2013,893,822.0,train,
lenasia,2014/2015,2014,811,893.0,train,
lenasia,2015/2016,2015,873,811.0,train,
lenasia,2016/2017,2016,786,873.0,train,
lenasia,2017/2018,2017,841,786.0,train,
lenasia,2018/2019,2018,853,841.0,train,
lenasia,2019/2020,2019,751,853.0,train,
lenasia,2020/2021,2020,538,751.0,train,
lenasia,2021/2022,2021,704,538.0,train,
lenasia,2022/2023,2022,635,704.0,test,669.8162943211338
lenasia,2023/2024,2023,746,635.0,test,620.1746104184429
lenasia,2024/2025,2024,696,746.0,test,694.3031237820759
lenasia south,2011/2012,2011,553,596.0,train,
lenasia south,2012/2013,2012,762,553.0,train,
lenasia south,2013/2014,2013,757,762.0,train,
lenasia south,2014/2015,2014,699,757.0,train,
lenasia south,2015/2016,2015,718,699.0,train,
lenasia south,2016/2017,2016,663,718.0,train,
lenasia south,2017/2018,2017,746,663.0,train,
lenasia south,2018/2019,2018,688,746.0,train,
lenasia south,2019/2020,2019,564,688.0,train,
lenasia south,2020/2021,2020,403,564.0,train,
lenasia south,2021/2022,2021,553,403.0,train,
lenasia south,2022/2023,2022,510,553.0,test,524.5953941804344
lenasia south,2023/2024,2023,508,510.0,test,499.8179035761893
lenasia south,2024/2025,2024,459,508.0,test,492.37604642919706
lentegeur,2011/2012,2011,0,0.0,train,
lentegeur,2012/2013,2012,0,0.0,train,
lentegeur,2013/2014,2013,792,0.0,train,
lentegeur,2014/2015,2014,1458,792.0,train,
lentegeur,2015/2016,2015,1324,1458.0,train,
lentegeur,2016/2017,2016,1160,1324.0,train,
lentegeur,2017/2018,2017,1068,1160.0,train,
lentegeur,2018/2019,2018,893,1068.0,train,
lentegeur,2019/2020,2019,863,893.0,train,
lentegeur,2020/2021,2020,559,863.0,train,
lentegeur,2021/2022,2021,551,559.0,train,
lentegeur,2022/2023,2022,572,551.0,test,538.3631896367606
lentegeur,2023/2024,2023,647,572.0,test,526.1118621270525
lentegeur,2024/2025,2024,481,647.0,test,587.7122707851406
lephalale,2011/2012,2011,563,402.0,train,
lephalale,2012/2013,2012,749,563.0,train,
lephalale,2013/2014,2013,811,749.0,train,
lephalale,2014/2015,2014,669,811.0,train,
lephalale,2015/2016,2015,498,669.0,train,
lephalale,2016/2017,2016,549,498.0,train,
lephalale,2017/2018,2017,471,549.0,train,
lephalale,2018/2019,2018,544,471.0,train,
lephalale,2019/2020,2019,545,544.0,train,
lephalale,2020/2021,2020,245,545.0,train,
lephalale,2021/2022,2021,249,245.0,train,
lephalale,2022/2023,2022,255,249.0,test,253.28660054810638
lephalale,2023/2024,2023,237,255.0,test,232.4148430919528
lephalale,2024/2025,2024,252,237.0,test,223.36048246292836
leslie,2011/2012,2011,197,288.0,train,
leslie,2012/2013,2012,232,197.0,train,
leslie,2013/2014,2013,252,232.0,train,
leslie,2014/2015,2014,220,252.0,train,
leslie,2015/2016,2015,242,220.0,train,
leslie,2016/2017,2016,313,242.0,train,
leslie,2017/2018,2017,336,313.0,train,
leslie,2018/2019,2018,273,336.0,train,
leslie,2019/2020,2019,218,273.0,train,
leslie,2020/2021,2020,164,218.0,train,
leslie,2021/2022,2021,169,164.0,train,
leslie,2022/2023,2022,191,169.0,test,166.37981305549184
leslie,2023/2024,2023,150,191.0,test,178.31125215437393
leslie,2024/2025,2024,127,150.0,test,144.84268811804554
lethabong,2011/2012,2011,49,55.0,train,
lethabong,2012/2013,2012,65,49.0,train,
lethabong,2013/2014,2013,67,65.0,train,
lethabong,2014/2015,2014,90,67.0,train,
lethabong,2015/2016,2015,107,90.0,train,
lethabong,2016/2017,2016,122,107.0,train,
lethabong,2017/2018,2017,89,122.0,train,
lethabong,2018/2019,2018,73,89.0,train,
lethabong,2019/2020,2019,65,73.0,train,
lethabong,2020/2021,2020,66,65.0,train,
lethabong,2021/2022,2021,86,66.0,train,
lethabong,2022/2023,2022,124,86.0,test,80.30682895748234
lethabong,2023/2024,2023,94,124.0,test,113.06689652132503
lethabong,2024/2025,2024,83,94.0,test,94.53272871277133
letlhabile,2011/2012,2011,592,619.0,train,
letlhabile,2012/2013,2012,484,592.0,train,
letlhabile,2013/2014,2013,638,484.0,train,
letlhabile,2014/2015,2014,642,638.0,train,
letlhabile,2015/2016,2015,574,642.0,train,
letlhabile,2016/2017,2016,667,574.0,train,
letlhabile,2017/2018,2017,600,667.0,train,
letlhabile,2018/2019,2018,557,600.0,train,
letlhabile,2019/2020,2019,537,557.0,train,
letlhabile,2020/2021,2020,428,537.0,train,
letlhabile,2021/2022,2021,385,428.0,train,
letlhabile,2022/2023,2022,435,385.0,test,380.8425169873516
letlhabile,2023/2024,2023,415,435.0,test,379.0908636121353
letlhabile,2024/2025,2024,367,415.0,test,366.5803427709624
letsitele,2011/2012,2011,328,277.0,train,
letsitele,2012/2013,2012,308,328.0,train,
letsitele,2013/2014,2013,329,308.0,train,
letsitele,2014/2015,2014,236,329.0,train,
letsitele,2015/2016,2015,272,236.0,train,
letsitele,2016/2017,2016,296,272.0,train,
letsitele,2017/2018,2017,285,296.0,train,
letsitele,2018/2019,2018,241,285.0,train,
letsitele,2019/2020,2019,248,241.0,train,
letsitele,2020/2021,2020,269,248.0,train,
letsitele,2021/2022,2021,275,269.0,train,
letsitele,2022/2023,2022,268,275.0,test,241.86551704759523
letsitele,2023/2024,2023,225,268.0,test,241.93257226135742
letsitele,2024/2025,2024,195,225.0,test,217.22882783164113
levubu,2011/2012,2011,205,173.0,train,
levubu,2012/2013,2012,219,205.0,train,
levubu,2013/2014,2013,250,219.0,train,
levubu,2014/2015,2014,190,250.0,train,
levubu,2015/2016,2015,158,190.0,train,
levubu,2016/2017,2016,227,158.0,train,
levubu,2017/2018,2017,135,227.0,train,
levubu,2018/2019,2018,114,135.0,train,
levubu,2019/2020,2019,125,114.0,train,
levubu,2020/2021,2020,135,125.0,train,
levubu,2021/2022,2021,155,135.0,train,
levubu,2022/2023,2022,165,155.0,test,143.92979112987766
levubu,2023/2024,2023,169,165.0,test,154.1158278150784
levubu,2024/2025,2024,125,169.0,test,156.70756904576893
libode,2011/2012,2011,226,296.0,train,
libode,2012/2013,2012,241,226.0,train,
libode,2013/2014,2013,404,241.0,train,
libode,2014/2015,2014,216,404.0,train,
libode,2015/2016,2015,298,216.0,train,
libode,2016/2017,2016,271,298.0,train,
libode,2017/2018,2017,248,271.0,train,
libode,2018/2019,2018,245,248.0,train,
libode,2019/2020,2019,257,245.0,train,
libode,2020/2021,2020,221,257.0,train,
libode,2021/2022,2021,200,221.0,train,
libode,2022/2023,2022,239,200.0,test,195.95925557756863
libode,2023/2024,2023,252,239.0,test,219.6298607491146
libode,2024/2025,2024,248,252.0,test,238.04920264597186
lichtenburg,2011/2012,2011,476,422.0,train,
lichtenburg,2012/2013,2012,528,476.0,train,
lichtenburg,2013/2014,2013,567,528.0,train,
lichtenburg,2014/2015,2014,543,567.0,train,
lichtenburg,2015/2016,2015,566,543.0,train,
lichtenburg,2016/2017,2016,566,566.0,train,
lichtenburg,2017/2018,2017,728,566.0,train,
lichtenburg,2018/2019,2018,647,728.0,train,
lichtenburg,2019/2020,2019,521,647.0,train,
lichtenburg,2020/2021,2020,542,521.0,train,
lichtenburg,2021/2022,2021,548,542.0,train,
lichtenburg,2022/2023,2022,544,548.0,test,475.0854885068912
lichtenburg,2023/2024,2023,350,544.0,test,469.8460769712281
lichtenburg,2024/2025,2024,310,350.0,test,364.85799184286753
lime acres,2011/2012,2011,13,42.0,train,
lime acres,2012/2013,2012,32,13.0,train,
lime acres,2013/2014,2013,30,32.0,train,
lime acres,2014/2015,2014,35,30.0,train,
lime acres,2015/2016,2015,27,35.0,train,
lime acres,2016/2017,2016,59,27.0,train,
lime acres,2017/2018,2017,56,59.0,train,
lime acres,2018/2019,2018,32,56.0,train,
lime acres,2019/2020,2019,29,32.0,train,
lime acres,2020/2021,2020,11,29.0,train,
lime acres,2021/2022,2021,16,11.0,train,
lime acres,2022/2023,2022,24,16.0,test,15.022164283994195
lime acres,2023/2024,2023,19,24.0,test,19.70353662905499
lime acres,2024/2025,2024,15,19.0,test,20.584593996637622
linden,2011/2012,2011,1818,2282.0,train,
linden,2012/2013,2012,2105,1818.0,train,
linden,2013/2014,2013,1971,2105.0,train,
linden,2014/2015,2014,2152,1971.0,train,
linden,2015/2016,2015,2206,2152.0,train,
linden,2016/2017,2016,2059,2206.0,train,
linden,2017/2018,2017,2063,2059.0,train,
linden,2018/2019,2018,1746,2063.0,train,
linden,2019/2020,2019,1907,1746.0,train,
linden,2020/2021,2020,970,1907.0,train,
linden,2021/2022,2021,1144,970.0,train,
linden,2022/2023,2022,996,1144.0,test,1126.471532368727
linden,2023/2024,2023,1001,996.0,test,970.9701731528278
linden,2024/2025,2024,734,1001.0,test,957.1615886621453
lindley,2011/2012,2011,32,27.0,train,
lindley,2012/2013,2012,38,32.0,train,
lindley,2013/2014,2013,33,38.0,train,
lindley,2014/2015,2014,44,33.0,train,
lindley,2015/2016,2015,31,44.0,train,
lindley,2016/2017,2016,19,31.0,train,
lindley,2017/2018,2017,25,19.0,train,
lindley,2018/2019,2018,23,25.0,train,
lindley,2019/2020,2019,33,23.0,train,
lindley,2020/2021,2020,33,33.0,train,
lindley,2021/2022,2021,21,33.0,train,
lindley,2022/2023,2022,30,21.0,test,22.733323191897103
lindley,2023/2024,2023,27,30.0,test,26.003693590420117
lindley,2024/2025,2024,29,27.0,test,26.221818867739135
lingelethu-west,2011/2012,2011,643,517.0,train,
lingelethu-west,2012/2013,2012,617,643.0,train,
lingelethu-west,2013/2014,2013,790,617.0,train,
lingelethu-west,2014/2015,2014,771,790.0,train,
lingelethu-west,2015/2016,2015,812,771.0,train,
lingelethu-west,2016/2017,2016,809,812.0,train,
lingelethu-west,2017/2018,2017,690,809.0,train,
lingelethu-west,2018/2019,2018,837,690.0,train,
lingelethu-west,2019/2020,2019,727,837.0,train,
lingelethu-west,2020/2021,2020,571,727.0,train,
lingelethu-west,2021/2022,2021,568,571.0,train,
lingelethu-west,2022/2023,2022,600,568.0,test,555.3637903528092
lingelethu-west,2023/2024,2023,692,600.0,test,557.8987277780243
lingelethu-west,2024/2025,2024,690,692.0,test,643.5159982296573
loate,2011/2012,2011,562,604.0,train,
loate,2012/2013,2012,560,562.0,train,
loate,2013/2014,2013,811,560.0,train,
loate,2014/2015,2014,611,811.0,train,
loate,2015/2016,2015,522,611.0,train,
loate,2016/2017,2016,608,522.0,train,
loate,2017/2018,2017,588,608.0,train,
loate,2018/2019,2018,557,588.0,train,
loate,2019/2020,2019,486,557.0,train,
loate,2020/2021,2020,406,486.0,train,
loate,2021/2022,2021,471,406.0,train,
loate,2022/2023,2022,460,471.0,test,454.239678716639
loate,2023/2024,2023,569,460.0,test,451.5606727871874
loate,2024/2025,2024,549,569.0,test,531.7659040827907
loeriesfontein,2011/2012,2011,10,15.0,train,
loeriesfontein,2012/2013,2012,12,10.0,train,
loeriesfontein,2013/2014,2013,23,12.0,train,
loeriesfontein,2014/2015,2014,30,23.0,train,
loeriesfontein,2015/2016,2015,17,30.0,train,
loeriesfontein,2016/2017,2016,16,17.0,train,
loeriesfontein,2017/2018,2017,26,16.0,train,
loeriesfontein,2018/2019,2018,17,26.0,train,
loeriesfontein,2019/2020,2019,15,17.0,train,
loeriesfontein,2020/2021,2020,24,15.0,train,
loeriesfontein,2021/2022,2021,29,24.0,train,
loeriesfontein,2022/2023,2022,16,29.0,test,24.331737909875166
loeriesfontein,2023/2024,2023,17,16.0,test,19.36949981443225
loeriesfontein,2024/2025,2024,5,17.0,test,16.73456915417171
lomanyaneng,2011/2012,2011,193,179.0,train,
lomanyaneng,2012/2013,2012,222,193.0,train,
lomanyaneng,2013/2014,2013,209,222.0,train,
lomanyaneng,2014/2015,2014,190,209.0,train,
lomanyaneng,2015/2016,2015,229,190.0,train,
lomanyaneng,2016/2017,2016,265,229.0,train,
lomanyaneng,2017/2018,2017,266,265.0,train,
lomanyaneng,2018/2019,2018,304,266.0,train,
lomanyaneng,2019/2020,2019,266,304.0,train,
lomanyaneng,2020/2021,2020,218,266.0,train,
lomanyaneng,2021/2022,2021,224,218.0,train,
lomanyaneng,2022/2023,2022,195,224.0,test,200.9482050519209
lomanyaneng,2023/2024,2023,168,195.0,test,175.7838598262286
lomanyaneng,2024/2025,2024,196,168.0,test,172.508725021044
lothair,2011/2012,2011,29,47.0,train,
lothair,2012/2013,2012,26,29.0,train,
lothair,2013/2014,2013,17,26.0,train,
lothair,2014/2015,2014,29,17.0,train,
lothair,2015/2016,2015,41,29.0,train,
lothair,2016/2017,2016,51,41.0,train,
lothair,2017/2018,2017,47,51.0,train,
lothair,2018/2019,2018,40,47.0,train,
lothair,2019/2020,2019,46,40.0,train,
lothair,2020/2021,2020,32,46.0,train,
lothair,2021/2022,2021,26,32.0,train,
lothair,2022/2023,2022,34,26.0,test,27.729825442017436
lothair,2023/2024,2023,38,34.0,test,29.216705753048807
lothair,2024/2025,2024,47,38.0,test,34.408667281389164
louwsburg,2011/2012,2011,28,48.0,train,
louwsburg,2012/2013,2012,54,28.0,train,
louwsburg,2013/2014,2013,41,54.0,train,
louwsburg,2014/2015,2014,36,41.0,train,
louwsburg,2015/2016,2015,19,36.0,train,
louwsburg,2016/2017,2016,19,19.0,train,
louwsburg,2017/2018,2017,22,19.0,train,
louwsburg,2018/2019,2018,30,22.0,train,
louwsburg,2019/2020,2019,11,30.0,train,
louwsburg,2020/2021,2020,12,11.0,train,
louwsburg,2021/2022,2021,21,12.0,train,
louwsburg,2022/2023,2022,25,21.0,test,16.124119845312226
louwsburg,2023/2024,2023,17,25.0,test,21.44045716403289
louwsburg,2024/2025,2024,17,17.0,test,18.756071606392023
low's creek,2011/2012,2011,21,41.0,train,
low's creek,2012/2013,2012,12,21.0,train,
low's creek,2013/2014,2013,12,12.0,train,
low's creek,2014/2015,2014,9,12.0,train,
low's creek,2015/2016,2015,5,9.0,train,
low's creek,2016/2017,2016,7,5.0,train,
low's creek,2017/2018,2017,9,7.0,train,
low's creek,2018/2019,2018,8,9.0,train,
low's creek,2019/2020,2019,4,8.0,train,
low's creek,2020/2021,2020,5,4.0,train,
low's creek,2021/2022,2021,7,5.0,train,
low's creek,2022/2023,2022,14,7.0,test,5.830314853177327
low's creek,2023/2024,2023,10,14.0,test,11.501212412676406
low's creek,2024/2025,2024,3,10.0,test,11.430359981106498
loxton,2011/2012,2011,7,10.0,train,
loxton,2012/2013,2012,8,7.0,train,
loxton,2013/2014,2013,12,8.0,train,
loxton,2014/2015,2014,15,12.0,train,
loxton,2015/2016,2015,13,15.0,train,
loxton,2016/2017,2016,4,13.0,train,
loxton,2017/2018,2017,10,4.0,train,
loxton,2018/2019,2018,4,10.0,train,
loxton,2019/2020,2019,12,4.0,train,
loxton,2020/2021,2020,11,12.0,train,
loxton,2021/2022,2021,11,11.0,train,
loxton,2022/2023,2022,9,11.0,test,10.63241189018049
loxton,2023/2024,2023,9,9.0,test,10.208147725335525
loxton,2024/2025,2024,4,9.0,test,8.895270692730557
luckhoff,2011/2012,2011,35,21.0,train,
luckhoff,2012/2013,2012,21,35.0,train,
luckhoff,2013/2014,2013,19,21.0,train,
luckhoff,2014/2015,2014,23,19.0,train,
luckhoff,2015/2016,2015,17,23.0,train,
luckhoff,2016/2017,2016,25,17.0,train,
luckhoff,2017/2018,2017,17,25.0,train,
luckhoff,2018/2019,2018,11,17.0,train,
luckhoff,2019/2020,2019,8,11.0,train,
luckhoff,2020/2021,2020,11,8.0,train,
luckhoff,2021/2022,2021,2,11.0,train,
luckhoff,2022/2023,2022,4,2.0,test,5.754099039362112
luckhoff,2023/2024,2023,11,4.0,test,3.6310840565692706
luckhoff,2024/2025,2024,14,11.0,test,8.826609459217257
lukholweni,2011/2012,2011,18,9.0,train,
lukholweni,2012/2013,2012,13,18.0,train,
lukholweni,2013/2014,2013,16,13.0,train,
lukholweni,2014/2015,2014,20,16.0,train,
lukholweni,2015/2016,2015,24,20.0,train,
lukholweni,2016/2017,2016,23,24.0,train,
lukholweni,2017/2018,2017,5,23.0,train,
lukholweni,2018/2019,2018,8,5.0,train,
lukholweni,2019/2020,2019,2,8.0,train,
lukholweni,2020/2021,2020,2,2.0,train,
lukholweni,2021/2022,2021,5,2.0,train,
lukholweni,2022/2023,2022,5,5.0,test,3.5716807377550466
lukholweni,2023/2024,2023,1,5.0,test,4.877099555165862
lukholweni,2024/2025,2024,4,1.0,test,2.2826911680579394
lulekani,2011/2012,2011,136,103.0,train,
lulekani,2012/2013,2012,186,136.0,train,
lulekani,2013/2014,2013,165,186.0,train,
lulekani,2014/2015,2014,104,165.0,train,
lulekani,2015/2016,2015,159,104.0,train,
lulekani,2016/2017,2016,175,159.0,train,
lulekani,2017/2018,2017,145,175.0,train,
lulekani,2018/2019,2018,235,145.0,train,
lulekani,2019/2020,2019,168,235.0,train,
lulekani,2020/2021,2020,114,168.0,train,
lulekani,2021/2022,2021,161,114.0,train,
lulekani,2022/2023,2022,141,161.0,test,141.85026462438873
lulekani,2023/2024,2023,217,141.0,test,131.33796367900342
lulekani,2024/2025,2024,183,217.0,test,180.17320918732682
lusikisiki,2011/2012,2011,434,429.0,train,
lusikisiki,2012/2013,2012,290,434.0,train,
lusikisiki,2013/2014,2013,380,290.0,train,
lusikisiki,2014/2015,2014,315,380.0,train,
lusikisiki,2015/2016,2015,357,315.0,train,
lusikisiki,2016/2017,2016,264,357.0,train,
lusikisiki,2017/2018,2017,329,264.0,train,
lusikisiki,2018/2019,2018,429,329.0,train,
lusikisiki,2019/2020,2019,400,429.0,train,
lusikisiki,2020/2021,2020,531,400.0,train,
lusikisiki,2021/2022,2021,400,531.0,train,
lusikisiki,2022/2023,2022,449,400.0,test,392.0708047875347
lusikisiki,2023/2024,2023,391,449.0,test,399.7714139906619
lusikisiki,2024/2025,2024,405,391.0,test,358.3288730055393
lutzville,2011/2012,2011,84,91.0,train,
lutzville,2012/2013,2012,102,84.0,train,
lutzville,2013/2014,2013,124,102.0,train,
lutzville,2014/2015,2014,160,124.0,train,
lutzville,2015/2016,2015,134,160.0,train,
lutzville,2016/2017,2016,177,134.0,train,
lutzville,2017/2018,2017,129,177.0,train,
lutzville,2018/2019,2018,110,129.0,train,
lutzville,2019/2020,2019,130,110.0,train,
lutzville,2020/2021,2020,156,130.0,train,
lutzville,2021/2022,2021,113,156.0,train,
lutzville,2022/2023,2022,144,113.0,test,108.38210420808616
lutzville,2023/2024,2023,183,144.0,test,133.42502178780762
lutzville,2024/2025,2024,152,183.0,test,152.65902159432795
lwandle,2011/2012,2011,287,268.0,train,
lwandle,2012/2013,2012,292,287.0,train,
lwandle,2013/2014,2013,302,292.0,train,
lwandle,2014/2015,2014,400,302.0,train,
lwandle,2015/2016,2015,427,400.0,train,
lwandle,2016/2017,2016,532,427.0,train,
lwandle,2017/2018,2017,601,532.0,train,
lwandle,2018/2019,2018,456,601.0,train,
lwandle,2019/2020,2019,465,456.0,train,
lwandle,2020/2021,2020,329,465.0,train,
lwandle,2021/2022,2021,392,329.0,train,
lwandle,2022/2023,2022,374,392.0,test,378.4881215235621
lwandle,2023/2024,2023,403,374.0,test,359.3891572443533
lwandle,2024/2025,2024,331,403.0,test,377.89738662426913
lydenburg,2011/2012,2011,507,528.0,train,
lydenburg,2012/2013,2012,511,507.0,train,
lydenburg,2013/2014,2013,539,511.0,train,
lydenburg,2014/2015,2014,520,539.0,train,
lydenburg,2015/2016,2015,513,520.0,train,
lydenburg,2016/2017,2016,451,513.0,train,
lydenburg,2017/2018,2017,509,451.0,train,
lydenburg,2018/2019,2018,558,509.0,train,
lydenburg,2019/2020,2019,499,558.0,train,
lydenburg,2020/2021,2020,411,499.0,train,
lydenburg,2021/2022,2021,310,411.0,train,
lydenburg,2022/2023,2022,289,310.0,test,320.36528263199943
lydenburg,2023/2024,2023,243,289.0,test,286.45688346567493
lydenburg,2024/2025,2024,286,243.0,test,238.6249254733208
lyttelton,2011/2012,2011,3028,2920.0,train,
lyttelton,2012/2013,2012,3066,3028.0,train,
lyttelton,2013/2014,2013,2813,3066.0,train,
lyttelton,2014/2015,2014,2563,2813.0,train,
lyttelton,2015/2016,2015,2420,2563.0,train,
lyttelton,2016/2017,2016,2410,2420.0,train,
lyttelton,2017/2018,2017,2289,2410.0,train,
lyttelton,2018/2019,2018,2384,2289.0,train,
lyttelton,2019/2020,2019,2324,2384.0,train,
lyttelton,2020/2021,2020,1433,2324.0,train,
lyttelton,2021/2022,2021,1531,1433.0,train,
lyttelton,2022/2023,2022,1477,1531.0,test,1490.5986058998012
lyttelton,2023/2024,2023,1451,1477.0,test,1397.0666185755088
lyttelton,2024/2025,2024,1294,1451.0,test,1381.4606567749636
maake,2011/2012,2011,409,290.0,train,
maake,2012/2013,2012,459,409.0,train,
maake,2013/2014,2013,440,459.0,train,
maake,2014/2015,2014,460,440.0,train,
maake,2015/2016,2015,559,460.0,train,
maake,2016/2017,2016,468,559.0,train,
maake,2017/2018,2017,413,468.0,train,
maake,2018/2019,2018,64,413.0,train,
maake,2019/2020,2019,54,64.0,train,
maake,2020/2021,2020,59,54.0,train,
maake,2021/2022,2021,55,59.0,train,
maake,2022/2023,2022,94,55.0,test,56.633191174924654
maake,2023/2024,2023,437,94.0,test,87.86432355428693
maake,2024/2025,2024,426,437.0,test,390.5720925822136
maartenshoop,2011/2012,2011,11,3.0,train,
maartenshoop,2012/2013,2012,14,11.0,train,
maartenshoop,2013/2014,2013,7,14.0,train,
maartenshoop,2014/2015,2014,9,7.0,train,
maartenshoop,2015/2016,2015,15,9.0,train,
maartenshoop,2016/2017,2016,15,15.0,train,
maartenshoop,2017/2018,2017,13,15.0,train,
maartenshoop,2018/2019,2018,29,13.0,train,
maartenshoop,2019/2020,2019,25,29.0,train,
maartenshoop,2020/2021,2020,24,25.0,train,
maartenshoop,2021/2022,2021,28,24.0,train,
maartenshoop,2022/2023,2022,25,28.0,test,24.87379924865127
maartenshoop,2023/2024,2023,16,25.0,test,24.82964904070306
maartenshoop,2024/2025,2024,17,16.0,test,18.855834990460643
mabopane,2011/2012,2011,758,791.0,train,
mabopane,2012/2013,2012,877,758.0,train,
mabopane,2013/2014,2013,874,877.0,train,
mabopane,2014/2015,2014,941,874.0,train,
mabopane,2015/2016,2015,937,941.0,train,
mabopane,2016/2017,2016,926,937.0,train,
mabopane,2017/2018,2017,887,926.0,train,
mabopane,2018/2019,2018,927,887.0,train,
mabopane,2019/2020,2019,810,927.0,train,
mabopane,2020/2021,2020,475,810.0,train,
mabopane,2021/2022,2021,654,475.0,train,
mabopane,2022/2023,2022,756,654.0,test,609.8499703428562
mabopane,2023/2024,2023,698,756.0,test,697.9467908599862
mabopane,2024/2025,2024,685,698.0,test,631.8571239884858
macassar,2011/2012,2011,478,482.0,train,
macassar,2012/2013,2012,429,478.0,train,
macassar,2013/2014,2013,483,429.0,train,
macassar,2014/2015,2014,500,483.0,train,
macassar,2015/2016,2015,467,500.0,train,
macassar,2016/2017,2016,421,467.0,train,
macassar,2017/2018,2017,431,421.0,train,
macassar,2018/2019,2018,472,431.0,train,
macassar,2019/2020,2019,395,472.0,train,
macassar,2020/2021,2020,209,395.0,train,
macassar,2021/2022,2021,290,209.0,train,
macassar,2022/2023,2022,298,290.0,test,275.95370590685667
macassar,2023/2024,2023,335,298.0,test,270.5506364328539
macassar,2024/2025,2024,313,335.0,test,299.9881217107485
machadodorp,2011/2012,2011,75,97.0,train,
machadodorp,2012/2013,2012,81,75.0,train,
machadodorp,2013/2014,2013,82,81.0,train,
machadodorp,2014/2015,2014,69,82.0,train,
machadodorp,2015/2016,2015,97,69.0,train,
machadodorp,2016/2017,2016,106,97.0,train,
machadodorp,2017/2018,2017,66,106.0,train,
machadodorp,2018/2019,2018,89,66.0,train,
machadodorp,2019/2020,2019,100,89.0,train,
machadodorp,2020/2021,2020,63,100.0,train,
machadodorp,2021/2022,2021,53,63.0,train,
machadodorp,2022/2023,2022,69,53.0,test,58.95645541145017
machadodorp,2023/2024,2023,80,69.0,test,62.92838903152607
machadodorp,2024/2025,2024,62,80.0,test,73.48219812595609
macleantown,2011/2012,2011,56,60.0,train,
macleantown,2012/2013,2012,30,56.0,train,
macleantown,2013/2014,2013,32,30.0,train,
macleantown,2014/2015,2014,22,32.0,train,
macleantown,2015/2016,2015,30,22.0,train,
macleantown,2016/2017,2016,33,30.0,train,
macleantown,2017/2018,2017,31,33.0,train,
macleantown,2018/2019,2018,42,31.0,train,
macleantown,2019/2020,2019,39,42.0,train,
macleantown,2020/2021,2020,43,39.0,train,
macleantown,2021/2022,2021,45,43.0,train,
macleantown,2022/2023,2022,41,45.0,test,44.20860077546951
macleantown,2023/2024,2023,37,41.0,test,38.90741810649658
macleantown,2024/2025,2024,53,37.0,test,35.475076661034
maclear,2011/2012,2011,144,152.0,train,
maclear,2012/2013,2012,133,144.0,train,
maclear,2013/2014,2013,131,133.0,train,
maclear,2014/2015,2014,172,131.0,train,
maclear,2015/2016,2015,120,172.0,train,
maclear,2016/2017,2016,105,120.0,train,
maclear,2017/2018,2017,129,105.0,train,
maclear,2018/2019,2018,132,129.0,train,
maclear,2019/2020,2019,149,132.0,train,
maclear,2020/2021,2020,126,149.0,train,
maclear,2021/2022,2021,159,126.0,train,
maclear,2022/2023,2022,139,159.0,test,143.91188505268173
madadeni,2011/2012,2011,661,613.0,train,
madadeni,2012/2013,2012,762,661.0,train,
madadeni,2013/2014,2013,948,762.0,train,
madadeni,2014/2015,2014,980,948.0,train,
madadeni,2015/2016,2015,849,980.0,train,
madadeni,2016/2017,2016,769,849.0,train,
madadeni,2017/2018,2017,693,769.0,train,
madadeni,2018/2019,2018,846,693.0,train,
madadeni,2019/2020,2019,855,846.0,train,
madadeni,2020/2021,2020,696,855.0,train,
madadeni,2021/2022,2021,616,696.0,train,
madadeni,2022/2023,2022,567,616.0,test,569.8860386515295
madadeni,2023/2024,2023,464,567.0,test,510.4590677654548
madadeni,2024/2025,2024,469,464.0,test,441.5348369755254
madeira,2011/2012,2011,0,0.0,train,
madeira,2012/2013,2012,0,0.0,train,
madeira,2013/2014,2013,247,0.0,train,
madeira,2014/2015,2014,808,247.0,train,
madeira,2015/2016,2015,567,808.0,train,
madeira,2016/2017,2016,782,567.0,train,
madeira,2017/2018,2017,803,782.0,train,
madeira,2018/2019,2018,1027,803.0,train,
madeira,2019/2020,2019,755,1027.0,train,
madeira,2020/2021,2020,617,755.0,train,
madeira,2021/2022,2021,660,617.0,train,
madeira,2022/2023,2022,668,660.0,test,597.5177040980481
madeira,2023/2024,2023,506,668.0,test,599.2798106180287
madeira,2024/2025,2024,404,506.0,test,497.76593400941795
madibogo,2011/2012,2011,57,59.0,train,
madibogo,2012/2013,2012,52,57.0,train,
madibogo,2013/2014,2013,55,52.0,train,
madibogo,2014/2015,2014,69,55.0,train,
madibogo,2015/2016,2015,61,69.0,train,
madibogo,2016/2017,2016,62,61.0,train,
madibogo,2017/2018,2017,75,62.0,train,
madibogo,2018/2019,2018,78,75.0,train,
madibogo,2019/2020,2019,74,78.0,train,
madibogo,2020/2021,2020,57,74.0,train,
madibogo,2021/2022,2021,68,57.0,train,
madibogo,2022/2023,2022,73,68.0,test,63.100407142331164
madibogo,2023/2024,2023,67,73.0,test,70.56153696264607
madibogo,2024/2025,2024,48,67.0,test,70.5731835219161
madikwe,2011/2012,2011,131,111.0,train,
madikwe,2012/2013,2012,98,131.0,train,
madikwe,2013/2014,2013,84,98.0,train,
madikwe,2014/2015,2014,101,84.0,train,
madikwe,2015/2016,2015,133,101.0,train,
madikwe,2016/2017,2016,74,133.0,train,
madikwe,2017/2018,2017,106,74.0,train,
madikwe,2018/2019,2018,91,106.0,train,
madikwe,2019/2020,2019,90,91.0,train,
madikwe,2020/2021,2020,96,90.0,train,
madikwe,2021/2022,2021,90,96.0,train,
madikwe,2022/2023,2022,126,90.0,test,86.90214182799166
madikwe,2023/2024,2023,100,126.0,test,116.3822867813463
madikwe,2024/2025,2024,74,100.0,test,100.11237296550574
mafube,2011/2012,2011,150,152.0,train,
mafube,2012/2013,2012,150,150.0,train,
mafube,2013/2014,2013,141,150.0,train,
mafube,2014/2015,2014,181,141.0,train,
mafube,2015/2016,2015,175,181.0,train,
mafube,2016/2017,2016,183,175.0,train,
mafube,2017/2018,2017,135,183.0,train,
mafube,2018/2019,2018,174,135.0,train,
mafube,2019/2020,2019,201,174.0,train,
mafube,2020/2021,2020,190,201.0,train,
mafube,2021/2022,2021,195,190.0,train,
mafube,2022/2023,2022,196,195.0,test,173.4871590935724
mafube,2023/2024,2023,174,196.0,test,176.58916496433085
mafube,2024/2025,2024,186,174.0,test,167.90905659402898
magaliesburg,2011/2012,2011,90,110.0,train,
magaliesburg,2012/2013,2012,123,90.0,train,
magaliesburg,2013/2014,2013,128,123.0,train,
magaliesburg,2014/2015,2014,143,128.0,train,
magaliesburg,2015/2016,2015,152,143.0,train,
magaliesburg,2016/2017,2016,188,152.0,train,
magaliesburg,2017/2018,2017,169,188.0,train,
magaliesburg,2018/2019,2018,64,169.0,train,
magaliesburg,2019/2020,2019,54,64.0,train,
magaliesburg,2020/2021,2020,59,54.0,train,
magaliesburg,2021/2022,2021,55,59.0,train,
magaliesburg,2022/2023,2022,94,55.0,test,56.35824435416976
magaliesburg,2023/2024,2023,92,94.0,test,86.91888320798154
magaliesburg,2024/2025,2024,73,92.0,test,88.32744973091312
magatle,2011/2012,2011,170,156.0,train,
magatle,2012/2013,2012,101,170.0,train,
magatle,2013/2014,2013,74,101.0,train,
magatle,2014/2015,2014,137,74.0,train,
magatle,2015/2016,2015,129,137.0,train,
magatle,2016/2017,2016,148,129.0,train,
magatle,2017/2018,2017,123,148.0,train,
magatle,2018/2019,2018,114,123.0,train,
magatle,2019/2020,2019,66,114.0,train,
magatle,2020/2021,2020,85,66.0,train,
magatle,2021/2022,2021,72,85.0,train,
magatle,2022/2023,2022,78,72.0,test,77.53721514863801
magatle,2023/2024,2023,61,78.0,test,79.07822414959864
magatle,2024/2025,2024,64,61.0,test,67.43182135146334
magudu,2011/2012,2011,16,14.0,train,
magudu,2012/2013,2012,11,16.0,train,
magudu,2013/2014,2013,14,11.0,train,
magudu,2014/2015,2014,30,14.0,train,
magudu,2015/2016,2015,20,30.0,train,
magudu,2016/2017,2016,10,20.0,train,
magudu,2017/2018,2017,16,10.0,train,
magudu,2018/2019,2018,6,16.0,train,
magudu,2019/2020,2019,11,6.0,train,
magudu,2020/2021,2020,4,11.0,train,
magudu,2021/2022,2021,3,4.0,train,
magudu,2022/2023,2022,8,3.0,test,3.555721290511518
magudu,2023/2024,2023,7,8.0,test,6.507501746980446
magudu,2024/2025,2024,14,7.0,test,6.749684384827896
mahamba,2011/2012,2011,23,13.0,train,
mahamba,2012/2013,2012,22,23.0,train,
mahamba,2013/2014,2013,13,22.0,train,
mahamba,2014/2015,2014,5,13.0,train,
mahamba,2015/2016,2015,7,5.0,train,
mahamba,2016/2017,2016,8,7.0,train,
mahamba,2017/2018,2017,10,8.0,train,
mahamba,2018/2019,2018,10,10.0,train,
mahamba,2019/2020,2019,13,10.0,train,
mahamba,2020/2021,2020,8,13.0,train,
mahamba,2021/2022,2021,10,8.0,train,
mahamba,2022/2023,2022,2,10.0,test,8.08924592079531
mahamba,2023/2024,2023,12,2.0,test,5.423202026673309
mahamba,2024/2025,2024,13,12.0,test,10.827862584969782
mahikeng,2011/2012,2011,764,633.0,train,
mahikeng,2012/2013,2012,852,764.0,train,
mahikeng,2013/2014,2013,994,852.0,train,
mahikeng,2014/2015,2014,1053,994.0,train,
mahikeng,2015/2016,2015,972,1053.0,train,
mahikeng,2016/2017,2016,1031,972.0,train,
mahikeng,2017/2018,2017,986,1031.0,train,
mahikeng,2018/2019,2018,1108,986.0,train,
mahikeng,2019/2020,2019,986,1108.0,train,
mahikeng,2020/2021,2020,627,986.0,train,
mahikeng,2021/2022,2021,841,627.0,train,
mahikeng,2022/2023,2022,880,841.0,test,762.0026832462711
mahikeng,2023/2024,2023,791,880.0,test,795.9765211796301
mahikeng,2024/2025,2024,608,791.0,test,711.1242295056509
mahlabathini,2011/2012,2011,64,51.0,train,
mahlabathini,2012/2013,2012,36,64.0,train,
mahlabathini,2013/2014,2013,43,36.0,train,
mahlabathini,2014/2015,2014,34,43.0,train,
mahlabathini,2015/2016,2015,39,34.0,train,
mahlabathini,2016/2017,2016,22,39.0,train,
mahlabathini,2017/2018,2017,21,22.0,train,
mahlabathini,2018/2019,2018,30,21.0,train,
mahlabathini,2019/2020,2019,16,30.0,train,
mahlabathini,2020/2021,2020,15,16.0,train,
mahlabathini,2021/2022,2021,18,15.0,train,
mahlabathini,2022/2023,2022,23,18.0,test,15.942699657903347
mahlabathini,2023/2024,2023,34,23.0,test,20.001839319125054
mahlabathini,2024/2025,2024,34,34.0,test,29.170260312705487
mahwelereng,2011/2012,2011,535,534.0,train,
mahwelereng,2012/2013,2012,491,535.0,train,
mahwelereng,2013/2014,2013,576,491.0,train,
mahwelereng,2014/2015,2014,623,576.0,train,
mahwelereng,2015/2016,2015,642,623.0,train,
mahwelereng,2016/2017,2016,724,642.0,train,
mahwelereng,2017/2018,2017,627,724.0,train,
mahwelereng,2018/2019,2018,615,627.0,train,
mahwelereng,2019/2020,2019,556,615.0,train,
mahwelereng,2020/2021,2020,451,556.0,train,
mahwelereng,2021/2022,2021,481,451.0,train,
mahwelereng,2022/2023,2022,584,481.0,test,414.0406035213105
mahwelereng,2023/2024,2023,494,584.0,test,502.4379906965255
mahwelereng,2024/2025,2024,377,494.0,test,455.26246174153925
maitland,2011/2012,2011,491,426.0,train,
maitland,2012/2013,2012,489,491.0,train,
maitland,2013/2014,2013,536,489.0,train,
maitland,2014/2015,2014,496,536.0,train,
maitland,2015/2016,2015,536,496.0,train,
maitland,2016/2017,2016,551,536.0,train,
maitland,2017/2018,2017,529,551.0,train,
maitland,2018/2019,2018,64,529.0,train,
maitland,2019/2020,2019,54,64.0,train,
maitland,2020/2021,2020,59,54.0,train,
maitland,2021/2022,2021,55,59.0,train,
maitland,2022/2023,2022,94,55.0,test,56.753029731429876
maitland,2023/2024,2023,572,94.0,test,88.31841125670796
maitland,2024/2025,2024,467,572.0,test,551.1738307585831
makapanstad,2011/2012,2011,348,289.0,train,
makapanstad,2012/2013,2012,269,348.0,train,
makapanstad,2013/2014,2013,331,269.0,train,
makapanstad,2014/2015,2014,383,331.0,train,
makapanstad,2015/2016,2015,337,383.0,train,
makapanstad,2016/2017,2016,261,337.0,train,
makapanstad,2017/2018,2017,280,261.0,train,
makapanstad,2018/2019,2018,260,280.0,train,
makapanstad,2019/2020,2019,253,260.0,train,
makapanstad,2020/2021,2020,142,253.0,train,
makapanstad,2021/2022,2021,142,142.0,train,
makapanstad,2022/2023,2022,137,142.0,test,150.76372942432587
makapanstad,2023/2024,2023,238,137.0,test,130.81316786664587
makapanstad,2024/2025,2024,344,238.0,test,209.791995532881
makgobistad,2011/2012,2011,13,41.0,train,
makgobistad,2012/2013,2012,27,13.0,train,
makgobistad,2013/2014,2013,16,27.0,train,
makgobistad,2014/2015,2014,13,16.0,train,
makgobistad,2015/2016,2015,15,13.0,train,
makgobistad,2016/2017,2016,12,15.0,train,
makgobistad,2017/2018,2017,21,12.0,train,
makgobistad,2018/2019,2018,10,21.0,train,
makgobistad,2019/2020,2019,17,10.0,train,
makgobistad,2020/2021,2020,12,17.0,train,
makgobistad,2021/2022,2021,24,12.0,train,
makgobistad,2022/2023,2022,27,24.0,test,19.695266958038353
makgobistad,2023/2024,2023,18,27.0,test,22.89502392912605
makgobistad,2024/2025,2024,17,18.0,test,19.57707599402184
makhado,2011/2012,2011,453,329.0,train,
makhado,2012/2013,2012,484,453.0,train,
makhado,2013/2014,2013,535,484.0,train,
makhado,2014/2015,2014,578,535.0,train,
makhado,2015/2016,2015,768,578.0,train,
makhado,2016/2017,2016,613,768.0,train,
makhado,2017/2018,2017,487,613.0,train,
makhado,2018/2019,2018,385,487.0,train,
makhado,2019/2020,2019,440,385.0,train,
makhado,2020/2021,2020,327,440.0,train,
makhado,2021/2022,2021,324,327.0,train,
makhado,2022/2023,2022,264,324.0,test,321.5515578160207
makhado,2023/2024,2023,250,264.0,test,258.17572199997767
makhado,2024/2025,2024,204,250.0,test,236.46410419304385
makuya,2011/2012,2011,40,14.0,train,
makuya,2012/2013,2012,22,40.0,train,
makuya,2013/2014,2013,13,22.0,train,
makuya,2014/2015,2014,22,13.0,train,
makuya,2015/2016,2015,20,22.0,train,
makuya,2016/2017,2016,25,20.0,train,
makuya,2017/2018,2017,20,25.0,train,
makuya,2018/2019,2018,15,20.0,train,
makuya,2019/2020,2019,7,15.0,train,
makuya,2020/2021,2020,16,7.0,train,
makuya,2021/2022,2021,19,16.0,train,
makuya,2022/2023,2022,30,19.0,test,15.822907904324039
makuya,2023/2024,2023,17,30.0,test,22.388272379352095
makuya,2024/2025,2024,27,17.0,test,20.47400859485085
makwane,2011/2012,2011,328,306.0,train,
makwane,2012/2013,2012,256,328.0,train,
makwane,2013/2014,2013,237,256.0,train,
makwane,2014/2015,2014,274,237.0,train,
makwane,2015/2016,2015,329,274.0,train,
makwane,2016/2017,2016,278,329.0,train,
makwane,2017/2018,2017,245,278.0,train,
makwane,2018/2019,2018,266,245.0,train,
makwane,2019/2020,2019,197,266.0,train,
makwane,2020/2021,2020,196,197.0,train,
makwane,2021/2022,2021,135,196.0,train,
makwane,2022/2023,2022,114,135.0,test,140.49659275607644
makwane,2023/2024,2023,150,114.0,test,115.27078447369043
makwane,2024/2025,2024,135,150.0,test,138.70115293774165
makwassie,2011/2012,2011,68,105.0,train,
makwassie,2012/2013,2012,89,68.0,train,
makwassie,2013/2014,2013,60,89.0,train,
makwassie,2014/2015,2014,89,60.0,train,
makwassie,2015/2016,2015,91,89.0,train,
makwassie,2016/2017,2016,99,91.0,train,
makwassie,2017/2018,2017,102,99.0,train,
makwassie,2018/2019,2018,150,102.0,train,
makwassie,2019/2020,2019,95,150.0,train,
makwassie,2020/2021,2020,113,95.0,train,
makwassie,2021/2022,2021,109,113.0,train,
makwassie,2022/2023,2022,90,109.0,test,103.61044844544159
makwassie,2023/2024,2023,120,90.0,test,91.34344465451066
makwassie,2024/2025,2024,71,120.0,test,111.0585001510376
malamulele,2011/2012,2011,322,217.0,train,
malamulele,2012/2013,2012,204,322.0,train,
malamulele,2013/2014,2013,270,204.0,train,
malamulele,2014/2015,2014,308,270.0,train,
malamulele,2015/2016,2015,245,308.0,train,
malamulele,2016/2017,2016,301,245.0,train,
malamulele,2017/2018,2017,276,301.0,train,
malamulele,2018/2019,2018,64,276.0,train,
malamulele,2019/2020,2019,54,64.0,train,
malamulele,2020/2021,2020,59,54.0,train,
malamulele,2021/2022,2021,55,59.0,train,
malamulele,2022/2023,2022,94,55.0,test,56.171659902428466
malamulele,2023/2024,2023,191,94.0,test,87.29513807881469
malamulele,2024/2025,2024,299,191.0,test,174.6927833886316
maleboho,2011/2012,2011,58,66.0,train,
maleboho,2012/2013,2012,47,58.0,train,
maleboho,2013/2014,2013,34,47.0,train,
maleboho,2014/2015,2014,38,34.0,train,
maleboho,2015/2016,2015,31,38.0,train,
maleboho,2016/2017,2016,42,31.0,train,
maleboho,2017/2018,2017,24,42.0,train,
maleboho,2018/2019,2018,20,24.0,train,
maleboho,2019/2020,2019,33,20.0,train,
maleboho,2020/2021,2020,13,33.0,train,
maleboho,2021/2022,2021,26,13.0,train,
maleboho,2022/2023,2022,25,26.0,test,22.19185525766888
maleboho,2023/2024,2023,23,25.0,test,23.82083532383609
maleboho,2024/2025,2024,27,23.0,test,23.34839568059988
malelane,2011/2012,2011,130,110.0,train,
malelane,2012/2013,2012,109,130.0,train,
malelane,2013/2014,2013,130,109.0,train,
malelane,2014/2015,2014,63,130.0,train,
malelane,2015/2016,2015,85,63.0,train,
malelane,2016/2017,2016,103,85.0,train,
malelane,2017/2018,2017,87,103.0,train,
malelane,2018/2019,2018,52,87.0,train,
malelane,2019/2020,2019,33,52.0,train,
malelane,2020/2021,2020,32,33.0,train,
malelane,2021/2022,2021,51,32.0,train,
malelane,2022/2023,2022,77,51.0,test,46.439974317703275
malelane,2023/2024,2023,82,77.0,test,71.28173347534252
malelane,2024/2025,2024,54,82.0,test,76.71538385451939
maletswai,2011/2012,2011,74,96.0,train,
maletswai,2012/2013,2012,72,74.0,train,
maletswai,2013/2014,2013,85,72.0,train,
maletswai,2014/2015,2014,113,85.0,train,
maletswai,2015/2016,2015,76,113.0,train,
maletswai,2016/2017,2016,105,76.0,train,
maletswai,2017/2018,2017,106,105.0,train,
maletswai,2018/2019,2018,88,106.0,train,
maletswai,2019/2020,2019,90,88.0,train,
maletswai,2020/2021,2020,66,90.0,train,
maletswai,2021/2022,2021,73,66.0,train,
maletswai,2022/2023,2022,75,73.0,test,71.0875866245324
maletswai,2023/2024,2023,97,75.0,test,71.3905886717014
maletswai,2024/2025,2024,110,97.0,test,89.06628941952121
malipsdrift,2011/2012,2011,10,16.0,train,
malipsdrift,2012/2013,2012,17,10.0,train,
malipsdrift,2013/2014,2013,20,17.0,train,
malipsdrift,2014/2015,2014,15,20.0,train,
malipsdrift,2015/2016,2015,16,15.0,train,
malipsdrift,2016/2017,2016,19,16.0,train,
malipsdrift,2017/2018,2017,12,19.0,train,
malipsdrift,2018/2019,2018,64,12.0,train,
malipsdrift,2019/2020,2019,54,64.0,train,
malipsdrift,2020/2021,2020,59,54.0,train,
malipsdrift,2021/2022,2021,55,59.0,train,
malipsdrift,2022/2023,2022,94,55.0,test,53.23334501367251
malipsdrift,2023/2024,2023,24,94.0,test,86.0063131502835
malipsdrift,2024/2025,2024,18,24.0,test,29.992895820336315
malmesbury,2011/2012,2011,418,355.0,train,
malmesbury,2012/2013,2012,598,418.0,train,
malmesbury,2013/2014,2013,629,598.0,train,
malmesbury,2014/2015,2014,675,629.0,train,
malmesbury,2015/2016,2015,626,675.0,train,
malmesbury,2016/2017,2016,604,626.0,train,
malmesbury,2017/2018,2017,627,604.0,train,
malmesbury,2018/2019,2018,539,627.0,train,
malmesbury,2019/2020,2019,510,539.0,train,
malmesbury,2020/2021,2020,380,510.0,train,
malmesbury,2021/2022,2021,394,380.0,train,
malmesbury,2022/2023,2022,352,394.0,test,364.43432513169626
malmesbury,2023/2024,2023,459,352.0,test,342.5074701583359
malmesbury,2024/2025,2024,375,459.0,test,408.9410156588508
maluti,2011/2012,2011,235,250.0,train,
maluti,2012/2013,2012,206,235.0,train,
maluti,2013/2014,2013,212,206.0,train,
maluti,2014/2015,2014,257,212.0,train,
maluti,2015/2016,2015,251,257.0,train,
maluti,2016/2017,2016,261,251.0,train,
maluti,2017/2018,2017,268,261.0,train,
maluti,2018/2019,2018,269,268.0,train,
maluti,2019/2020,2019,280,269.0,train,
maluti,2020/2021,2020,258,280.0,train,
maluti,2021/2022,2021,243,258.0,train,
maluti,2022/2023,2022,189,243.0,test,223.90446986210836
malvern,2011/2012,2011,586,476.0,train,
malvern,2012/2013,2012,799,586.0,train,
malvern,2013/2014,2013,550,799.0,train,
malvern,2014/2015,2014,561,550.0,train,
malvern,2015/2016,2015,544,561.0,train,
malvern,2016/2017,2016,411,544.0,train,
malvern,2017/2018,2017,500,411.0,train,
malvern,2018/2019,2018,544,500.0,train,
malvern,2019/2020,2019,497,544.0,train,
malvern,2020/2021,2020,356,497.0,train,
malvern,2021/2022,2021,279,356.0,train,
malvern,2022/2023,2022,324,279.0,test,292.8768097298483
malvern,2023/2024,2023,225,324.0,test,307.9642568257361
malvern,2024/2025,2024,259,225.0,test,230.61444931489265
mamelodi,2011/2012,2011,600,558.0,train,
mamelodi,2012/2013,2012,569,600.0,train,
mamelodi,2013/2014,2013,584,569.0,train,
mamelodi,2014/2015,2014,545,584.0,train,
mamelodi,2015/2016,2015,522,545.0,train,
mamelodi,2016/2017,2016,428,522.0,train,
mamelodi,2017/2018,2017,442,428.0,train,
mamelodi,2018/2019,2018,463,442.0,train,
mamelodi,2019/2020,2019,355,463.0,train,
mamelodi,2020/2021,2020,329,355.0,train,
mamelodi,2021/2022,2021,447,329.0,train,
mamelodi,2022/2023,2022,389,447.0,test,429.4922693172029
mamelodi,2023/2024,2023,412,389.0,test,392.51070007005376
mamelodi,2024/2025,2024,336,412.0,test,391.94424251877103
mamelodi east,2011/2012,2011,789,794.0,train,
mamelodi east,2012/2013,2012,981,789.0,train,
mamelodi east,2013/2014,2013,1050,981.0,train,
mamelodi east,2014/2015,2014,1188,1050.0,train,
mamelodi east,2015/2016,2015,1083,1188.0,train,
mamelodi east,2016/2017,2016,1293,1083.0,train,
mamelodi east,2017/2018,2017,1214,1293.0,train,
mamelodi east,2018/2019,2018,1187,1214.0,train,
mamelodi east,2019/2020,2019,1206,1187.0,train,
mamelodi east,2020/2021,2020,805,1206.0,train,
mamelodi east,2021/2022,2021,960,805.0,train,
mamelodi east,2022/2023,2022,922,960.0,test,913.4778484555807
mamelodi east,2023/2024,2023,826,922.0,test,872.3189763081309
mamelodi east,2024/2025,2024,832,826.0,test,805.5839037272975
mandeni,2011/2012,2011,166,197.0,train,
mandeni,2012/2013,2012,200,166.0,train,
mandeni,2013/2014,2013,127,200.0,train,
mandeni,2014/2015,2014,93,127.0,train,
mandeni,2015/2016,2015,124,93.0,train,
mandeni,2016/2017,2016,152,124.0,train,
mandeni,2017/2018,2017,87,152.0,train,
mandeni,2018/2019,2018,64,87.0,train,
mandeni,2019/2020,2019,54,64.0,train,
mandeni,2020/2021,2020,59,54.0,train,
mandeni,2021/2022,2021,55,59.0,train,
mandeni,2022/2023,2022,94,55.0,test,56.28040344507885
mandeni,2023/2024,2023,165,94.0,test,87.29966705376538
mandeni,2024/2025,2024,128,165.0,test,152.4184870568483
manenberg,2011/2012,2011,826,801.0,train,
manenberg,2012/2013,2012,957,826.0,train,
manenberg,2013/2014,2013,899,957.0,train,
manenberg,2014/2015,2014,857,899.0,train,
manenberg,2015/2016,2015,799,857.0,train,
manenberg,2016/2017,2016,774,799.0,train,
manenberg,2017/2018,2017,743,774.0,train,
manenberg,2018/2019,2018,565,743.0,train,
manenberg,2019/2020,2019,629,565.0,train,
manenberg,2020/2021,2020,530,629.0,train,
manenberg,2021/2022,2021,494,530.0,train,
manenberg,2022/2023,2022,580,494.0,test,476.36829060548973
manenberg,2023/2024,2023,507,580.0,test,510.7348379993177
manenberg,2024/2025,2024,350,507.0,test,474.3839668688652
mangaung,2011/2012,2011,620,680.0,train,
mangaung,2012/2013,2012,763,620.0,train,
mangaung,2013/2014,2013,633,763.0,train,
mangaung,2014/2015,2014,614,633.0,train,
mangaung,2015/2016,2015,629,614.0,train,
mangaung,2016/2017,2016,542,629.0,train,
mangaung,2017/2018,2017,504,542.0,train,
mangaung,2018/2019,2018,468,504.0,train,
mangaung,2019/2020,2019,381,468.0,train,
mangaung,2020/2021,2020,311,381.0,train,
mangaung,2021/2022,2021,315,311.0,train,
mangaung,2022/2023,2022,308,315.0,test,299.35068555787274
mangaung,2023/2024,2023,333,308.0,test,286.74496658388813
mangaung,2024/2025,2024,323,333.0,test,308.710169464462
mankweng,2011/2012,2011,888,584.0,train,
mankweng,2012/2013,2012,870,888.0,train,
mankweng,2013/2014,2013,1117,870.0,train,
mankweng,2014/2015,2014,1321,1117.0,train,
mankweng,2015/2016,2015,1081,1321.0,train,
mankweng,2016/2017,2016,1279,1081.0,train,
mankweng,2017/2018,2017,1213,1279.0,train,
mankweng,2018/2019,2018,1124,1213.0,train,
mankweng,2019/2020,2019,1272,1124.0,train,
mankweng,2020/2021,2020,1051,1272.0,train,
mankweng,2021/2022,2021,989,1051.0,train,
mankweng,2022/2023,2022,1114,989.0,test,935.3024948361993
mankweng,2023/2024,2023,1117,1114.0,test,1025.5178210440504
mankweng,2024/2025,2024,1102,1117.0,test,1039.1529394344873
maokeng,2011/2012,2011,353,370.0,train,
maokeng,2012/2013,2012,330,353.0,train,
maokeng,2013/2014,2013,399,330.0,train,
maokeng,2014/2015,2014,334,399.0,train,
maokeng,2015/2016,2015,368,334.0,train,
maokeng,2016/2017,2016,455,368.0,train,
maokeng,2017/2018,2017,403,455.0,train,
maokeng,2018/2019,2018,314,403.0,train,
maokeng,2019/2020,2019,352,314.0,train,
maokeng,2020/2021,2020,333,352.0,train,
maokeng,2021/2022,2021,295,333.0,train,
maokeng,2022/2023,2022,223,295.0,test,275.72834554193753
maokeng,2023/2024,2023,252,223.0,test,221.30621240660943
maokeng,2024/2025,2024,329,252.0,test,227.75029785709933
maphumulo,2011/2012,2011,184,223.0,train,
maphumulo,2012/2013,2012,205,184.0,train,
maphumulo,2013/2014,2013,215,205.0,train,
maphumulo,2014/2015,2014,202,215.0,train,
maphumulo,2015/2016,2015,145,202.0,train,
maphumulo,2016/2017,2016,198,145.0,train,
maphumulo,2017/2018,2017,201,198.0,train,
maphumulo,2018/2019,2018,64,201.0,train,
maphumulo,2019/2020,2019,54,64.0,train,
maphumulo,2020/2021,2020,59,54.0,train,
maphumulo,2021/2022,2021,55,59.0,train,
maphumulo,2022/2023,2022,94,55.0,test,56.29037335272086
maphumulo,2023/2024,2023,154,94.0,test,87.33028513611087
maphumulo,2024/2025,2024,177,154.0,test,143.95943146729718
mara,2011/2012,2011,27,49.0,train,
mara,2012/2013,2012,32,27.0,train,
mara,2013/2014,2013,40,32.0,train,
mara,2014/2015,2014,49,40.0,train,
mara,2015/2016,2015,47,49.0,train,
mara,2016/2017,2016,43,47.0,train,
mara,2017/2018,2017,41,43.0,train,
mara,2018/2019,2018,40,41.0,train,
mara,2019/2020,2019,43,40.0,train,
mara,2020/2021,2020,38,43.0,train,
mara,2021/2022,2021,30,38.0,train,
mara,2022/2023,2022,27,30.0,test,30.321084827465977
mara,2023/2024,2023,36,27.0,test,28.388834355078625
mara,2024/2025,2024,38,36.0,test,31.946165609809256
marble hall,2011/2012,2011,306,186.0,train,
marble hall,2012/2013,2012,338,306.0,train,
marble hall,2013/2014,2013,422,338.0,train,
marble hall,2014/2015,2014,396,422.0,train,
marble hall,2015/2016,2015,327,396.0,train,
marble hall,2016/2017,2016,303,327.0,train,
marble hall,2017/2018,2017,157,303.0,train,
marble hall,2018/2019,2018,160,157.0,train,
marble hall,2019/2020,2019,114,160.0,train,
marble hall,2020/2021,2020,122,114.0,train,
marble hall,2021/2022,2021,130,122.0,train,
marble hall,2022/2023,2022,134,130.0,test,120.97372514871626
marble hall,2023/2024,2023,138,134.0,test,126.08082024447687
marble hall,2024/2025,2024,110,138.0,test,130.30640668151372
mareetsane,2011/2012,2011,0,0.0,train,
mareetsane,2012/2013,2012,0,0.0,train,
mareetsane,2013/2014,2013,0,0.0,train,
mareetsane,2014/2015,2014,0,0.0,train,
mareetsane,2015/2016,2015,0,0.0,train,
mareetsane,2016/2017,2016,0,0.0,train,
mareetsane,2017/2018,2017,2,0.0,train,
mareetsane,2018/2019,2018,64,2.0,train,
mareetsane,2019/2020,2019,54,64.0,train,
mareetsane,2020/2021,2020,59,54.0,train,
mareetsane,2021/2022,2021,55,59.0,train,
mareetsane,2022/2023,2022,94,55.0,test,53.28236016518767
mareetsane,2023/2024,2023,35,94.0,test,86.0063131502835
mareetsane,2024/2025,2024,24,35.0,test,39.76360624871164
margate,2011/2012,2011,1264,1205.0,train,
margate,2012/2013,2012,1298,1264.0,train,
margate,2013/2014,2013,1387,1298.0,train,
margate,2014/2015,2014,1764,1387.0,train,
margate,2015/2016,2015,1566,1764.0,train,
margate,2016/2017,2016,1374,1566.0,train,
margate,2017/2018,2017,1313,1374.0,train,
margate,2018/2019,2018,1023,1313.0,train,
margate,2019/2020,2019,1055,1023.0,train,
margate,2020/2021,2020,823,1055.0,train,
margate,2021/2022,2021,728,823.0,train,
margate,2022/2023,2022,831,728.0,test,684.7125873294265
margate,2023/2024,2023,805,831.0,test,755.309857179378
margate,2024/2025,2024,548,805.0,test,733.7877991294428
mariannhill,2011/2012,2011,951,812.0,train,
mariannhill,2012/2013,2012,1070,951.0,train,
mariannhill,2013/2014,2013,1054,1070.0,train,
mariannhill,2014/2015,2014,952,1054.0,train,
mariannhill,2015/2016,2015,1095,952.0,train,
mariannhill,2016/2017,2016,884,1095.0,train,
mariannhill,2017/2018,2017,988,884.0,train,
mariannhill,2018/2019,2018,881,988.0,train,
mariannhill,2019/2020,2019,824,881.0,train,
mariannhill,2020/2021,2020,701,824.0,train,
mariannhill,2021/2022,2021,723,701.0,train,
mariannhill,2022/2023,2022,675,723.0,test,651.7647688072077
mariannhill,2023/2024,2023,658,675.0,test,622.3381216872634
mariannhill,2024/2025,2024,543,658.0,test,603.443061422236
marikana,2011/2012,2011,267,219.0,train,
marikana,2012/2013,2012,285,267.0,train,
marikana,2013/2014,2013,251,285.0,train,
marikana,2014/2015,2014,207,251.0,train,
marikana,2015/2016,2015,187,207.0,train,
marikana,2016/2017,2016,226,187.0,train,
marikana,2017/2018,2017,255,226.0,train,
marikana,2018/2019,2018,271,255.0,train,
marikana,2019/2020,2019,186,271.0,train,
marikana,2020/2021,2020,203,186.0,train,
marikana,2021/2022,2021,211,203.0,train,
marikana,2022/2023,2022,220,211.0,test,201.103919693562
marikana,2023/2024,2023,250,220.0,test,209.40697813051474
marikana,2024/2025,2024,198,250.0,test,235.86286360758584
marquard,2011/2012,2011,65,44.0,train,
marquard,2012/2013,2012,68,65.0,train,
marquard,2013/2014,2013,60,68.0,train,
marquard,2014/2015,2014,42,60.0,train,
marquard,2015/2016,2015,55,42.0,train,
marquard,2016/2017,2016,16,55.0,train,
marquard,2017/2018,2017,31,16.0,train,
marquard,2018/2019,2018,61,31.0,train,
marquard,2019/2020,2019,68,61.0,train,
marquard,2020/2021,2020,71,68.0,train,
marquard,2021/2022,2021,59,71.0,train,
marquard,2022/2023,2022,70,59.0,test,60.685696244819894
marquard,2023/2024,2023,53,70.0,test,63.619433353823766
marquard,2024/2025,2024,24,53.0,test,53.6382554208139
marydale,2011/2012,2011,9,9.0,train,
marydale,2012/2013,2012,12,9.0,train,
marydale,2013/2014,2013,15,12.0,train,
marydale,2014/2015,2014,6,15.0,train,
marydale,2015/2016,2015,15,6.0,train,
marydale,2016/2017,2016,13,15.0,train,
marydale,2017/2018,2017,13,13.0,train,
marydale,2018/2019,2018,13,13.0,train,
marydale,2019/2020,2019,6,13.0,train,
marydale,2020/2021,2020,10,6.0,train,
marydale,2021/2022,2021,16,10.0,train,
marydale,2022/2023,2022,11,16.0,test,12.224345003346423
marydale,2023/2024,2023,6,11.0,test,12.550160926170568
marydale,2024/2025,2024,15,6.0,test,8.244130185364392
masemola,2011/2012,2011,11,0.0,train,
masemola,2012/2013,2012,50,11.0,train,
masemola,2013/2014,2013,61,50.0,train,
masemola,2014/2015,2014,70,61.0,train,
masemola,2015/2016,2015,75,70.0,train,
masemola,2016/2017,2016,101,75.0,train,
masemola,2017/2018,2017,64,101.0,train,
masemola,2018/2019,2018,45,64.0,train,
masemola,2019/2020,2019,44,45.0,train,
masemola,2020/2021,2020,91,44.0,train,
masemola,2021/2022,2021,88,91.0,train,
masemola,2022/2023,2022,60,88.0,test,85.05762256879586
masemola,2023/2024,2023,50,60.0,test,65.64362418158363
masemola,2024/2025,2024,45,50.0,test,53.936160239680184
mashashane,2011/2012,2011,0,0.0,train,
mashashane,2012/2013,2012,29,0.0,train,
mashashane,2013/2014,2013,107,29.0,train,
mashashane,2014/2015,2014,91,107.0,train,
mashashane,2015/2016,2015,102,91.0,train,
mashashane,2016/2017,2016,99,102.0,train,
mashashane,2017/2018,2017,143,99.0,train,
mashashane,2018/2019,2018,114,143.0,train,
mashashane,2019/2020,2019,115,114.0,train,
mashashane,2020/2021,2020,75,115.0,train,
mashashane,2021/2022,2021,65,75.0,train,
mashashane,2022/2023,2022,97,65.0,test,70.1571902365971
mashashane,2023/2024,2023,44,97.0,test,91.89570895736556
mashashane,2024/2025,2024,109,44.0,test,48.392865865524634
masisi,2011/2012,2011,12,10.0,train,
masisi,2012/2013,2012,13,12.0,train,
masisi,2013/2014,2013,16,13.0,train,
masisi,2014/2015,2014,15,16.0,train,
masisi,2015/2016,2015,27,15.0,train,
masisi,2016/2017,2016,20,27.0,train,
masisi,2017/2018,2017,17,20.0,train,
masisi,2018/2019,2018,13,17.0,train,
masisi,2019/2020,2019,12,13.0,train,
masisi,2020/2021,2020,19,12.0,train,
masisi,2021/2022,2021,11,19.0,train,
masisi,2022/2023,2022,26,11.0,test,14.73223464165494
masisi,2023/2024,2023,16,26.0,test,20.043992174239207
masisi,2024/2025,2024,13,16.0,test,20.167935675388733
masoyi,2011/2012,2011,505,436.0,train,
masoyi,2012/2013,2012,476,505.0,train,
masoyi,2013/2014,2013,457,476.0,train,
masoyi,2014/2015,2014,475,457.0,train,
masoyi,2015/2016,2015,432,475.0,train,
masoyi,2016/2017,2016,477,432.0,train,
masoyi,2017/2018,2017,596,477.0,train,
masoyi,2018/2019,2018,363,596.0,train,
masoyi,2019/2020,2019,418,363.0,train,
masoyi,2020/2021,2020,392,418.0,train,
masoyi,2021/2022,2021,445,392.0,train,
masoyi,2022/2023,2022,441,445.0,test,409.64012463222446
masoyi,2023/2024,2023,410,441.0,test,400.6998265485638
masoyi,2024/2025,2024,289,410.0,test,399.9357380634144
matatiele,2011/2012,2011,157,87.0,train,
matatiele,2012/2013,2012,97,157.0,train,
matatiele,2013/2014,2013,102,97.0,train,
matatiele,2014/2015,2014,182,102.0,train,
matatiele,2015/2016,2015,124,182.0,train,
matatiele,2016/2017,2016,132,124.0,train,
matatiele,2017/2018,2017,143,132.0,train,
matatiele,2018/2019,2018,118,143.0,train,
matatiele,2019/2020,2019,125,118.0,train,
matatiele,2020/2021,2020,92,125.0,train,
matatiele,2021/2022,2021,134,92.0,train,
matatiele,2022/2023,2022,87,134.0,test,125.93767274605894
matatiele,2023/2024,2023,89,87.0,test,88.86124213261678
matatiele,2024/2025,2024,64,89.0,test,87.05617068213863
matlala,2011/2012,2011,116,98.0,train,
matlala,2012/2013,2012,70,116.0,train,
matlala,2013/2014,2013,154,70.0,train,
matlala,2014/2015,2014,122,154.0,train,
matlala,2015/2016,2015,162,122.0,train,
matlala,2016/2017,2016,104,162.0,train,
matlala,2017/2018,2017,113,104.0,train,
matlala,2018/2019,2018,145,113.0,train,
matlala,2019/2020,2019,176,145.0,train,
matlala,2020/2021,2020,95,176.0,train,
matlala,2021/2022,2021,137,95.0,train,
matlala,2022/2023,2022,158,137.0,test,126.01168029307227
matlala,2023/2024,2023,101,158.0,test,134.46317721472715
matlala,2024/2025,2024,110,101.0,test,103.79248355357424
matlelerekeng,2011/2012,2011,0,0.0,train,
matlelerekeng,2012/2013,2012,0,0.0,train,
matlelerekeng,2013/2014,2013,0,0.0,train,
matlelerekeng,2014/2015,2014,0,0.0,train,
matlelerekeng,2015/2016,2015,0,0.0,train,
matlelerekeng,2016/2017,2016,0,0.0,train,
matlelerekeng,2017/2018,2017,80,0.0,train,
matlelerekeng,2018/2019,2018,72,80.0,train,
matlelerekeng,2019/2020,2019,59,72.0,train,
matlelerekeng,2020/2021,2020,50,59.0,train,
matlelerekeng,2021/2022,2021,70,50.0,train,
matlelerekeng,2022/2023,2022,78,70.0,test,66.1836914853085
matlelerekeng,2023/2024,2023,64,78.0,test,73.00821607178224
matlelerekeng,2024/2025,2024,85,64.0,test,67.1554761020976
matsulu,2011/2012,2011,248,246.0,train,
matsulu,2012/2013,2012,312,248.0,train,
matsulu,2013/2014,2013,248,312.0,train,
matsulu,2014/2015,2014,269,248.0,train,
matsulu,2015/2016,2015,325,269.0,train,
matsulu,2016/2017,2016,359,325.0,train,
matsulu,2017/2018,2017,241,359.0,train,
matsulu,2018/2019,2018,228,241.0,train,
matsulu,2019/2020,2019,209,228.0,train,
matsulu,2020/2021,2020,143,209.0,train,
matsulu,2021/2022,2021,162,143.0,train,
matsulu,2022/2023,2022,156,162.0,test,164.3533167156722
matsulu,2023/2024,2023,113,156.0,test,149.18379954493093
matsulu,2024/2025,2024,115,113.0,test,113.5571014137095
maydon wharf,2011/2012,2011,151,158.0,train,
maydon wharf,2012/2013,2012,123,151.0,train,
maydon wharf,2013/2014,2013,7,123.0,train,
maydon wharf,2014/2015,2014,14,7.0,train,
maydon wharf,2015/2016,2015,133,14.0,train,
maydon wharf,2016/2017,2016,131,133.0,train,
maydon wharf,2017/2018,2017,150,131.0,train,
maydon wharf,2018/2019,2018,176,150.0,train,
maydon wharf,2019/2020,2019,165,176.0,train,
maydon wharf,2020/2021,2020,78,165.0,train,
maydon wharf,2021/2022,2021,122,78.0,train,
maydon wharf,2022/2023,2022,118,122.0,test,111.78790209701266
maydon wharf,2023/2024,2023,120,118.0,test,108.79883902454658
maydon wharf,2024/2025,2024,107,120.0,test,109.07056569627156
mayflower,2011/2012,2011,124,117.0,train,
mayflower,2012/2013,2012,125,124.0,train,
mayflower,2013/2014,2013,115,125.0,train,
mayflower,2014/2015,2014,115,115.0,train,
mayflower,2015/2016,2015,110,115.0,train,
mayflower,2016/2017,2016,122,110.0,train,
mayflower,2017/2018,2017,91,122.0,train,
mayflower,2018/2019,2018,105,91.0,train,
mayflower,2019/2020,2019,108,105.0,train,
mayflower,2020/2021,2020,119,108.0,train,
mayflower,2021/2022,2021,85,119.0,train,
mayflower,2022/2023,2022,104,85.0,test,89.33862817868304
mayflower,2023/2024,2023,111,104.0,test,101.45655593161364
mayflower,2024/2025,2024,40,111.0,test,101.52239907756511
mayville-kzn,2011/2012,2011,1016,1092.0,train,
mayville-kzn,2012/2013,2012,934,1016.0,train,
mayville-kzn,2013/2014,2013,813,934.0,train,
mayville-kzn,2014/2015,2014,974,813.0,train,
mayville-kzn,2015/2016,2015,959,974.0,train,
mayville-kzn,2016/2017,2016,1083,959.0,train,
mayville-kzn,2017/2018,2017,858,1083.0,train,
mayville-kzn,2018/2019,2018,778,858.0,train,
mayville-kzn,2019/2020,2019,638,778.0,train,
mayville-kzn,2020/2021,2020,526,638.0,train,
mayville-kzn,2021/2022,2021,464,526.0,train,
mayville-kzn,2022/2023,2022,586,464.0,test,482.03823698937475
mayville-kzn,2023/2024,2023,429,586.0,test,557.8183438678691
mayville-kzn,2024/2025,2024,315,429.0,test,449.8806050379108
mbazwana,2011/2012,2011,250,212.0,train,
mbazwana,2012/2013,2012,269,250.0,train,
mbazwana,2013/2014,2013,229,269.0,train,
mbazwana,2014/2015,2014,214,229.0,train,
mbazwana,2015/2016,2015,235,214.0,train,
mbazwana,2016/2017,2016,203,235.0,train,
mbazwana,2017/2018,2017,71,203.0,train,
mbazwana,2018/2019,2018,62,71.0,train,
mbazwana,2019/2020,2019,74,62.0,train,
mbazwana,2020/2021,2020,44,74.0,train,
mbazwana,2021/2022,2021,37,44.0,train,
mbazwana,2022/2023,2022,32,37.0,test,43.36255231187292
mbazwana,2023/2024,2023,38,32.0,test,35.344280786257606
mbazwana,2024/2025,2024,40,38.0,test,37.69208013178008
mbekweni,2011/2012,2011,295,266.0,train,
mbekweni,2012/2013,2012,292,295.0,train,
mbekweni,2013/2014,2013,252,292.0,train,
mbekweni,2014/2015,2014,403,252.0,train,
mbekweni,2015/2016,2015,306,403.0,train,
mbekweni,2016/2017,2016,335,306.0,train,
mbekweni,2017/2018,2017,321,335.0,train,
mbekweni,2018/2019,2018,364,321.0,train,
mbekweni,2019/2020,2019,350,364.0,train,
mbekweni,2020/2021,2020,257,350.0,train,
mbekweni,2021/2022,2021,188,257.0,train,
mbekweni,2022/2023,2022,167,188.0,test,196.10206224402023
mbekweni,2023/2024,2023,176,167.0,test,172.39071878356685
mbekweni,2024/2025,2024,172,176.0,test,167.1195312140562
mbizana,2011/2012,2011,295,285.0,train,
mbizana,2012/2013,2012,274,295.0,train,
mbizana,2013/2014,2013,290,274.0,train,
mbizana,2014/2015,2014,316,290.0,train,
mbizana,2015/2016,2015,234,316.0,train,
mbizana,2016/2017,2016,285,234.0,train,
mbizana,2017/2018,2017,192,285.0,train,
mbizana,2018/2019,2018,148,192.0,train,
mbizana,2019/2020,2019,140,148.0,train,
mbizana,2020/2021,2020,141,140.0,train,
mbizana,2021/2022,2021,159,141.0,train,
mbizana,2022/2023,2022,137,159.0,test,150.03477848772874
mbizana,2023/2024,2023,151,137.0,test,132.66647624215454
mbizana,2024/2025,2024,120,151.0,test,143.1868936059327
mbizeni,2011/2012,2011,1,1.0,train,
mbizeni,2012/2013,2012,2,1.0,train,
mbizeni,2013/2014,2013,1,2.0,train,
mbizeni,2014/2015,2014,1,1.0,train,
mbizeni,2015/2016,2015,1,1.0,train,
mbizeni,2016/2017,2016,1,1.0,train,
mbizeni,2017/2018,2017,0,1.0,train,
mbizeni,2018/2019,2018,64,0.0,train,
mbizeni,2019/2020,2019,54,64.0,train,
mbizeni,2020/2021,2020,59,54.0,train,
mbizeni,2021/2022,2021,55,59.0,train,
mbizeni,2022/2023,2022,94,55.0,test,53.28236016518767
mbizeni,2023/2024,2023,0,94.0,test,86.0063131502835
mbizeni,2024/2025,2024,1,0.0,test,7.307716558316982
mbongolwane,2011/2012,2011,62,45.0,train,
mbongolwane,2012/2013,2012,53,62.0,train,
mbongolwane,2013/2014,2013,57,53.0,train,
mbongolwane,2014/2015,2014,52,57.0,train,
mbongolwane,2015/2016,2015,60,52.0,train,
mbongolwane,2016/2017,2016,39,60.0,train,
mbongolwane,2017/2018,2017,45,39.0,train,
mbongolwane,2018/2019,2018,46,45.0,train,
mbongolwane,2019/2020,2019,34,46.0,train,
mbongolwane,2020/2021,2020,43,34.0,train,
mbongolwane,2021/2022,2021,32,43.0,train,
mbongolwane,2022/2023,2022,33,32.0,test,33.00279024600748
mbongolwane,2023/2024,2023,32,33.0,test,32.09869159565161
mbongolwane,2024/2025,2024,36,32.0,test,31.04580094856722
mbuzini,2011/2012,2011,20,15.0,train,
mbuzini,2012/2013,2012,23,20.0,train,
mbuzini,2013/2014,2013,17,23.0,train,
mbuzini,2014/2015,2014,5,17.0,train,
mbuzini,2015/2016,2015,17,5.0,train,
mbuzini,2016/2017,2016,35,17.0,train,
mbuzini,2017/2018,2017,37,35.0,train,
mbuzini,2018/2019,2018,40,37.0,train,
mbuzini,2019/2020,2019,41,40.0,train,
mbuzini,2020/2021,2020,35,41.0,train,
mbuzini,2021/2022,2021,26,35.0,train,
mbuzini,2022/2023,2022,16,26.0,test,26.855799470074068
mbuzini,2023/2024,2023,20,16.0,test,19.502009978338492
mbuzini,2024/2025,2024,16,20.0,test,17.254024051245928
mcgregor,2011/2012,2011,20,26.0,train,
mcgregor,2012/2013,2012,42,20.0,train,
mcgregor,2013/2014,2013,33,42.0,train,
mcgregor,2014/2015,2014,36,33.0,train,
mcgregor,2015/2016,2015,44,36.0,train,
mcgregor,2016/2017,2016,50,44.0,train,
mcgregor,2017/2018,2017,66,50.0,train,
mcgregor,2018/2019,2018,121,66.0,train,
mcgregor,2019/2020,2019,106,121.0,train,
mcgregor,2020/2021,2020,114,106.0,train,
mcgregor,2021/2022,2021,94,114.0,train,
mcgregor,2022/2023,2022,116,94.0,test,92.16825572083023
mcgregor,2023/2024,2023,125,116.0,test,104.85219456124848
mcgregor,2024/2025,2024,104,125.0,test,110.72628006219988
mdantsane,2011/2012,2011,805,636.0,train,
mdantsane,2012/2013,2012,605,805.0,train,
mdantsane,2013/2014,2013,690,605.0,train,
mdantsane,2014/2015,2014,604,690.0,train,
mdantsane,2015/2016,2015,572,604.0,train,
mdantsane,2016/2017,2016,722,572.0,train,
mdantsane,2017/2018,2017,628,722.0,train,
mdantsane,2018/2019,2018,685,628.0,train,
mdantsane,2019/2020,2019,640,685.0,train,
mdantsane,2020/2021,2020,527,640.0,train,
mdantsane,2021/2022,2021,463,527.0,train,
mdantsane,2022/2023,2022,494,463.0,test,443.0828718410661
mdantsane,2023/2024,2023,477,494.0,test,427.1565407122251
mdantsane,2024/2025,2024,554,477.0,test,417.34954233559944
meadowlands,2011/2012,2011,1007,1031.0,train,
meadowlands,2012/2013,2012,1068,1007.0,train,
meadowlands,2013/2014,2013,1066,1068.0,train,
meadowlands,2014/2015,2014,913,1066.0,train,
meadowlands,2015/2016,2015,956,913.0,train,
meadowlands,2016/2017,2016,929,956.0,train,
meadowlands,2017/2018,2017,923,929.0,train,
meadowlands,2018/2019,2018,849,923.0,train,
meadowlands,2019/2020,2019,789,849.0,train,
meadowlands,2020/2021,2020,576,789.0,train,
meadowlands,2021/2022,2021,462,576.0,train,
meadowlands,2022/2023,2022,611,462.0,test,469.51066593021704
meadowlands,2023/2024,2023,505,611.0,test,562.0898053814041
meadowlands,2024/2025,2024,507,505.0,test,488.2407848906464
mecklenburg,2011/2012,2011,182,141.0,train,
mecklenburg,2012/2013,2012,217,182.0,train,
mecklenburg,2013/2014,2013,225,217.0,train,
mecklenburg,2014/2015,2014,211,225.0,train,
mecklenburg,2015/2016,2015,209,211.0,train,
mecklenburg,2016/2017,2016,243,209.0,train,
mecklenburg,2017/2018,2017,195,243.0,train,
mecklenburg,2018/2019,2018,171,195.0,train,
mecklenburg,2019/2020,2019,176,171.0,train,
mecklenburg,2020/2021,2020,155,176.0,train,
mecklenburg,2021/2022,2021,120,155.0,train,
mecklenburg,2022/2023,2022,121,120.0,test,115.74435165720716
mecklenburg,2023/2024,2023,148,121.0,test,115.31819797591737
mecklenburg,2024/2025,2024,142,148.0,test,138.31348607176463
mehlomnyama,2011/2012,2011,65,91.0,train,
mehlomnyama,2012/2013,2012,70,65.0,train,
mehlomnyama,2013/2014,2013,68,70.0,train,
mehlomnyama,2014/2015,2014,88,68.0,train,
mehlomnyama,2015/2016,2015,43,88.0,train,
mehlomnyama,2016/2017,2016,56,43.0,train,
mehlomnyama,2017/2018,2017,48,56.0,train,
mehlomnyama,2018/2019,2018,57,48.0,train,
mehlomnyama,2019/2020,2019,57,57.0,train,
mehlomnyama,2020/2021,2020,72,57.0,train,
mehlomnyama,2021/2022,2021,45,72.0,train,
mehlomnyama,2022/2023,2022,57,45.0,test,47.07443327677384
mehlomnyama,2023/2024,2023,51,57.0,test,54.03909876644827
mehlomnyama,2024/2025,2024,37,51.0,test,52.493233219444306
melkbosstrand,2011/2012,2011,179,270.0,train,
melkbosstrand,2012/2013,2012,172,179.0,train,
melkbosstrand,2013/2014,2013,148,172.0,train,
melkbosstrand,2014/2015,2014,145,148.0,train,
melkbosstrand,2015/2016,2015,145,145.0,train,
melkbosstrand,2016/2017,2016,212,145.0,train,
melkbosstrand,2017/2018,2017,150,212.0,train,
melkbosstrand,2018/2019,2018,89,150.0,train,
melkbosstrand,2019/2020,2019,99,89.0,train,
melkbosstrand,2020/2021,2020,89,99.0,train,
melkbosstrand,2021/2022,2021,88,89.0,train,
melkbosstrand,2022/2023,2022,99,88.0,test,82.74612008626838
melkbosstrand,2023/2024,2023,90,99.0,test,89.7788617054735
melkbosstrand,2024/2025,2024,111,90.0,test,85.29364928381692
melmoth,2011/2012,2011,209,231.0,train,
melmoth,2012/2013,2012,157,209.0,train,
melmoth,2013/2014,2013,141,157.0,train,
melmoth,2014/2015,2014,162,141.0,train,
melmoth,2015/2016,2015,144,162.0,train,
melmoth,2016/2017,2016,152,144.0,train,
melmoth,2017/2018,2017,161,152.0,train,
melmoth,2018/2019,2018,157,161.0,train,
melmoth,2019/2020,2019,159,157.0,train,
melmoth,2020/2021,2020,111,159.0,train,
melmoth,2021/2022,2021,119,111.0,train,
melmoth,2022/2023,2022,105,119.0,test,111.5100015930913
melmoth,2023/2024,2023,186,105.0,test,105.2882070945719
melmoth,2024/2025,2024,179,186.0,test,173.26231403698733
memel,2011/2012,2011,24,31.0,train,
memel,2012/2013,2012,65,24.0,train,
memel,2013/2014,2013,37,65.0,train,
memel,2014/2015,2014,50,37.0,train,
memel,2015/2016,2015,46,50.0,train,
memel,2016/2017,2016,14,46.0,train,
memel,2017/2018,2017,25,14.0,train,
memel,2018/2019,2018,11,25.0,train,
memel,2019/2020,2019,16,11.0,train,
memel,2020/2021,2020,15,16.0,train,
memel,2021/2022,2021,19,15.0,train,
memel,2022/2023,2022,21,19.0,test,16.435238673352433
memel,2023/2024,2023,15,21.0,test,18.161163925492986
memel,2024/2025,2024,28,15.0,test,18.14440961551133
meyerton,2011/2012,2011,672,1070.0,train,
meyerton,2012/2013,2012,666,672.0,train,
meyerton,2013/2014,2013,894,666.0,train,
meyerton,2014/2015,2014,840,894.0,train,
meyerton,2015/2016,2015,875,840.0,train,
meyerton,2016/2017,2016,806,875.0,train,
meyerton,2017/2018,2017,708,806.0,train,
meyerton,2018/2019,2018,617,708.0,train,
meyerton,2019/2020,2019,586,617.0,train,
meyerton,2020/2021,2020,409,586.0,train,
meyerton,2021/2022,2021,418,409.0,train,
meyerton,2022/2023,2022,339,418.0,test,407.74754802728506
meyerton,2023/2024,2023,489,339.0,test,345.1562460413565
meyerton,2024/2025,2024,486,489.0,test,463.23820038263386
mfuleni,2011/2012,2011,881,987.0,train,
mfuleni,2012/2013,2012,1076,881.0,train,
mfuleni,2013/2014,2013,1192,1076.0,train,
mfuleni,2014/2015,2014,1124,1192.0,train,
mfuleni,2015/2016,2015,1393,1124.0,train,
mfuleni,2016/2017,2016,1276,1393.0,train,
mfuleni,2017/2018,2017,1409,1276.0,train,
mfuleni,2018/2019,2018,1407,1409.0,train,
mfuleni,2019/2020,2019,1333,1407.0,train,
mfuleni,2020/2021,2020,1009,1333.0,train,
mfuleni,2021/2022,2021,1046,1009.0,train,
mfuleni,2022/2023,2022,1223,1046.0,test,996.3736950939298
mfuleni,2023/2024,2023,1136,1223.0,test,1143.5055062128024
mfuleni,2024/2025,2024,1073,1136.0,test,1088.6693148228514
mhala,2011/2012,2011,242,318.0,train,
mhala,2012/2013,2012,251,242.0,train,
mhala,2013/2014,2013,258,251.0,train,
mhala,2014/2015,2014,213,258.0,train,
mhala,2015/2016,2015,225,213.0,train,
mhala,2016/2017,2016,310,225.0,train,
mhala,2017/2018,2017,248,310.0,train,
mhala,2018/2019,2018,274,248.0,train,
mhala,2019/2020,2019,280,274.0,train,
mhala,2020/2021,2020,232,280.0,train,
mhala,2021/2022,2021,185,232.0,train,
mhala,2022/2023,2022,228,185.0,test,188.23549036450063
mhala,2023/2024,2023,227,228.0,test,219.7146418387991
mhala,2024/2025,2024,195,227.0,test,214.82816526285632
mhluzi,2011/2012,2011,861,875.0,train,
mhluzi,2012/2013,2012,837,861.0,train,
mhluzi,2013/2014,2013,844,837.0,train,
mhluzi,2014/2015,2014,874,844.0,train,
mhluzi,2015/2016,2015,824,874.0,train,
mhluzi,2016/2017,2016,858,824.0,train,
mhluzi,2017/2018,2017,664,858.0,train,
mhluzi,2018/2019,2018,687,664.0,train,
mhluzi,2019/2020,2019,548,687.0,train,
mhluzi,2020/2021,2020,380,548.0,train,
mhluzi,2021/2022,2021,398,380.0,train,
mhluzi,2022/2023,2022,386,398.0,test,376.5301882632535
mhluzi,2023/2024,2023,315,386.0,test,354.3412916260927
mhluzi,2024/2025,2024,328,315.0,test,319.640631988173
mid illovo,2011/2012,2011,19,44.0,train,
mid illovo,2012/2013,2012,29,19.0,train,
mid illovo,2013/2014,2013,36,29.0,train,
mid illovo,2014/2015,2014,20,36.0,train,
mid illovo,2015/2016,2015,41,20.0,train,
mid illovo,2016/2017,2016,28,41.0,train,
mid illovo,2017/2018,2017,38,28.0,train,
mid illovo,2018/2019,2018,40,38.0,train,
mid illovo,2019/2020,2019,35,40.0,train,
mid illovo,2020/2021,2020,22,35.0,train,
mid illovo,2021/2022,2021,20,22.0,train,
mid illovo,2022/2023,2022,19,20.0,test,21.74952930452092
mid illovo,2023/2024,2023,23,19.0,test,19.432796882953784
mid illovo,2024/2025,2024,18,23.0,test,20.309374537079517
middelburg mpumalanga,2011/2012,2011,2278,2134.0,train,
middelburg mpumalanga,2012/2013,2012,2463,2278.0,train,
middelburg mpumalanga,2013/2014,2013,2471,2463.0,train,
middelburg mpumalanga,2014/2015,2014,2170,2471.0,train,
middelburg mpumalanga,2015/2016,2015,2016,2170.0,train,
middelburg mpumalanga,2016/2017,2016,1810,2016.0,train,
middelburg mpumalanga,2017/2018,2017,1828,1810.0,train,
middelburg mpumalanga,2018/2019,2018,64,1828.0,train,
middelburg mpumalanga,2019/2020,2019,54,64.0,train,
middelburg mpumalanga,2020/2021,2020,59,54.0,train,
middelburg mpumalanga,2021/2022,2021,55,59.0,train,
middelburg mpumalanga,2022/2023,2022,94,55.0,test,52.55130197852307
middelburg(ec),2011/2012,2011,73,92.0,train,
middelburg(ec),2012/2013,2012,126,73.0,train,
middelburg(ec),2013/2014,2013,122,126.0,train,
middelburg(ec),2014/2015,2014,145,122.0,train,
middelburg(ec),2015/2016,2015,153,145.0,train,
middelburg(ec),2016/2017,2016,164,153.0,train,
middelburg(ec),2017/2018,2017,128,164.0,train,
middelburg(ec),2018/2019,2018,119,128.0,train,
middelburg(ec),2019/2020,2019,157,119.0,train,
middelburg(ec),2020/2021,2020,173,157.0,train,
middelburg(ec),2021/2022,2021,143,173.0,train,
middelburg(ec),2022/2023,2022,156,143.0,test,135.28883850010516
middelburg(ec),2023/2024,2023,113,156.0,test,141.69116061896187
middelburg(ec),2024/2025,2024,122,113.0,test,110.20323700543618
middelpos,2011/2012,2011,3,3.0,train,
middelpos,2012/2013,2012,4,3.0,train,
middelpos,2013/2014,2013,4,4.0,train,
middelpos,2014/2015,2014,1,4.0,train,
middelpos,2015/2016,2015,2,1.0,train,
middelpos,2016/2017,2016,1,2.0,train,
middelpos,2017/2018,2017,5,1.0,train,
middelpos,2018/2019,2018,3,5.0,train,
middelpos,2019/2020,2019,0,3.0,train,
middelpos,2020/2021,2020,3,0.0,train,
middelpos,2021/2022,2021,0,3.0,train,
middelpos,2022/2023,2022,4,0.0,test,1.0400857482966066
middelpos,2023/2024,2023,1,4.0,test,3.472404423373944
middelpos,2024/2025,2024,1,1.0,test,1.97750898640024
middledrift,2011/2012,2011,47,66.0,train,
middledrift,2012/2013,2012,53,47.0,train,
middledrift,2013/2014,2013,53,53.0,train,
middledrift,2014/2015,2014,64,53.0,train,
middledrift,2015/2016,2015,56,64.0,train,
middledrift,2016/2017,2016,72,56.0,train,
middledrift,2017/2018,2017,56,72.0,train,
middledrift,2018/2019,2018,85,56.0,train,
middledrift,2019/2020,2019,82,85.0,train,
middledrift,2020/2021,2020,66,82.0,train,
middledrift,2021/2022,2021,118,66.0,train,
middledrift,2022/2023,2022,95,118.0,test,105.12328563004327
middledrift,2023/2024,2023,64,95.0,test,92.71991731392733
middledrift,2024/2025,2024,96,64.0,test,72.5282722172282
midrand,2011/2012,2011,1800,1782.0,train,
midrand,2012/2013,2012,1817,1800.0,train,
midrand,2013/2014,2013,2164,1817.0,train,
midrand,2014/2015,2014,2230,2164.0,train,
midrand,2015/2016,2015,2221,2230.0,train,
midrand,2016/2017,2016,2777,2221.0,train,
midrand,2017/2018,2017,2184,2777.0,train,
midrand,2018/2019,2018,1871,2184.0,train,
midrand,2019/2020,2019,2121,1871.0,train,
midrand,2020/2021,2020,1275,2121.0,train,
midrand,2021/2022,2021,1366,1275.0,train,
midrand,2022/2023,2022,1545,1366.0,test,1330.009319004946
midrand,2023/2024,2023,1715,1545.0,test,1386.5018192896596
midrand,2024/2025,2024,1418,1715.0,test,1549.9072826206714
milnerton,2011/2012,2011,1456,1499.0,train,
milnerton,2012/2013,2012,1728,1456.0,train,
milnerton,2013/2014,2013,1900,1728.0,train,
milnerton,2014/2015,2014,1668,1900.0,train,
milnerton,2015/2016,2015,1899,1668.0,train,
milnerton,2016/2017,2016,1634,1899.0,train,
milnerton,2017/2018,2017,1621,1634.0,train,
milnerton,2018/2019,2018,1645,1621.0,train,
milnerton,2019/2020,2019,1420,1645.0,train,
milnerton,2020/2021,2020,939,1420.0,train,
milnerton,2021/2022,2021,893,939.0,train,
milnerton,2022/2023,2022,1059,893.0,test,887.4334345302846
milnerton,2023/2024,2023,1036,1059.0,test,990.7321148600868
milnerton,2024/2025,2024,960,1036.0,test,976.872193009631
mitchells plain,2011/2012,2011,4415,4254.0,train,
mitchells plain,2012/2013,2012,4262,4415.0,train,
mitchells plain,2013/2014,2013,3550,4262.0,train,
mitchells plain,2014/2015,2014,2960,3550.0,train,
mitchells plain,2015/2016,2015,2888,2960.0,train,
mitchells plain,2016/2017,2016,2427,2888.0,train,
mitchells plain,2017/2018,2017,2329,2427.0,train,
mitchells plain,2018/2019,2018,2110,2329.0,train,
mitchells plain,2019/2020,2019,1908,2110.0,train,
mitchells plain,2020/2021,2020,1077,1908.0,train,
mitchells plain,2021/2022,2021,1123,1077.0,train,
mitchells plain,2022/2023,2022,1378,1123.0,test,1117.7619902993752
mitchells plain,2023/2024,2023,1323,1378.0,test,1275.1067627794155
mitchells plain,2024/2025,2024,918,1323.0,test,1247.5613114122157
mkhuze,2011/2012,2011,28,34.0,train,
mkhuze,2012/2013,2012,40,28.0,train,
mkhuze,2013/2014,2013,46,40.0,train,
mkhuze,2014/2015,2014,67,46.0,train,
mkhuze,2015/2016,2015,56,67.0,train,
mkhuze,2016/2017,2016,42,56.0,train,
mkhuze,2017/2018,2017,68,42.0,train,
mkhuze,2018/2019,2018,64,68.0,train,
mkhuze,2019/2020,2019,54,64.0,train,
mkhuze,2020/2021,2020,59,54.0,train,
mkhuze,2021/2022,2021,55,59.0,train,
mkhuze,2022/2023,2022,94,55.0,test,53.813339557933055
mkhuze,2023/2024,2023,23,94.0,test,85.86600756761273
mkhuze,2024/2025,2024,32,23.0,test,29.39036174739475
mlungisi,2011/2012,2011,0,0.0,train,
mlungisi,2012/2013,2012,216,0.0,train,
mlungisi,2013/2014,2013,294,216.0,train,
mlungisi,2014/2015,2014,276,294.0,train,
mlungisi,2015/2016,2015,330,276.0,train,
mlungisi,2016/2017,2016,331,330.0,train,
mlungisi,2017/2018,2017,329,331.0,train,
mlungisi,2018/2019,2018,401,329.0,train,
mlungisi,2019/2020,2019,378,401.0,train,
mlungisi,2020/2021,2020,412,378.0,train,
mlungisi,2021/2022,2021,299,412.0,train,
mlungisi,2022/2023,2022,285,299.0,test,293.2845779694337
mlungisi,2023/2024,2023,303,285.0,test,269.6142804803996
mlungisi,2024/2025,2024,365,303.0,test,259.85924705954733
mmabatho,2011/2012,2011,949,1154.0,train,
mmabatho,2012/2013,2012,1153,949.0,train,
mmabatho,2013/2014,2013,1010,1153.0,train,
mmabatho,2014/2015,2014,1389,1010.0,train,
mmabatho,2015/2016,2015,1122,1389.0,train,
mmabatho,2016/2017,2016,937,1122.0,train,
mmabatho,2017/2018,2017,883,937.0,train,
mmabatho,2018/2019,2018,1128,883.0,train,
mmabatho,2019/2020,2019,945,1128.0,train,
mmabatho,2020/2021,2020,602,945.0,train,
mmabatho,2021/2022,2021,701,602.0,train,
mmabatho,2022/2023,2022,780,701.0,test,641.3522405872374
mmabatho,2023/2024,2023,923,780.0,test,701.2925580617331
mmabatho,2024/2025,2024,800,923.0,test,848.0635748732503
mmakau,2011/2012,2011,261,270.0,train,
mmakau,2012/2013,2012,254,261.0,train,
mmakau,2013/2014,2013,247,254.0,train,
mmakau,2014/2015,2014,368,247.0,train,
mmakau,2015/2016,2015,243,368.0,train,
mmakau,2016/2017,2016,271,243.0,train,
mmakau,2017/2018,2017,215,271.0,train,
mmakau,2018/2019,2018,314,215.0,train,
mmakau,2019/2020,2019,216,314.0,train,
mmakau,2020/2021,2020,186,216.0,train,
mmakau,2021/2022,2021,189,186.0,train,
mmakau,2022/2023,2022,159,189.0,test,188.6083794421774
mmakau,2023/2024,2023,156,159.0,test,157.63529741593817
mmakau,2024/2025,2024,155,156.0,test,151.03296581675392
mmametlake,2011/2012,2011,199,157.0,train,
mmametlake,2012/2013,2012,193,199.0,train,
mmametlake,2013/2014,2013,244,193.0,train,
mmametlake,2014/2015,2014,199,244.0,train,
mmametlake,2015/2016,2015,218,199.0,train,
mmametlake,2016/2017,2016,242,218.0,train,
mmametlake,2017/2018,2017,251,242.0,train,
mmametlake,2018/2019,2018,225,251.0,train,
mmametlake,2019/2020,2019,235,225.0,train,
mmametlake,2020/2021,2020,155,235.0,train,
mmametlake,2021/2022,2021,162,155.0,train,
mmametlake,2022/2023,2022,144,162.0,test,170.25874485175373
mmametlake,2023/2024,2023,177,144.0,test,137.15594144442161
mmametlake,2024/2025,2024,193,177.0,test,169.48994156679368
modder river,2011/2012,2011,104,113.0,train,
modder river,2012/2013,2012,104,104.0,train,
modder river,2013/2014,2013,99,104.0,train,
modder river,2014/2015,2014,147,99.0,train,
modder river,2015/2016,2015,159,147.0,train,
modder river,2016/2017,2016,108,159.0,train,
modder river,2017/2018,2017,95,108.0,train,
modder river,2018/2019,2018,174,95.0,train,
modder river,2019/2020,2019,155,174.0,train,
modder river,2020/2021,2020,155,155.0,train,
modder river,2021/2022,2021,111,155.0,train,
modder river,2022/2023,2022,150,111.0,test,107.7832747418199
modder river,2023/2024,2023,154,150.0,test,131.4215278884417
modder river,2024/2025,2024,145,154.0,test,130.80019994010976
modimolle,2011/2012,2011,420,305.0,train,
modimolle,2012/2013,2012,405,420.0,train,
modimolle,2013/2014,2013,504,405.0,train,
modimolle,2014/2015,2014,518,504.0,train,
modimolle,2015/2016,2015,516,518.0,train,
modimolle,2016/2017,2016,511,516.0,train,
modimolle,2017/2018,2017,426,511.0,train,
modimolle,2018/2019,2018,453,426.0,train,
modimolle,2019/2020,2019,349,453.0,train,
modimolle,2020/2021,2020,214,349.0,train,
modimolle,2021/2022,2021,241,214.0,train,
modimolle,2022/2023,2022,274,241.0,test,228.74314787405638
modimolle,2023/2024,2023,304,274.0,test,240.28504489049058
modimolle,2024/2025,2024,204,304.0,test,268.4840255602098
modjadjiskloof,2011/2012,2011,142,75.0,train,
modjadjiskloof,2012/2013,2012,88,142.0,train,
modjadjiskloof,2013/2014,2013,111,88.0,train,
modjadjiskloof,2014/2015,2014,136,111.0,train,
modjadjiskloof,2015/2016,2015,140,136.0,train,
modjadjiskloof,2016/2017,2016,109,140.0,train,
modjadjiskloof,2017/2018,2017,108,109.0,train,
modjadjiskloof,2018/2019,2018,155,108.0,train,
modjadjiskloof,2019/2020,2019,121,155.0,train,
modjadjiskloof,2020/2021,2020,91,121.0,train,
modjadjiskloof,2021/2022,2021,87,91.0,train,
modjadjiskloof,2022/2023,2022,81,87.0,test,88.96775646473982
modjadjiskloof,2023/2024,2023,65,81.0,test,79.4716540556002
modjadjiskloof,2024/2025,2024,86,65.0,test,71.66625032094137
moffatview,2011/2012,2011,0,0.0,train,
moffatview,2012/2013,2012,1346,0.0,train,
moffatview,2013/2014,2013,1389,1346.0,train,
moffatview,2014/2015,2014,1481,1389.0,train,
moffatview,2015/2016,2015,1336,1481.0,train,
moffatview,2016/2017,2016,1384,1336.0,train,
moffatview,2017/2018,2017,1359,1384.0,train,
moffatview,2018/2019,2018,1093,1359.0,train,
moffatview,2019/2020,2019,1083,1093.0,train,
moffatview,2020/2021,2020,860,1083.0,train,
moffatview,2021/2022,2021,910,860.0,train,
moffatview,2022/2023,2022,874,910.0,test,876.1601642573582
moffatview,2023/2024,2023,910,874.0,test,835.2526581916337
moffatview,2024/2025,2024,768,910.0,test,864.5892720910784
mogwadi,2011/2012,2011,88,106.0,train,
mogwadi,2012/2013,2012,105,88.0,train,
mogwadi,2013/2014,2013,120,105.0,train,
mogwadi,2014/2015,2014,91,120.0,train,
mogwadi,2015/2016,2015,105,91.0,train,
mogwadi,2016/2017,2016,107,105.0,train,
mogwadi,2017/2018,2017,110,107.0,train,
mogwadi,2018/2019,2018,110,110.0,train,
mogwadi,2019/2020,2019,59,110.0,train,
mogwadi,2020/2021,2020,44,59.0,train,
mogwadi,2021/2022,2021,75,44.0,train,
mogwadi,2022/2023,2022,83,75.0,test,70.54135675969377
mogwadi,2023/2024,2023,70,83.0,test,79.48728502204972
mogwadi,2024/2025,2024,90,70.0,test,76.9976702059293
mogwase,2011/2012,2011,416,370.0,train,
mogwase,2012/2013,2012,407,416.0,train,
mogwase,2013/2014,2013,462,407.0,train,
mogwase,2014/2015,2014,453,462.0,train,
mogwase,2015/2016,2015,456,453.0,train,
mogwase,2016/2017,2016,543,456.0,train,
mogwase,2017/2018,2017,496,543.0,train,
mogwase,2018/2019,2018,485,496.0,train,
mogwase,2019/2020,2019,485,485.0,train,
mogwase,2020/2021,2020,484,485.0,train,
mogwase,2021/2022,2021,379,484.0,train,
mogwase,2022/2023,2022,410,379.0,test,368.3494163979319
mogwase,2023/2024,2023,385,410.0,test,350.3395753446775
mogwase,2024/2025,2024,434,385.0,test,346.19779826147544
mokopane,2011/2012,2011,690,536.0,train,
mokopane,2012/2013,2012,539,690.0,train,
mokopane,2013/2014,2013,508,539.0,train,
mokopane,2014/2015,2014,481,508.0,train,
mokopane,2015/2016,2015,75,481.0,train,
mokopane,2016/2017,2016,523,75.0,train,
mokopane,2017/2018,2017,549,523.0,train,
mokopane,2018/2019,2018,581,549.0,train,
mokopane,2019/2020,2019,582,581.0,train,
mokopane,2020/2021,2020,268,582.0,train,
mokopane,2021/2022,2021,294,268.0,train,
mokopane,2022/2023,2022,418,294.0,test,292.1464748794584
mokopane,2023/2024,2023,415,418.0,test,382.85639829514287
mokopane,2024/2025,2024,329,415.0,test,387.6428742886912
mokopong,2011/2012,2011,1,5.0,train,
mokopong,2012/2013,2012,2,1.0,train,
mokopong,2013/2014,2013,1,2.0,train,
mokopong,2014/2015,2014,0,1.0,train,
mokopong,2015/2016,2015,2,0.0,train,
mokopong,2016/2017,2016,1,2.0,train,
mokopong,2017/2018,2017,5,1.0,train,
mokopong,2018/2019,2018,64,5.0,train,
mokopong,2019/2020,2019,54,64.0,train,
mokopong,2020/2021,2020,59,54.0,train,
mokopong,2021/2022,2021,55,59.0,train,
mokopong,2022/2023,2022,94,55.0,test,53.28236016518767
mokopong,2023/2024,2023,0,94.0,test,86.0063131502835
mokopong,2024/2025,2024,1,0.0,test,7.307716558316982
mokwakwaila,2011/2012,2011,0,0.0,train,
mokwakwaila,2012/2013,2012,0,0.0,train,
mokwakwaila,2013/2014,2013,0,0.0,train,
mokwakwaila,2014/2015,2014,0,0.0,train,
mokwakwaila,2015/2016,2015,693,0.0,train,
mokwakwaila,2016/2017,2016,91,693.0,train,
mokwakwaila,2017/2018,2017,96,91.0,train,
mokwakwaila,2018/2019,2018,81,96.0,train,
mokwakwaila,2019/2020,2019,77,81.0,train,
mokwakwaila,2020/2021,2020,70,77.0,train,
mokwakwaila,2021/2022,2021,109,70.0,train,
mokwakwaila,2022/2023,2022,80,109.0,test,101.4239070607354
mokwakwaila,2023/2024,2023,83,80.0,test,84.66043862693134
mokwakwaila,2024/2025,2024,80,83.0,test,84.02146825198747
molteno,2011/2012,2011,44,49.0,train,
molteno,2012/2013,2012,56,44.0,train,
molteno,2013/2014,2013,59,56.0,train,
molteno,2014/2015,2014,62,59.0,train,
molteno,2015/2016,2015,63,62.0,train,
molteno,2016/2017,2016,52,63.0,train,
molteno,2017/2018,2017,43,52.0,train,
molteno,2018/2019,2018,44,43.0,train,
molteno,2019/2020,2019,60,44.0,train,
molteno,2020/2021,2020,73,60.0,train,
molteno,2021/2022,2021,51,73.0,train,
molteno,2022/2023,2022,41,51.0,test,51.944610638046306
molteno,2023/2024,2023,45,41.0,test,41.93101716560539
molteno,2024/2025,2024,48,45.0,test,43.190201889112785
mondeor,2011/2012,2011,2023,1966.0,train,
mondeor,2012/2013,2012,2020,2023.0,train,
mondeor,2013/2014,2013,1963,2020.0,train,
mondeor,2014/2015,2014,1763,1963.0,train,
mondeor,2015/2016,2015,1671,1763.0,train,
mondeor,2016/2017,2016,1818,1671.0,train,
mondeor,2017/2018,2017,1568,1818.0,train,
mondeor,2018/2019,2018,1607,1568.0,train,
mondeor,2019/2020,2019,1522,1607.0,train,
mondeor,2020/2021,2020,991,1522.0,train,
mondeor,2021/2022,2021,1174,991.0,train,
mondeor,2022/2023,2022,1268,1174.0,test,1125.960620830863
mondeor,2023/2024,2023,1267,1268.0,test,1190.1755083498629
mondeor,2024/2025,2024,1169,1267.0,test,1199.195632459584
mondlo,2011/2012,2011,328,282.0,train,
mondlo,2012/2013,2012,310,328.0,train,
mondlo,2013/2014,2013,399,310.0,train,
mondlo,2014/2015,2014,399,399.0,train,
mondlo,2015/2016,2015,361,399.0,train,
mondlo,2016/2017,2016,333,361.0,train,
mondlo,2017/2018,2017,330,333.0,train,
mondlo,2018/2019,2018,227,330.0,train,
mondlo,2019/2020,2019,192,227.0,train,
mondlo,2020/2021,2020,149,192.0,train,
mondlo,2021/2022,2021,156,149.0,train,
mondlo,2022/2023,2022,180,156.0,test,146.07098114368083
mondlo,2023/2024,2023,198,180.0,test,157.52255617812702
mondlo,2024/2025,2024,233,198.0,test,172.9502713468296
montagu,2011/2012,2011,112,123.0,train,
montagu,2012/2013,2012,189,112.0,train,
montagu,2013/2014,2013,170,189.0,train,
montagu,2014/2015,2014,186,170.0,train,
montagu,2015/2016,2015,219,186.0,train,
montagu,2016/2017,2016,224,219.0,train,
montagu,2017/2018,2017,198,224.0,train,
montagu,2018/2019,2018,178,198.0,train,
montagu,2019/2020,2019,241,178.0,train,
montagu,2020/2021,2020,231,241.0,train,
montagu,2021/2022,2021,182,231.0,train,
montagu,2022/2023,2022,201,182.0,test,172.72648493060439
montagu,2023/2024,2023,182,201.0,test,179.74962210670466
montagu,2024/2025,2024,165,182.0,test,171.44977191244618
montclair,2011/2012,2011,830,812.0,train,
montclair,2012/2013,2012,1081,830.0,train,
montclair,2013/2014,2013,1169,1081.0,train,
montclair,2014/2015,2014,843,1169.0,train,
montclair,2015/2016,2015,928,843.0,train,
montclair,2016/2017,2016,784,928.0,train,
montclair,2017/2018,2017,731,784.0,train,
montclair,2018/2019,2018,885,731.0,train,
montclair,2019/2020,2019,988,885.0,train,
montclair,2020/2021,2020,700,988.0,train,
montclair,2021/2022,2021,706,700.0,train,
montclair,2022/2023,2022,713,706.0,test,650.6486847927628
montclair,2023/2024,2023,643,713.0,test,647.7046063582092
montclair,2024/2025,2024,567,643.0,test,597.0886939943529
mooi river,2011/2012,2011,238,208.0,train,
mooi river,2012/2013,2012,260,238.0,train,
mooi river,2013/2014,2013,226,260.0,train,
mooi river,2014/2015,2014,199,226.0,train,
mooi river,2015/2016,2015,191,199.0,train,
mooi river,2016/2017,2016,193,191.0,train,
mooi river,2017/2018,2017,151,193.0,train,
mooi river,2018/2019,2018,126,151.0,train,
mooi river,2019/2020,2019,143,126.0,train,
mooi river,2020/2021,2020,109,143.0,train,
mooi river,2021/2022,2021,67,109.0,train,
mooi river,2022/2023,2022,94,67.0,test,73.99830667516865
mooi river,2023/2024,2023,109,94.0,test,92.99613435164383
mooi river,2024/2025,2024,81,109.0,test,103.7689974633187
mooifontein,2011/2012,2011,30,30.0,train,
mooifontein,2012/2013,2012,29,30.0,train,
mooifontein,2013/2014,2013,12,29.0,train,
mooifontein,2014/2015,2014,13,12.0,train,
mooifontein,2015/2016,2015,33,13.0,train,
mooifontein,2016/2017,2016,37,33.0,train,
mooifontein,2017/2018,2017,35,37.0,train,
mooifontein,2018/2019,2018,21,35.0,train,
mooifontein,2019/2020,2019,23,21.0,train,
mooifontein,2020/2021,2020,12,23.0,train,
mooifontein,2021/2022,2021,18,12.0,train,
mooifontein,2022/2023,2022,23,18.0,test,15.76843142680333
mooifontein,2023/2024,2023,22,23.0,test,18.66691015863604
mooifontein,2024/2025,2024,24,22.0,test,21.119672871656874
mooinooi,2011/2012,2011,465,429.0,train,
mooinooi,2012/2013,2012,533,465.0,train,
mooinooi,2013/2014,2013,479,533.0,train,
mooinooi,2014/2015,2014,464,479.0,train,
mooinooi,2015/2016,2015,677,464.0,train,
mooinooi,2016/2017,2016,699,677.0,train,
mooinooi,2017/2018,2017,617,699.0,train,
mooinooi,2018/2019,2018,634,617.0,train,
mooinooi,2019/2020,2019,595,634.0,train,
mooinooi,2020/2021,2020,516,595.0,train,
mooinooi,2021/2022,2021,518,516.0,train,
mooinooi,2022/2023,2022,512,518.0,test,480.8399609001417
mooinooi,2023/2024,2023,560,512.0,test,464.9429846204008
mooinooi,2024/2025,2024,568,560.0,test,500.1687160694404
mooiplaas,2011/2012,2011,38,22.0,train,
mooiplaas,2012/2013,2012,26,38.0,train,
mooiplaas,2013/2014,2013,33,26.0,train,
mooiplaas,2014/2015,2014,22,33.0,train,
mooiplaas,2015/2016,2015,15,22.0,train,
mooiplaas,2016/2017,2016,14,15.0,train,
mooiplaas,2017/2018,2017,8,14.0,train,
mooiplaas,2018/2019,2018,27,8.0,train,
mooiplaas,2019/2020,2019,19,27.0,train,
mooiplaas,2020/2021,2020,20,19.0,train,
mooiplaas,2021/2022,2021,14,20.0,train,
mooiplaas,2022/2023,2022,41,14.0,test,17.150703847496956
moorreesburg,2011/2012,2011,93,118.0,train,
moorreesburg,2012/2013,2012,126,93.0,train,
moorreesburg,2013/2014,2013,141,126.0,train,
moorreesburg,2014/2015,2014,129,141.0,train,
moorreesburg,2015/2016,2015,120,129.0,train,
moorreesburg,2016/2017,2016,134,120.0,train,
moorreesburg,2017/2018,2017,111,134.0,train,
moorreesburg,2018/2019,2018,128,111.0,train,
moorreesburg,2019/2020,2019,189,128.0,train,
moorreesburg,2020/2021,2020,154,189.0,train,
moorreesburg,2021/2022,2021,138,154.0,train,
moorreesburg,2022/2023,2022,194,138.0,test,131.07902557060655
moorreesburg,2023/2024,2023,284,194.0,test,176.02797139246832
moorreesburg,2024/2025,2024,172,284.0,test,244.62728914329472
morebeng,2011/2012,2011,31,83.0,train,
morebeng,2012/2013,2012,51,31.0,train,
morebeng,2013/2014,2013,51,51.0,train,
morebeng,2014/2015,2014,61,51.0,train,
morebeng,2015/2016,2015,55,61.0,train,
morebeng,2016/2017,2016,62,55.0,train,
morebeng,2017/2018,2017,40,62.0,train,
morebeng,2018/2019,2018,45,40.0,train,
morebeng,2019/2020,2019,45,45.0,train,
morebeng,2020/2021,2020,37,45.0,train,
morebeng,2021/2022,2021,33,37.0,train,
morebeng,2022/2023,2022,31,33.0,test,35.00886610148882
morebeng,2023/2024,2023,30,31.0,test,32.91558406503388
morebeng,2024/2025,2024,15,30.0,test,30.14545185082853
morgenzon transvaal,2011/2012,2011,83,76.0,train,
morgenzon transvaal,2012/2013,2012,56,83.0,train,
morgenzon transvaal,2013/2014,2013,73,56.0,train,
morgenzon transvaal,2014/2015,2014,73,73.0,train,
morgenzon transvaal,2015/2016,2015,67,73.0,train,
morgenzon transvaal,2016/2017,2016,78,67.0,train,
morgenzon transvaal,2017/2018,2017,74,78.0,train,
morgenzon transvaal,2018/2019,2018,107,74.0,train,
morgenzon transvaal,2019/2020,2019,114,107.0,train,
morgenzon transvaal,2020/2021,2020,64,114.0,train,
morgenzon transvaal,2021/2022,2021,59,64.0,train,
morgenzon transvaal,2022/2023,2022,39,59.0,test,65.71374775972234
morgenzon transvaal,2023/2024,2023,39,39.0,test,45.18894540137886
morgenzon transvaal,2024/2025,2024,38,39.0,test,41.652433389481565
moroka,2011/2012,2011,1564,1602.0,train,
moroka,2012/2013,2012,1620,1564.0,train,
moroka,2013/2014,2013,1398,1620.0,train,
moroka,2014/2015,2014,1347,1398.0,train,
moroka,2015/2016,2015,1445,1347.0,train,
moroka,2016/2017,2016,1616,1445.0,train,
moroka,2017/2018,2017,1446,1616.0,train,
moroka,2018/2019,2018,1536,1446.0,train,
moroka,2019/2020,2019,1480,1536.0,train,
moroka,2020/2021,2020,1003,1480.0,train,
moroka,2021/2022,2021,968,1003.0,train,
moroka,2022/2023,2022,1022,968.0,test,962.5705448826965
moroka,2023/2024,2023,916,1022.0,test,954.7016387779286
moroka,2024/2025,2024,861,916.0,test,881.2838932502747
morokweng,2011/2012,2011,38,21.0,train,
morokweng,2012/2013,2012,23,38.0,train,
morokweng,2013/2014,2013,24,23.0,train,
morokweng,2014/2015,2014,30,24.0,train,
morokweng,2015/2016,2015,30,30.0,train,
morokweng,2016/2017,2016,27,30.0,train,
morokweng,2017/2018,2017,47,27.0,train,
morokweng,2018/2019,2018,33,47.0,train,
morokweng,2019/2020,2019,43,33.0,train,
morokweng,2020/2021,2020,41,43.0,train,
morokweng,2021/2022,2021,37,41.0,train,
morokweng,2022/2023,2022,36,37.0,test,35.828733179166136
morokweng,2023/2024,2023,43,36.0,test,34.74534284710108
morokweng,2024/2025,2024,18,43.0,test,40.331987871568984
mossel bay,2011/2012,2011,313,297.0,train,
mossel bay,2012/2013,2012,398,313.0,train,
mossel bay,2013/2014,2013,480,398.0,train,
mossel bay,2014/2015,2014,331,480.0,train,
mossel bay,2015/2016,2015,312,331.0,train,
mossel bay,2016/2017,2016,257,312.0,train,
mossel bay,2017/2018,2017,225,257.0,train,
mossel bay,2018/2019,2018,249,225.0,train,
mossel bay,2019/2020,2019,175,249.0,train,
mossel bay,2020/2021,2020,196,175.0,train,
mossel bay,2021/2022,2021,138,196.0,train,
mossel bay,2022/2023,2022,194,138.0,test,143.30121275363814
mossel bay,2023/2024,2023,207,194.0,test,179.68071472503968
mossel bay,2024/2025,2024,131,207.0,test,188.60391740760292
motetema,2011/2012,2011,238,240.0,train,
motetema,2012/2013,2012,254,238.0,train,
motetema,2013/2014,2013,254,254.0,train,
motetema,2014/2015,2014,353,254.0,train,
motetema,2015/2016,2015,258,353.0,train,
motetema,2016/2017,2016,292,258.0,train,
motetema,2017/2018,2017,256,292.0,train,
motetema,2018/2019,2018,265,256.0,train,
motetema,2019/2020,2019,212,265.0,train,
motetema,2020/2021,2020,204,212.0,train,
motetema,2021/2022,2021,200,204.0,train,
motetema,2022/2023,2022,235,200.0,test,193.499682749821
motetema,2023/2024,2023,205,235.0,test,210.03638593624407
motetema,2024/2025,2024,182,205.0,test,195.68949437767225
motherwell,2011/2012,2011,444,522.0,train,
motherwell,2012/2013,2012,541,444.0,train,
motherwell,2013/2014,2013,671,541.0,train,
motherwell,2014/2015,2014,637,671.0,train,
motherwell,2015/2016,2015,657,637.0,train,
motherwell,2016/2017,2016,603,657.0,train,
motherwell,2017/2018,2017,525,603.0,train,
motherwell,2018/2019,2018,575,525.0,train,
motherwell,2019/2020,2019,503,575.0,train,
motherwell,2020/2021,2020,372,503.0,train,
motherwell,2021/2022,2021,423,372.0,train,
motherwell,2022/2023,2022,501,423.0,test,420.03046677902194
motherwell,2023/2024,2023,434,501.0,test,484.9821309451908
motherwell,2024/2025,2024,323,434.0,test,437.7612204159723
mothibistad,2011/2012,2011,166,180.0,train,
mothibistad,2012/2013,2012,261,166.0,train,
mothibistad,2013/2014,2013,200,261.0,train,
mothibistad,2014/2015,2014,245,200.0,train,
mothibistad,2015/2016,2015,199,245.0,train,
mothibistad,2016/2017,2016,239,199.0,train,
mothibistad,2017/2018,2017,243,239.0,train,
mothibistad,2018/2019,2018,245,243.0,train,
mothibistad,2019/2020,2019,245,245.0,train,
mothibistad,2020/2021,2020,199,245.0,train,
mothibistad,2021/2022,2021,177,199.0,train,
mothibistad,2022/2023,2022,280,177.0,test,175.00887306517134
mothibistad,2023/2024,2023,234,280.0,test,238.39751286532908
mothibistad,2024/2025,2024,253,234.0,test,213.08094310894097
mothotlung,2011/2012,2011,112,150.0,train,
mothotlung,2012/2013,2012,116,112.0,train,
mothotlung,2013/2014,2013,190,116.0,train,
mothotlung,2014/2015,2014,197,190.0,train,
mothotlung,2015/2016,2015,131,197.0,train,
mothotlung,2016/2017,2016,90,131.0,train,
mothotlung,2017/2018,2017,122,90.0,train,
mothotlung,2018/2019,2018,83,122.0,train,
mothotlung,2019/2020,2019,92,83.0,train,
mothotlung,2020/2021,2020,98,92.0,train,
mothotlung,2021/2022,2021,49,98.0,train,
mothotlung,2022/2023,2022,77,49.0,test,58.23573273981651
mothotlung,2023/2024,2023,68,77.0,test,77.16467563505007
mothotlung,2024/2025,2024,76,68.0,test,71.65882055266192
motswedi,2011/2012,2011,82,81.0,train,
motswedi,2012/2013,2012,97,82.0,train,
motswedi,2013/2014,2013,73,97.0,train,
motswedi,2014/2015,2014,78,73.0,train,
motswedi,2015/2016,2015,89,78.0,train,
motswedi,2016/2017,2016,59,89.0,train,
motswedi,2017/2018,2017,55,59.0,train,
motswedi,2018/2019,2018,51,55.0,train,
motswedi,2019/2020,2019,47,51.0,train,
motswedi,2020/2021,2020,61,47.0,train,
motswedi,2021/2022,2021,68,61.0,train,
motswedi,2022/2023,2022,46,68.0,test,65.29904640051313
motswedi,2023/2024,2023,58,46.0,test,49.155223691562156
motswedi,2024/2025,2024,49,58.0,test,56.644742033109104
mount ayliff,2011/2012,2011,268,238.0,train,
mount ayliff,2012/2013,2012,281,268.0,train,
mount ayliff,2013/2014,2013,286,281.0,train,
mount ayliff,2014/2015,2014,313,286.0,train,
mount ayliff,2015/2016,2015,209,313.0,train,
mount ayliff,2016/2017,2016,256,209.0,train,
mount ayliff,2017/2018,2017,306,256.0,train,
mount ayliff,2018/2019,2018,239,306.0,train,
mount ayliff,2019/2020,2019,224,239.0,train,
mount ayliff,2020/2021,2020,174,224.0,train,
mount ayliff,2021/2022,2021,155,174.0,train,
mount ayliff,2022/2023,2022,141,155.0,test,160.0030794844604
mount fletcher,2011/2012,2011,136,129.0,train,
mount fletcher,2012/2013,2012,146,136.0,train,
mount fletcher,2013/2014,2013,157,146.0,train,
mount fletcher,2014/2015,2014,171,157.0,train,
mount fletcher,2015/2016,2015,198,171.0,train,
mount fletcher,2016/2017,2016,141,198.0,train,
mount fletcher,2017/2018,2017,131,141.0,train,
mount fletcher,2018/2019,2018,111,131.0,train,
mount fletcher,2019/2020,2019,90,111.0,train,
mount fletcher,2020/2021,2020,116,90.0,train,
mount fletcher,2021/2022,2021,120,116.0,train,
mount fletcher,2022/2023,2022,129,120.0,test,113.47014413629539
mount frere,2011/2012,2011,443,486.0,train,
mount frere,2012/2013,2012,460,443.0,train,
mount frere,2013/2014,2013,416,460.0,train,
mount frere,2014/2015,2014,441,416.0,train,
mount frere,2015/2016,2015,517,441.0,train,
mount frere,2016/2017,2016,510,517.0,train,
mount frere,2017/2018,2017,573,510.0,train,
mount frere,2018/2019,2018,364,573.0,train,
mount frere,2019/2020,2019,455,364.0,train,
mount frere,2020/2021,2020,326,455.0,train,
mount frere,2021/2022,2021,331,326.0,train,
mount frere,2022/2023,2022,333,331.0,test,323.2060496618703
mount road,2011/2012,2011,1542,1654.0,train,
mount road,2012/2013,2012,2100,1542.0,train,
mount road,2013/2014,2013,1641,2100.0,train,
mount road,2014/2015,2014,1765,1641.0,train,
mount road,2015/2016,2015,1542,1765.0,train,
mount road,2016/2017,2016,1657,1542.0,train,
mount road,2017/2018,2017,1568,1657.0,train,
mount road,2018/2019,2018,1287,1568.0,train,
mount road,2019/2020,2019,1291,1287.0,train,
mount road,2020/2021,2020,1097,1291.0,train,
mount road,2021/2022,2021,1174,1097.0,train,
mount road,2022/2023,2022,1128,1174.0,test,1079.4560381847139
mount road,2023/2024,2023,1047,1128.0,test,1043.9308244019592
mount road,2024/2025,2024,992,1047.0,test,971.9060162941106
mountain rise,2011/2012,2011,1194,1140.0,train,
mountain rise,2012/2013,2012,1125,1194.0,train,
mountain rise,2013/2014,2013,1014,1125.0,train,
mountain rise,2014/2015,2014,1090,1014.0,train,
mountain rise,2015/2016,2015,1201,1090.0,train,
mountain rise,2016/2017,2016,1143,1201.0,train,
mountain rise,2017/2018,2017,1074,1143.0,train,
mountain rise,2018/2019,2018,1185,1074.0,train,
mountain rise,2019/2020,2019,1051,1185.0,train,
mountain rise,2020/2021,2020,909,1051.0,train,
mountain rise,2021/2022,2021,787,909.0,train,
mountain rise,2022/2023,2022,1005,787.0,test,745.1709873548614
mountain rise,2023/2024,2023,1136,1005.0,test,921.3350823176602
mountain rise,2024/2025,2024,933,1136.0,test,1050.6512365191647
mowbray,2011/2012,2011,449,511.0,train,
mowbray,2012/2013,2012,544,449.0,train,
mowbray,2013/2014,2013,591,544.0,train,
mowbray,2014/2015,2014,469,591.0,train,
mowbray,2015/2016,2015,637,469.0,train,
mowbray,2016/2017,2016,501,637.0,train,
mowbray,2017/2018,2017,425,501.0,train,
mowbray,2018/2019,2018,438,425.0,train,
mowbray,2019/2020,2019,431,438.0,train,
mowbray,2020/2021,2020,275,431.0,train,
mowbray,2021/2022,2021,381,275.0,train,
mowbray,2022/2023,2022,480,381.0,test,364.9730351821342
mowbray,2023/2024,2023,364,480.0,test,446.54751684005686
mowbray,2024/2025,2024,326,364.0,test,367.08733712936277
moyeni,2011/2012,2011,35,48.0,train,
moyeni,2012/2013,2012,46,35.0,train,
moyeni,2013/2014,2013,21,46.0,train,
moyeni,2014/2015,2014,26,21.0,train,
moyeni,2015/2016,2015,36,26.0,train,
moyeni,2016/2017,2016,35,36.0,train,
moyeni,2017/2018,2017,27,35.0,train,
moyeni,2018/2019,2018,19,27.0,train,
moyeni,2019/2020,2019,47,19.0,train,
moyeni,2020/2021,2020,45,47.0,train,
moyeni,2021/2022,2021,39,45.0,train,
moyeni,2022/2023,2022,22,39.0,test,37.79821390725849
moyeni,2023/2024,2023,32,22.0,test,26.05651013989778
moyeni,2024/2025,2024,28,32.0,test,27.260500434402008
mphephu,2011/2012,2011,246,203.0,train,
mphephu,2012/2013,2012,239,246.0,train,
mphephu,2013/2014,2013,263,239.0,train,
mphephu,2014/2015,2014,304,263.0,train,
mphephu,2015/2016,2015,314,304.0,train,
mphephu,2016/2017,2016,293,314.0,train,
mphephu,2017/2018,2017,229,293.0,train,
mphephu,2018/2019,2018,233,229.0,train,
mphephu,2019/2020,2019,177,233.0,train,
mphephu,2020/2021,2020,146,177.0,train,
mphephu,2021/2022,2021,261,146.0,train,
mphephu,2022/2023,2022,229,261.0,test,225.14253718738837
mphephu,2023/2024,2023,158,229.0,test,203.88243442200334
mphephu,2024/2025,2024,201,158.0,test,166.89916147987728
mpisi,2011/2012,2011,14,11.0,train,
mpisi,2012/2013,2012,4,14.0,train,
mpisi,2013/2014,2013,9,4.0,train,
mpisi,2014/2015,2014,8,9.0,train,
mpisi,2015/2016,2015,0,8.0,train,
mpisi,2016/2017,2016,7,0.0,train,
mpisi,2017/2018,2017,5,7.0,train,
mpisi,2018/2019,2018,10,5.0,train,
mpisi,2019/2020,2019,4,10.0,train,
mpisi,2020/2021,2020,3,4.0,train,
mpisi,2021/2022,2021,5,3.0,train,
mpisi,2022/2023,2022,4,5.0,test,3.8787386260007297
mpisi,2023/2024,2023,1,4.0,test,4.062455123893547
mpisi,2024/2025,2024,4,1.0,test,2.1085619308035675
mpophomeni,2011/2012,2011,144,142.0,train,
mpophomeni,2012/2013,2012,163,144.0,train,
mpophomeni,2013/2014,2013,96,163.0,train,
mpophomeni,2014/2015,2014,180,96.0,train,
mpophomeni,2015/2016,2015,185,180.0,train,
mpophomeni,2016/2017,2016,163,185.0,train,
mpophomeni,2017/2018,2017,121,163.0,train,
mpophomeni,2018/2019,2018,153,121.0,train,
mpophomeni,2019/2020,2019,167,153.0,train,
mpophomeni,2020/2021,2020,102,167.0,train,
mpophomeni,2021/2022,2021,82,102.0,train,
mpophomeni,2022/2023,2022,112,82.0,test,90.52140669642871
mpophomeni,2023/2024,2023,141,112.0,test,108.73709506246043
mpophomeni,2024/2025,2024,120,141.0,test,132.2559596431881
mpumalanga kzn,2011/2012,2011,315,224.0,train,
mpumalanga kzn,2012/2013,2012,333,315.0,train,
mpumalanga kzn,2013/2014,2013,351,333.0,train,
mpumalanga kzn,2014/2015,2014,362,351.0,train,
mpumalanga kzn,2015/2016,2015,399,362.0,train,
mpumalanga kzn,2016/2017,2016,443,399.0,train,
mpumalanga kzn,2017/2018,2017,492,443.0,train,
mpumalanga kzn,2018/2019,2018,420,492.0,train,
mpumalanga kzn,2019/2020,2019,332,420.0,train,
mpumalanga kzn,2020/2021,2020,364,332.0,train,
mpumalanga kzn,2021/2022,2021,445,364.0,train,
mpumalanga kzn,2022/2023,2022,418,445.0,test,425.0151904590528
mpumalanga kzn,2023/2024,2023,402,418.0,test,395.5942214971306
mpumalanga kzn,2024/2025,2024,395,402.0,test,373.174210715015
mpungamhlophe,2011/2012,2011,36,36.0,train,
mpungamhlophe,2012/2013,2012,26,36.0,train,
mpungamhlophe,2013/2014,2013,17,26.0,train,
mpungamhlophe,2014/2015,2014,19,17.0,train,
mpungamhlophe,2015/2016,2015,14,19.0,train,
mpungamhlophe,2016/2017,2016,23,14.0,train,
mpungamhlophe,2017/2018,2017,17,23.0,train,
mpungamhlophe,2018/2019,2018,12,17.0,train,
mpungamhlophe,2019/2020,2019,16,12.0,train,
mpungamhlophe,2020/2021,2020,8,16.0,train,
mpungamhlophe,2021/2022,2021,6,8.0,train,
mpungamhlophe,2022/2023,2022,7,6.0,test,7.020135727063734
mpungamhlophe,2023/2024,2023,12,7.0,test,6.269024091221911
mpungamhlophe,2024/2025,2024,10,12.0,test,9.675654770233589
mqanduli,2011/2012,2011,231,229.0,train,
mqanduli,2012/2013,2012,209,231.0,train,
mqanduli,2013/2014,2013,201,209.0,train,
mqanduli,2014/2015,2014,141,201.0,train,
mqanduli,2015/2016,2015,123,141.0,train,
mqanduli,2016/2017,2016,125,123.0,train,
mqanduli,2017/2018,2017,129,125.0,train,
mqanduli,2018/2019,2018,134,129.0,train,
mqanduli,2019/2020,2019,126,134.0,train,
mqanduli,2020/2021,2020,90,126.0,train,
mqanduli,2021/2022,2021,142,90.0,train,
mqanduli,2022/2023,2022,133,142.0,test,131.33559554416172
mqanduli,2023/2024,2023,145,133.0,test,129.28575524003685
mqanduli,2024/2025,2024,121,145.0,test,134.28062300190336
msinga,2011/2012,2011,108,136.0,train,
msinga,2012/2013,2012,163,108.0,train,
msinga,2013/2014,2013,168,163.0,train,
msinga,2014/2015,2014,187,168.0,train,
msinga,2015/2016,2015,115,187.0,train,
msinga,2016/2017,2016,114,115.0,train,
msinga,2017/2018,2017,124,114.0,train,
msinga,2018/2019,2018,110,124.0,train,
msinga,2019/2020,2019,110,110.0,train,
msinga,2020/2021,2020,103,110.0,train,
msinga,2021/2022,2021,102,103.0,train,
msinga,2022/2023,2022,117,102.0,test,97.05116347445059
msinga,2023/2024,2023,120,117.0,test,109.5116354446446
msinga,2024/2025,2024,110,120.0,test,112.28439789807375
msinsini,2011/2012,2011,46,55.0,train,
msinsini,2012/2013,2012,53,46.0,train,
msinsini,2013/2014,2013,46,53.0,train,
msinsini,2014/2015,2014,67,46.0,train,
msinsini,2015/2016,2015,55,67.0,train,
msinsini,2016/2017,2016,80,55.0,train,
msinsini,2017/2018,2017,62,80.0,train,
msinsini,2018/2019,2018,53,62.0,train,
msinsini,2019/2020,2019,65,53.0,train,
msinsini,2020/2021,2020,53,65.0,train,
msinsini,2021/2022,2021,62,53.0,train,
msinsini,2022/2023,2022,66,62.0,test,58.353347239987755
msinsini,2023/2024,2023,57,66.0,test,63.13464751066889
msinsini,2024/2025,2024,49,57.0,test,56.7409736703644
msobomvu,2011/2012,2011,387,457.0,train,
msobomvu,2012/2013,2012,371,387.0,train,
msobomvu,2013/2014,2013,446,371.0,train,
msobomvu,2014/2015,2014,367,446.0,train,
msobomvu,2015/2016,2015,350,367.0,train,
msobomvu,2016/2017,2016,300,350.0,train,
msobomvu,2017/2018,2017,388,300.0,train,
msobomvu,2018/2019,2018,439,388.0,train,
msobomvu,2019/2020,2019,364,439.0,train,
msobomvu,2020/2021,2020,323,364.0,train,
msobomvu,2021/2022,2021,362,323.0,train,
msobomvu,2022/2023,2022,271,362.0,test,311.51039788167975
msobomvu,2023/2024,2023,163,271.0,test,258.328872687562
msobomvu,2024/2025,2024,186,163.0,test,179.21240744985602
mthatha,2011/2012,2011,2132,2000.0,train,
mthatha,2012/2013,2012,1890,2132.0,train,
mthatha,2013/2014,2013,481,1890.0,train,
mthatha,2014/2015,2014,978,481.0,train,
mthatha,2015/2016,2015,990,978.0,train,
mthatha,2016/2017,2016,1064,990.0,train,
mthatha,2017/2018,2017,1295,1064.0,train,
mthatha,2018/2019,2018,1171,1295.0,train,
mthatha,2019/2020,2019,1022,1171.0,train,
mthatha,2020/2021,2020,955,1022.0,train,
mthatha,2021/2022,2021,1040,955.0,train,
mthatha,2022/2023,2022,1032,1040.0,test,975.4033473590218
mthatha,2023/2024,2023,921,1032.0,test,972.4468097381719
mthatha,2024/2025,2024,685,921.0,test,882.5611949531536
mtontsasa,2011/2012,2011,52,36.0,train,
mtontsasa,2012/2013,2012,55,52.0,train,
mtontsasa,2013/2014,2013,51,55.0,train,
mtontsasa,2014/2015,2014,44,51.0,train,
mtontsasa,2015/2016,2015,28,44.0,train,
mtontsasa,2016/2017,2016,16,28.0,train,
mtontsasa,2017/2018,2017,16,16.0,train,
mtontsasa,2018/2019,2018,23,16.0,train,
mtontsasa,2019/2020,2019,28,23.0,train,
mtontsasa,2020/2021,2020,20,28.0,train,
mtontsasa,2021/2022,2021,26,20.0,train,
mtontsasa,2022/2023,2022,26,26.0,test,22.914146283380735
mtontsasa,2023/2024,2023,36,26.0,test,24.564137109946472
mtontsasa,2024/2025,2024,25,36.0,test,30.073791712832392
mtubatuba,2011/2012,2011,371,375.0,train,
mtubatuba,2012/2013,2012,395,371.0,train,
mtubatuba,2013/2014,2013,305,395.0,train,
mtubatuba,2014/2015,2014,409,305.0,train,
mtubatuba,2015/2016,2015,410,409.0,train,
mtubatuba,2016/2017,2016,317,410.0,train,
mtubatuba,2017/2018,2017,261,317.0,train,
mtubatuba,2018/2019,2018,304,261.0,train,
mtubatuba,2019/2020,2019,307,304.0,train,
mtubatuba,2020/2021,2020,258,307.0,train,
mtubatuba,2021/2022,2021,223,258.0,train,
mtubatuba,2022/2023,2022,186,223.0,test,218.45536755263123
mtubatuba,2023/2024,2023,248,186.0,test,191.08411362588137
mtubatuba,2024/2025,2024,187,248.0,test,235.81030811279277
mtunzini,2011/2012,2011,502,502.0,train,
mtunzini,2012/2013,2012,536,502.0,train,
mtunzini,2013/2014,2013,652,536.0,train,
mtunzini,2014/2015,2014,581,652.0,train,
mtunzini,2015/2016,2015,490,581.0,train,
mtunzini,2016/2017,2016,695,490.0,train,
mtunzini,2017/2018,2017,582,695.0,train,
mtunzini,2018/2019,2018,643,582.0,train,
mtunzini,2019/2020,2019,414,643.0,train,
mtunzini,2020/2021,2020,339,414.0,train,
mtunzini,2021/2022,2021,337,339.0,train,
mtunzini,2022/2023,2022,369,337.0,test,329.1010977392787
mtunzini,2023/2024,2023,372,369.0,test,337.1948998524529
mtunzini,2024/2025,2024,303,372.0,test,337.4739585114729
muden,2011/2012,2011,25,24.0,train,
muden,2012/2013,2012,32,25.0,train,
muden,2013/2014,2013,23,32.0,train,
muden,2014/2015,2014,22,23.0,train,
muden,2015/2016,2015,16,22.0,train,
muden,2016/2017,2016,16,16.0,train,
muden,2017/2018,2017,21,16.0,train,
muden,2018/2019,2018,23,21.0,train,
muden,2019/2020,2019,30,23.0,train,
muden,2020/2021,2020,21,30.0,train,
muden,2021/2022,2021,19,21.0,train,
muden,2022/2023,2022,16,19.0,test,18.812246213711717
muden,2023/2024,2023,19,16.0,test,17.59958522166003
muden,2024/2025,2024,20,19.0,test,17.327940262433167
muizenberg,2011/2012,2011,1208,1498.0,train,
muizenberg,2012/2013,2012,1222,1208.0,train,
muizenberg,2013/2014,2013,1377,1222.0,train,
muizenberg,2014/2015,2014,1417,1377.0,train,
muizenberg,2015/2016,2015,1174,1417.0,train,
muizenberg,2016/2017,2016,1007,1174.0,train,
muizenberg,2017/2018,2017,1024,1007.0,train,
muizenberg,2018/2019,2018,779,1024.0,train,
muizenberg,2019/2020,2019,724,779.0,train,
muizenberg,2020/2021,2020,546,724.0,train,
muizenberg,2021/2022,2021,553,546.0,train,
muizenberg,2022/2023,2022,647,553.0,test,508.08033843929104
muizenberg,2023/2024,2023,709,647.0,test,585.6253074589279
muizenberg,2024/2025,2024,542,709.0,test,640.5332957833554
muldersdrift,2011/2012,2011,550,568.0,train,
muldersdrift,2012/2013,2012,603,550.0,train,
muldersdrift,2013/2014,2013,624,603.0,train,
muldersdrift,2014/2015,2014,575,624.0,train,
muldersdrift,2015/2016,2015,416,575.0,train,
muldersdrift,2016/2017,2016,493,416.0,train,
muldersdrift,2017/2018,2017,507,493.0,train,
muldersdrift,2018/2019,2018,412,507.0,train,
muldersdrift,2019/2020,2019,428,412.0,train,
muldersdrift,2020/2021,2020,303,428.0,train,
muldersdrift,2021/2022,2021,339,303.0,train,
muldersdrift,2022/2023,2022,335,339.0,test,344.9329022390688
muldersdrift,2023/2024,2023,271,335.0,test,325.16447015414724
muldersdrift,2024/2025,2024,327,271.0,test,270.5363773298315
murraysburg,2011/2012,2011,36,34.0,train,
murraysburg,2012/2013,2012,36,36.0,train,
murraysburg,2013/2014,2013,30,36.0,train,
murraysburg,2014/2015,2014,57,30.0,train,
murraysburg,2015/2016,2015,72,57.0,train,
murraysburg,2016/2017,2016,59,72.0,train,
murraysburg,2017/2018,2017,67,59.0,train,
murraysburg,2018/2019,2018,49,67.0,train,
murraysburg,2019/2020,2019,69,49.0,train,
murraysburg,2020/2021,2020,69,69.0,train,
murraysburg,2021/2022,2021,69,69.0,train,
murraysburg,2022/2023,2022,82,69.0,test,66.62000085281039
murraysburg,2023/2024,2023,96,82.0,test,77.00376980795761
murraysburg,2024/2025,2024,98,96.0,test,88.67277423072379
musina,2011/2012,2011,435,407.0,train,
musina,2012/2013,2012,449,435.0,train,
musina,2013/2014,2013,400,449.0,train,
musina,2014/2015,2014,427,400.0,train,
musina,2015/2016,2015,345,427.0,train,
musina,2016/2017,2016,308,345.0,train,
musina,2017/2018,2017,398,308.0,train,
musina,2018/2019,2018,442,398.0,train,
musina,2019/2020,2019,410,442.0,train,
musina,2020/2021,2020,268,410.0,train,
musina,2021/2022,2021,280,268.0,train,
musina,2022/2023,2022,217,280.0,test,267.16199853411945
musina,2023/2024,2023,281,217.0,test,217.26766149913755
musina,2024/2025,2024,249,281.0,test,254.6027265285122
muswodi,2011/2012,2011,0,0.0,train,
muswodi,2012/2013,2012,0,0.0,train,
muswodi,2013/2014,2013,0,0.0,train,
muswodi,2014/2015,2014,0,0.0,train,
muswodi,2015/2016,2015,0,0.0,train,
muswodi,2016/2017,2016,0,0.0,train,
muswodi,2017/2018,2017,20,0.0,train,
muswodi,2018/2019,2018,64,20.0,train,
muswodi,2019/2020,2019,54,64.0,train,
muswodi,2020/2021,2020,59,54.0,train,
muswodi,2021/2022,2021,55,59.0,train,
muswodi,2022/2023,2022,94,55.0,test,53.28236016518767
muswodi,2023/2024,2023,22,94.0,test,86.0063131502835
muswodi,2024/2025,2024,26,22.0,test,29.147348489596563
mutale,2011/2012,2011,100,104.0,train,
mutale,2012/2013,2012,96,100.0,train,
mutale,2013/2014,2013,114,96.0,train,
mutale,2014/2015,2014,117,114.0,train,
mutale,2015/2016,2015,130,117.0,train,
mutale,2016/2017,2016,161,130.0,train,
mutale,2017/2018,2017,128,161.0,train,
mutale,2018/2019,2018,105,128.0,train,
mutale,2019/2020,2019,82,105.0,train,
mutale,2020/2021,2020,92,82.0,train,
mutale,2021/2022,2021,77,92.0,train,
mutale,2022/2023,2022,106,77.0,test,83.00968824843696
mutale,2023/2024,2023,66,106.0,test,104.56146140921518
mutale,2024/2025,2024,85,66.0,test,71.17626212229753
mzamba,2011/2012,2011,130,156.0,train,
mzamba,2012/2013,2012,160,130.0,train,
mzamba,2013/2014,2013,160,160.0,train,
mzamba,2014/2015,2014,191,160.0,train,
mzamba,2015/2016,2015,160,191.0,train,
mzamba,2016/2017,2016,154,160.0,train,
mzamba,2017/2018,2017,116,154.0,train,
mzamba,2018/2019,2018,103,116.0,train,
mzamba,2019/2020,2019,108,103.0,train,
mzamba,2020/2021,2020,129,108.0,train,
mzamba,2021/2022,2021,151,129.0,train,
mzamba,2022/2023,2022,79,151.0,test,135.28475973171797
mzamba,2023/2024,2023,90,79.0,test,87.18634059260822
mzamba,2024/2025,2024,65,90.0,test,90.17989629374148
nababeep,2011/2012,2011,78,78.0,train,
nababeep,2012/2013,2012,120,78.0,train,
nababeep,2013/2014,2013,92,120.0,train,
nababeep,2014/2015,2014,114,92.0,train,
nababeep,2015/2016,2015,168,114.0,train,
nababeep,2016/2017,2016,141,168.0,train,
nababeep,2017/2018,2017,118,141.0,train,
nababeep,2018/2019,2018,107,118.0,train,
nababeep,2019/2020,2019,178,107.0,train,
nababeep,2020/2021,2020,114,178.0,train,
nababeep,2021/2022,2021,95,114.0,train,
nababeep,2022/2023,2022,126,95.0,test,96.51957517421154
nababeep,2023/2024,2023,106,126.0,test,115.90639386811154
nababeep,2024/2025,2024,120,106.0,test,106.67540791657024
naboomspruit,2011/2012,2011,283,292.0,train,
naboomspruit,2012/2013,2012,264,283.0,train,
naboomspruit,2013/2014,2013,254,264.0,train,
naboomspruit,2014/2015,2014,279,254.0,train,
naboomspruit,2015/2016,2015,282,279.0,train,
naboomspruit,2016/2017,2016,318,282.0,train,
naboomspruit,2017/2018,2017,327,318.0,train,
naboomspruit,2018/2019,2018,262,327.0,train,
naboomspruit,2019/2020,2019,350,262.0,train,
naboomspruit,2020/2021,2020,237,350.0,train,
naboomspruit,2021/2022,2021,169,237.0,train,
naboomspruit,2022/2023,2022,138,169.0,test,179.71337082658587
naboomspruit,2023/2024,2023,173,138.0,test,151.69173898501185
naboomspruit,2024/2025,2024,154,173.0,test,163.8147254547232
naledi,2011/2012,2011,318,463.0,train,
naledi,2012/2013,2012,361,318.0,train,
naledi,2013/2014,2013,337,361.0,train,
naledi,2014/2015,2014,466,337.0,train,
naledi,2015/2016,2015,509,466.0,train,
naledi,2016/2017,2016,438,509.0,train,
naledi,2017/2018,2017,483,438.0,train,
naledi,2018/2019,2018,498,483.0,train,
naledi,2019/2020,2019,422,498.0,train,
naledi,2020/2021,2020,326,422.0,train,
naledi,2021/2022,2021,300,326.0,train,
naledi,2022/2023,2022,319,300.0,test,308.1876540524996
naledi,2023/2024,2023,330,319.0,test,304.13615021621524
naledi,2024/2025,2024,330,330.0,test,311.0610580428105
namahadi,2011/2012,2011,336,351.0,train,
namahadi,2012/2013,2012,310,336.0,train,
namahadi,2013/2014,2013,295,310.0,train,
namahadi,2014/2015,2014,380,295.0,train,
namahadi,2015/2016,2015,342,380.0,train,
namahadi,2016/2017,2016,296,342.0,train,
namahadi,2017/2018,2017,284,296.0,train,
namahadi,2018/2019,2018,358,284.0,train,
namahadi,2019/2020,2019,388,358.0,train,
namahadi,2020/2021,2020,294,388.0,train,
namahadi,2021/2022,2021,221,294.0,train,
namahadi,2022/2023,2022,210,221.0,test,227.0212886947528
namahadi,2023/2024,2023,262,210.0,test,199.50566071087843
namahadi,2024/2025,2024,169,262.0,test,237.37910634192454
namakgale,2011/2012,2011,358,301.0,train,
namakgale,2012/2013,2012,388,358.0,train,
namakgale,2013/2014,2013,498,388.0,train,
namakgale,2014/2015,2014,470,498.0,train,
namakgale,2015/2016,2015,529,470.0,train,
namakgale,2016/2017,2016,455,529.0,train,
namakgale,2017/2018,2017,429,455.0,train,
namakgale,2018/2019,2018,542,429.0,train,
namakgale,2019/2020,2019,498,542.0,train,
namakgale,2020/2021,2020,430,498.0,train,
namakgale,2021/2022,2021,398,430.0,train,
namakgale,2022/2023,2022,335,398.0,test,350.5577225055455
namakgale,2023/2024,2023,323,335.0,test,326.4928624528506
namakgale,2024/2025,2024,473,323.0,test,301.84694752920655
napier,2011/2012,2011,48,50.0,train,
napier,2012/2013,2012,57,48.0,train,
napier,2013/2014,2013,67,57.0,train,
napier,2014/2015,2014,75,67.0,train,
napier,2015/2016,2015,92,75.0,train,
napier,2016/2017,2016,66,92.0,train,
napier,2017/2018,2017,80,66.0,train,
napier,2018/2019,2018,74,80.0,train,
napier,2019/2020,2019,69,74.0,train,
napier,2020/2021,2020,77,69.0,train,
napier,2021/2022,2021,69,77.0,train,
napier,2022/2023,2022,99,69.0,test,70.13122146828398
napier,2023/2024,2023,118,99.0,test,92.38113916924365
napier,2024/2025,2024,75,118.0,test,105.3755079924585
navalsig,2011/2012,2011,438,467.0,train,
navalsig,2012/2013,2012,391,438.0,train,
navalsig,2013/2014,2013,351,391.0,train,
navalsig,2014/2015,2014,412,351.0,train,
navalsig,2015/2016,2015,347,412.0,train,
navalsig,2016/2017,2016,266,347.0,train,
navalsig,2017/2018,2017,295,266.0,train,
navalsig,2018/2019,2018,275,295.0,train,
navalsig,2019/2020,2019,168,275.0,train,
navalsig,2020/2021,2020,172,168.0,train,
navalsig,2021/2022,2021,207,172.0,train,
navalsig,2022/2023,2022,239,207.0,test,190.52559423446766
navalsig,2023/2024,2023,239,239.0,test,213.28412944622033
navalsig,2024/2025,2024,207,239.0,test,220.2268434840716
ndevana,2011/2012,2011,147,140.0,train,
ndevana,2012/2013,2012,106,147.0,train,
ndevana,2013/2014,2013,133,106.0,train,
ndevana,2014/2015,2014,115,133.0,train,
ndevana,2015/2016,2015,99,115.0,train,
ndevana,2016/2017,2016,106,99.0,train,
ndevana,2017/2018,2017,83,106.0,train,
ndevana,2018/2019,2018,108,83.0,train,
ndevana,2019/2020,2019,128,108.0,train,
ndevana,2020/2021,2020,98,128.0,train,
ndevana,2021/2022,2021,126,98.0,train,
ndevana,2022/2023,2022,115,126.0,test,116.25992997996232
ndevana,2023/2024,2023,63,115.0,test,110.50769289302421
ndevana,2024/2025,2024,138,63.0,test,68.99663722891793
ndumo,2011/2012,2011,28,20.0,train,
ndumo,2012/2013,2012,19,28.0,train,
ndumo,2013/2014,2013,20,19.0,train,
ndumo,2014/2015,2014,26,20.0,train,
ndumo,2015/2016,2015,22,26.0,train,
ndumo,2016/2017,2016,36,22.0,train,
ndumo,2017/2018,2017,33,36.0,train,
ndumo,2018/2019,2018,30,33.0,train,
ndumo,2019/2020,2019,22,30.0,train,
ndumo,2020/2021,2020,24,22.0,train,
ndumo,2021/2022,2021,24,24.0,train,
ndumo,2022/2023,2022,44,24.0,test,23.555798906746276
ndumo,2023/2024,2023,39,44.0,test,37.510312457580255
ndumo,2024/2025,2024,44,39.0,test,37.55818877992111
ndwedwe,2011/2012,2011,224,194.0,train,
ndwedwe,2012/2013,2012,219,224.0,train,
ndwedwe,2013/2014,2013,261,219.0,train,
ndwedwe,2014/2015,2014,235,261.0,train,
ndwedwe,2015/2016,2015,219,235.0,train,
ndwedwe,2016/2017,2016,262,219.0,train,
ndwedwe,2017/2018,2017,310,262.0,train,
ndwedwe,2018/2019,2018,230,310.0,train,
ndwedwe,2019/2020,2019,224,230.0,train,
ndwedwe,2020/2021,2020,227,224.0,train,
ndwedwe,2021/2022,2021,262,227.0,train,
ndwedwe,2022/2023,2022,192,262.0,test,240.8003358006647
ndwedwe,2023/2024,2023,248,192.0,test,195.8534644598844
ndwedwe,2024/2025,2024,202,248.0,test,238.04612851850231
nebo,2011/2012,2011,160,158.0,train,
nebo,2012/2013,2012,189,160.0,train,
nebo,2013/2014,2013,207,189.0,train,
nebo,2014/2015,2014,186,207.0,train,
nebo,2015/2016,2015,232,186.0,train,
nebo,2016/2017,2016,295,232.0,train,
nebo,2017/2018,2017,214,295.0,train,
nebo,2018/2019,2018,211,214.0,train,
nebo,2019/2020,2019,165,211.0,train,
nebo,2020/2021,2020,193,165.0,train,
nebo,2021/2022,2021,311,193.0,train,
nebo,2022/2023,2022,251,311.0,test,267.7269139469539
nebo,2023/2024,2023,190,251.0,test,234.76066804593688
nebo,2024/2025,2024,244,190.0,test,194.0505676385372
nelspruit,2011/2012,2011,2942,2577.0,train,
nelspruit,2012/2013,2012,2718,2942.0,train,
nelspruit,2013/2014,2013,2170,2718.0,train,
nelspruit,2014/2015,2014,2421,2170.0,train,
nelspruit,2015/2016,2015,2346,2421.0,train,
nelspruit,2016/2017,2016,2233,2346.0,train,
nelspruit,2017/2018,2017,2329,2233.0,train,
nelspruit,2018/2019,2018,2324,2329.0,train,
nelspruit,2019/2020,2019,2138,2324.0,train,
nelspruit,2020/2021,2020,1780,2138.0,train,
nelspruit,2021/2022,2021,1593,1780.0,train,
nelspruit,2022/2023,2022,1547,1593.0,test,1509.2001863990395
nelspruit,2023/2024,2023,1323,1547.0,test,1412.7031573790828
nelspruit,2024/2025,2024,1234,1323.0,test,1290.8655990656737
nemato,2011/2012,2011,114,159.0,train,
nemato,2012/2013,2012,110,114.0,train,
nemato,2013/2014,2013,185,110.0,train,
nemato,2014/2015,2014,234,185.0,train,
nemato,2015/2016,2015,195,234.0,train,
nemato,2016/2017,2016,188,195.0,train,
nemato,2017/2018,2017,128,188.0,train,
nemato,2018/2019,2018,190,128.0,train,
nemato,2019/2020,2019,163,190.0,train,
nemato,2020/2021,2020,119,163.0,train,
nemato,2021/2022,2021,90,119.0,train,
nemato,2022/2023,2022,69,90.0,test,92.15821352564322
nemato,2023/2024,2023,58,69.0,test,75.46184465192721
nemato,2024/2025,2024,65,58.0,test,62.22736886721105
new brighton,2011/2012,2011,852,853.0,train,
new brighton,2012/2013,2012,876,852.0,train,
new brighton,2013/2014,2013,811,876.0,train,
new brighton,2014/2015,2014,835,811.0,train,
new brighton,2015/2016,2015,888,835.0,train,
new brighton,2016/2017,2016,953,888.0,train,
new brighton,2017/2018,2017,797,953.0,train,
new brighton,2018/2019,2018,661,797.0,train,
new brighton,2019/2020,2019,645,661.0,train,
new brighton,2020/2021,2020,437,645.0,train,
new brighton,2021/2022,2021,450,437.0,train,
new brighton,2022/2023,2022,478,450.0,test,457.91293094318024
new brighton,2023/2024,2023,657,478.0,test,458.03286511738656
new brighton,2024/2025,2024,555,657.0,test,621.7413470517924
new hanover,2011/2012,2011,86,83.0,train,
new hanover,2012/2013,2012,85,86.0,train,
new hanover,2013/2014,2013,109,85.0,train,
new hanover,2014/2015,2014,90,109.0,train,
new hanover,2015/2016,2015,131,90.0,train,
new hanover,2016/2017,2016,95,131.0,train,
new hanover,2017/2018,2017,82,95.0,train,
new hanover,2018/2019,2018,90,82.0,train,
new hanover,2019/2020,2019,92,90.0,train,
new hanover,2020/2021,2020,101,92.0,train,
new hanover,2021/2022,2021,84,101.0,train,
new hanover,2022/2023,2022,85,84.0,test,85.93839677970601
new hanover,2023/2024,2023,70,85.0,test,84.68033366940435
new hanover,2024/2025,2024,89,70.0,test,79.11164745334075
newark,2011/2012,2011,55,70.0,train,
newark,2012/2013,2012,73,55.0,train,
newark,2013/2014,2013,63,73.0,train,
newark,2014/2015,2014,55,63.0,train,
newark,2015/2016,2015,37,55.0,train,
newark,2016/2017,2016,49,37.0,train,
newark,2017/2018,2017,57,49.0,train,
newark,2018/2019,2018,53,57.0,train,
newark,2019/2020,2019,58,53.0,train,
newark,2020/2021,2020,38,58.0,train,
newark,2021/2022,2021,43,38.0,train,
newark,2022/2023,2022,38,43.0,test,42.47477966075536
newark,2023/2024,2023,33,38.0,test,38.2188049343469
newark,2024/2025,2024,41,33.0,test,34.382248208862656
newcastle,2011/2012,2011,723,863.0,train,
newcastle,2012/2013,2012,706,723.0,train,
newcastle,2013/2014,2013,757,706.0,train,
newcastle,2014/2015,2014,915,757.0,train,
newcastle,2015/2016,2015,1037,915.0,train,
newcastle,2016/2017,2016,1080,1037.0,train,
newcastle,2017/2018,2017,851,1080.0,train,
newcastle,2018/2019,2018,1026,851.0,train,
newcastle,2019/2020,2019,1010,1026.0,train,
newcastle,2020/2021,2020,846,1010.0,train,
newcastle,2021/2022,2021,766,846.0,train,
newcastle,2022/2023,2022,673,766.0,test,712.594943843319
newcastle,2023/2024,2023,800,673.0,test,606.8044002287463
newcastle,2024/2025,2024,540,800.0,test,717.82090884056
newlands east,2011/2012,2011,710,883.0,train,
newlands east,2012/2013,2012,956,710.0,train,
newlands east,2013/2014,2013,926,956.0,train,
newlands east,2014/2015,2014,691,926.0,train,
newlands east,2015/2016,2015,662,691.0,train,
newlands east,2016/2017,2016,821,662.0,train,
newlands east,2017/2018,2017,731,821.0,train,
newlands east,2018/2019,2018,809,731.0,train,
newlands east,2019/2020,2019,765,809.0,train,
newlands east,2020/2021,2020,518,765.0,train,
newlands east,2021/2022,2021,628,518.0,train,
newlands east,2022/2023,2022,628,628.0,test,602.183610203438
newlands east,2023/2024,2023,647,628.0,test,587.1000502373554
newlands east,2024/2025,2024,629,647.0,test,596.5246145183115
ngangelizwe,2011/2012,2011,345,382.0,train,
ngangelizwe,2012/2013,2012,259,345.0,train,
ngangelizwe,2013/2014,2013,1278,259.0,train,
ngangelizwe,2014/2015,2014,244,1278.0,train,
ngangelizwe,2015/2016,2015,277,244.0,train,
ngangelizwe,2016/2017,2016,441,277.0,train,
ngangelizwe,2017/2018,2017,361,441.0,train,
ngangelizwe,2018/2019,2018,383,361.0,train,
ngangelizwe,2019/2020,2019,276,383.0,train,
ngangelizwe,2020/2021,2020,208,276.0,train,
ngangelizwe,2021/2022,2021,247,208.0,train,
ngangelizwe,2022/2023,2022,242,247.0,test,232.15792740392837
ngangelizwe,2023/2024,2023,215,242.0,test,225.22388307206566
ngangelizwe,2024/2025,2024,196,215.0,test,207.47520378789753
ngcobo,2011/2012,2011,378,445.0,train,
ngcobo,2012/2013,2012,444,378.0,train,
ngcobo,2013/2014,2013,307,444.0,train,
ngcobo,2014/2015,2014,259,307.0,train,
ngcobo,2015/2016,2015,162,259.0,train,
ngcobo,2016/2017,2016,304,162.0,train,
ngcobo,2017/2018,2017,284,304.0,train,
ngcobo,2018/2019,2018,350,284.0,train,
ngcobo,2019/2020,2019,267,350.0,train,
ngcobo,2020/2021,2020,153,267.0,train,
ngcobo,2021/2022,2021,179,153.0,train,
ngcobo,2022/2023,2022,197,179.0,test,175.5740178646175
ngcobo,2023/2024,2023,209,197.0,test,184.4102834218278
ngcobo,2024/2025,2024,201,209.0,test,192.85937862256344
ngodwana,2011/2012,2011,21,45.0,train,
ngodwana,2012/2013,2012,64,21.0,train,
ngodwana,2013/2014,2013,34,64.0,train,
ngodwana,2014/2015,2014,64,34.0,train,
ngodwana,2015/2016,2015,52,64.0,train,
ngodwana,2016/2017,2016,63,52.0,train,
ngodwana,2017/2018,2017,66,63.0,train,
ngodwana,2018/2019,2018,67,66.0,train,
ngodwana,2019/2020,2019,53,67.0,train,
ngodwana,2020/2021,2020,31,53.0,train,
ngodwana,2021/2022,2021,23,31.0,train,
ngodwana,2022/2023,2022,33,23.0,test,25.534969250251642
ngodwana,2023/2024,2023,25,33.0,test,29.1168267668302
ngodwana,2024/2025,2024,42,25.0,test,26.94252457021279
ngome,2011/2012,2011,25,36.0,train,
ngome,2012/2013,2012,27,25.0,train,
ngome,2013/2014,2013,30,27.0,train,
ngome,2014/2015,2014,17,30.0,train,
ngome,2015/2016,2015,12,17.0,train,
ngome,2016/2017,2016,16,12.0,train,
ngome,2017/2018,2017,19,16.0,train,
ngome,2018/2019,2018,10,19.0,train,
ngome,2019/2020,2019,11,10.0,train,
ngome,2020/2021,2020,16,11.0,train,
ngome,2021/2022,2021,4,16.0,train,
ngome,2022/2023,2022,13,4.0,test,8.087198723822656
ngome,2023/2024,2023,12,13.0,test,11.104904963595562
ngome,2024/2025,2024,16,12.0,test,12.20622784925868
ngqamakhwe,2011/2012,2011,137,142.0,train,
ngqamakhwe,2012/2013,2012,169,137.0,train,
ngqamakhwe,2013/2014,2013,160,169.0,train,
ngqamakhwe,2014/2015,2014,161,160.0,train,
ngqamakhwe,2015/2016,2015,181,161.0,train,
ngqamakhwe,2016/2017,2016,179,181.0,train,
ngqamakhwe,2017/2018,2017,141,179.0,train,
ngqamakhwe,2018/2019,2018,179,141.0,train,
ngqamakhwe,2019/2020,2019,118,179.0,train,
ngqamakhwe,2020/2021,2020,133,118.0,train,
ngqamakhwe,2021/2022,2021,98,133.0,train,
ngqamakhwe,2022/2023,2022,130,98.0,test,104.36627256421572
ngqamakhwe,2023/2024,2023,93,130.0,test,122.28225620095019
ngqamakhwe,2024/2025,2024,105,93.0,test,99.12523384198393
ngqeleni,2011/2012,2011,252,268.0,train,
ngqeleni,2012/2013,2012,242,252.0,train,
ngqeleni,2013/2014,2013,202,242.0,train,
ngqeleni,2014/2015,2014,242,202.0,train,
ngqeleni,2015/2016,2015,190,242.0,train,
ngqeleni,2016/2017,2016,203,190.0,train,
ngqeleni,2017/2018,2017,171,203.0,train,
ngqeleni,2018/2019,2018,187,171.0,train,
ngqeleni,2019/2020,2019,231,187.0,train,
ngqeleni,2020/2021,2020,230,231.0,train,
ngqeleni,2021/2022,2021,160,230.0,train,
ngqeleni,2022/2023,2022,214,160.0,test,164.802973359279
ngqeleni,2023/2024,2023,189,214.0,test,206.22790957472665
ngqeleni,2024/2025,2024,177,189.0,test,186.0974501791673
nhlanhleni,2011/2012,2011,37,43.0,train,
nhlanhleni,2012/2013,2012,42,37.0,train,
nhlanhleni,2013/2014,2013,49,42.0,train,
nhlanhleni,2014/2015,2014,37,49.0,train,
nhlanhleni,2015/2016,2015,46,37.0,train,
nhlanhleni,2016/2017,2016,32,46.0,train,
nhlanhleni,2017/2018,2017,31,32.0,train,
nhlanhleni,2018/2019,2018,15,31.0,train,
nhlanhleni,2019/2020,2019,7,15.0,train,
nhlanhleni,2020/2021,2020,11,7.0,train,
nhlanhleni,2021/2022,2021,12,11.0,train,
nhlanhleni,2022/2023,2022,22,12.0,test,11.660747513902507
nhlanhleni,2023/2024,2023,15,22.0,test,17.779281019062793
nhlanhleni,2024/2025,2024,12,15.0,test,18.508278554784034
niekerkshoop,2011/2012,2011,6,12.0,train,
niekerkshoop,2012/2013,2012,10,6.0,train,
niekerkshoop,2013/2014,2013,15,10.0,train,
niekerkshoop,2014/2015,2014,13,15.0,train,
niekerkshoop,2015/2016,2015,9,13.0,train,
niekerkshoop,2016/2017,2016,6,9.0,train,
niekerkshoop,2017/2018,2017,6,6.0,train,
niekerkshoop,2018/2019,2018,6,6.0,train,
niekerkshoop,2019/2020,2019,4,6.0,train,
niekerkshoop,2020/2021,2020,3,4.0,train,
niekerkshoop,2021/2022,2021,4,3.0,train,
niekerkshoop,2022/2023,2022,10,4.0,test,3.5542346607432767
niekerkshoop,2023/2024,2023,4,10.0,test,7.409628840696437
niekerkshoop,2024/2025,2024,6,4.0,test,6.254364977579284
nietverdiend,2011/2012,2011,17,9.0,train,
nietverdiend,2012/2013,2012,10,17.0,train,
nietverdiend,2013/2014,2013,21,10.0,train,
nietverdiend,2014/2015,2014,23,21.0,train,
nietverdiend,2015/2016,2015,11,23.0,train,
nietverdiend,2016/2017,2016,11,11.0,train,
nietverdiend,2017/2018,2017,8,11.0,train,
nietverdiend,2018/2019,2018,13,8.0,train,
nietverdiend,2019/2020,2019,22,13.0,train,
nietverdiend,2020/2021,2020,8,22.0,train,
nietverdiend,2021/2022,2021,8,8.0,train,
nietverdiend,2022/2023,2022,11,8.0,test,8.866855607988718
nietverdiend,2023/2024,2023,17,11.0,test,9.235118012004621
nietverdiend,2024/2025,2024,18,17.0,test,13.84460774321828
nieuwoudtville,2011/2012,2011,8,9.0,train,
nieuwoudtville,2012/2013,2012,19,8.0,train,
nieuwoudtville,2013/2014,2013,14,19.0,train,
nieuwoudtville,2014/2015,2014,12,14.0,train,
nieuwoudtville,2015/2016,2015,8,12.0,train,
nieuwoudtville,2016/2017,2016,3,8.0,train,
nieuwoudtville,2017/2018,2017,9,3.0,train,
nieuwoudtville,2018/2019,2018,6,9.0,train,
nieuwoudtville,2019/2020,2019,5,6.0,train,
nieuwoudtville,2020/2021,2020,5,5.0,train,
nieuwoudtville,2021/2022,2021,5,5.0,train,
nieuwoudtville,2022/2023,2022,3,5.0,test,4.756996377685877
nieuwoudtville,2023/2024,2023,6,3.0,test,3.1449920607331365
nieuwoudtville,2024/2025,2024,5,6.0,test,4.760711910582696
nigel,2011/2012,2011,549,552.0,train,
nigel,2012/2013,2012,655,549.0,train,
nigel,2013/2014,2013,644,655.0,train,
nigel,2014/2015,2014,437,644.0,train,
nigel,2015/2016,2015,328,437.0,train,
nigel,2016/2017,2016,376,328.0,train,
nigel,2017/2018,2017,414,376.0,train,
nigel,2018/2019,2018,346,414.0,train,
nigel,2019/2020,2019,405,346.0,train,
nigel,2020/2021,2020,322,405.0,train,
nigel,2021/2022,2021,306,322.0,train,
nigel,2022/2023,2022,271,306.0,test,299.6093153954153
nigel,2023/2024,2023,283,271.0,test,261.7388230956481
nigel,2024/2025,2024,206,283.0,test,256.03928614698873
nkandla,2011/2012,2011,67,69.0,train,
nkandla,2012/2013,2012,52,67.0,train,
nkandla,2013/2014,2013,51,52.0,train,
nkandla,2014/2015,2014,23,51.0,train,
nkandla,2015/2016,2015,20,23.0,train,
nkandla,2016/2017,2016,36,20.0,train,
nkandla,2017/2018,2017,58,36.0,train,
nkandla,2018/2019,2018,38,58.0,train,
nkandla,2019/2020,2019,61,38.0,train,
nkandla,2020/2021,2020,71,61.0,train,
nkandla,2021/2022,2021,82,71.0,train,
nkandla,2022/2023,2022,65,82.0,test,75.83997564164231
nkandla,2023/2024,2023,65,65.0,test,68.98036920890182
nkandla,2024/2025,2024,76,65.0,test,66.69943599737904
noenieput,2011/2012,2011,4,3.0,train,
noenieput,2012/2013,2012,2,4.0,train,
noenieput,2013/2014,2013,1,2.0,train,
noenieput,2014/2015,2014,2,1.0,train,
noenieput,2015/2016,2015,0,2.0,train,
noenieput,2016/2017,2016,0,0.0,train,
noenieput,2017/2018,2017,0,0.0,train,
noenieput,2018/2019,2018,0,0.0,train,
noenieput,2019/2020,2019,1,0.0,train,
noenieput,2020/2021,2020,0,1.0,train,
noenieput,2021/2022,2021,0,0.0,train,
noenieput,2022/2023,2022,0,0.0,test,1.2409644419669517
noenieput,2023/2024,2023,1,0.0,test,2.9456449062138472
noenieput,2024/2025,2024,3,1.0,test,1.0773212025337158
nondweni,2011/2012,2011,32,37.0,train,
nondweni,2012/2013,2012,24,32.0,train,
nondweni,2013/2014,2013,27,24.0,train,
nondweni,2014/2015,2014,45,27.0,train,
nondweni,2015/2016,2015,32,45.0,train,
nondweni,2016/2017,2016,27,32.0,train,
nondweni,2017/2018,2017,31,27.0,train,
nondweni,2018/2019,2018,21,31.0,train,
nondweni,2019/2020,2019,19,21.0,train,
nondweni,2020/2021,2020,28,19.0,train,
nondweni,2021/2022,2021,23,28.0,train,
nondweni,2022/2023,2022,20,23.0,test,23.55877878615134
nondweni,2023/2024,2023,14,20.0,test,20.153296790450025
nondweni,2024/2025,2024,21,14.0,test,17.26952973005069
nongoma,2011/2012,2011,249,280.0,train,
nongoma,2012/2013,2012,294,249.0,train,
nongoma,2013/2014,2013,314,294.0,train,
nongoma,2014/2015,2014,259,314.0,train,
nongoma,2015/2016,2015,297,259.0,train,
nongoma,2016/2017,2016,304,297.0,train,
nongoma,2017/2018,2017,305,304.0,train,
nongoma,2018/2019,2018,365,305.0,train,
nongoma,2019/2020,2019,269,365.0,train,
nongoma,2020/2021,2020,173,269.0,train,
nongoma,2021/2022,2021,178,173.0,train,
nongoma,2022/2023,2022,198,178.0,test,181.29884983831948
nongoma,2023/2024,2023,214,198.0,test,186.46655467315145
nongoma,2024/2025,2024,239,214.0,test,200.9483842314108
norkempark,2011/2012,2011,1536,1443.0,train,
norkempark,2012/2013,2012,1789,1536.0,train,
norkempark,2013/2014,2013,1868,1789.0,train,
norkempark,2014/2015,2014,1863,1868.0,train,
norkempark,2015/2016,2015,2055,1863.0,train,
norkempark,2016/2017,2016,2064,2055.0,train,
norkempark,2017/2018,2017,1765,2064.0,train,
norkempark,2018/2019,2018,1727,1765.0,train,
norkempark,2019/2020,2019,1223,1727.0,train,
norkempark,2020/2021,2020,945,1223.0,train,
norkempark,2021/2022,2021,1011,945.0,train,
norkempark,2022/2023,2022,925,1011.0,test,958.7798877131971
norkempark,2023/2024,2023,931,925.0,test,898.8217881588912
norkempark,2024/2025,2024,803,931.0,test,883.6439603471786
normandien,2011/2012,2011,10,9.0,train,
normandien,2012/2013,2012,8,10.0,train,
normandien,2013/2014,2013,4,8.0,train,
normandien,2014/2015,2014,18,4.0,train,
normandien,2015/2016,2015,9,18.0,train,
normandien,2016/2017,2016,12,9.0,train,
normandien,2017/2018,2017,9,12.0,train,
normandien,2018/2019,2018,13,9.0,train,
normandien,2019/2020,2019,13,13.0,train,
normandien,2020/2021,2020,9,13.0,train,
normandien,2021/2022,2021,10,9.0,train,
normandien,2022/2023,2022,5,10.0,test,9.410158251644932
normandien,2023/2024,2023,5,5.0,test,7.038772355012668
normandien,2024/2025,2024,10,5.0,test,4.961370752568778
northam,2011/2012,2011,241,193.0,train,
northam,2012/2013,2012,153,241.0,train,
northam,2013/2014,2013,188,153.0,train,
northam,2014/2015,2014,306,188.0,train,
northam,2015/2016,2015,326,306.0,train,
northam,2016/2017,2016,231,326.0,train,
northam,2017/2018,2017,229,231.0,train,
northam,2018/2019,2018,64,229.0,train,
northam,2019/2020,2019,54,64.0,train,
northam,2020/2021,2020,59,54.0,train,
northam,2021/2022,2021,55,59.0,train,
northam,2022/2023,2022,94,55.0,test,56.29037335272086
northam,2023/2024,2023,191,94.0,test,87.33028513611087
northam,2024/2025,2024,187,191.0,test,175.2726686853047
norvalspont,2011/2012,2011,5,4.0,train,
norvalspont,2012/2013,2012,8,5.0,train,
norvalspont,2013/2014,2013,7,8.0,train,
norvalspont,2014/2015,2014,8,7.0,train,
norvalspont,2015/2016,2015,10,8.0,train,
norvalspont,2016/2017,2016,10,10.0,train,
norvalspont,2017/2018,2017,8,10.0,train,
norvalspont,2018/2019,2018,64,8.0,train,
norvalspont,2019/2020,2019,54,64.0,train,
norvalspont,2020/2021,2020,59,54.0,train,
norvalspont,2021/2022,2021,55,59.0,train,
norvalspont,2022/2023,2022,94,55.0,test,53.24542834700585
norvalspont,2023/2024,2023,7,94.0,test,86.0063131502835
norvalspont,2024/2025,2024,8,7.0,test,14.228436930714267
norwood,2011/2012,2011,910,1103.0,train,
norwood,2012/2013,2012,964,910.0,train,
norwood,2013/2014,2013,1063,964.0,train,
norwood,2014/2015,2014,889,1063.0,train,
norwood,2015/2016,2015,912,889.0,train,
norwood,2016/2017,2016,1217,912.0,train,
norwood,2017/2018,2017,1093,1217.0,train,
norwood,2018/2019,2018,1007,1093.0,train,
norwood,2019/2020,2019,927,1007.0,train,
norwood,2020/2021,2020,539,927.0,train,
norwood,2021/2022,2021,499,539.0,train,
norwood,2022/2023,2022,580,499.0,test,501.57463960551456
norwood,2023/2024,2023,572,580.0,test,522.1966575147505
norwood,2024/2025,2024,439,572.0,test,532.9542107002276
nottingham road,2011/2012,2011,101,82.0,train,
nottingham road,2012/2013,2012,155,101.0,train,
nottingham road,2013/2014,2013,159,155.0,train,
nottingham road,2014/2015,2014,153,159.0,train,
nottingham road,2015/2016,2015,87,153.0,train,
nottingham road,2016/2017,2016,110,87.0,train,
nottingham road,2017/2018,2017,115,110.0,train,
nottingham road,2018/2019,2018,70,115.0,train,
nottingham road,2019/2020,2019,48,70.0,train,
nottingham road,2020/2021,2020,37,48.0,train,
nottingham road,2021/2022,2021,60,37.0,train,
nottingham road,2022/2023,2022,60,60.0,test,57.78132519741556
nottingham road,2023/2024,2023,73,60.0,test,59.180998091541674
nottingham road,2024/2025,2024,57,73.0,test,68.90270208499167
noupoort,2011/2012,2011,42,37.0,train,
noupoort,2012/2013,2012,54,42.0,train,
noupoort,2013/2014,2013,33,54.0,train,
noupoort,2014/2015,2014,23,33.0,train,
noupoort,2015/2016,2015,36,23.0,train,
noupoort,2016/2017,2016,48,36.0,train,
noupoort,2017/2018,2017,39,48.0,train,
noupoort,2018/2019,2018,55,39.0,train,
noupoort,2019/2020,2019,55,55.0,train,
noupoort,2020/2021,2020,48,55.0,train,
noupoort,2021/2022,2021,30,48.0,train,
noupoort,2022/2023,2022,43,30.0,test,32.73448694558264
noupoort,2023/2024,2023,30,43.0,test,38.713513724594
noupoort,2024/2025,2024,36,30.0,test,31.56499861426461
nquthu,2011/2012,2011,147,134.0,train,
nquthu,2012/2013,2012,132,147.0,train,
nquthu,2013/2014,2013,128,132.0,train,
nquthu,2014/2015,2014,127,128.0,train,
nquthu,2015/2016,2015,131,127.0,train,
nquthu,2016/2017,2016,175,131.0,train,
nquthu,2017/2018,2017,207,175.0,train,
nquthu,2018/2019,2018,159,207.0,train,
nquthu,2019/2020,2019,149,159.0,train,
nquthu,2020/2021,2020,116,149.0,train,
nquthu,2021/2022,2021,135,116.0,train,
nquthu,2022/2023,2022,132,135.0,test,127.79577606079164
nquthu,2023/2024,2023,109,132.0,test,123.84473519774875
nquthu,2024/2025,2024,95,109.0,test,109.46511676280863
nsuze,2011/2012,2011,102,146.0,train,
nsuze,2012/2013,2012,91,102.0,train,
nsuze,2013/2014,2013,87,91.0,train,
nsuze,2014/2015,2014,89,87.0,train,
nsuze,2015/2016,2015,106,89.0,train,
nsuze,2016/2017,2016,95,106.0,train,
nsuze,2017/2018,2017,99,95.0,train,
nsuze,2018/2019,2018,93,99.0,train,
nsuze,2019/2020,2019,121,93.0,train,
nsuze,2020/2021,2020,82,121.0,train,
nsuze,2021/2022,2021,106,82.0,train,
nsuze,2022/2023,2022,102,106.0,test,104.44083923441029
nsuze,2023/2024,2023,84,102.0,test,100.51969967533644
nsuze,2024/2025,2024,61,84.0,test,89.26988297188912
ntabamhlophe,2011/2012,2011,120,113.0,train,
ntabamhlophe,2012/2013,2012,142,120.0,train,
ntabamhlophe,2013/2014,2013,129,142.0,train,
ntabamhlophe,2014/2015,2014,102,129.0,train,
ntabamhlophe,2015/2016,2015,94,102.0,train,
ntabamhlophe,2016/2017,2016,104,94.0,train,
ntabamhlophe,2017/2018,2017,80,104.0,train,
ntabamhlophe,2018/2019,2018,79,80.0,train,
ntabamhlophe,2019/2020,2019,73,79.0,train,
ntabamhlophe,2020/2021,2020,101,73.0,train,
ntabamhlophe,2021/2022,2021,142,101.0,train,
ntabamhlophe,2022/2023,2022,101,142.0,test,127.77051319888454
ntabamhlophe,2023/2024,2023,107,101.0,test,103.6922102444692
ntabamhlophe,2024/2025,2024,75,107.0,test,102.67136232211855
ntabankulu,2011/2012,2011,211,233.0,train,
ntabankulu,2012/2013,2012,170,211.0,train,
ntabankulu,2013/2014,2013,138,170.0,train,
ntabankulu,2014/2015,2014,131,138.0,train,
ntabankulu,2015/2016,2015,149,131.0,train,
ntabankulu,2016/2017,2016,182,149.0,train,
ntabankulu,2017/2018,2017,183,182.0,train,
ntabankulu,2018/2019,2018,145,183.0,train,
ntabankulu,2019/2020,2019,124,145.0,train,
ntabankulu,2020/2021,2020,112,124.0,train,
ntabankulu,2021/2022,2021,134,112.0,train,
ntabankulu,2022/2023,2022,129,134.0,test,126.7063772189005
ntabankulu,2023/2024,2023,105,129.0,test,123.7110953813245
ntabankulu,2024/2025,2024,133,105.0,test,106.11952065937456
ntabethemba,2011/2012,2011,18,38.0,train,
ntabethemba,2012/2013,2012,26,18.0,train,
ntabethemba,2013/2014,2013,25,26.0,train,
ntabethemba,2014/2015,2014,17,25.0,train,
ntabethemba,2015/2016,2015,23,17.0,train,
ntabethemba,2016/2017,2016,28,23.0,train,
ntabethemba,2017/2018,2017,15,28.0,train,
ntabethemba,2018/2019,2018,23,15.0,train,
ntabethemba,2019/2020,2019,26,23.0,train,
ntabethemba,2020/2021,2020,25,26.0,train,
ntabethemba,2021/2022,2021,32,25.0,train,
ntabethemba,2022/2023,2022,38,32.0,test,27.998563899975434
ntabethemba,2023/2024,2023,27,38.0,test,32.79756375194615
ntabethemba,2024/2025,2024,18,27.0,test,27.783831663212972
ntambanana,2011/2012,2011,97,90.0,train,
ntambanana,2012/2013,2012,86,97.0,train,
ntambanana,2013/2014,2013,70,86.0,train,
ntambanana,2014/2015,2014,74,70.0,train,
ntambanana,2015/2016,2015,84,74.0,train,
ntambanana,2016/2017,2016,70,84.0,train,
ntambanana,2017/2018,2017,50,70.0,train,
ntambanana,2018/2019,2018,35,50.0,train,
ntambanana,2019/2020,2019,51,35.0,train,
ntambanana,2020/2021,2020,69,51.0,train,
ntambanana,2021/2022,2021,29,69.0,train,
ntambanana,2022/2023,2022,35,29.0,test,35.585969283226554
ntambanana,2023/2024,2023,48,35.0,test,37.2136953767193
ntambanana,2024/2025,2024,27,48.0,test,45.50488760889494
ntuzuma,2011/2012,2011,871,1168.0,train,
ntuzuma,2012/2013,2012,1000,871.0,train,
ntuzuma,2013/2014,2013,979,1000.0,train,
ntuzuma,2014/2015,2014,971,979.0,train,
ntuzuma,2015/2016,2015,917,971.0,train,
ntuzuma,2016/2017,2016,972,917.0,train,
ntuzuma,2017/2018,2017,919,972.0,train,
ntuzuma,2018/2019,2018,874,919.0,train,
ntuzuma,2019/2020,2019,879,874.0,train,
ntuzuma,2020/2021,2020,620,879.0,train,
ntuzuma,2021/2022,2021,701,620.0,train,
ntuzuma,2022/2023,2022,612,701.0,test,646.6067907688132
ntuzuma,2023/2024,2023,628,612.0,test,566.686048667019
ntuzuma,2024/2025,2024,706,628.0,test,563.4274476540064
nuwerus,2011/2012,2011,8,6.0,train,
nuwerus,2012/2013,2012,8,8.0,train,
nuwerus,2013/2014,2013,7,8.0,train,
nuwerus,2014/2015,2014,8,7.0,train,
nuwerus,2015/2016,2015,7,8.0,train,
nuwerus,2016/2017,2016,13,7.0,train,
nuwerus,2017/2018,2017,12,13.0,train,
nuwerus,2018/2019,2018,11,12.0,train,
nuwerus,2019/2020,2019,15,11.0,train,
nuwerus,2020/2021,2020,12,15.0,train,
nuwerus,2021/2022,2021,17,12.0,train,
nuwerus,2022/2023,2022,30,17.0,test,13.199720136940062
nuwerus,2023/2024,2023,20,30.0,test,22.153401236539136
nuwerus,2024/2025,2024,13,20.0,test,21.10321516609655
nyanga,2011/2012,2011,1090,838.0,train,
nyanga,2012/2013,2012,1318,1090.0,train,
nyanga,2013/2014,2013,1368,1318.0,train,
nyanga,2014/2015,2014,1524,1368.0,train,
nyanga,2015/2016,2015,1795,1524.0,train,
nyanga,2016/2017,2016,1676,1795.0,train,
nyanga,2017/2018,2017,1717,1676.0,train,
nyanga,2018/2019,2018,1480,1717.0,train,
nyanga,2019/2020,2019,1227,1480.0,train,
nyanga,2020/2021,2020,1173,1227.0,train,
nyanga,2021/2022,2021,1010,1173.0,train,
nyanga,2022/2023,2022,1171,1010.0,test,964.9372955072911
nyanga,2023/2024,2023,836,1171.0,test,1086.001338586692
nyanga,2024/2025,2024,770,836.0,test,843.5113265936748
nyoni,2011/2012,2011,82,115.0,train,
nyoni,2012/2013,2012,86,82.0,train,
nyoni,2013/2014,2013,87,86.0,train,
nyoni,2014/2015,2014,79,87.0,train,
nyoni,2015/2016,2015,85,79.0,train,
nyoni,2016/2017,2016,80,85.0,train,
nyoni,2017/2018,2017,97,80.0,train,
nyoni,2018/2019,2018,98,97.0,train,
nyoni,2019/2020,2019,95,98.0,train,
nyoni,2020/2021,2020,111,95.0,train,
nyoni,2021/2022,2021,99,111.0,train,
nyoni,2022/2023,2022,107,99.0,test,98.02653030582789
nyoni,2023/2024,2023,124,107.0,test,100.52725588881209
nyoni,2024/2025,2024,165,124.0,test,114.19279657757676
ocean view,2011/2012,2011,336,419.0,train,
ocean view,2012/2013,2012,427,336.0,train,
ocean view,2013/2014,2013,426,427.0,train,
ocean view,2014/2015,2014,458,426.0,train,
ocean view,2015/2016,2015,353,458.0,train,
ocean view,2016/2017,2016,380,353.0,train,
ocean view,2017/2018,2017,416,380.0,train,
ocean view,2018/2019,2018,406,416.0,train,
ocean view,2019/2020,2019,363,406.0,train,
ocean view,2020/2021,2020,191,363.0,train,
ocean view,2021/2022,2021,193,191.0,train,
ocean view,2022/2023,2022,274,193.0,test,198.0411593422651
ocean view,2023/2024,2023,164,274.0,test,249.4181744798667
ocean view,2024/2025,2024,159,164.0,test,174.53837673377865
odendaalsrus,2011/2012,2011,422,418.0,train,
odendaalsrus,2012/2013,2012,408,422.0,train,
odendaalsrus,2013/2014,2013,402,408.0,train,
odendaalsrus,2014/2015,2014,355,402.0,train,
odendaalsrus,2015/2016,2015,387,355.0,train,
odendaalsrus,2016/2017,2016,454,387.0,train,
odendaalsrus,2017/2018,2017,353,454.0,train,
odendaalsrus,2018/2019,2018,444,353.0,train,
odendaalsrus,2019/2020,2019,404,444.0,train,
odendaalsrus,2020/2021,2020,295,404.0,train,
odendaalsrus,2021/2022,2021,323,295.0,train,
odendaalsrus,2022/2023,2022,413,323.0,test,295.52505449304357
odendaalsrus,2023/2024,2023,331,413.0,test,347.8666140214195
odendaalsrus,2024/2025,2024,354,331.0,test,320.20031567372104
ogies,2011/2012,2011,325,281.0,train,
ogies,2012/2013,2012,348,325.0,train,
ogies,2013/2014,2013,389,348.0,train,
ogies,2014/2015,2014,452,389.0,train,
ogies,2015/2016,2015,354,452.0,train,
ogies,2016/2017,2016,291,354.0,train,
ogies,2017/2018,2017,108,291.0,train,
ogies,2018/2019,2018,165,108.0,train,
ogies,2019/2020,2019,119,165.0,train,
ogies,2020/2021,2020,117,119.0,train,
ogies,2021/2022,2021,93,117.0,train,
ogies,2022/2023,2022,102,93.0,test,95.74510335333653
ogies,2023/2024,2023,126,102.0,test,95.82059494194615
ogies,2024/2025,2024,65,126.0,test,116.84041059776287
ohrigstad,2011/2012,2011,22,29.0,train,
ohrigstad,2012/2013,2012,26,22.0,train,
ohrigstad,2013/2014,2013,17,26.0,train,
ohrigstad,2014/2015,2014,14,17.0,train,
ohrigstad,2015/2016,2015,20,14.0,train,
ohrigstad,2016/2017,2016,21,20.0,train,
ohrigstad,2017/2018,2017,26,21.0,train,
ohrigstad,2018/2019,2018,28,26.0,train,
ohrigstad,2019/2020,2019,21,28.0,train,
ohrigstad,2020/2021,2020,21,21.0,train,
ohrigstad,2021/2022,2021,12,21.0,train,
ohrigstad,2022/2023,2022,15,12.0,test,15.591035838998005
ohrigstad,2023/2024,2023,9,15.0,test,12.748712730220038
ohrigstad,2024/2025,2024,11,9.0,test,12.113491039536404
olievenhoutbosch,2011/2012,2011,626,0.0,train,
olievenhoutbosch,2012/2013,2012,995,626.0,train,
olievenhoutbosch,2013/2014,2013,975,995.0,train,
olievenhoutbosch,2014/2015,2014,1209,975.0,train,
olievenhoutbosch,2015/2016,2015,1181,1209.0,train,
olievenhoutbosch,2016/2017,2016,1217,1181.0,train,
olievenhoutbosch,2017/2018,2017,1054,1217.0,train,
olievenhoutbosch,2018/2019,2018,1078,1054.0,train,
olievenhoutbosch,2019/2020,2019,1082,1078.0,train,
olievenhoutbosch,2020/2021,2020,844,1082.0,train,
olievenhoutbosch,2021/2022,2021,956,844.0,train,
olievenhoutbosch,2022/2023,2022,1018,956.0,test,913.8333531076746
olievenhoutbosch,2023/2024,2023,1062,1018.0,test,964.7236862286211
olievenhoutbosch,2024/2025,2024,773,1062.0,test,996.4979912972757
olifantsfontein,2011/2012,2011,436,408.0,train,
olifantsfontein,2012/2013,2012,525,436.0,train,
olifantsfontein,2013/2014,2013,511,525.0,train,
olifantsfontein,2014/2015,2014,623,511.0,train,
olifantsfontein,2015/2016,2015,608,623.0,train,
olifantsfontein,2016/2017,2016,632,608.0,train,
olifantsfontein,2017/2018,2017,422,632.0,train,
olifantsfontein,2018/2019,2018,329,422.0,train,
olifantsfontein,2019/2020,2019,357,329.0,train,
olifantsfontein,2020/2021,2020,311,357.0,train,
olifantsfontein,2021/2022,2021,311,311.0,train,
olifantsfontein,2022/2023,2022,305,311.0,test,299.952826548188
olifantsfontein,2023/2024,2023,323,305.0,test,291.67734977384936
olifantsfontein,2024/2025,2024,353,323.0,test,305.40941349700535
olifantshoek,2011/2012,2011,28,14.0,train,
olifantshoek,2012/2013,2012,71,28.0,train,
olifantshoek,2013/2014,2013,73,71.0,train,
olifantshoek,2014/2015,2014,78,73.0,train,
olifantshoek,2015/2016,2015,70,78.0,train,
olifantshoek,2016/2017,2016,47,70.0,train,
olifantshoek,2017/2018,2017,34,47.0,train,
olifantshoek,2018/2019,2018,28,34.0,train,
olifantshoek,2019/2020,2019,25,28.0,train,
olifantshoek,2020/2021,2020,33,25.0,train,
olifantshoek,2021/2022,2021,35,33.0,train,
olifantshoek,2022/2023,2022,45,35.0,test,31.571037039829452
olifantshoek,2023/2024,2023,42,45.0,test,38.59624843979189
olifantshoek,2024/2025,2024,31,42.0,test,39.94173185519999
onseepkans,2011/2012,2011,1,1.0,train,
onseepkans,2012/2013,2012,7,1.0,train,
onseepkans,2013/2014,2013,6,7.0,train,
onseepkans,2014/2015,2014,4,6.0,train,
onseepkans,2015/2016,2015,2,4.0,train,
onseepkans,2016/2017,2016,3,2.0,train,
onseepkans,2017/2018,2017,4,3.0,train,
onseepkans,2018/2019,2018,64,4.0,train,
onseepkans,2019/2020,2019,54,64.0,train,
onseepkans,2020/2021,2020,59,54.0,train,
onseepkans,2021/2022,2021,55,59.0,train,
onseepkans,2022/2023,2022,94,55.0,test,53.28236016518767
onseepkans,2023/2024,2023,4,94.0,test,86.0063131502835
onseepkans,2024/2025,2024,11,4.0,test,11.179086057821728
or tambo intern airp,2011/2012,2011,149,203.0,train,
or tambo intern airp,2012/2013,2012,111,149.0,train,
or tambo intern airp,2013/2014,2013,100,111.0,train,
or tambo intern airp,2014/2015,2014,93,100.0,train,
or tambo intern airp,2015/2016,2015,94,93.0,train,
or tambo intern airp,2016/2017,2016,94,94.0,train,
or tambo intern airp,2017/2018,2017,108,94.0,train,
or tambo intern airp,2018/2019,2018,106,108.0,train,
or tambo intern airp,2019/2020,2019,94,106.0,train,
or tambo intern airp,2020/2021,2020,36,94.0,train,
or tambo intern airp,2021/2022,2021,63,36.0,train,
or tambo intern airp,2022/2023,2022,83,63.0,test,63.14377089222136
or tambo intern airp,2023/2024,2023,73,83.0,test,78.80691869922819
or tambo intern airp,2024/2025,2024,82,73.0,test,75.07582417077195
orange farms,2011/2012,2011,1018,975.0,train,
orange farms,2012/2013,2012,1136,1018.0,train,
orange farms,2013/2014,2013,1153,1136.0,train,
orange farms,2014/2015,2014,1086,1153.0,train,
orange farms,2015/2016,2015,1234,1086.0,train,
orange farms,2016/2017,2016,1185,1234.0,train,
orange farms,2017/2018,2017,995,1185.0,train,
orange farms,2018/2019,2018,935,995.0,train,
orange farms,2019/2020,2019,848,935.0,train,
orange farms,2020/2021,2020,644,848.0,train,
orange farms,2021/2022,2021,692,644.0,train,
orange farms,2022/2023,2022,634,692.0,test,640.3769888487362
orange farms,2023/2024,2023,731,634.0,test,584.7018454230819
orange farms,2024/2025,2024,761,731.0,test,666.4718137900788
oranjeville,2011/2012,2011,26,43.0,train,
oranjeville,2012/2013,2012,45,26.0,train,
oranjeville,2013/2014,2013,36,45.0,train,
oranjeville,2014/2015,2014,29,36.0,train,
oranjeville,2015/2016,2015,24,29.0,train,
oranjeville,2016/2017,2016,26,24.0,train,
oranjeville,2017/2018,2017,24,26.0,train,
oranjeville,2018/2019,2018,48,24.0,train,
oranjeville,2019/2020,2019,66,48.0,train,
oranjeville,2020/2021,2020,46,66.0,train,
oranjeville,2021/2022,2021,43,46.0,train,
oranjeville,2022/2023,2022,67,43.0,test,42.85260161279173
oranjeville,2023/2024,2023,52,67.0,test,63.09992953230819
oranjeville,2024/2025,2024,69,52.0,test,50.61373262637577
orkney,2011/2012,2011,245,288.0,train,
orkney,2012/2013,2012,336,245.0,train,
orkney,2013/2014,2013,292,336.0,train,
orkney,2014/2015,2014,245,292.0,train,
orkney,2015/2016,2015,278,245.0,train,
orkney,2016/2017,2016,304,278.0,train,
orkney,2017/2018,2017,320,304.0,train,
orkney,2018/2019,2018,64,320.0,train,
orkney,2019/2020,2019,54,64.0,train,
orkney,2020/2021,2020,59,54.0,train,
orkney,2021/2022,2021,55,59.0,train,
orkney,2022/2023,2022,94,55.0,test,56.228225558994126
orkney,2023/2024,2023,226,94.0,test,87.75967180897342
orkney,2024/2025,2024,171,226.0,test,207.82122745130755
orlando,2011/2012,2011,911,927.0,train,
orlando,2012/2013,2012,923,911.0,train,
orlando,2013/2014,2013,893,923.0,train,
orlando,2014/2015,2014,987,893.0,train,
orlando,2015/2016,2015,981,987.0,train,
orlando,2016/2017,2016,995,981.0,train,
orlando,2017/2018,2017,1022,995.0,train,
orlando,2018/2019,2018,64,1022.0,train,
orlando,2019/2020,2019,54,64.0,train,
orlando,2020/2021,2020,59,54.0,train,
orlando,2021/2022,2021,55,59.0,train,
orlando,2022/2023,2022,94,55.0,test,55.747426375186684
orlando,2023/2024,2023,554,94.0,test,87.6730450511058
orlando,2024/2025,2024,609,554.0,test,530.1379035287521
osizweni,2011/2012,2011,661,617.0,train,
osizweni,2012/2013,2012,701,661.0,train,
osizweni,2013/2014,2013,786,701.0,train,
osizweni,2014/2015,2014,894,786.0,train,
osizweni,2015/2016,2015,901,894.0,train,
osizweni,2016/2017,2016,1017,901.0,train,
osizweni,2017/2018,2017,961,1017.0,train,
osizweni,2018/2019,2018,64,961.0,train,
osizweni,2019/2020,2019,54,64.0,train,
osizweni,2020/2021,2020,59,54.0,train,
osizweni,2021/2022,2021,55,59.0,train,
osizweni,2022/2023,2022,94,55.0,test,55.53579618438983
osizweni,2023/2024,2023,466,94.0,test,88.41118382001974
osizweni,2024/2025,2024,463,466.0,test,431.5318038653284
ottosdal,2011/2012,2011,89,93.0,train,
ottosdal,2012/2013,2012,51,89.0,train,
ottosdal,2013/2014,2013,78,51.0,train,
ottosdal,2014/2015,2014,71,78.0,train,
ottosdal,2015/2016,2015,67,71.0,train,
ottosdal,2016/2017,2016,51,67.0,train,
ottosdal,2017/2018,2017,62,51.0,train,
ottosdal,2018/2019,2018,99,62.0,train,
ottosdal,2019/2020,2019,98,99.0,train,
ottosdal,2020/2021,2020,61,98.0,train,
ottosdal,2021/2022,2021,58,61.0,train,
ottosdal,2022/2023,2022,90,58.0,test,62.66527646945195
ottosdal,2023/2024,2023,104,90.0,test,81.31446649023229
ottosdal,2024/2025,2024,96,104.0,test,95.84502866310827
ottoshoop,2011/2012,2011,31,24.0,train,
ottoshoop,2012/2013,2012,44,31.0,train,
ottoshoop,2013/2014,2013,29,44.0,train,
ottoshoop,2014/2015,2014,34,29.0,train,
ottoshoop,2015/2016,2015,26,34.0,train,
ottoshoop,2016/2017,2016,39,26.0,train,
ottoshoop,2017/2018,2017,35,39.0,train,
ottoshoop,2018/2019,2018,37,35.0,train,
ottoshoop,2019/2020,2019,51,37.0,train,
ottoshoop,2020/2021,2020,29,51.0,train,
ottoshoop,2021/2022,2021,22,29.0,train,
ottoshoop,2022/2023,2022,26,22.0,test,23.726316887965854
ottoshoop,2023/2024,2023,22,26.0,test,23.803433174974735
ottoshoop,2024/2025,2024,19,22.0,test,22.21902782673941
oudtshoorn,2011/2012,2011,828,666.0,train,
oudtshoorn,2012/2013,2012,1053,828.0,train,
oudtshoorn,2013/2014,2013,1123,1053.0,train,
oudtshoorn,2014/2015,2014,946,1123.0,train,
oudtshoorn,2015/2016,2015,1138,946.0,train,
oudtshoorn,2016/2017,2016,977,1138.0,train,
oudtshoorn,2017/2018,2017,949,977.0,train,
oudtshoorn,2018/2019,2018,1037,949.0,train,
oudtshoorn,2019/2020,2019,877,1037.0,train,
oudtshoorn,2020/2021,2020,770,877.0,train,
oudtshoorn,2021/2022,2021,604,770.0,train,
oudtshoorn,2022/2023,2022,596,604.0,test,556.6996998858555
oudtshoorn,2023/2024,2023,468,596.0,test,522.2329065791131
oudtshoorn,2024/2025,2024,452,468.0,test,446.2569358745782
paarl,2011/2012,2011,1332,1220.0,train,
paarl,2012/2013,2012,1386,1332.0,train,
paarl,2013/2014,2013,1277,1386.0,train,
paarl,2014/2015,2014,1705,1277.0,train,
paarl,2015/2016,2015,1668,1705.0,train,
paarl,2016/2017,2016,1501,1668.0,train,
paarl,2017/2018,2017,1627,1501.0,train,
paarl,2018/2019,2018,1361,1627.0,train,
paarl,2019/2020,2019,1266,1361.0,train,
paarl,2020/2021,2020,922,1266.0,train,
paarl,2021/2022,2021,866,922.0,train,
paarl,2022/2023,2022,927,866.0,test,816.6116181090034
paarl,2023/2024,2023,1052,927.0,test,836.26829309407
paarl,2024/2025,2024,765,1052.0,test,942.8770823699396
paarl east,2011/2012,2011,654,617.0,train,
paarl east,2012/2013,2012,885,654.0,train,
paarl east,2013/2014,2013,888,885.0,train,
paarl east,2014/2015,2014,890,888.0,train,
paarl east,2015/2016,2015,733,890.0,train,
paarl east,2016/2017,2016,751,733.0,train,
paarl east,2017/2018,2017,701,751.0,train,
paarl east,2018/2019,2018,850,701.0,train,
paarl east,2019/2020,2019,900,850.0,train,
paarl east,2020/2021,2020,576,900.0,train,
paarl east,2021/2022,2021,509,576.0,train,
paarl east,2022/2023,2022,514,509.0,test,480.4111920495069
paarl east,2023/2024,2023,522,514.0,test,453.55283201413937
paarl east,2024/2025,2024,510,522.0,test,456.5723307302925
pabalello,2011/2012,2011,117,85.0,train,
pabalello,2012/2013,2012,152,117.0,train,
pabalello,2013/2014,2013,153,152.0,train,
pabalello,2014/2015,2014,161,153.0,train,
pabalello,2015/2016,2015,172,161.0,train,
pabalello,2016/2017,2016,184,172.0,train,
pabalello,2017/2018,2017,198,184.0,train,
pabalello,2018/2019,2018,150,198.0,train,
pabalello,2019/2020,2019,137,150.0,train,
pabalello,2020/2021,2020,143,137.0,train,
pabalello,2021/2022,2021,163,143.0,train,
pabalello,2022/2023,2022,212,163.0,test,147.53322530964698
pabalello,2023/2024,2023,160,212.0,test,177.45040449796448
pabalello,2024/2025,2024,148,160.0,test,152.539240909341
pacaltsdorp,2011/2012,2011,243,228.0,train,
pacaltsdorp,2012/2013,2012,272,243.0,train,
pacaltsdorp,2013/2014,2013,335,272.0,train,
pacaltsdorp,2014/2015,2014,442,335.0,train,
pacaltsdorp,2015/2016,2015,459,442.0,train,
pacaltsdorp,2016/2017,2016,412,459.0,train,
pacaltsdorp,2017/2018,2017,342,412.0,train,
pacaltsdorp,2018/2019,2018,402,342.0,train,
pacaltsdorp,2019/2020,2019,367,402.0,train,
pacaltsdorp,2020/2021,2020,229,367.0,train,
pacaltsdorp,2021/2022,2021,345,229.0,train,
pacaltsdorp,2022/2023,2022,308,345.0,test,308.74278565250444
pacaltsdorp,2023/2024,2023,278,308.0,test,287.41037652356755
pacaltsdorp,2024/2025,2024,248,278.0,test,258.52225206574263
paddock,2011/2012,2011,110,89.0,train,
paddock,2012/2013,2012,86,110.0,train,
paddock,2013/2014,2013,104,86.0,train,
paddock,2014/2015,2014,126,104.0,train,
paddock,2015/2016,2015,140,126.0,train,
paddock,2016/2017,2016,115,140.0,train,
paddock,2017/2018,2017,157,115.0,train,
paddock,2018/2019,2018,128,157.0,train,
paddock,2019/2020,2019,105,128.0,train,
paddock,2020/2021,2020,83,105.0,train,
paddock,2021/2022,2021,62,83.0,train,
paddock,2022/2023,2022,107,62.0,test,68.35782789774534
paddock,2023/2024,2023,87,107.0,test,102.13436765520052
paddock,2024/2025,2024,104,87.0,test,85.82793607541849
palmietfontein,2011/2012,2011,27,37.0,train,
palmietfontein,2012/2013,2012,50,27.0,train,
palmietfontein,2013/2014,2013,48,50.0,train,
palmietfontein,2014/2015,2014,39,48.0,train,
palmietfontein,2015/2016,2015,46,39.0,train,
palmietfontein,2016/2017,2016,31,46.0,train,
palmietfontein,2017/2018,2017,37,31.0,train,
palmietfontein,2018/2019,2018,55,37.0,train,
palmietfontein,2019/2020,2019,54,55.0,train,
palmietfontein,2020/2021,2020,48,54.0,train,
palmietfontein,2021/2022,2021,50,48.0,train,
palmietfontein,2022/2023,2022,45,50.0,test,48.948110050932094
palmietfontein,2023/2024,2023,42,45.0,test,44.47537054763766
palmietfontein,2024/2025,2024,34,42.0,test,41.483208012597025
pampierstat,2011/2012,2011,148,147.0,train,
pampierstat,2012/2013,2012,156,148.0,train,
pampierstat,2013/2014,2013,162,156.0,train,
pampierstat,2014/2015,2014,185,162.0,train,
pampierstat,2015/2016,2015,244,185.0,train,
pampierstat,2016/2017,2016,156,244.0,train,
pampierstat,2017/2018,2017,230,156.0,train,
pampierstat,2018/2019,2018,263,230.0,train,
pampierstat,2019/2020,2019,274,263.0,train,
pampierstat,2020/2021,2020,226,274.0,train,
pampierstat,2021/2022,2021,207,226.0,train,
pampierstat,2022/2023,2022,227,207.0,test,187.17934012943368
pampierstat,2023/2024,2023,88,227.0,test,197.62887943863814
pampierstat,2024/2025,2024,71,88.0,test,96.32930543255621
park road,2011/2012,2011,3054,3129.0,train,
park road,2012/2013,2012,4053,3054.0,train,
park road,2013/2014,2013,4129,4053.0,train,
park road,2014/2015,2014,3847,4129.0,train,
park road,2015/2016,2015,2883,3847.0,train,
park road,2016/2017,2016,2413,2883.0,train,
park road,2017/2018,2017,2712,2413.0,train,
park road,2018/2019,2018,2966,2712.0,train,
park road,2019/2020,2019,2564,2966.0,train,
park road,2020/2021,2020,1615,2564.0,train,
park road,2021/2022,2021,1662,1615.0,train,
park road,2022/2023,2022,2010,1662.0,test,1578.742230923561
park road,2023/2024,2023,1917,2010.0,test,1765.7445900070938
park road,2024/2025,2024,1638,1917.0,test,1702.0650859553368
parkview,2011/2012,2011,1266,1281.0,train,
parkview,2012/2013,2012,1596,1266.0,train,
parkview,2013/2014,2013,1454,1596.0,train,
parkview,2014/2015,2014,1586,1454.0,train,
parkview,2015/2016,2015,1274,1586.0,train,
parkview,2016/2017,2016,1276,1274.0,train,
parkview,2017/2018,2017,1409,1276.0,train,
parkview,2018/2019,2018,1338,1409.0,train,
parkview,2019/2020,2019,1146,1338.0,train,
parkview,2020/2021,2020,626,1146.0,train,
parkview,2021/2022,2021,757,626.0,train,
parkview,2022/2023,2022,631,757.0,test,731.3541846653266
parkview,2023/2024,2023,729,631.0,test,596.0723012056205
parkview,2024/2025,2024,499,729.0,test,667.6746579563228
parow,2011/2012,2011,2389,2085.0,train,
parow,2012/2013,2012,2373,2389.0,train,
parow,2013/2014,2013,2602,2373.0,train,
parow,2014/2015,2014,2636,2602.0,train,
parow,2015/2016,2015,2259,2636.0,train,
parow,2016/2017,2016,1949,2259.0,train,
parow,2017/2018,2017,1706,1949.0,train,
parow,2018/2019,2018,1558,1706.0,train,
parow,2019/2020,2019,1473,1558.0,train,
parow,2020/2021,2020,965,1473.0,train,
parow,2021/2022,2021,1005,965.0,train,
parow,2022/2023,2022,1104,1005.0,test,980.604393622227
parow,2023/2024,2023,1101,1104.0,test,1030.057875233229
parow,2024/2025,2024,892,1101.0,test,1024.7355562721427
parys,2011/2012,2011,167,198.0,train,
parys,2012/2013,2012,259,167.0,train,
parys,2013/2014,2013,279,259.0,train,
parys,2014/2015,2014,180,279.0,train,
parys,2015/2016,2015,179,180.0,train,
parys,2016/2017,2016,244,179.0,train,
parys,2017/2018,2017,198,244.0,train,
parys,2018/2019,2018,187,198.0,train,
parys,2019/2020,2019,233,187.0,train,
parys,2020/2021,2020,218,233.0,train,
parys,2021/2022,2021,240,218.0,train,
parys,2022/2023,2022,182,240.0,test,215.32781656975973
parys,2023/2024,2023,232,182.0,test,179.0071410719799
parys,2024/2025,2024,168,232.0,test,211.8010189048387
patensie,2011/2012,2011,50,77.0,train,
patensie,2012/2013,2012,29,50.0,train,
patensie,2013/2014,2013,36,29.0,train,
patensie,2014/2015,2014,40,36.0,train,
patensie,2015/2016,2015,61,40.0,train,
patensie,2016/2017,2016,85,61.0,train,
patensie,2017/2018,2017,77,85.0,train,
patensie,2018/2019,2018,62,77.0,train,
patensie,2019/2020,2019,67,62.0,train,
patensie,2020/2021,2020,59,67.0,train,
patensie,2021/2022,2021,60,59.0,train,
patensie,2022/2023,2022,57,60.0,test,57.42016841932814
patensie,2023/2024,2023,50,57.0,test,55.231100857489665
patensie,2024/2025,2024,51,50.0,test,48.91401706281756
paterson,2011/2012,2011,39,84.0,train,
paterson,2012/2013,2012,42,39.0,train,
paterson,2013/2014,2013,36,42.0,train,
paterson,2014/2015,2014,47,36.0,train,
paterson,2015/2016,2015,43,47.0,train,
paterson,2016/2017,2016,47,43.0,train,
paterson,2017/2018,2017,42,47.0,train,
paterson,2018/2019,2018,81,42.0,train,
paterson,2019/2020,2019,61,81.0,train,
paterson,2020/2021,2020,75,61.0,train,
paterson,2021/2022,2021,44,75.0,train,
paterson,2022/2023,2022,58,44.0,test,47.162119543484
paterson,2023/2024,2023,52,58.0,test,54.1175026527779
paterson,2024/2025,2024,75,52.0,test,49.7529998929571
paul roux,2011/2012,2011,35,29.0,train,
paul roux,2012/2013,2012,43,35.0,train,
paul roux,2013/2014,2013,49,43.0,train,
paul roux,2014/2015,2014,33,49.0,train,
paul roux,2015/2016,2015,44,33.0,train,
paul roux,2016/2017,2016,44,44.0,train,
paul roux,2017/2018,2017,43,44.0,train,
paul roux,2018/2019,2018,23,43.0,train,
paul roux,2019/2020,2019,45,23.0,train,
paul roux,2020/2021,2020,35,45.0,train,
paul roux,2021/2022,2021,48,35.0,train,
paul roux,2022/2023,2022,52,48.0,test,43.85782571536003
paul roux,2023/2024,2023,47,52.0,test,49.29952455642831
paul roux,2024/2025,2024,44,47.0,test,44.13577220919698
paulpietersburg,2011/2012,2011,216,227.0,train,
paulpietersburg,2012/2013,2012,308,216.0,train,
paulpietersburg,2013/2014,2013,281,308.0,train,
paulpietersburg,2014/2015,2014,246,281.0,train,
paulpietersburg,2015/2016,2015,284,246.0,train,
paulpietersburg,2016/2017,2016,148,284.0,train,
paulpietersburg,2017/2018,2017,190,148.0,train,
paulpietersburg,2018/2019,2018,199,190.0,train,
paulpietersburg,2019/2020,2019,173,199.0,train,
paulpietersburg,2020/2021,2020,143,173.0,train,
paulpietersburg,2021/2022,2021,128,143.0,train,
paulpietersburg,2022/2023,2022,145,128.0,test,122.50641701854863
paulpietersburg,2023/2024,2023,167,145.0,test,135.79810377620302
paulpietersburg,2024/2025,2024,180,167.0,test,149.88967371957708
pearston,2011/2012,2011,15,27.0,train,
pearston,2012/2013,2012,40,15.0,train,
pearston,2013/2014,2013,18,40.0,train,
pearston,2014/2015,2014,26,18.0,train,
pearston,2015/2016,2015,32,26.0,train,
pearston,2016/2017,2016,31,32.0,train,
pearston,2017/2018,2017,34,31.0,train,
pearston,2018/2019,2018,42,34.0,train,
pearston,2019/2020,2019,53,42.0,train,
pearston,2020/2021,2020,32,53.0,train,
pearston,2021/2022,2021,25,32.0,train,
pearston,2022/2023,2022,28,25.0,test,26.76388270256921
pearston,2023/2024,2023,26,28.0,test,26.26670396306567
pearston,2024/2025,2024,22,26.0,test,25.318620211654913
peddie,2011/2012,2011,95,107.0,train,
peddie,2012/2013,2012,125,95.0,train,
peddie,2013/2014,2013,127,125.0,train,
peddie,2014/2015,2014,140,127.0,train,
peddie,2015/2016,2015,154,140.0,train,
peddie,2016/2017,2016,112,154.0,train,
peddie,2017/2018,2017,99,112.0,train,
peddie,2018/2019,2018,122,99.0,train,
peddie,2019/2020,2019,125,122.0,train,
peddie,2020/2021,2020,105,125.0,train,
peddie,2021/2022,2021,135,105.0,train,
peddie,2022/2023,2022,110,135.0,test,127.32173814401573
peddie,2023/2024,2023,144,110.0,test,109.99859376406181
peddie,2024/2025,2024,144,144.0,test,135.72980246957675
pella,2011/2012,2011,3,2.0,train,
pella,2012/2013,2012,7,3.0,train,
pella,2013/2014,2013,2,7.0,train,
pella,2014/2015,2014,6,2.0,train,
pella,2015/2016,2015,10,6.0,train,
pella,2016/2017,2016,7,10.0,train,
pella,2017/2018,2017,4,7.0,train,
pella,2018/2019,2018,6,4.0,train,
pella,2019/2020,2019,4,6.0,train,
pella,2020/2021,2020,6,4.0,train,
pella,2021/2022,2021,4,6.0,train,
pella,2022/2023,2022,6,4.0,test,4.019460185792426
pella,2023/2024,2023,10,6.0,test,4.775731162503121
pella,2024/2025,2024,15,10.0,test,8.294391701798565
perdekop,2011/2012,2011,35,42.0,train,
perdekop,2012/2013,2012,33,35.0,train,
perdekop,2013/2014,2013,26,33.0,train,
perdekop,2014/2015,2014,22,26.0,train,
perdekop,2015/2016,2015,46,22.0,train,
perdekop,2016/2017,2016,32,46.0,train,
perdekop,2017/2018,2017,45,32.0,train,
perdekop,2018/2019,2018,56,45.0,train,
perdekop,2019/2020,2019,40,56.0,train,
perdekop,2020/2021,2020,33,40.0,train,
perdekop,2021/2022,2021,28,33.0,train,
perdekop,2022/2023,2022,54,28.0,test,29.452158149950545
perdekop,2023/2024,2023,29,54.0,test,48.426292428114884
perdekop,2024/2025,2024,37,29.0,test,31.81269644360573
petrus steyn,2011/2012,2011,39,61.0,train,
petrus steyn,2012/2013,2012,48,39.0,train,
petrus steyn,2013/2014,2013,38,48.0,train,
petrus steyn,2014/2015,2014,53,38.0,train,
petrus steyn,2015/2016,2015,49,53.0,train,
petrus steyn,2016/2017,2016,52,49.0,train,
petrus steyn,2017/2018,2017,46,52.0,train,
petrus steyn,2018/2019,2018,21,46.0,train,
petrus steyn,2019/2020,2019,34,21.0,train,
petrus steyn,2020/2021,2020,51,34.0,train,
petrus steyn,2021/2022,2021,63,51.0,train,
petrus steyn,2022/2023,2022,40,63.0,test,58.163586132312126
petrus steyn,2023/2024,2023,40,40.0,test,43.14795410430779
petrus steyn,2024/2025,2024,33,40.0,test,40.06940562590087
petrusburg,2011/2012,2011,70,69.0,train,
petrusburg,2012/2013,2012,68,70.0,train,
petrusburg,2013/2014,2013,80,68.0,train,
petrusburg,2014/2015,2014,81,80.0,train,
petrusburg,2015/2016,2015,83,81.0,train,
petrusburg,2016/2017,2016,88,83.0,train,
petrusburg,2017/2018,2017,52,88.0,train,
petrusburg,2018/2019,2018,40,52.0,train,
petrusburg,2019/2020,2019,30,40.0,train,
petrusburg,2020/2021,2020,27,30.0,train,
petrusburg,2021/2022,2021,46,27.0,train,
petrusburg,2022/2023,2022,52,46.0,test,41.2815699537868
petrusburg,2023/2024,2023,76,52.0,test,48.115242948339144
petrusburg,2024/2025,2024,73,76.0,test,70.28348571514134
petrusville,2011/2012,2011,15,33.0,train,
petrusville,2012/2013,2012,16,15.0,train,
petrusville,2013/2014,2013,29,16.0,train,
petrusville,2014/2015,2014,34,29.0,train,
petrusville,2015/2016,2015,34,34.0,train,
petrusville,2016/2017,2016,40,34.0,train,
petrusville,2017/2018,2017,17,40.0,train,
petrusville,2018/2019,2018,23,17.0,train,
petrusville,2019/2020,2019,8,23.0,train,
petrusville,2020/2021,2020,15,8.0,train,
petrusville,2021/2022,2021,20,15.0,train,
petrusville,2022/2023,2022,37,20.0,test,16.51560801809671
petrusville,2023/2024,2023,32,37.0,test,29.047612205261192
petrusville,2024/2025,2024,25,32.0,test,30.70050076924948
phalaborwa,2011/2012,2011,372,256.0,train,
phalaborwa,2012/2013,2012,171,372.0,train,
phalaborwa,2013/2014,2013,235,171.0,train,
phalaborwa,2014/2015,2014,225,235.0,train,
phalaborwa,2015/2016,2015,260,225.0,train,
phalaborwa,2016/2017,2016,214,260.0,train,
phalaborwa,2017/2018,2017,255,214.0,train,
phalaborwa,2018/2019,2018,245,255.0,train,
phalaborwa,2019/2020,2019,239,245.0,train,
phalaborwa,2020/2021,2020,225,239.0,train,
phalaborwa,2021/2022,2021,196,225.0,train,
phalaborwa,2022/2023,2022,241,196.0,test,181.5677568221307
phalaborwa,2023/2024,2023,231,241.0,test,214.0312779318363
phalaborwa,2024/2025,2024,223,231.0,test,204.15300619617838
philadelphia,2011/2012,2011,60,48.0,train,
philadelphia,2012/2013,2012,66,60.0,train,
philadelphia,2013/2014,2013,101,66.0,train,
philadelphia,2014/2015,2014,111,101.0,train,
philadelphia,2015/2016,2015,138,111.0,train,
philadelphia,2016/2017,2016,118,138.0,train,
philadelphia,2017/2018,2017,93,118.0,train,
philadelphia,2018/2019,2018,69,93.0,train,
philadelphia,2019/2020,2019,76,69.0,train,
philadelphia,2020/2021,2020,52,76.0,train,
philadelphia,2021/2022,2021,49,52.0,train,
philadelphia,2022/2023,2022,52,49.0,test,49.64275784432448
philadelphia,2023/2024,2023,58,52.0,test,50.90655857741388
philadelphia,2024/2025,2024,79,58.0,test,57.694129053804026
philippi,2011/2012,2011,695,606.0,train,
philippi,2012/2013,2012,519,695.0,train,
philippi,2013/2014,2013,850,519.0,train,
philippi,2014/2015,2014,851,850.0,train,
philippi,2015/2016,2015,756,851.0,train,
philippi,2016/2017,2016,652,756.0,train,
philippi,2017/2018,2017,518,652.0,train,
philippi,2018/2019,2018,512,518.0,train,
philippi,2019/2020,2019,451,512.0,train,
philippi,2020/2021,2020,334,451.0,train,
philippi,2021/2022,2021,300,334.0,train,
philippi,2022/2023,2022,314,300.0,test,310.55647401947004
philippi,2023/2024,2023,305,314.0,test,292.21637389687214
philippi,2024/2025,2024,303,305.0,test,285.7573054611274
philippi east,2011/2012,2011,418,365.0,train,
philippi east,2012/2013,2012,394,418.0,train,
philippi east,2013/2014,2013,424,394.0,train,
philippi east,2014/2015,2014,536,424.0,train,
philippi east,2015/2016,2015,563,536.0,train,
philippi east,2016/2017,2016,642,563.0,train,
philippi east,2017/2018,2017,679,642.0,train,
philippi east,2018/2019,2018,637,679.0,train,
philippi east,2019/2020,2019,714,637.0,train,
philippi east,2020/2021,2020,582,714.0,train,
philippi east,2021/2022,2021,690,582.0,train,
philippi east,2022/2023,2022,598,690.0,test,654.5124351061631
philippi east,2023/2024,2023,580,598.0,test,592.3868754358375
philippi east,2024/2025,2024,495,580.0,test,565.1464068885014
philippolis,2011/2012,2011,36,17.0,train,
philippolis,2012/2013,2012,29,36.0,train,
philippolis,2013/2014,2013,19,29.0,train,
philippolis,2014/2015,2014,14,19.0,train,
philippolis,2015/2016,2015,17,14.0,train,
philippolis,2016/2017,2016,31,17.0,train,
philippolis,2017/2018,2017,24,31.0,train,
philippolis,2018/2019,2018,17,24.0,train,
philippolis,2019/2020,2019,22,17.0,train,
philippolis,2020/2021,2020,21,22.0,train,
philippolis,2021/2022,2021,19,21.0,train,
philippolis,2022/2023,2022,26,19.0,test,19.02611106677025
philippolis,2023/2024,2023,24,26.0,test,21.687752789936894
philippolis,2024/2025,2024,29,24.0,test,22.82258124850547
philipstown,2011/2012,2011,17,13.0,train,
philipstown,2012/2013,2012,24,17.0,train,
philipstown,2013/2014,2013,11,24.0,train,
philipstown,2014/2015,2014,25,11.0,train,
philipstown,2015/2016,2015,21,25.0,train,
philipstown,2016/2017,2016,12,21.0,train,
philipstown,2017/2018,2017,18,12.0,train,
philipstown,2018/2019,2018,22,18.0,train,
philipstown,2019/2020,2019,33,22.0,train,
philipstown,2020/2021,2020,24,33.0,train,
philipstown,2021/2022,2021,16,24.0,train,
philipstown,2022/2023,2022,26,16.0,test,19.0438377464284
philipstown,2023/2024,2023,22,26.0,test,21.569732689412625
philipstown,2024/2025,2024,20,22.0,test,21.43315938265522
phoenix,2011/2012,2011,1882,1796.0,train,
phoenix,2012/2013,2012,2047,1882.0,train,
phoenix,2013/2014,2013,2146,2047.0,train,
phoenix,2014/2015,2014,2028,2146.0,train,
phoenix,2015/2016,2015,1795,2028.0,train,
phoenix,2016/2017,2016,1576,1795.0,train,
phoenix,2017/2018,2017,1725,1576.0,train,
phoenix,2018/2019,2018,1403,1725.0,train,
phoenix,2019/2020,2019,1631,1403.0,train,
phoenix,2020/2021,2020,1349,1631.0,train,
phoenix,2021/2022,2021,1339,1349.0,train,
phoenix,2022/2023,2022,1341,1339.0,test,1278.3575813796288
phoenix,2023/2024,2023,1362,1341.0,test,1258.4607802249632
phoenix,2024/2025,2024,1223,1362.0,test,1279.2021582169166
phokeng,2011/2012,2011,604,673.0,train,
phokeng,2012/2013,2012,473,604.0,train,
phokeng,2013/2014,2013,591,473.0,train,
phokeng,2014/2015,2014,554,591.0,train,
phokeng,2015/2016,2015,607,554.0,train,
phokeng,2016/2017,2016,773,607.0,train,
phokeng,2017/2018,2017,801,773.0,train,
phokeng,2018/2019,2018,720,801.0,train,
phokeng,2019/2020,2019,577,720.0,train,
phokeng,2020/2021,2020,540,577.0,train,
phokeng,2021/2022,2021,523,540.0,train,
phokeng,2022/2023,2022,631,523.0,test,491.1285475919826
phokeng,2023/2024,2023,563,631.0,test,582.5458512705446
phokeng,2024/2025,2024,521,563.0,test,536.0029550597028
phola,2011/2012,2011,0,0.0,train,
phola,2012/2013,2012,0,0.0,train,
phola,2013/2014,2013,0,0.0,train,
phola,2014/2015,2014,0,0.0,train,
phola,2015/2016,2015,0,0.0,train,
phola,2016/2017,2016,33,0.0,train,
phola,2017/2018,2017,221,33.0,train,
phola,2018/2019,2018,294,221.0,train,
phola,2019/2020,2019,180,294.0,train,
phola,2020/2021,2020,146,180.0,train,
phola,2021/2022,2021,140,146.0,train,
phola,2022/2023,2022,161,140.0,test,135.41314932152616
phola,2023/2024,2023,214,161.0,test,148.80256960349485
phola,2024/2025,2024,184,214.0,test,197.46039666923969
phumalanga,2011/2012,2011,22,21.0,train,
phumalanga,2012/2013,2012,17,22.0,train,
phumalanga,2013/2014,2013,17,17.0,train,
phumalanga,2014/2015,2014,15,17.0,train,
phumalanga,2015/2016,2015,19,15.0,train,
phumalanga,2016/2017,2016,20,19.0,train,
phumalanga,2017/2018,2017,6,20.0,train,
phumalanga,2018/2019,2018,8,6.0,train,
phumalanga,2019/2020,2019,10,8.0,train,
phumalanga,2020/2021,2020,6,10.0,train,
phumalanga,2021/2022,2021,11,6.0,train,
phumalanga,2022/2023,2022,11,11.0,test,8.81296714341348
phumalanga,2023/2024,2023,17,11.0,test,10.670055509061362
phumalanga,2024/2025,2024,8,17.0,test,12.096861236158063
phuthaditjhaba,2011/2012,2011,760,667.0,train,
phuthaditjhaba,2012/2013,2012,685,760.0,train,
phuthaditjhaba,2013/2014,2013,602,685.0,train,
phuthaditjhaba,2014/2015,2014,658,602.0,train,
phuthaditjhaba,2015/2016,2015,604,658.0,train,
phuthaditjhaba,2016/2017,2016,641,604.0,train,
phuthaditjhaba,2017/2018,2017,598,641.0,train,
phuthaditjhaba,2018/2019,2018,693,598.0,train,
phuthaditjhaba,2019/2020,2019,674,693.0,train,
phuthaditjhaba,2020/2021,2020,620,674.0,train,
phuthaditjhaba,2021/2022,2021,452,620.0,train,
phuthaditjhaba,2022/2023,2022,466,452.0,test,453.7621900915371
phuthaditjhaba,2023/2024,2023,504,466.0,test,432.6037681188154
phuthaditjhaba,2024/2025,2024,445,504.0,test,445.89457886179866
pienaar,2011/2012,2011,491,0.0,train,
pienaar,2012/2013,2012,585,491.0,train,
pienaar,2013/2014,2013,606,585.0,train,
pienaar,2014/2015,2014,610,606.0,train,
pienaar,2015/2016,2015,598,610.0,train,
pienaar,2016/2017,2016,586,598.0,train,
pienaar,2017/2018,2017,588,586.0,train,
pienaar,2018/2019,2018,559,588.0,train,
pienaar,2019/2020,2019,526,559.0,train,
pienaar,2020/2021,2020,343,526.0,train,
pienaar,2021/2022,2021,413,343.0,train,
pienaar,2022/2023,2022,367,413.0,test,376.64758676023064
pienaar,2023/2024,2023,342,367.0,test,358.87704132236934
pienaar,2024/2025,2024,436,342.0,test,341.6779310199629
pienaarsrivier,2011/2012,2011,30,37.0,train,
pienaarsrivier,2012/2013,2012,34,30.0,train,
pienaarsrivier,2013/2014,2013,35,34.0,train,
pienaarsrivier,2014/2015,2014,37,35.0,train,
pienaarsrivier,2015/2016,2015,49,37.0,train,
pienaarsrivier,2016/2017,2016,51,49.0,train,
pienaarsrivier,2017/2018,2017,39,51.0,train,
pienaarsrivier,2018/2019,2018,54,39.0,train,
pienaarsrivier,2019/2020,2019,44,54.0,train,
pienaarsrivier,2020/2021,2020,22,44.0,train,
pienaarsrivier,2021/2022,2021,25,22.0,train,
pienaarsrivier,2022/2023,2022,21,25.0,test,24.848730408328144
pienaarsrivier,2023/2024,2023,17,21.0,test,21.823182271580777
pienaarsrivier,2024/2025,2024,24,17.0,test,19.140530383732166
piet plessis,2011/2012,2011,7,8.0,train,
piet plessis,2012/2013,2012,20,7.0,train,
piet plessis,2013/2014,2013,13,20.0,train,
piet plessis,2014/2015,2014,16,13.0,train,
piet plessis,2015/2016,2015,9,16.0,train,
piet plessis,2016/2017,2016,30,9.0,train,
piet plessis,2017/2018,2017,7,30.0,train,
piet plessis,2018/2019,2018,11,7.0,train,
piet plessis,2019/2020,2019,11,11.0,train,
piet plessis,2020/2021,2020,11,11.0,train,
piet plessis,2021/2022,2021,12,11.0,train,
piet plessis,2022/2023,2022,6,12.0,test,11.235422586994762
piet plessis,2023/2024,2023,7,6.0,test,8.62048607573243
piet plessis,2024/2025,2024,9,7.0,test,7.002794221136137
piet retief,2011/2012,2011,627,682.0,train,
piet retief,2012/2013,2012,667,627.0,train,
piet retief,2013/2014,2013,719,667.0,train,
piet retief,2014/2015,2014,697,719.0,train,
piet retief,2015/2016,2015,728,697.0,train,
piet retief,2016/2017,2016,681,728.0,train,
piet retief,2017/2018,2017,742,681.0,train,
piet retief,2018/2019,2018,629,742.0,train,
piet retief,2019/2020,2019,617,629.0,train,
piet retief,2020/2021,2020,491,617.0,train,
piet retief,2021/2022,2021,557,491.0,train,
piet retief,2022/2023,2022,545,557.0,test,490.8623401833434
piet retief,2023/2024,2023,505,545.0,test,473.03760685292957
piet retief,2024/2025,2024,449,505.0,test,457.2033950725033
pietermaritzburg,2011/2012,2011,685,733.0,train,
pietermaritzburg,2012/2013,2012,712,685.0,train,
pietermaritzburg,2013/2014,2013,1042,712.0,train,
pietermaritzburg,2014/2015,2014,1109,1042.0,train,
pietermaritzburg,2015/2016,2015,1189,1109.0,train,
pietermaritzburg,2016/2017,2016,775,1189.0,train,
pietermaritzburg,2017/2018,2017,879,775.0,train,
pietermaritzburg,2018/2019,2018,888,879.0,train,
pietermaritzburg,2019/2020,2019,639,888.0,train,
pietermaritzburg,2020/2021,2020,521,639.0,train,
pietermaritzburg,2021/2022,2021,593,521.0,train,
pietermaritzburg,2022/2023,2022,666,593.0,test,547.0741643804802
pietermaritzburg,2023/2024,2023,574,666.0,test,610.4593949873473
pietermaritzburg,2024/2025,2024,413,574.0,test,539.7000549590128
piketberg,2011/2012,2011,70,63.0,train,
piketberg,2012/2013,2012,99,70.0,train,
piketberg,2013/2014,2013,75,99.0,train,
piketberg,2014/2015,2014,107,75.0,train,
piketberg,2015/2016,2015,94,107.0,train,
piketberg,2016/2017,2016,97,94.0,train,
piketberg,2017/2018,2017,101,97.0,train,
piketberg,2018/2019,2018,79,101.0,train,
piketberg,2019/2020,2019,99,79.0,train,
piketberg,2020/2021,2020,80,99.0,train,
piketberg,2021/2022,2021,93,80.0,train,
piketberg,2022/2023,2022,113,93.0,test,84.5446868882503
piketberg,2023/2024,2023,111,113.0,test,104.05149928099324
piketberg,2024/2025,2024,99,111.0,test,103.97753964970914
pilgrim's rest,2011/2012,2011,44,22.0,train,
pilgrim's rest,2012/2013,2012,26,44.0,train,
pilgrim's rest,2013/2014,2013,20,26.0,train,
pilgrim's rest,2014/2015,2014,15,20.0,train,
pilgrim's rest,2015/2016,2015,16,15.0,train,
pilgrim's rest,2016/2017,2016,20,16.0,train,
pilgrim's rest,2017/2018,2017,11,20.0,train,
pilgrim's rest,2018/2019,2018,9,11.0,train,
pilgrim's rest,2019/2020,2019,11,9.0,train,
pilgrim's rest,2020/2021,2020,7,11.0,train,
pilgrim's rest,2021/2022,2021,3,7.0,train,
pilgrim's rest,2022/2023,2022,5,3.0,test,5.103224008043217
pilgrim's rest,2023/2024,2023,6,5.0,test,4.198526264713336
pilgrim's rest,2024/2025,2024,7,6.0,test,5.411982309247531
pinelands,2011/2012,2011,725,863.0,train,
pinelands,2012/2013,2012,817,725.0,train,
pinelands,2013/2014,2013,878,817.0,train,
pinelands,2014/2015,2014,647,878.0,train,
pinelands,2015/2016,2015,634,647.0,train,
pinelands,2016/2017,2016,613,634.0,train,
pinelands,2017/2018,2017,540,613.0,train,
pinelands,2018/2019,2018,561,540.0,train,
pinelands,2019/2020,2019,567,561.0,train,
pinelands,2020/2021,2020,449,567.0,train,
pinelands,2021/2022,2021,414,449.0,train,
pinelands,2022/2023,2022,475,414.0,test,402.5050083472323
pinelands,2023/2024,2023,454,475.0,test,435.95780704222983
pinelands,2024/2025,2024,364,454.0,test,423.3687129946613
pinetown,2011/2012,2011,2899,2906.0,train,
pinetown,2012/2013,2012,3383,2899.0,train,
pinetown,2013/2014,2013,2451,3383.0,train,
pinetown,2014/2015,2014,2337,2451.0,train,
pinetown,2015/2016,2015,2576,2337.0,train,
pinetown,2016/2017,2016,2615,2576.0,train,
pinetown,2017/2018,2017,2156,2615.0,train,
pinetown,2018/2019,2018,2048,2156.0,train,
pinetown,2019/2020,2019,2106,2048.0,train,
pinetown,2020/2021,2020,1654,2106.0,train,
pinetown,2021/2022,2021,1602,1654.0,train,
pinetown,2022/2023,2022,1510,1602.0,test,1508.345095177136
pinetown,2023/2024,2023,1422,1510.0,test,1408.0252069406831
pinetown,2024/2025,2024,1366,1422.0,test,1352.1863183029
plessislaer,2011/2012,2011,1240,1109.0,train,
plessislaer,2012/2013,2012,1269,1240.0,train,
plessislaer,2013/2014,2013,1528,1269.0,train,
plessislaer,2014/2015,2014,1545,1528.0,train,
plessislaer,2015/2016,2015,1820,1545.0,train,
plessislaer,2016/2017,2016,1734,1820.0,train,
plessislaer,2017/2018,2017,1841,1734.0,train,
plessislaer,2018/2019,2018,1685,1841.0,train,
plessislaer,2019/2020,2019,1537,1685.0,train,
plessislaer,2020/2021,2020,1434,1537.0,train,
plessislaer,2021/2022,2021,1339,1434.0,train,
plessislaer,2022/2023,2022,1597,1339.0,test,1275.204806262057
plessislaer,2023/2024,2023,1399,1597.0,test,1469.437795050301
plessislaer,2024/2025,2024,1160,1399.0,test,1349.2227046847981
plettenberg bay,2011/2012,2011,691,708.0,train,
plettenberg bay,2012/2013,2012,1117,691.0,train,
plettenberg bay,2013/2014,2013,1157,1117.0,train,
plettenberg bay,2014/2015,2014,936,1157.0,train,
plettenberg bay,2015/2016,2015,913,936.0,train,
plettenberg bay,2016/2017,2016,758,913.0,train,
plettenberg bay,2017/2018,2017,582,758.0,train,
plettenberg bay,2018/2019,2018,534,582.0,train,
plettenberg bay,2019/2020,2019,613,534.0,train,
plettenberg bay,2020/2021,2020,536,613.0,train,
plettenberg bay,2021/2022,2021,408,536.0,train,
plettenberg bay,2022/2023,2022,415,408.0,test,394.40805529251736
plettenberg bay,2023/2024,2023,345,415.0,test,388.56744047868466
plettenberg bay,2024/2025,2024,264,345.0,test,337.6750630951994
plooysburg,2011/2012,2011,1,2.0,train,
plooysburg,2012/2013,2012,5,1.0,train,
plooysburg,2013/2014,2013,7,5.0,train,
plooysburg,2014/2015,2014,8,7.0,train,
plooysburg,2015/2016,2015,6,8.0,train,
plooysburg,2016/2017,2016,5,6.0,train,
plooysburg,2017/2018,2017,1,5.0,train,
plooysburg,2018/2019,2018,3,1.0,train,
plooysburg,2019/2020,2019,1,3.0,train,
plooysburg,2020/2021,2020,5,1.0,train,
plooysburg,2021/2022,2021,2,5.0,train,
plooysburg,2022/2023,2022,0,2.0,test,2.8152246249145785
plooysburg,2023/2024,2023,0,0.0,test,1.0817984593219088
plooysburg,2024/2025,2024,2,0.0,test,0.731402443513082
pofadder,2011/2012,2011,11,26.0,train,
pofadder,2012/2013,2012,8,11.0,train,
pofadder,2013/2014,2013,28,8.0,train,
pofadder,2014/2015,2014,48,28.0,train,
pofadder,2015/2016,2015,39,48.0,train,
pofadder,2016/2017,2016,51,39.0,train,
pofadder,2017/2018,2017,35,51.0,train,
pofadder,2018/2019,2018,25,35.0,train,
pofadder,2019/2020,2019,38,25.0,train,
pofadder,2020/2021,2020,39,38.0,train,
pofadder,2021/2022,2021,45,39.0,train,
pofadder,2022/2023,2022,41,45.0,test,41.22112582138341
pofadder,2023/2024,2023,62,41.0,test,38.31025894093829
pofadder,2024/2025,2024,36,62.0,test,57.64248088189974
point,2011/2012,2011,814,961.0,train,
point,2012/2013,2012,909,814.0,train,
point,2013/2014,2013,874,909.0,train,
point,2014/2015,2014,983,874.0,train,
point,2015/2016,2015,814,983.0,train,
point,2016/2017,2016,760,814.0,train,
point,2017/2018,2017,843,760.0,train,
point,2018/2019,2018,723,843.0,train,
point,2019/2020,2019,713,723.0,train,
point,2020/2021,2020,315,713.0,train,
point,2021/2022,2021,406,315.0,train,
point,2022/2023,2022,472,406.0,test,396.89700294329776
point,2023/2024,2023,469,472.0,test,442.3074829073347
point,2024/2025,2024,366,469.0,test,439.99888360975336
polokwane,2011/2012,2011,2996,1898.0,train,
polokwane,2012/2013,2012,1916,2996.0,train,
polokwane,2013/2014,2013,2061,1916.0,train,
polokwane,2014/2015,2014,2015,2061.0,train,
polokwane,2015/2016,2015,1795,2015.0,train,
polokwane,2016/2017,2016,1716,1795.0,train,
polokwane,2017/2018,2017,1417,1716.0,train,
polokwane,2018/2019,2018,1423,1417.0,train,
polokwane,2019/2020,2019,1577,1423.0,train,
polokwane,2020/2021,2020,989,1577.0,train,
polokwane,2021/2022,2021,1105,989.0,train,
polokwane,2022/2023,2022,1220,1105.0,test,1052.4163959597904
polokwane,2023/2024,2023,1470,1220.0,test,1116.037319297284
polokwane,2024/2025,2024,1335,1470.0,test,1320.656575683717
pongola,2011/2012,2011,377,417.0,train,
pongola,2012/2013,2012,427,377.0,train,
pongola,2013/2014,2013,467,427.0,train,
pongola,2014/2015,2014,444,467.0,train,
pongola,2015/2016,2015,371,444.0,train,
pongola,2016/2017,2016,337,371.0,train,
pongola,2017/2018,2017,326,337.0,train,
pongola,2018/2019,2018,390,326.0,train,
pongola,2019/2020,2019,449,390.0,train,
pongola,2020/2021,2020,250,449.0,train,
pongola,2021/2022,2021,241,250.0,train,
pongola,2022/2023,2022,232,241.0,test,237.87741585078462
pongola,2023/2024,2023,274,232.0,test,214.9004541107145
pongola,2024/2025,2024,261,274.0,test,241.36286364059063
port alfred,2011/2012,2011,406,417.0,train,
port alfred,2012/2013,2012,409,406.0,train,
port alfred,2013/2014,2013,382,409.0,train,
port alfred,2014/2015,2014,368,382.0,train,
port alfred,2015/2016,2015,370,368.0,train,
port alfred,2016/2017,2016,370,370.0,train,
port alfred,2017/2018,2017,346,370.0,train,
port alfred,2018/2019,2018,374,346.0,train,
port alfred,2019/2020,2019,250,374.0,train,
port alfred,2020/2021,2020,225,250.0,train,
port alfred,2021/2022,2021,248,225.0,train,
port alfred,2022/2023,2022,291,248.0,test,222.0219751374118
port alfred,2023/2024,2023,304,291.0,test,253.11318377309348
port alfred,2024/2025,2024,176,304.0,test,264.7481230954577
port edward,2011/2012,2011,309,320.0,train,
port edward,2012/2013,2012,265,309.0,train,
port edward,2013/2014,2013,228,265.0,train,
port edward,2014/2015,2014,234,228.0,train,
port edward,2015/2016,2015,264,234.0,train,
port edward,2016/2017,2016,329,264.0,train,
port edward,2017/2018,2017,335,329.0,train,
port edward,2018/2019,2018,424,335.0,train,
port edward,2019/2020,2019,230,424.0,train,
port edward,2020/2021,2020,225,230.0,train,
port edward,2021/2022,2021,205,225.0,train,
port edward,2022/2023,2022,277,205.0,test,180.6805076736742
port edward,2023/2024,2023,357,277.0,test,239.3620099322027
port edward,2024/2025,2024,208,357.0,test,305.4870623778637
port nolloth,2011/2012,2011,48,39.0,train,
port nolloth,2012/2013,2012,74,48.0,train,
port nolloth,2013/2014,2013,71,74.0,train,
port nolloth,2014/2015,2014,87,71.0,train,
port nolloth,2015/2016,2015,93,87.0,train,
port nolloth,2016/2017,2016,104,93.0,train,
port nolloth,2017/2018,2017,104,104.0,train,
port nolloth,2018/2019,2018,77,104.0,train,
port nolloth,2019/2020,2019,102,77.0,train,
port nolloth,2020/2021,2020,109,102.0,train,
port nolloth,2021/2022,2021,105,109.0,train,
port nolloth,2022/2023,2022,65,105.0,test,99.81437631958747
port nolloth,2023/2024,2023,85,65.0,test,68.24133034368411
port nolloth,2024/2025,2024,78,85.0,test,78.58734686471028
port shepstone,2011/2012,2011,1080,1010.0,train,
port shepstone,2012/2013,2012,1050,1080.0,train,
port shepstone,2013/2014,2013,1172,1050.0,train,
port shepstone,2014/2015,2014,1037,1172.0,train,
port shepstone,2015/2016,2015,940,1037.0,train,
port shepstone,2016/2017,2016,865,940.0,train,
port shepstone,2017/2018,2017,916,865.0,train,
port shepstone,2018/2019,2018,853,916.0,train,
port shepstone,2019/2020,2019,865,853.0,train,
port shepstone,2020/2021,2020,711,865.0,train,
port shepstone,2021/2022,2021,528,711.0,train,
port shepstone,2022/2023,2022,606,528.0,test,528.0502854927055
port shepstone,2023/2024,2023,548,606.0,test,534.2340221703502
port shepstone,2024/2025,2024,574,548.0,test,487.6015829461614
port st johns,2011/2012,2011,135,112.0,train,
port st johns,2012/2013,2012,124,135.0,train,
port st johns,2013/2014,2013,86,124.0,train,
port st johns,2014/2015,2014,72,86.0,train,
port st johns,2015/2016,2015,76,72.0,train,
port st johns,2016/2017,2016,108,76.0,train,
port st johns,2017/2018,2017,86,108.0,train,
port st johns,2018/2019,2018,82,86.0,train,
port st johns,2019/2020,2019,86,82.0,train,
port st johns,2020/2021,2020,78,86.0,train,
port st johns,2021/2022,2021,50,78.0,train,
port st johns,2022/2023,2022,40,50.0,test,55.862111011922885
port st johns,2023/2024,2023,37,40.0,test,46.21882696915217
port st johns,2024/2025,2024,37,37.0,test,41.290683884685436
porterville,2011/2012,2011,63,47.0,train,
porterville,2012/2013,2012,89,63.0,train,
porterville,2013/2014,2013,62,89.0,train,
porterville,2014/2015,2014,72,62.0,train,
porterville,2015/2016,2015,106,72.0,train,
porterville,2016/2017,2016,89,106.0,train,
porterville,2017/2018,2017,65,89.0,train,
porterville,2018/2019,2018,85,65.0,train,
porterville,2019/2020,2019,103,85.0,train,
porterville,2020/2021,2020,78,103.0,train,
porterville,2021/2022,2021,63,78.0,train,
porterville,2022/2023,2022,85,63.0,test,65.48641531159151
porterville,2023/2024,2023,93,85.0,test,78.78772956247208
porterville,2024/2025,2024,70,93.0,test,84.73377783496359
postmasburg,2011/2012,2011,197,133.0,train,
postmasburg,2012/2013,2012,284,197.0,train,
postmasburg,2013/2014,2013,264,284.0,train,
postmasburg,2014/2015,2014,274,264.0,train,
postmasburg,2015/2016,2015,405,274.0,train,
postmasburg,2016/2017,2016,272,405.0,train,
postmasburg,2017/2018,2017,286,272.0,train,
postmasburg,2018/2019,2018,222,286.0,train,
postmasburg,2019/2020,2019,308,222.0,train,
postmasburg,2020/2021,2020,300,308.0,train,
postmasburg,2021/2022,2021,238,300.0,train,
postmasburg,2022/2023,2022,263,238.0,test,230.43705429438603
postmasburg,2023/2024,2023,317,263.0,test,237.20113692506425
postmasburg,2024/2025,2024,277,317.0,test,276.7049933501359
potchefstroom,2011/2012,2011,1344,1402.0,train,
potchefstroom,2012/2013,2012,1590,1344.0,train,
potchefstroom,2013/2014,2013,1664,1590.0,train,
potchefstroom,2014/2015,2014,1852,1664.0,train,
potchefstroom,2015/2016,2015,2006,1852.0,train,
potchefstroom,2016/2017,2016,2087,2006.0,train,
potchefstroom,2017/2018,2017,1905,2087.0,train,
potchefstroom,2018/2019,2018,2135,1905.0,train,
potchefstroom,2019/2020,2019,1654,2135.0,train,
potchefstroom,2020/2021,2020,1125,1654.0,train,
potchefstroom,2021/2022,2021,1213,1125.0,train,
potchefstroom,2022/2023,2022,961,1213.0,test,1137.0554142380197
potchefstroom,2023/2024,2023,871,961.0,test,911.8161920162362
potchefstroom,2024/2025,2024,700,871.0,test,809.4545410822567
prestbury,2011/2012,2011,186,218.0,train,
prestbury,2012/2013,2012,175,186.0,train,
prestbury,2013/2014,2013,143,175.0,train,
prestbury,2014/2015,2014,223,143.0,train,
prestbury,2015/2016,2015,233,223.0,train,
prestbury,2016/2017,2016,233,233.0,train,
prestbury,2017/2018,2017,276,233.0,train,
prestbury,2018/2019,2018,284,276.0,train,
prestbury,2019/2020,2019,307,284.0,train,
prestbury,2020/2021,2020,284,307.0,train,
prestbury,2021/2022,2021,158,284.0,train,
prestbury,2022/2023,2022,199,158.0,test,167.74807969571603
prestbury,2023/2024,2023,164,199.0,test,183.39154176979682
prestbury,2024/2025,2024,203,164.0,test,154.82740151063612
pretoria central,2011/2012,2011,1969,2314.0,train,
pretoria central,2012/2013,2012,2088,1969.0,train,
pretoria central,2013/2014,2013,2066,2088.0,train,
pretoria central,2014/2015,2014,2244,2066.0,train,
pretoria central,2015/2016,2015,1943,2244.0,train,
pretoria central,2016/2017,2016,1960,1943.0,train,
pretoria central,2017/2018,2017,1800,1960.0,train,
pretoria central,2018/2019,2018,1978,1800.0,train,
pretoria central,2019/2020,2019,1619,1978.0,train,
pretoria central,2020/2021,2020,1055,1619.0,train,
pretoria central,2021/2022,2021,1266,1055.0,train,
pretoria central,2022/2023,2022,1302,1266.0,test,1166.4959803564213
pretoria central,2023/2024,2023,1370,1302.0,test,1190.5313704685964
pretoria central,2024/2025,2024,959,1370.0,test,1227.4996284650192
pretoria moot,2011/2012,2011,900,827.0,train,
pretoria moot,2012/2013,2012,907,900.0,train,
pretoria moot,2013/2014,2013,1018,907.0,train,
pretoria moot,2014/2015,2014,838,1018.0,train,
pretoria moot,2015/2016,2015,852,838.0,train,
pretoria moot,2016/2017,2016,696,852.0,train,
pretoria moot,2017/2018,2017,484,696.0,train,
pretoria moot,2018/2019,2018,450,484.0,train,
pretoria moot,2019/2020,2019,511,450.0,train,
pretoria moot,2020/2021,2020,489,511.0,train,
pretoria moot,2021/2022,2021,527,489.0,train,
pretoria moot,2022/2023,2022,471,527.0,test,491.7851099416403
pretoria moot,2023/2024,2023,449,471.0,test,454.69473296696646
pretoria moot,2024/2025,2024,381,449.0,test,430.98894609465486
pretoria north,2011/2012,2011,795,965.0,train,
pretoria north,2012/2013,2012,960,795.0,train,
pretoria north,2013/2014,2013,947,960.0,train,
pretoria north,2014/2015,2014,923,947.0,train,
pretoria north,2015/2016,2015,1209,923.0,train,
pretoria north,2016/2017,2016,1154,1209.0,train,
pretoria north,2017/2018,2017,1002,1154.0,train,
pretoria north,2018/2019,2018,932,1002.0,train,
pretoria north,2019/2020,2019,1027,932.0,train,
pretoria north,2020/2021,2020,800,1027.0,train,
pretoria north,2021/2022,2021,964,800.0,train,
pretoria north,2022/2023,2022,968,964.0,test,915.0417521808199
pretoria north,2023/2024,2023,881,968.0,test,920.3428881767445
pretoria north,2024/2025,2024,766,881.0,test,859.0100306263465
pretoria west,2011/2012,2011,1520,1530.0,train,
pretoria west,2012/2013,2012,1746,1520.0,train,
pretoria west,2013/2014,2013,1753,1746.0,train,
pretoria west,2014/2015,2014,1818,1753.0,train,
pretoria west,2015/2016,2015,1795,1818.0,train,
pretoria west,2016/2017,2016,1549,1795.0,train,
pretoria west,2017/2018,2017,1302,1549.0,train,
pretoria west,2018/2019,2018,1614,1302.0,train,
pretoria west,2019/2020,2019,1348,1614.0,train,
pretoria west,2020/2021,2020,1022,1348.0,train,
pretoria west,2021/2022,2021,1144,1022.0,train,
pretoria west,2022/2023,2022,1353,1144.0,test,1075.1569054598544
pretoria west,2023/2024,2023,1201,1353.0,test,1257.956499370875
pretoria west,2024/2025,2024,1320,1201.0,test,1175.7950957087335
prieska,2011/2012,2011,41,39.0,train,
prieska,2012/2013,2012,83,41.0,train,
prieska,2013/2014,2013,66,83.0,train,
prieska,2014/2015,2014,50,66.0,train,
prieska,2015/2016,2015,81,50.0,train,
prieska,2016/2017,2016,81,81.0,train,
prieska,2017/2018,2017,61,81.0,train,
prieska,2018/2019,2018,67,61.0,train,
prieska,2019/2020,2019,57,67.0,train,
prieska,2020/2021,2020,61,57.0,train,
prieska,2021/2022,2021,101,61.0,train,
prieska,2022/2023,2022,127,101.0,test,92.61033336733496
prieska,2023/2024,2023,65,127.0,test,114.73269133625041
prieska,2024/2025,2024,71,65.0,test,67.30688603111727
primrose,2011/2012,2011,1080,1137.0,train,
primrose,2012/2013,2012,908,1080.0,train,
primrose,2013/2014,2013,1128,908.0,train,
primrose,2014/2015,2014,1077,1128.0,train,
primrose,2015/2016,2015,781,1077.0,train,
primrose,2016/2017,2016,725,781.0,train,
primrose,2017/2018,2017,718,725.0,train,
primrose,2018/2019,2018,731,718.0,train,
primrose,2019/2020,2019,619,731.0,train,
primrose,2020/2021,2020,521,619.0,train,
primrose,2021/2022,2021,514,521.0,train,
primrose,2022/2023,2022,677,514.0,test,501.2483263610018
primrose,2023/2024,2023,650,677.0,test,630.6811994556332
primrose,2024/2025,2024,492,650.0,test,618.5367796184327
prince albert,2011/2012,2011,45,49.0,train,
prince albert,2012/2013,2012,46,45.0,train,
prince albert,2013/2014,2013,34,46.0,train,
prince albert,2014/2015,2014,58,34.0,train,
prince albert,2015/2016,2015,47,58.0,train,
prince albert,2016/2017,2016,52,47.0,train,
prince albert,2017/2018,2017,62,52.0,train,
prince albert,2018/2019,2018,53,62.0,train,
prince albert,2019/2020,2019,64,53.0,train,
prince albert,2020/2021,2020,82,64.0,train,
prince albert,2021/2022,2021,100,82.0,train,
prince albert,2022/2023,2022,89,100.0,test,91.9848218955985
prince albert,2023/2024,2023,77,89.0,test,83.8638709260958
prince albert,2024/2025,2024,56,77.0,test,76.2530435450766
prince alfred hamlet,2011/2012,2011,110,106.0,train,
prince alfred hamlet,2012/2013,2012,139,110.0,train,
prince alfred hamlet,2013/2014,2013,111,139.0,train,
prince alfred hamlet,2014/2015,2014,136,111.0,train,
prince alfred hamlet,2015/2016,2015,158,136.0,train,
prince alfred hamlet,2016/2017,2016,150,158.0,train,
prince alfred hamlet,2017/2018,2017,145,150.0,train,
prince alfred hamlet,2018/2019,2018,148,145.0,train,
prince alfred hamlet,2019/2020,2019,171,148.0,train,
prince alfred hamlet,2020/2021,2020,145,171.0,train,
prince alfred hamlet,2021/2022,2021,140,145.0,train,
prince alfred hamlet,2022/2023,2022,110,140.0,test,130.21267781006526
prince alfred hamlet,2023/2024,2023,100,110.0,test,107.72032576371295
prince alfred hamlet,2024/2025,2024,58,100.0,test,98.29860089510039
protea glen,2011/2012,2011,1146,1094.0,train,
protea glen,2012/2013,2012,1084,1146.0,train,
protea glen,2013/2014,2013,1171,1084.0,train,
protea glen,2014/2015,2014,1275,1171.0,train,
protea glen,2015/2016,2015,1370,1275.0,train,
protea glen,2016/2017,2016,1550,1370.0,train,
protea glen,2017/2018,2017,1230,1550.0,train,
protea glen,2018/2019,2018,1329,1230.0,train,
protea glen,2019/2020,2019,1120,1329.0,train,
protea glen,2020/2021,2020,940,1120.0,train,
protea glen,2021/2022,2021,1036,940.0,train,
protea glen,2022/2023,2022,1078,1036.0,test,973.9637964379739
pudimoe,2011/2012,2011,97,78.0,train,
pudimoe,2012/2013,2012,94,97.0,train,
pudimoe,2013/2014,2013,83,94.0,train,
pudimoe,2014/2015,2014,126,83.0,train,
pudimoe,2015/2016,2015,92,126.0,train,
pudimoe,2016/2017,2016,97,92.0,train,
pudimoe,2017/2018,2017,127,97.0,train,
pudimoe,2018/2019,2018,146,127.0,train,
pudimoe,2019/2020,2019,81,146.0,train,
pudimoe,2020/2021,2020,79,81.0,train,
pudimoe,2021/2022,2021,90,79.0,train,
pudimoe,2022/2023,2022,115,90.0,test,84.40151481566349
pudimoe,2023/2024,2023,88,115.0,test,105.45344595341969
pudimoe,2024/2025,2024,115,88.0,test,89.09868014270056
punzana,2011/2012,2011,47,45.0,train,
punzana,2012/2013,2012,45,47.0,train,
punzana,2013/2014,2013,34,45.0,train,
punzana,2014/2015,2014,32,34.0,train,
punzana,2015/2016,2015,53,32.0,train,
punzana,2016/2017,2016,44,53.0,train,
punzana,2017/2018,2017,59,44.0,train,
punzana,2018/2019,2018,54,59.0,train,
punzana,2019/2020,2019,45,54.0,train,
punzana,2020/2021,2020,48,45.0,train,
punzana,2021/2022,2021,47,48.0,train,
punzana,2022/2023,2022,38,47.0,test,46.36058669261933
punzana,2023/2024,2023,47,38.0,test,37.58341755103173
punzana,2024/2025,2024,46,47.0,test,43.189633910576745
putfontein,2011/2012,2011,270,283.0,train,
putfontein,2012/2013,2012,261,270.0,train,
putfontein,2013/2014,2013,287,261.0,train,
putfontein,2014/2015,2014,329,287.0,train,
putfontein,2015/2016,2015,344,329.0,train,
putfontein,2016/2017,2016,385,344.0,train,
putfontein,2017/2018,2017,337,385.0,train,
putfontein,2018/2019,2018,399,337.0,train,
putfontein,2019/2020,2019,415,399.0,train,
putfontein,2020/2021,2020,384,415.0,train,
putfontein,2021/2022,2021,362,384.0,train,
putfontein,2022/2023,2022,353,362.0,test,348.20888831393734
putfontein,2023/2024,2023,291,353.0,test,338.57977040737234
putfontein,2024/2025,2024,349,291.0,test,283.4495514861394
queenstown,2011/2012,2011,578,641.0,train,
queenstown,2012/2013,2012,342,578.0,train,
queenstown,2013/2014,2013,240,342.0,train,
queenstown,2014/2015,2014,291,240.0,train,
queenstown,2015/2016,2015,315,291.0,train,
queenstown,2016/2017,2016,444,315.0,train,
queenstown,2017/2018,2017,447,444.0,train,
queenstown,2018/2019,2018,311,447.0,train,
queenstown,2019/2020,2019,356,311.0,train,
queenstown,2020/2021,2020,319,356.0,train,
queenstown,2021/2022,2021,378,319.0,train,
queenstown,2022/2023,2022,435,378.0,test,352.1421969013927
qumbu,2011/2012,2011,244,211.0,train,
qumbu,2012/2013,2012,209,244.0,train,
qumbu,2013/2014,2013,281,209.0,train,
qumbu,2014/2015,2014,234,281.0,train,
qumbu,2015/2016,2015,243,234.0,train,
qumbu,2016/2017,2016,227,243.0,train,
qumbu,2017/2018,2017,242,227.0,train,
qumbu,2018/2019,2018,261,242.0,train,
qumbu,2019/2020,2019,226,261.0,train,
qumbu,2020/2021,2020,183,226.0,train,
qumbu,2021/2022,2021,192,183.0,train,
qumbu,2022/2023,2022,181,192.0,test,189.19491941232047
qumbu,2023/2024,2023,299,181.0,test,173.26486754047644
qumbu,2024/2025,2024,214,299.0,test,274.3296458054336
rabie ridge,2011/2012,2011,680,828.0,train,
rabie ridge,2012/2013,2012,863,680.0,train,
rabie ridge,2013/2014,2013,838,863.0,train,
rabie ridge,2014/2015,2014,753,838.0,train,
rabie ridge,2015/2016,2015,860,753.0,train,
rabie ridge,2016/2017,2016,954,860.0,train,
rabie ridge,2017/2018,2017,662,954.0,train,
rabie ridge,2018/2019,2018,661,662.0,train,
rabie ridge,2019/2020,2019,636,661.0,train,
rabie ridge,2020/2021,2020,564,636.0,train,
rabie ridge,2021/2022,2021,588,564.0,train,
rabie ridge,2022/2023,2022,619,588.0,test,558.8828715448736
rabie ridge,2023/2024,2023,639,619.0,test,573.3431109830516
rabie ridge,2024/2025,2024,635,639.0,test,588.583687938182
rakgoadi,2011/2012,2011,0,0.0,train,
rakgoadi,2012/2013,2012,0,0.0,train,
rakgoadi,2013/2014,2013,0,0.0,train,
rakgoadi,2014/2015,2014,0,0.0,train,
rakgoadi,2015/2016,2015,47,0.0,train,
rakgoadi,2016/2017,2016,70,47.0,train,
rakgoadi,2017/2018,2017,43,70.0,train,
rakgoadi,2018/2019,2018,25,43.0,train,
rakgoadi,2019/2020,2019,51,25.0,train,
rakgoadi,2020/2021,2020,53,51.0,train,
rakgoadi,2021/2022,2021,38,53.0,train,
rakgoadi,2022/2023,2022,53,38.0,test,41.126741628802655
rakgoadi,2023/2024,2023,72,53.0,test,49.97964177050328
rakgoadi,2024/2025,2024,54,72.0,test,68.55292642494891
randburg,2011/2012,2011,1139,1070.0,train,
randburg,2012/2013,2012,1220,1139.0,train,
randburg,2013/2014,2013,1294,1220.0,train,
randburg,2014/2015,2014,1550,1294.0,train,
randburg,2015/2016,2015,1620,1550.0,train,
randburg,2016/2017,2016,1516,1620.0,train,
randburg,2017/2018,2017,1272,1516.0,train,
randburg,2018/2019,2018,1323,1272.0,train,
randburg,2019/2020,2019,1428,1323.0,train,
randburg,2020/2021,2020,802,1428.0,train,
randburg,2021/2022,2021,835,802.0,train,
randburg,2022/2023,2022,861,835.0,test,814.3318636219159
randburg,2023/2024,2023,874,861.0,test,788.4593498961665
randburg,2024/2025,2024,737,874.0,test,809.8723414086769
randfontein,2011/2012,2011,1743,1842.0,train,
randfontein,2012/2013,2012,1928,1743.0,train,
randfontein,2013/2014,2013,1965,1928.0,train,
randfontein,2014/2015,2014,1698,1965.0,train,
randfontein,2015/2016,2015,1841,1698.0,train,
randfontein,2016/2017,2016,2009,1841.0,train,
randfontein,2017/2018,2017,1819,2009.0,train,
randfontein,2018/2019,2018,1645,1819.0,train,
randfontein,2019/2020,2019,1443,1645.0,train,
randfontein,2020/2021,2020,1221,1443.0,train,
randfontein,2021/2022,2021,1277,1221.0,train,
randfontein,2022/2023,2022,1357,1277.0,test,1201.449596715796
randfontein,2023/2024,2023,835,1357.0,test,1263.325962775128
randfontein,2024/2025,2024,661,835.0,test,892.7105342456599
rankin's pass,2011/2012,2011,21,14.0,train,
rankin's pass,2012/2013,2012,20,21.0,train,
rankin's pass,2013/2014,2013,7,20.0,train,
rankin's pass,2014/2015,2014,8,7.0,train,
rankin's pass,2015/2016,2015,22,8.0,train,
rankin's pass,2016/2017,2016,16,22.0,train,
rankin's pass,2017/2018,2017,16,16.0,train,
rankin's pass,2018/2019,2018,17,16.0,train,
rankin's pass,2019/2020,2019,11,17.0,train,
rankin's pass,2020/2021,2020,8,11.0,train,
rankin's pass,2021/2022,2021,16,8.0,train,
rankin's pass,2022/2023,2022,9,16.0,test,12.482439582524076
rankin's pass,2023/2024,2023,17,9.0,test,11.444533825282374
rankin's pass,2024/2025,2024,6,17.0,test,12.778615211208734
ratanda,2011/2012,2011,296,319.0,train,
ratanda,2012/2013,2012,331,296.0,train,
ratanda,2013/2014,2013,217,331.0,train,
ratanda,2014/2015,2014,346,217.0,train,
ratanda,2015/2016,2015,384,346.0,train,
ratanda,2016/2017,2016,356,384.0,train,
ratanda,2017/2018,2017,348,356.0,train,
ratanda,2018/2019,2018,356,348.0,train,
ratanda,2019/2020,2019,285,356.0,train,
ratanda,2020/2021,2020,171,285.0,train,
ratanda,2021/2022,2021,194,171.0,train,
ratanda,2022/2023,2022,230,194.0,test,189.7887490290863
ratanda,2023/2024,2023,225,230.0,test,202.8400588218815
ratanda,2024/2025,2024,207,225.0,test,199.42713361991758
ravensmead,2011/2012,2011,630,751.0,train,
ravensmead,2012/2013,2012,622,630.0,train,
ravensmead,2013/2014,2013,623,622.0,train,
ravensmead,2014/2015,2014,680,623.0,train,
ravensmead,2015/2016,2015,719,680.0,train,
ravensmead,2016/2017,2016,643,719.0,train,
ravensmead,2017/2018,2017,594,643.0,train,
ravensmead,2018/2019,2018,501,594.0,train,
ravensmead,2019/2020,2019,518,501.0,train,
ravensmead,2020/2021,2020,257,518.0,train,
ravensmead,2021/2022,2021,295,257.0,train,
ravensmead,2022/2023,2022,373,295.0,test,294.33623313505564
ravensmead,2023/2024,2023,400,373.0,test,350.69368951395666
ravensmead,2024/2025,2024,321,400.0,test,377.81857293686625
rawsonville,2011/2012,2011,96,104.0,train,
rawsonville,2012/2013,2012,126,96.0,train,
rawsonville,2013/2014,2013,79,126.0,train,
rawsonville,2014/2015,2014,67,79.0,train,
rawsonville,2015/2016,2015,84,67.0,train,
rawsonville,2016/2017,2016,82,84.0,train,
rawsonville,2017/2018,2017,126,82.0,train,
rawsonville,2018/2019,2018,95,126.0,train,
rawsonville,2019/2020,2019,115,95.0,train,
rawsonville,2020/2021,2020,74,115.0,train,
rawsonville,2021/2022,2021,47,74.0,train,
rawsonville,2022/2023,2022,57,47.0,test,54.930848094698185
rawsonville,2023/2024,2023,61,57.0,test,54.05648628907723
rawsonville,2024/2025,2024,73,61.0,test,58.457598116913665
reddersburg,2011/2012,2011,40,40.0,train,
reddersburg,2012/2013,2012,38,40.0,train,
reddersburg,2013/2014,2013,17,38.0,train,
reddersburg,2014/2015,2014,22,17.0,train,
reddersburg,2015/2016,2015,38,22.0,train,
reddersburg,2016/2017,2016,31,38.0,train,
reddersburg,2017/2018,2017,44,31.0,train,
reddersburg,2018/2019,2018,20,44.0,train,
reddersburg,2019/2020,2019,24,20.0,train,
reddersburg,2020/2021,2020,17,24.0,train,
reddersburg,2021/2022,2021,25,17.0,train,
reddersburg,2022/2023,2022,41,25.0,test,21.63611399202602
reddersburg,2023/2024,2023,35,41.0,test,35.53829328238268
reddersburg,2024/2025,2024,21,35.0,test,32.3233225475834
redelinghuys,2011/2012,2011,10,1.0,train,
redelinghuys,2012/2013,2012,5,10.0,train,
redelinghuys,2013/2014,2013,7,5.0,train,
redelinghuys,2014/2015,2014,5,7.0,train,
redelinghuys,2015/2016,2015,16,5.0,train,
redelinghuys,2016/2017,2016,4,16.0,train,
redelinghuys,2017/2018,2017,10,4.0,train,
redelinghuys,2018/2019,2018,3,10.0,train,
redelinghuys,2019/2020,2019,4,3.0,train,
redelinghuys,2020/2021,2020,3,4.0,train,
redelinghuys,2021/2022,2021,3,3.0,train,
redelinghuys,2022/2023,2022,4,3.0,test,3.0956651124206145
redelinghuys,2023/2024,2023,0,4.0,test,3.337508462821259
redelinghuys,2024/2025,2024,9,0.0,test,1.1919755583854792
reigerpark,2011/2012,2011,302,364.0,train,
reigerpark,2012/2013,2012,351,302.0,train,
reigerpark,2013/2014,2013,455,351.0,train,
reigerpark,2014/2015,2014,418,455.0,train,
reigerpark,2015/2016,2015,361,418.0,train,
reigerpark,2016/2017,2016,318,361.0,train,
reigerpark,2017/2018,2017,252,318.0,train,
reigerpark,2018/2019,2018,235,252.0,train,
reigerpark,2019/2020,2019,288,235.0,train,
reigerpark,2020/2021,2020,195,288.0,train,
reigerpark,2021/2022,2021,171,195.0,train,
reigerpark,2022/2023,2022,190,171.0,test,177.86242089760063
reigerpark,2023/2024,2023,127,190.0,test,181.35663753220928
reigerpark,2024/2025,2024,106,127.0,test,131.866834371624
reitz,2011/2012,2011,132,122.0,train,
reitz,2012/2013,2012,127,132.0,train,
reitz,2013/2014,2013,139,127.0,train,
reitz,2014/2015,2014,117,139.0,train,
reitz,2015/2016,2015,99,117.0,train,
reitz,2016/2017,2016,135,99.0,train,
reitz,2017/2018,2017,108,135.0,train,
reitz,2018/2019,2018,114,108.0,train,
reitz,2019/2020,2019,159,114.0,train,
reitz,2020/2021,2020,145,159.0,train,
reitz,2021/2022,2021,115,145.0,train,
reitz,2022/2023,2022,110,115.0,test,112.6314521357825
reitz,2023/2024,2023,111,110.0,test,106.91760232874257
reitz,2024/2025,2024,117,111.0,test,104.00151375280953
reivilo,2011/2012,2011,16,16.0,train,
reivilo,2012/2013,2012,18,16.0,train,
reivilo,2013/2014,2013,8,18.0,train,
reivilo,2014/2015,2014,35,8.0,train,
reivilo,2015/2016,2015,16,35.0,train,
reivilo,2016/2017,2016,15,16.0,train,
reivilo,2017/2018,2017,15,15.0,train,
reivilo,2018/2019,2018,18,15.0,train,
reivilo,2019/2020,2019,31,18.0,train,
reivilo,2020/2021,2020,21,31.0,train,
reivilo,2021/2022,2021,23,21.0,train,
reivilo,2022/2023,2022,25,23.0,test,21.63463053598088
reivilo,2023/2024,2023,20,25.0,test,22.718567763804845
reivilo,2024/2025,2024,42,20.0,test,20.189233173031
rhodes,2011/2012,2011,9,3.0,train,
rhodes,2012/2013,2012,10,9.0,train,
rhodes,2013/2014,2013,7,10.0,train,
rhodes,2014/2015,2014,5,7.0,train,
rhodes,2015/2016,2015,15,5.0,train,
rhodes,2016/2017,2016,12,15.0,train,
rhodes,2017/2018,2017,16,12.0,train,
rhodes,2018/2019,2018,18,16.0,train,
rhodes,2019/2020,2019,13,18.0,train,
rhodes,2020/2021,2020,1,13.0,train,
rhodes,2021/2022,2021,4,1.0,train,
rhodes,2022/2023,2022,5,4.0,test,3.53649054598143
rhodes,2023/2024,2023,3,5.0,test,4.752911565949281
rhodes,2024/2025,2024,6,3.0,test,2.9886244565069155
richards bay,2011/2012,2011,1141,1305.0,train,
richards bay,2012/2013,2012,1225,1141.0,train,
richards bay,2013/2014,2013,1179,1225.0,train,
richards bay,2014/2015,2014,1217,1179.0,train,
richards bay,2015/2016,2015,1269,1217.0,train,
richards bay,2016/2017,2016,1059,1269.0,train,
richards bay,2017/2018,2017,1138,1059.0,train,
richards bay,2018/2019,2018,1102,1138.0,train,
richards bay,2019/2020,2019,894,1102.0,train,
richards bay,2020/2021,2020,792,894.0,train,
richards bay,2021/2022,2021,643,792.0,train,
richards bay,2022/2023,2022,1013,643.0,test,600.4680588565653
richards bay,2023/2024,2023,1019,1013.0,test,951.5668347154576
richards bay,2024/2025,2024,950,1019.0,test,959.8293191092245
richmond(c),2011/2012,2011,36,31.0,train,
richmond(c),2012/2013,2012,104,36.0,train,
richmond(c),2013/2014,2013,89,104.0,train,
richmond(c),2014/2015,2014,67,89.0,train,
richmond(c),2015/2016,2015,62,67.0,train,
richmond(c),2016/2017,2016,57,62.0,train,
richmond(c),2017/2018,2017,66,57.0,train,
richmond(c),2018/2019,2018,66,66.0,train,
richmond(c),2019/2020,2019,92,66.0,train,
richmond(c),2020/2021,2020,83,92.0,train,
richmond(c),2021/2022,2021,66,83.0,train,
richmond(c),2022/2023,2022,43,66.0,test,66.68177478070973
richmond(c),2023/2024,2023,43,43.0,test,45.896067733164365
richmond(c),2024/2025,2024,42,43.0,test,44.48280441478528
richmond-kzn,2011/2012,2011,198,213.0,train,
richmond-kzn,2012/2013,2012,231,198.0,train,
richmond-kzn,2013/2014,2013,221,231.0,train,
richmond-kzn,2014/2015,2014,159,221.0,train,
richmond-kzn,2015/2016,2015,223,159.0,train,
richmond-kzn,2016/2017,2016,238,223.0,train,
richmond-kzn,2017/2018,2017,212,238.0,train,
richmond-kzn,2018/2019,2018,155,212.0,train,
richmond-kzn,2019/2020,2019,127,155.0,train,
richmond-kzn,2020/2021,2020,152,127.0,train,
richmond-kzn,2021/2022,2021,146,152.0,train,
richmond-kzn,2022/2023,2022,168,146.0,test,138.82939335071077
richmond-kzn,2023/2024,2023,141,168.0,test,159.35070723431087
richmond-kzn,2024/2025,2024,101,141.0,test,137.19488296865532
riebeeck east,2011/2012,2011,4,5.0,train,
riebeeck east,2012/2013,2012,5,4.0,train,
riebeeck east,2013/2014,2013,4,5.0,train,
riebeeck east,2014/2015,2014,2,4.0,train,
riebeeck east,2015/2016,2015,2,2.0,train,
riebeeck east,2016/2017,2016,4,2.0,train,
riebeeck east,2017/2018,2017,4,4.0,train,
riebeeck east,2018/2019,2018,6,4.0,train,
riebeeck east,2019/2020,2019,5,6.0,train,
riebeeck east,2020/2021,2020,6,5.0,train,
riebeeck east,2021/2022,2021,3,6.0,train,
riebeeck east,2022/2023,2022,8,3.0,test,3.354048189455928
riebeeck east,2023/2024,2023,5,8.0,test,5.90724253304697
riebeeck east,2024/2025,2024,1,5.0,test,5.705516883215077
riebeek west,2011/2012,2011,104,106.0,train,
riebeek west,2012/2013,2012,147,104.0,train,
riebeek west,2013/2014,2013,147,147.0,train,
riebeek west,2014/2015,2014,124,147.0,train,
riebeek west,2015/2016,2015,189,124.0,train,
riebeek west,2016/2017,2016,214,189.0,train,
riebeek west,2017/2018,2017,233,214.0,train,
riebeek west,2018/2019,2018,176,233.0,train,
riebeek west,2019/2020,2019,237,176.0,train,
riebeek west,2020/2021,2020,285,237.0,train,
riebeek west,2021/2022,2021,178,285.0,train,
riebeek west,2022/2023,2022,200,178.0,test,181.72895885810107
riebeek west,2023/2024,2023,226,200.0,test,189.22047901096303
riebeek west,2024/2025,2024,199,226.0,test,193.63208735928674
rietbron,2011/2012,2011,4,2.0,train,
rietbron,2012/2013,2012,1,4.0,train,
rietbron,2013/2014,2013,1,1.0,train,
rietbron,2014/2015,2014,6,1.0,train,
rietbron,2015/2016,2015,2,6.0,train,
rietbron,2016/2017,2016,6,2.0,train,
rietbron,2017/2018,2017,6,6.0,train,
rietbron,2018/2019,2018,4,6.0,train,
rietbron,2019/2020,2019,4,4.0,train,
rietbron,2020/2021,2020,2,4.0,train,
rietbron,2021/2022,2021,1,2.0,train,
rietbron,2022/2023,2022,5,1.0,test,1.6418062288931252
rietbron,2023/2024,2023,2,5.0,test,4.21178202905061
rietbron,2024/2025,2024,6,2.0,test,2.549421962455503
rietfontein,2011/2012,2011,3,5.0,train,
rietfontein,2012/2013,2012,3,3.0,train,
rietfontein,2013/2014,2013,3,3.0,train,
rietfontein,2014/2015,2014,6,3.0,train,
rietfontein,2015/2016,2015,1,6.0,train,
rietfontein,2016/2017,2016,3,1.0,train,
rietfontein,2017/2018,2017,4,3.0,train,
rietfontein,2018/2019,2018,7,4.0,train,
rietfontein,2019/2020,2019,6,7.0,train,
rietfontein,2020/2021,2020,11,6.0,train,
rietfontein,2021/2022,2021,4,11.0,train,
rietfontein,2022/2023,2022,5,4.0,test,6.54406909679459
rietfontein,2023/2024,2023,2,5.0,test,4.610711998032013
rietfontein,2024/2025,2024,6,2.0,test,2.511794937946524
rietgat,2011/2012,2011,1057,1035.0,train,
rietgat,2012/2013,2012,1203,1057.0,train,
rietgat,2013/2014,2013,1348,1203.0,train,
rietgat,2014/2015,2014,1466,1348.0,train,
rietgat,2015/2016,2015,1296,1466.0,train,
rietgat,2016/2017,2016,1213,1296.0,train,
rietgat,2017/2018,2017,1097,1213.0,train,
rietgat,2018/2019,2018,1180,1097.0,train,
rietgat,2019/2020,2019,1018,1180.0,train,
rietgat,2020/2021,2020,713,1018.0,train,
rietgat,2021/2022,2021,722,713.0,train,
rietgat,2022/2023,2022,766,722.0,test,671.2479256576152
rietgat,2023/2024,2023,819,766.0,test,684.7857029550939
rietgat,2024/2025,2024,727,819.0,test,740.9214725362467
rietvlei,2011/2012,2011,18,31.0,train,
rietvlei,2012/2013,2012,26,18.0,train,
rietvlei,2013/2014,2013,29,26.0,train,
rietvlei,2014/2015,2014,26,29.0,train,
rietvlei,2015/2016,2015,24,26.0,train,
rietvlei,2016/2017,2016,6,24.0,train,
rietvlei,2017/2018,2017,13,6.0,train,
rietvlei,2018/2019,2018,17,13.0,train,
rietvlei,2019/2020,2019,22,17.0,train,
rietvlei,2020/2021,2020,13,22.0,train,
rietvlei,2021/2022,2021,15,13.0,train,
rietvlei,2022/2023,2022,11,15.0,test,13.172704778088443
rietvlei,2023/2024,2023,18,11.0,test,13.126541227681159
rietvlei,2024/2025,2024,5,18.0,test,13.674101401073797
ritavi,2011/2012,2011,470,412.0,train,
ritavi,2012/2013,2012,465,470.0,train,
ritavi,2013/2014,2013,529,465.0,train,
ritavi,2014/2015,2014,526,529.0,train,
ritavi,2015/2016,2015,456,526.0,train,
ritavi,2016/2017,2016,417,456.0,train,
ritavi,2017/2018,2017,492,417.0,train,
ritavi,2018/2019,2018,485,492.0,train,
ritavi,2019/2020,2019,310,485.0,train,
ritavi,2020/2021,2020,319,310.0,train,
ritavi,2021/2022,2021,304,319.0,train,
ritavi,2022/2023,2022,361,304.0,test,275.19413373453364
ritavi,2023/2024,2023,354,361.0,test,320.58687028447605
ritavi,2024/2025,2024,289,354.0,test,319.70961904705587
riversdale,2011/2012,2011,97,101.0,train,
riversdale,2012/2013,2012,147,97.0,train,
riversdale,2013/2014,2013,190,147.0,train,
riversdale,2014/2015,2014,236,190.0,train,
riversdale,2015/2016,2015,187,236.0,train,
riversdale,2016/2017,2016,195,187.0,train,
riversdale,2017/2018,2017,146,195.0,train,
riversdale,2018/2019,2018,100,146.0,train,
riversdale,2019/2020,2019,88,100.0,train,
riversdale,2020/2021,2020,80,88.0,train,
riversdale,2021/2022,2021,107,80.0,train,
riversdale,2022/2023,2022,111,107.0,test,101.26783190238237
riversdale,2023/2024,2023,72,111.0,test,103.78345537070972
riversdale,2024/2025,2024,100,72.0,test,74.7232121737768
riviersonderend,2011/2012,2011,51,53.0,train,
riviersonderend,2012/2013,2012,56,51.0,train,
riviersonderend,2013/2014,2013,78,56.0,train,
riviersonderend,2014/2015,2014,99,78.0,train,
riviersonderend,2015/2016,2015,74,99.0,train,
riviersonderend,2016/2017,2016,59,74.0,train,
riviersonderend,2017/2018,2017,54,59.0,train,
riviersonderend,2018/2019,2018,115,54.0,train,
riviersonderend,2019/2020,2019,97,115.0,train,
riviersonderend,2020/2021,2020,94,97.0,train,
riviersonderend,2021/2022,2021,90,94.0,train,
riviersonderend,2022/2023,2022,94,90.0,test,84.61311851730186
riviersonderend,2023/2024,2023,64,94.0,test,87.09145218192928
riviersonderend,2024/2025,2024,54,64.0,test,65.20731203290556
roadside,2011/2012,2011,11,9.0,train,
roadside,2012/2013,2012,7,11.0,train,
roadside,2013/2014,2013,3,7.0,train,
roadside,2014/2015,2014,0,3.0,train,
roadside,2015/2016,2015,3,0.0,train,
roadside,2016/2017,2016,7,3.0,train,
roadside,2017/2018,2017,2,7.0,train,
roadside,2018/2019,2018,5,2.0,train,
roadside,2019/2020,2019,6,5.0,train,
roadside,2020/2021,2020,9,6.0,train,
roadside,2021/2022,2021,4,9.0,train,
roadside,2022/2023,2022,3,4.0,test,5.754705227195693
roadside,2023/2024,2023,2,3.0,test,3.4722555454163753
roadside,2024/2025,2024,3,2.0,test,2.393978741542672
robertson,2011/2012,2011,295,267.0,train,
robertson,2012/2013,2012,455,295.0,train,
robertson,2013/2014,2013,483,455.0,train,
robertson,2014/2015,2014,413,483.0,train,
robertson,2015/2016,2015,570,413.0,train,
robertson,2016/2017,2016,506,570.0,train,
robertson,2017/2018,2017,512,506.0,train,
robertson,2018/2019,2018,597,512.0,train,
robertson,2019/2020,2019,486,597.0,train,
robertson,2020/2021,2020,500,486.0,train,
robertson,2021/2022,2021,514,500.0,train,
robertson,2022/2023,2022,564,514.0,test,440.6214528966109
robertson,2023/2024,2023,477,564.0,test,482.444448993885
robertson,2024/2025,2024,347,477.0,test,425.2432846491793
roedtan,2011/2012,2011,15,18.0,train,
roedtan,2012/2013,2012,16,15.0,train,
roedtan,2013/2014,2013,31,16.0,train,
roedtan,2014/2015,2014,28,31.0,train,
roedtan,2015/2016,2015,26,28.0,train,
roedtan,2016/2017,2016,33,26.0,train,
roedtan,2017/2018,2017,22,33.0,train,
roedtan,2018/2019,2018,35,22.0,train,
roedtan,2019/2020,2019,34,35.0,train,
roedtan,2020/2021,2020,21,34.0,train,
roedtan,2021/2022,2021,14,21.0,train,
roedtan,2022/2023,2022,21,14.0,test,18.07611677474477
roedtan,2023/2024,2023,9,21.0,test,17.301928593717832
roedtan,2024/2025,2024,9,9.0,test,13.33592992046137
rondebosch,2011/2012,2011,767,819.0,train,
rondebosch,2012/2013,2012,949,767.0,train,
rondebosch,2013/2014,2013,803,949.0,train,
rondebosch,2014/2015,2014,782,803.0,train,
rondebosch,2015/2016,2015,826,782.0,train,
rondebosch,2016/2017,2016,929,826.0,train,
rondebosch,2017/2018,2017,982,929.0,train,
rondebosch,2018/2019,2018,953,982.0,train,
rondebosch,2019/2020,2019,865,953.0,train,
rondebosch,2020/2021,2020,401,865.0,train,
rondebosch,2021/2022,2021,534,401.0,train,
rondebosch,2022/2023,2022,601,534.0,test,507.09100693993287
rondebosch,2023/2024,2023,615,601.0,test,548.671654695121
rondebosch,2024/2025,2024,452,615.0,test,558.4337160411673
roodepan,2011/2012,2011,254,319.0,train,
roodepan,2012/2013,2012,329,254.0,train,
roodepan,2013/2014,2013,419,329.0,train,
roodepan,2014/2015,2014,379,419.0,train,
roodepan,2015/2016,2015,367,379.0,train,
roodepan,2016/2017,2016,430,367.0,train,
roodepan,2017/2018,2017,368,430.0,train,
roodepan,2018/2019,2018,414,368.0,train,
roodepan,2019/2020,2019,428,414.0,train,
roodepan,2020/2021,2020,302,428.0,train,
roodepan,2021/2022,2021,327,302.0,train,
roodepan,2022/2023,2022,501,327.0,test,302.4403515418286
roodepan,2023/2024,2023,480,501.0,test,430.8133712359523
roodepan,2024/2025,2024,437,480.0,test,422.19290027486176
roodepoort,2011/2012,2011,2744,2988.0,train,
roodepoort,2012/2013,2012,2419,2744.0,train,
roodepoort,2013/2014,2013,2976,2419.0,train,
roodepoort,2014/2015,2014,2873,2976.0,train,
roodepoort,2015/2016,2015,2507,2873.0,train,
roodepoort,2016/2017,2016,2479,2507.0,train,
roodepoort,2017/2018,2017,2356,2479.0,train,
roodepoort,2018/2019,2018,2079,2356.0,train,
roodepoort,2019/2020,2019,1965,2079.0,train,
roodepoort,2020/2021,2020,1443,1965.0,train,
roodepoort,2021/2022,2021,1584,1443.0,train,
roodepoort,2022/2023,2022,1808,1584.0,test,1498.478664276723
roodepoort,2023/2024,2023,2113,1808.0,test,1662.1192498884006
roodepoort,2024/2025,2024,1678,2113.0,test,1904.8105825328803
rooiberg,2011/2012,2011,45,58.0,train,
rooiberg,2012/2013,2012,69,45.0,train,
rooiberg,2013/2014,2013,37,69.0,train,
rooiberg,2014/2015,2014,83,37.0,train,
rooiberg,2015/2016,2015,68,83.0,train,
rooiberg,2016/2017,2016,38,68.0,train,
rooiberg,2017/2018,2017,42,38.0,train,
rooiberg,2018/2019,2018,39,42.0,train,
rooiberg,2019/2020,2019,31,39.0,train,
rooiberg,2020/2021,2020,25,31.0,train,
rooiberg,2021/2022,2021,30,25.0,train,
rooiberg,2022/2023,2022,22,30.0,test,28.068589114042712
rooiberg,2023/2024,2023,36,22.0,test,23.64354934457797
rooiberg,2024/2025,2024,21,36.0,test,29.840451247301218
roossenekal,2011/2012,2011,24,32.0,train,
roossenekal,2012/2013,2012,33,24.0,train,
roossenekal,2013/2014,2013,29,33.0,train,
roossenekal,2014/2015,2014,23,29.0,train,
roossenekal,2015/2016,2015,30,23.0,train,
roossenekal,2016/2017,2016,22,30.0,train,
roossenekal,2017/2018,2017,23,22.0,train,
roossenekal,2018/2019,2018,45,23.0,train,
roossenekal,2019/2020,2019,46,45.0,train,
roossenekal,2020/2021,2020,46,46.0,train,
roossenekal,2021/2022,2021,43,46.0,train,
roossenekal,2022/2023,2022,29,43.0,test,42.042062754250765
roossenekal,2023/2024,2023,22,29.0,test,32.53224069706125
roossenekal,2024/2025,2024,24,22.0,test,25.436207431004163
rosebank,2011/2012,2011,356,303.0,train,
rosebank,2012/2013,2012,415,356.0,train,
rosebank,2013/2014,2013,341,415.0,train,
rosebank,2014/2015,2014,307,341.0,train,
rosebank,2015/2016,2015,278,307.0,train,
rosebank,2016/2017,2016,358,278.0,train,
rosebank,2017/2018,2017,552,358.0,train,
rosebank,2018/2019,2018,433,552.0,train,
rosebank,2019/2020,2019,363,433.0,train,
rosebank,2020/2021,2020,164,363.0,train,
rosebank,2021/2022,2021,214,164.0,train,
rosebank,2022/2023,2022,240,214.0,test,207.12036927340858
rosebank,2023/2024,2023,174,240.0,test,223.0565307593573
rosebank,2024/2025,2024,152,174.0,test,178.7368588886214
rosedale,2011/2012,2011,157,112.0,train,
rosedale,2012/2013,2012,167,157.0,train,
rosedale,2013/2014,2013,220,167.0,train,
rosedale,2014/2015,2014,274,220.0,train,
rosedale,2015/2016,2015,273,274.0,train,
rosedale,2016/2017,2016,280,273.0,train,
rosedale,2017/2018,2017,246,280.0,train,
rosedale,2018/2019,2018,274,246.0,train,
rosedale,2019/2020,2019,286,274.0,train,
rosedale,2020/2021,2020,230,286.0,train,
rosedale,2021/2022,2021,239,230.0,train,
rosedale,2022/2023,2022,283,239.0,test,215.35433416234514
rosedale,2023/2024,2023,307,283.0,test,238.18803528741543
rosedale,2024/2025,2024,274,307.0,test,260.7693993267845
rosendal,2011/2012,2011,40,27.0,train,
rosendal,2012/2013,2012,31,40.0,train,
rosendal,2013/2014,2013,28,31.0,train,
rosendal,2014/2015,2014,18,28.0,train,
rosendal,2015/2016,2015,35,18.0,train,
rosendal,2016/2017,2016,26,35.0,train,
rosendal,2017/2018,2017,18,26.0,train,
rosendal,2018/2019,2018,12,18.0,train,
rosendal,2019/2020,2019,25,12.0,train,
rosendal,2020/2021,2020,32,25.0,train,
rosendal,2021/2022,2021,24,32.0,train,
rosendal,2022/2023,2022,22,24.0,test,24.668022750016526
rosendal,2023/2024,2023,9,22.0,test,21.96288641056687
rosendal,2024/2025,2024,20,9.0,test,14.877716921745455
rossouw,2011/2012,2011,2,2.0,train,
rossouw,2012/2013,2012,1,2.0,train,
rossouw,2013/2014,2013,8,1.0,train,
rossouw,2014/2015,2014,5,8.0,train,
rossouw,2015/2016,2015,6,5.0,train,
rossouw,2016/2017,2016,3,6.0,train,
rossouw,2017/2018,2017,3,3.0,train,
rossouw,2018/2019,2018,2,3.0,train,
rossouw,2019/2020,2019,2,2.0,train,
rossouw,2020/2021,2020,1,2.0,train,
rossouw,2021/2022,2021,1,1.0,train,
rossouw,2022/2023,2022,1,1.0,test,1.4456336479364773
rossouw,2023/2024,2023,1,1.0,test,1.6550154333134053
rossouw,2024/2025,2024,1,1.0,test,1.6545524703504424
rouxville,2011/2012,2011,46,49.0,train,
rouxville,2012/2013,2012,54,46.0,train,
rouxville,2013/2014,2013,33,54.0,train,
rouxville,2014/2015,2014,24,33.0,train,
rouxville,2015/2016,2015,34,24.0,train,
rouxville,2016/2017,2016,24,34.0,train,
rouxville,2017/2018,2017,24,24.0,train,
rouxville,2018/2019,2018,26,24.0,train,
rouxville,2019/2020,2019,20,26.0,train,
rouxville,2020/2021,2020,15,20.0,train,
rouxville,2021/2022,2021,12,15.0,train,
rouxville,2022/2023,2022,37,12.0,test,14.546585038547784
rouxville,2023/2024,2023,16,37.0,test,32.339899185199236
rouxville,2024/2025,2024,17,16.0,test,21.51962404101168
rust de winter,2011/2012,2011,12,13.0,train,
rust de winter,2012/2013,2012,11,12.0,train,
rust de winter,2013/2014,2013,6,11.0,train,
rust de winter,2014/2015,2014,9,6.0,train,
rust de winter,2015/2016,2015,11,9.0,train,
rust de winter,2016/2017,2016,15,11.0,train,
rust de winter,2017/2018,2017,17,15.0,train,
rust de winter,2018/2019,2018,12,17.0,train,
rust de winter,2019/2020,2019,16,12.0,train,
rust de winter,2020/2021,2020,8,16.0,train,
rust de winter,2021/2022,2021,16,8.0,train,
rust de winter,2022/2023,2022,5,16.0,test,12.927161114241223
rust de winter,2023/2024,2023,13,5.0,test,8.436091437819602
rust de winter,2024/2025,2024,8,13.0,test,10.307009115746945
rustenburg,2011/2012,2011,3136,2967.0,train,
rustenburg,2012/2013,2012,3253,3136.0,train,
rustenburg,2013/2014,2013,2723,3253.0,train,
rustenburg,2014/2015,2014,2781,2723.0,train,
rustenburg,2015/2016,2015,2879,2781.0,train,
rustenburg,2016/2017,2016,2686,2879.0,train,
rustenburg,2017/2018,2017,2497,2686.0,train,
rustenburg,2018/2019,2018,2047,2497.0,train,
rustenburg,2019/2020,2019,2310,2047.0,train,
rustenburg,2020/2021,2020,1640,2310.0,train,
rustenburg,2021/2022,2021,1733,1640.0,train,
rustenburg,2022/2023,2022,1984,1733.0,test,1599.1625349569144
rustenburg,2023/2024,2023,1655,1984.0,test,1728.681528202341
rustenburg,2024/2025,2024,1600,1655.0,test,1587.9661375438775
saamboubrug,2011/2012,2011,6,7.0,train,
saamboubrug,2012/2013,2012,7,6.0,train,
saamboubrug,2013/2014,2013,12,7.0,train,
saamboubrug,2014/2015,2014,6,12.0,train,
saamboubrug,2015/2016,2015,11,6.0,train,
saamboubrug,2016/2017,2016,19,11.0,train,
saamboubrug,2017/2018,2017,7,19.0,train,
saamboubrug,2018/2019,2018,7,7.0,train,
saamboubrug,2019/2020,2019,4,7.0,train,
saamboubrug,2020/2021,2020,1,4.0,train,
saamboubrug,2021/2022,2021,4,1.0,train,
saamboubrug,2022/2023,2022,1,4.0,test,2.731865685533219
saamboubrug,2023/2024,2023,4,1.0,test,2.0388228052394943
saamboubrug,2024/2025,2024,1,4.0,test,2.977491174070215
sabie,2011/2012,2011,164,206.0,train,
sabie,2012/2013,2012,250,164.0,train,
sabie,2013/2014,2013,181,250.0,train,
sabie,2014/2015,2014,182,181.0,train,
sabie,2015/2016,2015,141,182.0,train,
sabie,2016/2017,2016,140,141.0,train,
sabie,2017/2018,2017,188,140.0,train,
sabie,2018/2019,2018,151,188.0,train,
sabie,2019/2020,2019,143,151.0,train,
sabie,2020/2021,2020,138,143.0,train,
sabie,2021/2022,2021,88,138.0,train,
sabie,2022/2023,2022,118,88.0,test,92.52727354522817
sabie,2023/2024,2023,90,118.0,test,113.51601046118084
sabie,2024/2025,2024,75,90.0,test,93.6265270953422
sakhile,2011/2012,2011,236,238.0,train,
sakhile,2012/2013,2012,228,236.0,train,
sakhile,2013/2014,2013,244,228.0,train,
sakhile,2014/2015,2014,265,244.0,train,
sakhile,2015/2016,2015,250,265.0,train,
sakhile,2016/2017,2016,297,250.0,train,
sakhile,2017/2018,2017,212,297.0,train,
sakhile,2018/2019,2018,180,212.0,train,
sakhile,2019/2020,2019,238,180.0,train,
sakhile,2020/2021,2020,200,238.0,train,
sakhile,2021/2022,2021,205,200.0,train,
sakhile,2022/2023,2022,241,205.0,test,179.38324350910543
sakhile,2023/2024,2023,202,241.0,test,211.15397578581585
sakhile,2024/2025,2024,145,202.0,test,177.9723939773497
saldanha,2011/2012,2011,438,384.0,train,
saldanha,2012/2013,2012,512,438.0,train,
saldanha,2013/2014,2013,451,512.0,train,
saldanha,2014/2015,2014,567,451.0,train,
saldanha,2015/2016,2015,650,567.0,train,
saldanha,2016/2017,2016,651,650.0,train,
saldanha,2017/2018,2017,541,651.0,train,
saldanha,2018/2019,2018,548,541.0,train,
saldanha,2019/2020,2019,609,548.0,train,
saldanha,2020/2021,2020,457,609.0,train,
saldanha,2021/2022,2021,466,457.0,train,
saldanha,2022/2023,2022,437,466.0,test,411.57215656376803
saldanha,2023/2024,2023,399,437.0,test,376.8056990124925
saldanha,2024/2025,2024,373,399.0,test,360.5622634834725
sandringham,2011/2012,2011,459,562.0,train,
sandringham,2012/2013,2012,553,459.0,train,
sandringham,2013/2014,2013,492,553.0,train,
sandringham,2014/2015,2014,590,492.0,train,
sandringham,2015/2016,2015,681,590.0,train,
sandringham,2016/2017,2016,662,681.0,train,
sandringham,2017/2018,2017,603,662.0,train,
sandringham,2018/2019,2018,600,603.0,train,
sandringham,2019/2020,2019,621,600.0,train,
sandringham,2020/2021,2020,465,621.0,train,
sandringham,2021/2022,2021,553,465.0,train,
sandringham,2022/2023,2022,617,553.0,test,537.5056796492263
sandringham,2023/2024,2023,489,617.0,test,588.7115508999608
sandringham,2024/2025,2024,462,489.0,test,505.70643249566103
sandton,2011/2012,2011,2261,2671.0,train,
sandton,2012/2013,2012,2635,2261.0,train,
sandton,2013/2014,2013,2866,2635.0,train,
sandton,2014/2015,2014,2823,2866.0,train,
sandton,2015/2016,2015,2701,2823.0,train,
sandton,2016/2017,2016,2927,2701.0,train,
sandton,2017/2018,2017,2115,2927.0,train,
sandton,2018/2019,2018,1914,2115.0,train,
sandton,2019/2020,2019,2459,1914.0,train,
sandton,2020/2021,2020,1111,2459.0,train,
sandton,2021/2022,2021,1293,1111.0,train,
sandton,2022/2023,2022,1151,1293.0,test,1262.5821080578876
sandton,2023/2024,2023,1438,1151.0,test,1122.441344152602
sandton,2024/2025,2024,1250,1438.0,test,1337.2186678682274
sannieshof,2011/2012,2011,41,72.0,train,
sannieshof,2012/2013,2012,48,41.0,train,
sannieshof,2013/2014,2013,45,48.0,train,
sannieshof,2014/2015,2014,56,45.0,train,
sannieshof,2015/2016,2015,57,56.0,train,
sannieshof,2016/2017,2016,55,57.0,train,
sannieshof,2017/2018,2017,66,55.0,train,
sannieshof,2018/2019,2018,72,66.0,train,
sannieshof,2019/2020,2019,101,72.0,train,
sannieshof,2020/2021,2020,74,101.0,train,
sannieshof,2021/2022,2021,58,74.0,train,
sannieshof,2022/2023,2022,65,58.0,test,63.391993468500154
sannieshof,2023/2024,2023,47,65.0,test,61.634770518639364
sannieshof,2024/2025,2024,70,47.0,test,46.29115574327068
saron,2011/2012,2011,41,28.0,train,
saron,2012/2013,2012,36,41.0,train,
saron,2013/2014,2013,43,36.0,train,
saron,2014/2015,2014,45,43.0,train,
saron,2015/2016,2015,43,45.0,train,
saron,2016/2017,2016,54,43.0,train,
saron,2017/2018,2017,51,54.0,train,
saron,2018/2019,2018,57,51.0,train,
saron,2019/2020,2019,45,57.0,train,
saron,2020/2021,2020,46,45.0,train,
saron,2021/2022,2021,49,46.0,train,
saron,2022/2023,2022,64,49.0,test,46.76506679261889
saron,2023/2024,2023,81,64.0,test,59.486449837331264
saron,2024/2025,2024,82,81.0,test,74.93898838204414
saselamani,2011/2012,2011,155,128.0,train,
saselamani,2012/2013,2012,117,155.0,train,
saselamani,2013/2014,2013,86,117.0,train,
saselamani,2014/2015,2014,106,86.0,train,
saselamani,2015/2016,2015,111,106.0,train,
saselamani,2016/2017,2016,168,111.0,train,
saselamani,2017/2018,2017,150,168.0,train,
saselamani,2018/2019,2018,102,150.0,train,
saselamani,2019/2020,2019,83,102.0,train,
saselamani,2020/2021,2020,63,83.0,train,
saselamani,2021/2022,2021,71,63.0,train,
saselamani,2022/2023,2022,86,71.0,test,73.0029310962038
saselamani,2023/2024,2023,102,86.0,test,82.6412495422725
saselamani,2024/2025,2024,143,102.0,test,96.9570403036871
sasolburg,2011/2012,2011,568,1037.0,train,
sasolburg,2012/2013,2012,622,568.0,train,
sasolburg,2013/2014,2013,733,622.0,train,
sasolburg,2014/2015,2014,893,733.0,train,
sasolburg,2015/2016,2015,709,893.0,train,
sasolburg,2016/2017,2016,852,709.0,train,
sasolburg,2017/2018,2017,795,852.0,train,
sasolburg,2018/2019,2018,644,795.0,train,
sasolburg,2019/2020,2019,540,644.0,train,
sasolburg,2020/2021,2020,461,540.0,train,
sasolburg,2021/2022,2021,545,461.0,train,
sasolburg,2022/2023,2022,478,545.0,test,476.31987407453767
sasolburg,2023/2024,2023,451,478.0,test,447.7556235086508
sasolburg,2024/2025,2024,428,451.0,test,424.3890516688558
sawoti,2011/2012,2011,76,83.0,train,
sawoti,2012/2013,2012,64,76.0,train,
sawoti,2013/2014,2013,53,64.0,train,
sawoti,2014/2015,2014,57,53.0,train,
sawoti,2015/2016,2015,68,57.0,train,
sawoti,2016/2017,2016,41,68.0,train,
sawoti,2017/2018,2017,52,41.0,train,
sawoti,2018/2019,2018,32,52.0,train,
sawoti,2019/2020,2019,39,32.0,train,
sawoti,2020/2021,2020,39,39.0,train,
sawoti,2021/2022,2021,20,39.0,train,
sawoti,2022/2023,2022,40,20.0,test,26.0686944127214
sawoti,2023/2024,2023,30,40.0,test,39.13535868741611
sawoti,2024/2025,2024,39,30.0,test,33.08598874741459
scenery park,2011/2012,2011,0,0.0,train,
scenery park,2012/2013,2012,0,0.0,train,
scenery park,2013/2014,2013,0,0.0,train,
scenery park,2014/2015,2014,197,0.0,train,
scenery park,2015/2016,2015,334,197.0,train,
scenery park,2016/2017,2016,297,334.0,train,
scenery park,2017/2018,2017,243,297.0,train,
scenery park,2018/2019,2018,252,243.0,train,
scenery park,2019/2020,2019,313,252.0,train,
scenery park,2020/2021,2020,267,313.0,train,
scenery park,2021/2022,2021,306,267.0,train,
scenery park,2022/2023,2022,337,306.0,test,265.3908392772425
scenery park,2023/2024,2023,229,337.0,test,299.27623839620225
scenery park,2024/2025,2024,204,229.0,test,224.85461572348356
schoemansdal,2011/2012,2011,175,178.0,train,
schoemansdal,2012/2013,2012,185,175.0,train,
schoemansdal,2013/2014,2013,197,185.0,train,
schoemansdal,2014/2015,2014,166,197.0,train,
schoemansdal,2015/2016,2015,181,166.0,train,
schoemansdal,2016/2017,2016,177,181.0,train,
schoemansdal,2017/2018,2017,152,177.0,train,
schoemansdal,2018/2019,2018,137,152.0,train,
schoemansdal,2019/2020,2019,201,137.0,train,
schoemansdal,2020/2021,2020,157,201.0,train,
schoemansdal,2021/2022,2021,111,157.0,train,
schoemansdal,2022/2023,2022,143,111.0,test,116.9928620367292
schoemansdal,2023/2024,2023,159,143.0,test,133.32833177324414
schoemansdal,2024/2025,2024,149,159.0,test,147.73321481755826
schweizer-reneke,2011/2012,2011,112,108.0,train,
schweizer-reneke,2012/2013,2012,69,112.0,train,
schweizer-reneke,2013/2014,2013,95,69.0,train,
schweizer-reneke,2014/2015,2014,105,95.0,train,
schweizer-reneke,2015/2016,2015,78,105.0,train,
schweizer-reneke,2016/2017,2016,76,78.0,train,
schweizer-reneke,2017/2018,2017,49,76.0,train,
schweizer-reneke,2018/2019,2018,69,49.0,train,
schweizer-reneke,2019/2020,2019,69,69.0,train,
schweizer-reneke,2020/2021,2020,56,69.0,train,
schweizer-reneke,2021/2022,2021,63,56.0,train,
schweizer-reneke,2022/2023,2022,65,63.0,test,61.51495869599545
schweizer-reneke,2023/2024,2023,75,65.0,test,62.67805723397587
schweizer-reneke,2024/2025,2024,60,75.0,test,67.55032824926934
scottburgh,2011/2012,2011,528,421.0,train,
scottburgh,2012/2013,2012,506,528.0,train,
scottburgh,2013/2014,2013,436,506.0,train,
scottburgh,2014/2015,2014,621,436.0,train,
scottburgh,2015/2016,2015,577,621.0,train,
scottburgh,2016/2017,2016,515,577.0,train,
scottburgh,2017/2018,2017,446,515.0,train,
scottburgh,2018/2019,2018,505,446.0,train,
scottburgh,2019/2020,2019,462,505.0,train,
scottburgh,2020/2021,2020,511,462.0,train,
scottburgh,2021/2022,2021,368,511.0,train,
scottburgh,2022/2023,2022,336,368.0,test,370.4765197253976
scottburgh,2023/2024,2023,321,336.0,test,339.86889715164665
scottburgh,2024/2025,2024,288,321.0,test,295.2209049077141
sea point,2011/2012,2011,1497,1532.0,train,
sea point,2012/2013,2012,1735,1497.0,train,
sea point,2013/2014,2013,1649,1735.0,train,
sea point,2014/2015,2014,1619,1649.0,train,
sea point,2015/2016,2015,1664,1619.0,train,
sea point,2016/2017,2016,1620,1664.0,train,
sea point,2017/2018,2017,1497,1620.0,train,
sea point,2018/2019,2018,1435,1497.0,train,
sea point,2019/2020,2019,1333,1435.0,train,
sea point,2020/2021,2020,782,1333.0,train,
sea point,2021/2022,2021,892,782.0,train,
sea point,2022/2023,2022,1217,892.0,test,838.5764297282386
sea point,2023/2024,2023,1374,1217.0,test,1100.7701550286831
sea point,2024/2025,2024,1032,1374.0,test,1238.8911404204366
seafield,2011/2012,2011,50,67.0,train,
seafield,2012/2013,2012,63,50.0,train,
seafield,2013/2014,2013,79,63.0,train,
seafield,2014/2015,2014,69,79.0,train,
seafield,2015/2016,2015,39,69.0,train,
seafield,2016/2017,2016,28,39.0,train,
seafield,2017/2018,2017,33,28.0,train,
seafield,2018/2019,2018,50,33.0,train,
seafield,2019/2020,2019,12,50.0,train,
seafield,2020/2021,2020,5,12.0,train,
seafield,2021/2022,2021,11,5.0,train,
seafield,2022/2023,2022,7,11.0,test,9.77758592724329
seafield,2023/2024,2023,4,7.0,test,9.168516798045978
seafield,2024/2025,2024,2,4.0,test,5.841401843839617
sebayeng,2011/2012,2011,0,0.0,train,
sebayeng,2012/2013,2012,0,0.0,train,
sebayeng,2013/2014,2013,98,0.0,train,
sebayeng,2014/2015,2014,138,98.0,train,
sebayeng,2015/2016,2015,154,138.0,train,
sebayeng,2016/2017,2016,154,154.0,train,
sebayeng,2017/2018,2017,150,154.0,train,
sebayeng,2018/2019,2018,110,150.0,train,
sebayeng,2019/2020,2019,116,110.0,train,
sebayeng,2020/2021,2020,141,116.0,train,
sebayeng,2021/2022,2021,149,141.0,train,
sebayeng,2022/2023,2022,137,149.0,test,129.6755042690577
sebayeng,2023/2024,2023,97,137.0,test,130.56631367487103
sebayeng,2024/2025,2024,134,97.0,test,99.31702514807843
sebenza,2011/2012,2011,430,532.0,train,
sebenza,2012/2013,2012,471,430.0,train,
sebenza,2013/2014,2013,484,471.0,train,
sebenza,2014/2015,2014,498,484.0,train,
sebenza,2015/2016,2015,401,498.0,train,
sebenza,2016/2017,2016,337,401.0,train,
sebenza,2017/2018,2017,340,337.0,train,
sebenza,2018/2019,2018,316,340.0,train,
sebenza,2019/2020,2019,328,316.0,train,
sebenza,2020/2021,2020,231,328.0,train,
sebenza,2021/2022,2021,251,231.0,train,
sebenza,2022/2023,2022,308,251.0,test,242.39813534918298
sebenza,2023/2024,2023,281,308.0,test,289.2384011042325
sebenza,2024/2025,2024,261,281.0,test,273.768390752709
sebokeng,2011/2012,2011,725,748.0,train,
sebokeng,2012/2013,2012,787,725.0,train,
sebokeng,2013/2014,2013,635,787.0,train,
sebokeng,2014/2015,2014,658,635.0,train,
sebokeng,2015/2016,2015,656,658.0,train,
sebokeng,2016/2017,2016,618,656.0,train,
sebokeng,2017/2018,2017,613,618.0,train,
sebokeng,2018/2019,2018,573,613.0,train,
sebokeng,2019/2020,2019,631,573.0,train,
sebokeng,2020/2021,2020,516,631.0,train,
sebokeng,2021/2022,2021,483,516.0,train,
sebokeng,2022/2023,2022,456,483.0,test,469.32604551266536
sebokeng,2023/2024,2023,431,456.0,test,432.6581404247484
sebokeng,2024/2025,2024,389,431.0,test,423.4616895585615
secunda,2011/2012,2011,873,814.0,train,
secunda,2012/2013,2012,977,873.0,train,
secunda,2013/2014,2013,1067,977.0,train,
secunda,2014/2015,2014,1104,1067.0,train,
secunda,2015/2016,2015,915,1104.0,train,
secunda,2016/2017,2016,991,915.0,train,
secunda,2017/2018,2017,877,991.0,train,
secunda,2018/2019,2018,831,877.0,train,
secunda,2019/2020,2019,656,831.0,train,
secunda,2020/2021,2020,536,656.0,train,
secunda,2021/2022,2021,549,536.0,train,
secunda,2022/2023,2022,544,549.0,test,489.00145268825185
secunda,2023/2024,2023,602,544.0,test,474.6600014625101
secunda,2024/2025,2024,611,602.0,test,524.5997051724066
sekgosese,2011/2012,2011,98,107.0,train,
sekgosese,2012/2013,2012,76,98.0,train,
sekgosese,2013/2014,2013,87,76.0,train,
sekgosese,2014/2015,2014,59,87.0,train,
sekgosese,2015/2016,2015,71,59.0,train,
sekgosese,2016/2017,2016,102,71.0,train,
sekgosese,2017/2018,2017,66,102.0,train,
sekgosese,2018/2019,2018,72,66.0,train,
sekgosese,2019/2020,2019,61,72.0,train,
sekgosese,2020/2021,2020,48,61.0,train,
sekgosese,2021/2022,2021,78,48.0,train,
sekgosese,2022/2023,2022,58,78.0,test,72.73901130829088
sekgosese,2023/2024,2023,48,58.0,test,60.1901373175229
sekgosese,2024/2025,2024,58,48.0,test,53.19525505005287
sekhukhune,2011/2012,2011,122,176.0,train,
sekhukhune,2012/2013,2012,97,122.0,train,
sekhukhune,2013/2014,2013,110,97.0,train,
sekhukhune,2014/2015,2014,102,110.0,train,
sekhukhune,2015/2016,2015,145,102.0,train,
sekhukhune,2016/2017,2016,156,145.0,train,
sekhukhune,2017/2018,2017,118,156.0,train,
sekhukhune,2018/2019,2018,166,118.0,train,
sekhukhune,2019/2020,2019,118,166.0,train,
sekhukhune,2020/2021,2020,129,118.0,train,
sekhukhune,2021/2022,2021,128,129.0,train,
sekhukhune,2022/2023,2022,110,128.0,test,120.98162025656583
sekhukhune,2023/2024,2023,94,110.0,test,110.6023191292075
sekhukhune,2024/2025,2024,80,94.0,test,100.19922720854996
selosesha,2011/2012,2011,437,418.0,train,
selosesha,2012/2013,2012,475,437.0,train,
selosesha,2013/2014,2013,312,475.0,train,
selosesha,2014/2015,2014,293,312.0,train,
selosesha,2015/2016,2015,274,293.0,train,
selosesha,2016/2017,2016,335,274.0,train,
selosesha,2017/2018,2017,337,335.0,train,
selosesha,2018/2019,2018,254,337.0,train,
selosesha,2019/2020,2019,251,254.0,train,
selosesha,2020/2021,2020,169,251.0,train,
selosesha,2021/2022,2021,191,169.0,train,
selosesha,2022/2023,2022,135,191.0,test,181.30404429973888
selosesha,2023/2024,2023,128,135.0,test,138.731352768216
selosesha,2024/2025,2024,158,128.0,test,125.13623430173882
senekal,2011/2012,2011,112,116.0,train,
senekal,2012/2013,2012,119,112.0,train,
senekal,2013/2014,2013,154,119.0,train,
senekal,2014/2015,2014,113,154.0,train,
senekal,2015/2016,2015,143,113.0,train,
senekal,2016/2017,2016,133,143.0,train,
senekal,2017/2018,2017,113,133.0,train,
senekal,2018/2019,2018,117,113.0,train,
senekal,2019/2020,2019,98,117.0,train,
senekal,2020/2021,2020,91,98.0,train,
senekal,2021/2022,2021,79,91.0,train,
senekal,2022/2023,2022,105,79.0,test,81.06830295239469
senekal,2023/2024,2023,140,105.0,test,101.082041858768
senekal,2024/2025,2024,134,140.0,test,125.83786140428104
senwabarwana,2011/2012,2011,130,104.0,train,
senwabarwana,2012/2013,2012,98,130.0,train,
senwabarwana,2013/2014,2013,132,98.0,train,
senwabarwana,2014/2015,2014,144,132.0,train,
senwabarwana,2015/2016,2015,185,144.0,train,
senwabarwana,2016/2017,2016,229,185.0,train,
senwabarwana,2017/2018,2017,160,229.0,train,
senwabarwana,2018/2019,2018,164,160.0,train,
senwabarwana,2019/2020,2019,149,164.0,train,
senwabarwana,2020/2021,2020,154,149.0,train,
senwabarwana,2021/2022,2021,175,154.0,train,
senwabarwana,2022/2023,2022,113,175.0,test,152.0210346673602
senwabarwana,2023/2024,2023,165,113.0,test,116.34000275521136
senwabarwana,2024/2025,2024,133,165.0,test,151.960267407403
seshego,2011/2012,2011,1126,933.0,train,
seshego,2012/2013,2012,1240,1126.0,train,
seshego,2013/2014,2013,1272,1240.0,train,
seshego,2014/2015,2014,1274,1272.0,train,
seshego,2015/2016,2015,1515,1274.0,train,
seshego,2016/2017,2016,1469,1515.0,train,
seshego,2017/2018,2017,1357,1469.0,train,
seshego,2018/2019,2018,1240,1357.0,train,
seshego,2019/2020,2019,1395,1240.0,train,
seshego,2020/2021,2020,979,1395.0,train,
seshego,2021/2022,2021,924,979.0,train,
seshego,2022/2023,2022,936,924.0,test,903.5555628863311
seshego,2023/2024,2023,872,936.0,test,864.0633795942814
seshego,2024/2025,2024,910,872.0,test,812.2959029038061
setlagole,2011/2012,2011,79,83.0,train,
setlagole,2012/2013,2012,78,79.0,train,
setlagole,2013/2014,2013,46,78.0,train,
setlagole,2014/2015,2014,92,46.0,train,
setlagole,2015/2016,2015,84,92.0,train,
setlagole,2016/2017,2016,123,84.0,train,
setlagole,2017/2018,2017,94,123.0,train,
setlagole,2018/2019,2018,90,94.0,train,
setlagole,2019/2020,2019,71,90.0,train,
setlagole,2020/2021,2020,60,71.0,train,
setlagole,2021/2022,2021,49,60.0,train,
setlagole,2022/2023,2022,56,49.0,test,53.53372369814442
setlagole,2023/2024,2023,66,56.0,test,55.34021097685728
setlagole,2024/2025,2024,55,66.0,test,61.183443616950235
seven fountains,2011/2012,2011,13,14.0,train,
seven fountains,2012/2013,2012,12,13.0,train,
seven fountains,2013/2014,2013,9,12.0,train,
seven fountains,2014/2015,2014,18,9.0,train,
seven fountains,2015/2016,2015,12,18.0,train,
seven fountains,2016/2017,2016,7,12.0,train,
seven fountains,2017/2018,2017,4,7.0,train,
seven fountains,2018/2019,2018,9,4.0,train,
seven fountains,2019/2020,2019,11,9.0,train,
seven fountains,2020/2021,2020,3,11.0,train,
seven fountains,2021/2022,2021,11,3.0,train,
seven fountains,2022/2023,2022,14,11.0,test,9.690084848764544
seven fountains,2023/2024,2023,4,14.0,test,11.49643055522622
seven fountains,2024/2025,2024,5,4.0,test,7.325571156756377
severn,2011/2012,2011,11,1.0,train,
severn,2012/2013,2012,4,11.0,train,
severn,2013/2014,2013,5,4.0,train,
severn,2014/2015,2014,3,5.0,train,
severn,2015/2016,2015,7,3.0,train,
severn,2016/2017,2016,8,7.0,train,
severn,2017/2018,2017,10,8.0,train,
severn,2018/2019,2018,2,10.0,train,
severn,2019/2020,2019,11,2.0,train,
severn,2020/2021,2020,10,11.0,train,
severn,2021/2022,2021,4,10.0,train,
severn,2022/2023,2022,6,4.0,test,6.691498051954361
severn,2023/2024,2023,4,6.0,test,5.087004714806988
severn,2024/2025,2024,2,4.0,test,4.0567959283799
seymour,2011/2012,2011,37,38.0,train,
seymour,2012/2013,2012,66,37.0,train,
seymour,2013/2014,2013,37,66.0,train,
seymour,2014/2015,2014,50,37.0,train,
seymour,2015/2016,2015,37,50.0,train,
seymour,2016/2017,2016,27,37.0,train,
seymour,2017/2018,2017,32,27.0,train,
seymour,2018/2019,2018,26,32.0,train,
seymour,2019/2020,2019,31,26.0,train,
seymour,2020/2021,2020,29,31.0,train,
seymour,2021/2022,2021,22,29.0,train,
seymour,2022/2023,2022,21,22.0,test,23.530054595736452
seymour,2023/2024,2023,22,21.0,test,21.159323046538127
seymour,2024/2025,2024,22,22.0,test,20.492250753618013
sharpeville,2011/2012,2011,309,279.0,train,
sharpeville,2012/2013,2012,359,309.0,train,
sharpeville,2013/2014,2013,343,359.0,train,
sharpeville,2014/2015,2014,229,343.0,train,
sharpeville,2015/2016,2015,248,229.0,train,
sharpeville,2016/2017,2016,265,248.0,train,
sharpeville,2017/2018,2017,333,265.0,train,
sharpeville,2018/2019,2018,270,333.0,train,
sharpeville,2019/2020,2019,269,270.0,train,
sharpeville,2020/2021,2020,177,269.0,train,
sharpeville,2021/2022,2021,167,177.0,train,
sharpeville,2022/2023,2022,162,167.0,test,170.03168407281646
sharpeville,2023/2024,2023,150,162.0,test,154.1806816750244
sharpeville,2024/2025,2024,129,150.0,test,142.20073967935437
sheepmoor,2011/2012,2011,26,47.0,train,
sheepmoor,2012/2013,2012,28,26.0,train,
sheepmoor,2013/2014,2013,24,28.0,train,
sheepmoor,2014/2015,2014,37,24.0,train,
sheepmoor,2015/2016,2015,27,37.0,train,
sheepmoor,2016/2017,2016,32,27.0,train,
sheepmoor,2017/2018,2017,34,32.0,train,
sheepmoor,2018/2019,2018,41,34.0,train,
sheepmoor,2019/2020,2019,21,41.0,train,
sheepmoor,2020/2021,2020,24,21.0,train,
sheepmoor,2021/2022,2021,22,24.0,train,
sheepmoor,2022/2023,2022,22,22.0,test,21.606289940767255
sheepmoor,2023/2024,2023,24,22.0,test,21.85462617690209
sheepmoor,2024/2025,2024,17,24.0,test,21.343480884319124
siloam,2011/2012,2011,206,166.0,train,
siloam,2012/2013,2012,195,206.0,train,
siloam,2013/2014,2013,162,195.0,train,
siloam,2014/2015,2014,228,162.0,train,
siloam,2015/2016,2015,229,228.0,train,
siloam,2016/2017,2016,193,229.0,train,
siloam,2017/2018,2017,133,193.0,train,
siloam,2018/2019,2018,114,133.0,train,
siloam,2019/2020,2019,111,114.0,train,
siloam,2020/2021,2020,74,111.0,train,
siloam,2021/2022,2021,116,74.0,train,
siloam,2022/2023,2022,118,116.0,test,110.10317098569298
siloam,2023/2024,2023,96,118.0,test,109.55758552570877
siloam,2024/2025,2024,99,96.0,test,101.80936492254926
silverton,2011/2012,2011,1525,1938.0,train,
silverton,2012/2013,2012,1803,1525.0,train,
silverton,2013/2014,2013,1644,1803.0,train,
silverton,2014/2015,2014,1860,1644.0,train,
silverton,2015/2016,2015,1396,1860.0,train,
silverton,2016/2017,2016,1571,1396.0,train,
silverton,2017/2018,2017,1423,1571.0,train,
silverton,2018/2019,2018,1304,1423.0,train,
silverton,2019/2020,2019,1412,1304.0,train,
silverton,2020/2021,2020,1131,1412.0,train,
silverton,2021/2022,2021,1158,1131.0,train,
silverton,2022/2023,2022,1091,1158.0,test,1077.5309346738077
silverton,2023/2024,2023,987,1091.0,test,1035.1174491470588
silverton,2024/2025,2024,995,987.0,test,951.5877882453696
simon's town,2011/2012,2011,363,443.0,train,
simon's town,2012/2013,2012,344,363.0,train,
simon's town,2013/2014,2013,403,344.0,train,
simon's town,2014/2015,2014,411,403.0,train,
simon's town,2015/2016,2015,419,411.0,train,
simon's town,2016/2017,2016,314,419.0,train,
simon's town,2017/2018,2017,345,314.0,train,
simon's town,2018/2019,2018,442,345.0,train,
simon's town,2019/2020,2019,267,442.0,train,
simon's town,2020/2021,2020,218,267.0,train,
simon's town,2021/2022,2021,117,218.0,train,
simon's town,2022/2023,2022,146,117.0,test,130.559372205686
simon's town,2023/2024,2023,181,146.0,test,148.11138900367354
simon's town,2024/2025,2024,179,181.0,test,165.83131590665002
sinoville,2011/2012,2011,1485,1644.0,train,
sinoville,2012/2013,2012,1462,1485.0,train,
sinoville,2013/2014,2013,1088,1462.0,train,
sinoville,2014/2015,2014,1012,1088.0,train,
sinoville,2015/2016,2015,1057,1012.0,train,
sinoville,2016/2017,2016,1200,1057.0,train,
sinoville,2017/2018,2017,1275,1200.0,train,
sinoville,2018/2019,2018,1254,1275.0,train,
sinoville,2019/2020,2019,1254,1254.0,train,
sinoville,2020/2021,2020,944,1254.0,train,
sinoville,2021/2022,2021,1011,944.0,train,
sinoville,2022/2023,2022,911,1011.0,test,949.9799715625569
sinoville,2023/2024,2023,973,911.0,test,876.9875654613579
sinoville,2024/2025,2024,868,973.0,test,911.7035875134742
siyabuswa,2011/2012,2011,407,407.0,train,
siyabuswa,2012/2013,2012,397,407.0,train,
siyabuswa,2013/2014,2013,425,397.0,train,
siyabuswa,2014/2015,2014,490,425.0,train,
siyabuswa,2015/2016,2015,477,490.0,train,
siyabuswa,2016/2017,2016,473,477.0,train,
siyabuswa,2017/2018,2017,450,473.0,train,
siyabuswa,2018/2019,2018,461,450.0,train,
siyabuswa,2019/2020,2019,489,461.0,train,
siyabuswa,2020/2021,2020,444,489.0,train,
siyabuswa,2021/2022,2021,298,444.0,train,
siyabuswa,2022/2023,2022,390,298.0,test,320.7160658952191
siyabuswa,2023/2024,2023,366,390.0,test,354.0317628195344
siyabuswa,2024/2025,2024,361,366.0,test,357.19591858728296
skukuza,2011/2012,2011,11,9.0,train,
skukuza,2012/2013,2012,16,11.0,train,
skukuza,2013/2014,2013,16,16.0,train,
skukuza,2014/2015,2014,15,16.0,train,
skukuza,2015/2016,2015,20,15.0,train,
skukuza,2016/2017,2016,10,20.0,train,
skukuza,2017/2018,2017,9,10.0,train,
skukuza,2018/2019,2018,4,9.0,train,
skukuza,2019/2020,2019,4,4.0,train,
skukuza,2020/2021,2020,8,4.0,train,
skukuza,2021/2022,2021,6,8.0,train,
skukuza,2022/2023,2022,3,6.0,test,6.627483342965014
skukuza,2023/2024,2023,3,3.0,test,3.775382525875302
skukuza,2024/2025,2024,6,3.0,test,3.202683756835945
smithfield,2011/2012,2011,55,44.0,train,
smithfield,2012/2013,2012,53,55.0,train,
smithfield,2013/2014,2013,62,53.0,train,
smithfield,2014/2015,2014,34,62.0,train,
smithfield,2015/2016,2015,54,34.0,train,
smithfield,2016/2017,2016,35,54.0,train,
smithfield,2017/2018,2017,19,35.0,train,
smithfield,2018/2019,2018,34,19.0,train,
smithfield,2019/2020,2019,24,34.0,train,
smithfield,2020/2021,2020,23,24.0,train,
smithfield,2021/2022,2021,18,23.0,train,
smithfield,2022/2023,2022,34,18.0,test,19.41459747532841
smithfield,2023/2024,2023,39,34.0,test,28.806049741853045
smithfield,2024/2025,2024,23,39.0,test,35.419302500158395
somerset east,2011/2012,2011,80,114.0,train,
somerset east,2012/2013,2012,113,80.0,train,
somerset east,2013/2014,2013,101,113.0,train,
somerset east,2014/2015,2014,105,101.0,train,
somerset east,2015/2016,2015,105,105.0,train,
somerset east,2016/2017,2016,111,105.0,train,
somerset east,2017/2018,2017,145,111.0,train,
somerset east,2018/2019,2018,154,145.0,train,
somerset east,2019/2020,2019,167,154.0,train,
somerset east,2020/2021,2020,130,167.0,train,
somerset east,2021/2022,2021,123,130.0,train,
somerset east,2022/2023,2022,103,123.0,test,117.69027827366637
somerset west,2011/2012,2011,1557,1810.0,train,
somerset west,2012/2013,2012,1740,1557.0,train,
somerset west,2013/2014,2013,1954,1740.0,train,
somerset west,2014/2015,2014,1519,1954.0,train,
somerset west,2015/2016,2015,1484,1519.0,train,
somerset west,2016/2017,2016,1517,1484.0,train,
somerset west,2017/2018,2017,1229,1517.0,train,
somerset west,2018/2019,2018,1141,1229.0,train,
somerset west,2019/2020,2019,904,1141.0,train,
somerset west,2020/2021,2020,815,904.0,train,
somerset west,2021/2022,2021,816,815.0,train,
somerset west,2022/2023,2022,817,816.0,test,735.568442916937
somerset west,2023/2024,2023,908,817.0,test,734.3159379202137
somerset west,2024/2025,2024,872,908.0,test,828.2802535631478
sophia town,2011/2012,2011,1438,1584.0,train,
sophia town,2012/2013,2012,1593,1438.0,train,
sophia town,2013/2014,2013,1581,1593.0,train,
sophia town,2014/2015,2014,1597,1581.0,train,
sophia town,2015/2016,2015,1488,1597.0,train,
sophia town,2016/2017,2016,1431,1488.0,train,
sophia town,2017/2018,2017,1291,1431.0,train,
sophia town,2018/2019,2018,1169,1291.0,train,
sophia town,2019/2020,2019,944,1169.0,train,
sophia town,2020/2021,2020,727,944.0,train,
sophia town,2021/2022,2021,741,727.0,train,
sophia town,2022/2023,2022,734,741.0,test,703.6890473780827
sophia town,2023/2024,2023,698,734.0,test,679.8150498137635
sophia town,2024/2025,2024,508,698.0,test,644.669681842143
soshanguve,2011/2012,2011,745,830.0,train,
soshanguve,2012/2013,2012,949,745.0,train,
soshanguve,2013/2014,2013,973,949.0,train,
soshanguve,2014/2015,2014,1211,973.0,train,
soshanguve,2015/2016,2015,1242,1211.0,train,
soshanguve,2016/2017,2016,1302,1242.0,train,
soshanguve,2017/2018,2017,1145,1302.0,train,
soshanguve,2018/2019,2018,1036,1145.0,train,
soshanguve,2019/2020,2019,1138,1036.0,train,
soshanguve,2020/2021,2020,711,1138.0,train,
soshanguve,2021/2022,2021,875,711.0,train,
soshanguve,2022/2023,2022,977,875.0,test,832.3138897238965
soshanguve,2023/2024,2023,874,977.0,test,907.7189425647201
soshanguve,2024/2025,2024,901,874.0,test,820.5519454700211
southport,2011/2012,2011,288,324.0,train,
southport,2012/2013,2012,287,288.0,train,
southport,2013/2014,2013,441,287.0,train,
southport,2014/2015,2014,461,441.0,train,
southport,2015/2016,2015,309,461.0,train,
southport,2016/2017,2016,411,309.0,train,
southport,2017/2018,2017,355,411.0,train,
southport,2018/2019,2018,322,355.0,train,
southport,2019/2020,2019,339,322.0,train,
southport,2020/2021,2020,377,339.0,train,
southport,2021/2022,2021,225,377.0,train,
southport,2022/2023,2022,187,225.0,test,233.13740124542798
southport,2023/2024,2023,224,187.0,test,191.78680441814447
southport,2024/2025,2024,230,224.0,test,204.77127674630506
soutpan,2011/2012,2011,13,19.0,train,
soutpan,2012/2013,2012,12,13.0,train,
soutpan,2013/2014,2013,17,12.0,train,
soutpan,2014/2015,2014,20,17.0,train,
soutpan,2015/2016,2015,11,20.0,train,
soutpan,2016/2017,2016,10,11.0,train,
soutpan,2017/2018,2017,2,10.0,train,
soutpan,2018/2019,2018,12,2.0,train,
soutpan,2019/2020,2019,15,12.0,train,
soutpan,2020/2021,2020,7,15.0,train,
soutpan,2021/2022,2021,8,7.0,train,
soutpan,2022/2023,2022,8,8.0,test,8.055968762227147
soutpan,2023/2024,2023,12,8.0,test,7.864178146546245
soutpan,2024/2025,2024,23,12.0,test,10.095420363758858
springbok,2011/2012,2011,133,106.0,train,
springbok,2012/2013,2012,144,133.0,train,
springbok,2013/2014,2013,150,144.0,train,
springbok,2014/2015,2014,218,150.0,train,
springbok,2015/2016,2015,190,218.0,train,
springbok,2016/2017,2016,153,190.0,train,
springbok,2017/2018,2017,127,153.0,train,
springbok,2018/2019,2018,121,127.0,train,
springbok,2019/2020,2019,160,121.0,train,
springbok,2020/2021,2020,156,160.0,train,
springbok,2021/2022,2021,138,156.0,train,
springbok,2022/2023,2022,170,138.0,test,132.37544950217438
springbok,2023/2024,2023,151,170.0,test,156.0434972159734
springbok,2024/2025,2024,112,151.0,test,142.6325725235018
springfontein,2011/2012,2011,11,10.0,train,
springfontein,2012/2013,2012,10,11.0,train,
springfontein,2013/2014,2013,15,10.0,train,
springfontein,2014/2015,2014,16,15.0,train,
springfontein,2015/2016,2015,19,16.0,train,
springfontein,2016/2017,2016,19,19.0,train,
springfontein,2017/2018,2017,20,19.0,train,
springfontein,2018/2019,2018,20,20.0,train,
springfontein,2019/2020,2019,21,20.0,train,
springfontein,2020/2021,2020,9,21.0,train,
springfontein,2021/2022,2021,4,9.0,train,
springfontein,2022/2023,2022,7,4.0,test,7.127835530485081
springfontein,2023/2024,2023,13,7.0,test,6.126892585995398
springfontein,2024/2025,2024,17,13.0,test,10.40295049053305
springs,2011/2012,2011,1818,2268.0,train,
springs,2012/2013,2012,1878,1818.0,train,
springs,2013/2014,2013,1955,1878.0,train,
springs,2014/2015,2014,1952,1955.0,train,
springs,2015/2016,2015,1959,1952.0,train,
springs,2016/2017,2016,1969,1959.0,train,
springs,2017/2018,2017,1953,1969.0,train,
springs,2018/2019,2018,1557,1953.0,train,
springs,2019/2020,2019,1530,1557.0,train,
springs,2020/2021,2020,1130,1530.0,train,
springs,2021/2022,2021,1044,1130.0,train,
springs,2022/2023,2022,1203,1044.0,test,1040.7676392479636
springs,2023/2024,2023,1179,1203.0,test,1128.0935671397478
springs,2024/2025,2024,1123,1179.0,test,1127.563041628041
st faiths,2011/2012,2011,55,39.0,train,
st faiths,2012/2013,2012,51,55.0,train,
st faiths,2013/2014,2013,55,51.0,train,
st faiths,2014/2015,2014,44,55.0,train,
st faiths,2015/2016,2015,49,44.0,train,
st faiths,2016/2017,2016,43,49.0,train,
st faiths,2017/2018,2017,49,43.0,train,
st faiths,2018/2019,2018,66,49.0,train,
st faiths,2019/2020,2019,67,66.0,train,
st faiths,2020/2021,2020,68,67.0,train,
st faiths,2021/2022,2021,60,68.0,train,
st faiths,2022/2023,2022,64,60.0,test,60.75281673341056
st faiths,2023/2024,2023,67,64.0,test,63.67018552150723
st faiths,2024/2025,2024,76,67.0,test,64.24328622984818
st francis bay,2011/2012,2011,212,241.0,train,
st francis bay,2012/2013,2012,191,212.0,train,
st francis bay,2013/2014,2013,82,191.0,train,
st francis bay,2014/2015,2014,36,82.0,train,
st francis bay,2015/2016,2015,130,36.0,train,
st francis bay,2016/2017,2016,312,130.0,train,
st francis bay,2017/2018,2017,300,312.0,train,
st francis bay,2018/2019,2018,279,300.0,train,
st francis bay,2019/2020,2019,129,279.0,train,
st francis bay,2020/2021,2020,164,129.0,train,
st francis bay,2021/2022,2021,191,164.0,train,
st francis bay,2022/2023,2022,193,191.0,test,171.1783739412319
st francis bay,2023/2024,2023,117,193.0,test,173.77022314124056
st francis bay,2024/2025,2024,89,117.0,test,123.0407109155371
st helena bay,2011/2012,2011,110,86.0,train,
st helena bay,2012/2013,2012,195,110.0,train,
st helena bay,2013/2014,2013,102,195.0,train,
st helena bay,2014/2015,2014,169,102.0,train,
st helena bay,2015/2016,2015,177,169.0,train,
st helena bay,2016/2017,2016,214,177.0,train,
st helena bay,2017/2018,2017,145,214.0,train,
st helena bay,2018/2019,2018,166,145.0,train,
st helena bay,2019/2020,2019,157,166.0,train,
st helena bay,2020/2021,2020,196,157.0,train,
st helena bay,2021/2022,2021,177,196.0,train,
st helena bay,2022/2023,2022,170,177.0,test,154.40255202888213
st helena bay,2023/2024,2023,199,170.0,test,156.15509620462097
st helena bay,2024/2025,2024,91,199.0,test,169.83664522130616
standerton,2011/2012,2011,580,452.0,train,
standerton,2012/2013,2012,616,580.0,train,
standerton,2013/2014,2013,603,616.0,train,
standerton,2014/2015,2014,707,603.0,train,
standerton,2015/2016,2015,654,707.0,train,
standerton,2016/2017,2016,561,654.0,train,
standerton,2017/2018,2017,659,561.0,train,
standerton,2018/2019,2018,423,659.0,train,
standerton,2019/2020,2019,518,423.0,train,
standerton,2020/2021,2020,547,518.0,train,
standerton,2021/2022,2021,464,547.0,train,
standerton,2022/2023,2022,533,464.0,test,418.6892083695554
standerton,2023/2024,2023,478,533.0,test,452.8031001686189
standerton,2024/2025,2024,373,478.0,test,422.4417273580574
stanford,2011/2012,2011,128,68.0,train,
stanford,2012/2013,2012,104,128.0,train,
stanford,2013/2014,2013,75,104.0,train,
stanford,2014/2015,2014,122,75.0,train,
stanford,2015/2016,2015,67,122.0,train,
stanford,2016/2017,2016,76,67.0,train,
stanford,2017/2018,2017,74,76.0,train,
stanford,2018/2019,2018,50,74.0,train,
stanford,2019/2020,2019,65,50.0,train,
stanford,2020/2021,2020,40,65.0,train,
stanford,2021/2022,2021,71,40.0,train,
stanford,2022/2023,2022,67,71.0,test,64.77165502635674
stanford,2023/2024,2023,40,67.0,test,65.45339127008326
stanford,2024/2025,2024,59,40.0,test,43.38780074590382
steenberg,2011/2012,2011,724,740.0,train,
steenberg,2012/2013,2012,933,724.0,train,
steenberg,2013/2014,2013,813,933.0,train,
steenberg,2014/2015,2014,742,813.0,train,
steenberg,2015/2016,2015,717,742.0,train,
steenberg,2016/2017,2016,661,717.0,train,
steenberg,2017/2018,2017,537,661.0,train,
steenberg,2018/2019,2018,487,537.0,train,
steenberg,2019/2020,2019,514,487.0,train,
steenberg,2020/2021,2020,434,514.0,train,
steenberg,2021/2022,2021,279,434.0,train,
steenberg,2022/2023,2022,393,279.0,test,312.01977775746803
steenberg,2023/2024,2023,273,393.0,test,374.4316935230535
steenberg,2024/2025,2024,229,273.0,test,277.4124509871413
steinkopf,2011/2012,2011,21,10.0,train,
steinkopf,2012/2013,2012,13,21.0,train,
steinkopf,2013/2014,2013,12,13.0,train,
steinkopf,2014/2015,2014,28,12.0,train,
steinkopf,2015/2016,2015,33,28.0,train,
steinkopf,2016/2017,2016,35,33.0,train,
steinkopf,2017/2018,2017,17,35.0,train,
steinkopf,2018/2019,2018,38,17.0,train,
steinkopf,2019/2020,2019,32,38.0,train,
steinkopf,2020/2021,2020,49,32.0,train,
steinkopf,2021/2022,2021,65,49.0,train,
steinkopf,2022/2023,2022,35,65.0,test,59.33210873180414
steinkopf,2023/2024,2023,17,35.0,test,37.646874554942926
steinkopf,2024/2025,2024,16,17.0,test,22.981031284197424
stella,2011/2012,2011,16,30.0,train,
stella,2012/2013,2012,24,16.0,train,
stella,2013/2014,2013,17,24.0,train,
stella,2014/2015,2014,35,17.0,train,
stella,2015/2016,2015,33,35.0,train,
stella,2016/2017,2016,26,33.0,train,
stella,2017/2018,2017,40,26.0,train,
stella,2018/2019,2018,32,40.0,train,
stella,2019/2020,2019,74,32.0,train,
stella,2020/2021,2020,49,74.0,train,
stella,2021/2022,2021,47,49.0,train,
stella,2022/2023,2022,38,47.0,test,45.8380280962014
stella,2023/2024,2023,64,38.0,test,36.511251387039586
stella,2024/2025,2024,34,64.0,test,59.866252831307925
stellenbosch,2011/2012,2011,2884,3248.0,train,
stellenbosch,2012/2013,2012,3341,2884.0,train,
stellenbosch,2013/2014,2013,3267,3341.0,train,
stellenbosch,2014/2015,2014,2988,3267.0,train,
stellenbosch,2015/2016,2015,4080,2988.0,train,
stellenbosch,2016/2017,2016,3624,4080.0,train,
stellenbosch,2017/2018,2017,3119,3624.0,train,
stellenbosch,2018/2019,2018,2183,3119.0,train,
stellenbosch,2019/2020,2019,2098,2183.0,train,
stellenbosch,2020/2021,2020,1099,2098.0,train,
stellenbosch,2021/2022,2021,1634,1099.0,train,
stellenbosch,2022/2023,2022,1947,1634.0,test,1493.4404896148678
stellenbosch,2023/2024,2023,2131,1947.0,test,1746.4788411685142
stellenbosch,2024/2025,2024,1836,2131.0,test,1836.7330158518557
sterkspruit,2011/2012,2011,186,209.0,train,
sterkspruit,2012/2013,2012,164,186.0,train,
sterkspruit,2013/2014,2013,241,164.0,train,
sterkspruit,2014/2015,2014,271,241.0,train,
sterkspruit,2015/2016,2015,254,271.0,train,
sterkspruit,2016/2017,2016,260,254.0,train,
sterkspruit,2017/2018,2017,207,260.0,train,
sterkspruit,2018/2019,2018,295,207.0,train,
sterkspruit,2019/2020,2019,270,295.0,train,
sterkspruit,2020/2021,2020,282,270.0,train,
sterkspruit,2021/2022,2021,212,282.0,train,
sterkspruit,2022/2023,2022,196,212.0,test,206.33270528022683
sterkspruit,2023/2024,2023,246,196.0,test,189.72600803867496
sterkspruit,2024/2025,2024,246,246.0,test,225.32706969386632
sterkstroom,2011/2012,2011,23,39.0,train,
sterkstroom,2012/2013,2012,23,23.0,train,
sterkstroom,2013/2014,2013,27,23.0,train,
sterkstroom,2014/2015,2014,36,27.0,train,
sterkstroom,2015/2016,2015,39,36.0,train,
sterkstroom,2016/2017,2016,41,39.0,train,
sterkstroom,2017/2018,2017,41,41.0,train,
sterkstroom,2018/2019,2018,34,41.0,train,
sterkstroom,2019/2020,2019,55,34.0,train,
sterkstroom,2020/2021,2020,46,55.0,train,
sterkstroom,2021/2022,2021,23,46.0,train,
sterkstroom,2022/2023,2022,52,23.0,test,27.318561176279538
sterkstroom,2023/2024,2023,54,52.0,test,47.35906675164415
sterkstroom,2024/2025,2024,51,54.0,test,50.637605633725414
steunmekaar,2011/2012,2011,0,2.0,train,
steunmekaar,2012/2013,2012,1,0.0,train,
steunmekaar,2013/2014,2013,0,1.0,train,
steunmekaar,2014/2015,2014,2,0.0,train,
steunmekaar,2015/2016,2015,1,2.0,train,
steunmekaar,2016/2017,2016,0,1.0,train,
steunmekaar,2017/2018,2017,2,0.0,train,
steunmekaar,2018/2019,2018,1,2.0,train,
steunmekaar,2019/2020,2019,0,1.0,train,
steunmekaar,2020/2021,2020,0,0.0,train,
steunmekaar,2021/2022,2021,2,0.0,train,
steunmekaar,2022/2023,2022,0,2.0,test,1.7318981905502495
steunmekaar,2023/2024,2023,0,0.0,test,0.8821490715976064
steunmekaar,2024/2025,2024,1,0.0,test,1.0986823691934768
steve vukile tshwete,2011/2012,2011,49,63.0,train,
steve vukile tshwete,2012/2013,2012,45,49.0,train,
steve vukile tshwete,2013/2014,2013,98,45.0,train,
steve vukile tshwete,2014/2015,2014,102,98.0,train,
steve vukile tshwete,2015/2016,2015,80,102.0,train,
steve vukile tshwete,2016/2017,2016,59,80.0,train,
steve vukile tshwete,2017/2018,2017,61,59.0,train,
steve vukile tshwete,2018/2019,2018,96,61.0,train,
steve vukile tshwete,2019/2020,2019,79,96.0,train,
steve vukile tshwete,2020/2021,2020,84,79.0,train,
steve vukile tshwete,2021/2022,2021,73,84.0,train,
steve vukile tshwete,2022/2023,2022,79,73.0,test,76.55485594682808
steve vukile tshwete,2023/2024,2023,80,79.0,test,76.59635080369407
steve vukile tshwete,2024/2025,2024,84,80.0,test,78.49488463266583
steynsburg,2011/2012,2011,38,41.0,train,
steynsburg,2012/2013,2012,40,38.0,train,
steynsburg,2013/2014,2013,25,40.0,train,
steynsburg,2014/2015,2014,31,25.0,train,
steynsburg,2015/2016,2015,31,31.0,train,
steynsburg,2016/2017,2016,51,31.0,train,
steynsburg,2017/2018,2017,40,51.0,train,
steynsburg,2018/2019,2018,41,40.0,train,
steynsburg,2019/2020,2019,49,41.0,train,
steynsburg,2020/2021,2020,43,49.0,train,
steynsburg,2021/2022,2021,39,43.0,train,
steynsburg,2022/2023,2022,48,39.0,test,37.818086792155434
steynsburg,2023/2024,2023,35,48.0,test,44.463129751183935
steynsburg,2024/2025,2024,16,35.0,test,34.4110436403174
steynsrus,2011/2012,2011,26,44.0,train,
steynsrus,2012/2013,2012,25,26.0,train,
steynsrus,2013/2014,2013,29,25.0,train,
steynsrus,2014/2015,2014,16,29.0,train,
steynsrus,2015/2016,2015,26,16.0,train,
steynsrus,2016/2017,2016,29,26.0,train,
steynsrus,2017/2018,2017,35,29.0,train,
steynsrus,2018/2019,2018,28,35.0,train,
steynsrus,2019/2020,2019,35,28.0,train,
steynsrus,2020/2021,2020,28,35.0,train,
steynsrus,2021/2022,2021,28,28.0,train,
steynsrus,2022/2023,2022,34,28.0,test,27.030232106259902
steynsrus,2023/2024,2023,36,34.0,test,30.65474980938124
steynsrus,2024/2025,2024,35,36.0,test,32.26821130005579
steytlerville,2011/2012,2011,30,19.0,train,
steytlerville,2012/2013,2012,42,30.0,train,
steytlerville,2013/2014,2013,35,42.0,train,
steytlerville,2014/2015,2014,34,35.0,train,
steytlerville,2015/2016,2015,32,34.0,train,
steytlerville,2016/2017,2016,37,32.0,train,
steytlerville,2017/2018,2017,40,37.0,train,
steytlerville,2018/2019,2018,37,40.0,train,
steytlerville,2019/2020,2019,32,37.0,train,
steytlerville,2020/2021,2020,32,32.0,train,
steytlerville,2021/2022,2021,20,32.0,train,
steytlerville,2022/2023,2022,62,20.0,test,22.452977476700415
steytlerville,2023/2024,2023,34,62.0,test,56.11285116657199
steytlerville,2024/2025,2024,33,34.0,test,36.744289960696825
stilfontein,2011/2012,2011,157,171.0,train,
stilfontein,2012/2013,2012,211,157.0,train,
stilfontein,2013/2014,2013,204,211.0,train,
stilfontein,2014/2015,2014,218,204.0,train,
stilfontein,2015/2016,2015,242,218.0,train,
stilfontein,2016/2017,2016,247,242.0,train,
stilfontein,2017/2018,2017,206,247.0,train,
stilfontein,2018/2019,2018,203,206.0,train,
stilfontein,2019/2020,2019,179,203.0,train,
stilfontein,2020/2021,2020,140,179.0,train,
stilfontein,2021/2022,2021,158,140.0,train,
stilfontein,2022/2023,2022,209,158.0,test,148.4188007951437
stilfontein,2023/2024,2023,133,209.0,test,189.88553645864212
stilfontein,2024/2025,2024,129,133.0,test,133.60228462074386
still bay,2011/2012,2011,37,48.0,train,
still bay,2012/2013,2012,58,37.0,train,
still bay,2013/2014,2013,74,58.0,train,
still bay,2014/2015,2014,68,74.0,train,
still bay,2015/2016,2015,68,68.0,train,
still bay,2016/2017,2016,87,68.0,train,
still bay,2017/2018,2017,86,87.0,train,
still bay,2018/2019,2018,86,86.0,train,
still bay,2019/2020,2019,65,86.0,train,
still bay,2020/2021,2020,50,65.0,train,
still bay,2021/2022,2021,31,50.0,train,
still bay,2022/2023,2022,59,31.0,test,34.11437390236054
still bay,2023/2024,2023,64,59.0,test,54.348159008438735
still bay,2024/2025,2024,59,64.0,test,61.44753846000131
storms water,2011/2012,2011,54,65.0,train,
storms water,2012/2013,2012,42,54.0,train,
storms water,2013/2014,2013,174,42.0,train,
storms water,2014/2015,2014,123,174.0,train,
storms water,2015/2016,2015,58,123.0,train,
storms water,2016/2017,2016,89,58.0,train,
storms water,2017/2018,2017,96,89.0,train,
storms water,2018/2019,2018,83,96.0,train,
storms water,2019/2020,2019,72,83.0,train,
storms water,2020/2021,2020,62,72.0,train,
storms water,2021/2022,2021,65,62.0,train,
storms water,2022/2023,2022,59,65.0,test,65.94921223786626
strand,2011/2012,2011,1794,1676.0,train,
strand,2012/2013,2012,1931,1794.0,train,
strand,2013/2014,2013,1714,1931.0,train,
strand,2014/2015,2014,1280,1714.0,train,
strand,2015/2016,2015,1142,1280.0,train,
strand,2016/2017,2016,1019,1142.0,train,
strand,2017/2018,2017,1108,1019.0,train,
strand,2018/2019,2018,1128,1108.0,train,
strand,2019/2020,2019,1252,1128.0,train,
strand,2020/2021,2020,796,1252.0,train,
strand,2021/2022,2021,765,796.0,train,
strand,2022/2023,2022,717,765.0,test,737.6403463447995
strand,2023/2024,2023,730,717.0,test,649.26537808864
strand,2024/2025,2024,729,730.0,test,658.110595842473
strandfontein,2011/2012,2011,546,343.0,train,
strandfontein,2012/2013,2012,474,546.0,train,
strandfontein,2013/2014,2013,711,474.0,train,
strandfontein,2014/2015,2014,518,711.0,train,
strandfontein,2015/2016,2015,474,518.0,train,
strandfontein,2016/2017,2016,436,474.0,train,
strandfontein,2017/2018,2017,356,436.0,train,
strandfontein,2018/2019,2018,250,356.0,train,
strandfontein,2019/2020,2019,250,250.0,train,
strandfontein,2020/2021,2020,165,250.0,train,
strandfontein,2021/2022,2021,221,165.0,train,
strandfontein,2022/2023,2022,214,221.0,test,213.46501951482279
strandfontein,2023/2024,2023,179,214.0,test,198.64759641626387
strandfontein,2024/2025,2024,161,179.0,test,175.3082949407356
struisbaai,2011/2012,2011,70,96.0,train,
struisbaai,2012/2013,2012,66,70.0,train,
struisbaai,2013/2014,2013,75,66.0,train,
struisbaai,2014/2015,2014,60,75.0,train,
struisbaai,2015/2016,2015,57,60.0,train,
struisbaai,2016/2017,2016,66,57.0,train,
struisbaai,2017/2018,2017,138,66.0,train,
struisbaai,2018/2019,2018,97,138.0,train,
struisbaai,2019/2020,2019,49,97.0,train,
struisbaai,2020/2021,2020,50,49.0,train,
struisbaai,2021/2022,2021,46,50.0,train,
struisbaai,2022/2023,2022,98,46.0,test,45.96567081386677
struisbaai,2023/2024,2023,84,98.0,test,91.52127109814863
struisbaai,2024/2025,2024,48,84.0,test,80.74230341307904
strydenburg,2011/2012,2011,13,7.0,train,
strydenburg,2012/2013,2012,18,13.0,train,
strydenburg,2013/2014,2013,14,18.0,train,
strydenburg,2014/2015,2014,14,14.0,train,
strydenburg,2015/2016,2015,16,14.0,train,
strydenburg,2016/2017,2016,30,16.0,train,
strydenburg,2017/2018,2017,22,30.0,train,
strydenburg,2018/2019,2018,25,22.0,train,
strydenburg,2019/2020,2019,19,25.0,train,
strydenburg,2020/2021,2020,21,19.0,train,
strydenburg,2021/2022,2021,13,21.0,train,
strydenburg,2022/2023,2022,13,13.0,test,15.791639963656571
strydenburg,2023/2024,2023,6,13.0,test,13.9174218656778
strydenburg,2024/2025,2024,5,6.0,test,9.36132803675654
stutterheim,2011/2012,2011,300,260.0,train,
stutterheim,2012/2013,2012,294,300.0,train,
stutterheim,2013/2014,2013,299,294.0,train,
stutterheim,2014/2015,2014,263,299.0,train,
stutterheim,2015/2016,2015,290,263.0,train,
stutterheim,2016/2017,2016,275,290.0,train,
stutterheim,2017/2018,2017,269,275.0,train,
stutterheim,2018/2019,2018,306,269.0,train,
stutterheim,2019/2020,2019,292,306.0,train,
stutterheim,2020/2021,2020,341,292.0,train,
stutterheim,2021/2022,2021,242,341.0,train,
stutterheim,2022/2023,2022,301,242.0,test,231.4488037663018
stutterheim,2023/2024,2023,281,301.0,test,261.89355595229887
stutterheim,2024/2025,2024,299,281.0,test,250.4087215413299
sulenkama,2011/2012,2011,75,74.0,train,
sulenkama,2012/2013,2012,63,75.0,train,
sulenkama,2013/2014,2013,60,63.0,train,
sulenkama,2014/2015,2014,98,60.0,train,
sulenkama,2015/2016,2015,63,98.0,train,
sulenkama,2016/2017,2016,62,63.0,train,
sulenkama,2017/2018,2017,72,62.0,train,
sulenkama,2018/2019,2018,58,72.0,train,
sulenkama,2019/2020,2019,68,58.0,train,
sulenkama,2020/2021,2020,51,68.0,train,
sulenkama,2021/2022,2021,42,51.0,train,
sulenkama,2022/2023,2022,45,42.0,test,43.676313976662215
sulenkama,2023/2024,2023,70,45.0,test,44.615063620555965
sulenkama,2024/2025,2024,54,70.0,test,64.85058884722363
sun city,2011/2012,2011,308,281.0,train,
sun city,2012/2013,2012,272,308.0,train,
sun city,2013/2014,2013,229,272.0,train,
sun city,2014/2015,2014,259,229.0,train,
sun city,2015/2016,2015,276,259.0,train,
sun city,2016/2017,2016,242,276.0,train,
sun city,2017/2018,2017,256,242.0,train,
sun city,2018/2019,2018,250,256.0,train,
sun city,2019/2020,2019,248,250.0,train,
sun city,2020/2021,2020,190,248.0,train,
sun city,2021/2022,2021,196,190.0,train,
sun city,2022/2023,2022,168,196.0,test,187.36583030878867
sun city,2023/2024,2023,171,168.0,test,162.2169354249388
sun city,2024/2025,2024,158,171.0,test,165.10291458570097
sundra,2011/2012,2011,261,314.0,train,
sundra,2012/2013,2012,186,261.0,train,
sundra,2013/2014,2013,182,186.0,train,
sundra,2014/2015,2014,247,182.0,train,
sundra,2015/2016,2015,196,247.0,train,
sundra,2016/2017,2016,187,196.0,train,
sundra,2017/2018,2017,233,187.0,train,
sundra,2018/2019,2018,228,233.0,train,
sundra,2019/2020,2019,213,228.0,train,
sundra,2020/2021,2020,176,213.0,train,
sundra,2021/2022,2021,145,176.0,train,
sundra,2022/2023,2022,115,145.0,test,150.31595050571406
sundra,2023/2024,2023,135,115.0,test,114.21356905734717
sundra,2024/2025,2024,139,135.0,test,127.87432158571448
sundumbili,2011/2012,2011,329,314.0,train,
sundumbili,2012/2013,2012,417,329.0,train,
sundumbili,2013/2014,2013,355,417.0,train,
sundumbili,2014/2015,2014,311,355.0,train,
sundumbili,2015/2016,2015,293,311.0,train,
sundumbili,2016/2017,2016,327,293.0,train,
sundumbili,2017/2018,2017,281,327.0,train,
sundumbili,2018/2019,2018,340,281.0,train,
sundumbili,2019/2020,2019,232,340.0,train,
sundumbili,2020/2021,2020,203,232.0,train,
sundumbili,2021/2022,2021,232,203.0,train,
sundumbili,2022/2023,2022,190,232.0,test,211.16093956850466
sundumbili,2023/2024,2023,243,190.0,test,191.20005954855196
sundumbili,2024/2025,2024,259,243.0,test,226.41032372525598
sunnyside,2011/2012,2011,3172,3132.0,train,
sunnyside,2012/2013,2012,3142,3172.0,train,
sunnyside,2013/2014,2013,2928,3142.0,train,
sunnyside,2014/2015,2014,3150,2928.0,train,
sunnyside,2015/2016,2015,2646,3150.0,train,
sunnyside,2016/2017,2016,2726,2646.0,train,
sunnyside,2017/2018,2017,2728,2726.0,train,
sunnyside,2018/2019,2018,2894,2728.0,train,
sunnyside,2019/2020,2019,2387,2894.0,train,
sunnyside,2020/2021,2020,1684,2387.0,train,
sunnyside,2021/2022,2021,1827,1684.0,train,
sunnyside,2022/2023,2022,1751,1827.0,test,1619.1138039591663
sunnyside,2023/2024,2023,1527,1751.0,test,1604.7004021291107
sunnyside,2024/2025,2024,1337,1527.0,test,1444.2012913130977
sunrise,2011/2012,2011,35,58.0,train,
sunrise,2012/2013,2012,53,35.0,train,
sunrise,2013/2014,2013,46,53.0,train,
sunrise,2014/2015,2014,92,46.0,train,
sunrise,2015/2016,2015,67,92.0,train,
sunrise,2016/2017,2016,97,67.0,train,
sunrise,2017/2018,2017,111,97.0,train,
sunrise,2018/2019,2018,138,111.0,train,
sunrise,2019/2020,2019,87,138.0,train,
sunrise,2020/2021,2020,87,87.0,train,
sunrise,2021/2022,2021,83,87.0,train,
sunrise,2022/2023,2022,116,83.0,test,79.71752212388637
sunrise,2023/2024,2023,88,116.0,test,103.75340437803601
sunrise,2024/2025,2024,81,88.0,test,87.09277946134628
sutherland,2011/2012,2011,14,11.0,train,
sutherland,2012/2013,2012,12,14.0,train,
sutherland,2013/2014,2013,13,12.0,train,
sutherland,2014/2015,2014,26,13.0,train,
sutherland,2015/2016,2015,14,26.0,train,
sutherland,2016/2017,2016,11,14.0,train,
sutherland,2017/2018,2017,10,11.0,train,
sutherland,2018/2019,2018,7,10.0,train,
sutherland,2019/2020,2019,12,7.0,train,
sutherland,2020/2021,2020,6,12.0,train,
sutherland,2021/2022,2021,13,6.0,train,
sutherland,2022/2023,2022,7,13.0,test,10.186363507507856
sutherland,2023/2024,2023,15,7.0,test,9.309455922243943
sutherland,2024/2025,2024,15,15.0,test,11.605342100996126
suurbraak,2011/2012,2011,22,12.0,train,
suurbraak,2012/2013,2012,17,22.0,train,
suurbraak,2013/2014,2013,16,17.0,train,
suurbraak,2014/2015,2014,25,16.0,train,
suurbraak,2015/2016,2015,26,25.0,train,
suurbraak,2016/2017,2016,36,26.0,train,
suurbraak,2017/2018,2017,27,36.0,train,
suurbraak,2018/2019,2018,30,27.0,train,
suurbraak,2019/2020,2019,32,30.0,train,
suurbraak,2020/2021,2020,17,32.0,train,
suurbraak,2021/2022,2021,30,17.0,train,
suurbraak,2022/2023,2022,24,30.0,test,24.39342058839206
suurbraak,2023/2024,2023,23,24.0,test,23.57726825807952
suurbraak,2024/2025,2024,19,23.0,test,22.497809757886596
swartberg,2011/2012,2011,10,20.0,train,
swartberg,2012/2013,2012,20,10.0,train,
swartberg,2013/2014,2013,14,20.0,train,
swartberg,2014/2015,2014,13,14.0,train,
swartberg,2015/2016,2015,18,13.0,train,
swartberg,2016/2017,2016,19,18.0,train,
swartberg,2017/2018,2017,12,19.0,train,
swartberg,2018/2019,2018,13,12.0,train,
swartberg,2019/2020,2019,18,13.0,train,
swartberg,2020/2021,2020,7,18.0,train,
swartberg,2021/2022,2021,7,7.0,train,
swartberg,2022/2023,2022,10,7.0,test,7.432171796164314
swartberg,2023/2024,2023,11,10.0,test,8.08457904364393
swartberg,2024/2025,2024,7,11.0,test,9.952860088955724
swartkops,2011/2012,2011,454,409.0,train,
swartkops,2012/2013,2012,473,454.0,train,
swartkops,2013/2014,2013,415,473.0,train,
swartkops,2014/2015,2014,394,415.0,train,
swartkops,2015/2016,2015,317,394.0,train,
swartkops,2016/2017,2016,327,317.0,train,
swartkops,2017/2018,2017,361,327.0,train,
swartkops,2018/2019,2018,351,361.0,train,
swartkops,2019/2020,2019,311,351.0,train,
swartkops,2020/2021,2020,304,311.0,train,
swartkops,2021/2022,2021,265,304.0,train,
swartkops,2022/2023,2022,325,265.0,test,252.61229083180424
swartkops,2023/2024,2023,372,325.0,test,304.91800433352347
swartkops,2024/2025,2024,336,372.0,test,356.6714413733592
swartruggens,2011/2012,2011,124,138.0,train,
swartruggens,2012/2013,2012,186,124.0,train,
swartruggens,2013/2014,2013,152,186.0,train,
swartruggens,2014/2015,2014,140,152.0,train,
swartruggens,2015/2016,2015,122,140.0,train,
swartruggens,2016/2017,2016,113,122.0,train,
swartruggens,2017/2018,2017,130,113.0,train,
swartruggens,2018/2019,2018,137,130.0,train,
swartruggens,2019/2020,2019,118,137.0,train,
swartruggens,2020/2021,2020,100,118.0,train,
swartruggens,2021/2022,2021,79,100.0,train,
swartruggens,2022/2023,2022,81,79.0,test,84.9884442850775
swartruggens,2023/2024,2023,126,81.0,test,82.3238470517605
swartruggens,2024/2025,2024,122,126.0,test,114.87109492923221
swellendam,2011/2012,2011,314,292.0,train,
swellendam,2012/2013,2012,330,314.0,train,
swellendam,2013/2014,2013,416,330.0,train,
swellendam,2014/2015,2014,414,416.0,train,
swellendam,2015/2016,2015,365,414.0,train,
swellendam,2016/2017,2016,382,365.0,train,
swellendam,2017/2018,2017,302,382.0,train,
swellendam,2018/2019,2018,274,302.0,train,
swellendam,2019/2020,2019,374,274.0,train,
swellendam,2020/2021,2020,289,374.0,train,
swellendam,2021/2022,2021,231,289.0,train,
swellendam,2022/2023,2022,252,231.0,test,232.4506984386769
swellendam,2023/2024,2023,240,252.0,test,227.86782257747305
swellendam,2024/2025,2024,185,240.0,test,218.3915875360313
sydenham,2011/2012,2011,1162,1372.0,train,
sydenham,2012/2013,2012,1456,1162.0,train,
sydenham,2013/2014,2013,1376,1456.0,train,
sydenham,2014/2015,2014,1266,1376.0,train,
sydenham,2015/2016,2015,1318,1266.0,train,
sydenham,2016/2017,2016,1235,1318.0,train,
sydenham,2017/2018,2017,1097,1235.0,train,
sydenham,2018/2019,2018,982,1097.0,train,
sydenham,2019/2020,2019,1027,982.0,train,
sydenham,2020/2021,2020,738,1027.0,train,
sydenham,2021/2022,2021,713,738.0,train,
sydenham,2022/2023,2022,889,713.0,test,681.2799144554307
sydenham,2023/2024,2023,714,889.0,test,840.2567763483186
sydenham,2024/2025,2024,668,714.0,test,703.6064558396761
tabase,2011/2012,2011,3,6.0,train,
tabase,2012/2013,2012,10,3.0,train,
tabase,2013/2014,2013,6,10.0,train,
tabase,2014/2015,2014,4,6.0,train,
tabase,2015/2016,2015,7,4.0,train,
tabase,2016/2017,2016,2,7.0,train,
tabase,2017/2018,2017,2,2.0,train,
tabase,2018/2019,2018,3,2.0,train,
tabase,2019/2020,2019,0,3.0,train,
tabase,2020/2021,2020,2,0.0,train,
tabase,2021/2022,2021,3,2.0,train,
tabase,2022/2023,2022,3,3.0,test,2.8745515659710508
tabase,2023/2024,2023,5,3.0,test,2.9981405612353402
tabase,2024/2025,2024,7,5.0,test,3.950532314008994
table bay harbour,2011/2012,2011,107,102.0,train,
table bay harbour,2012/2013,2012,98,107.0,train,
table bay harbour,2013/2014,2013,80,98.0,train,
table bay harbour,2014/2015,2014,66,80.0,train,
table bay harbour,2015/2016,2015,52,66.0,train,
table bay harbour,2016/2017,2016,43,52.0,train,
table bay harbour,2017/2018,2017,33,43.0,train,
table bay harbour,2018/2019,2018,40,33.0,train,
table bay harbour,2019/2020,2019,39,40.0,train,
table bay harbour,2020/2021,2020,24,39.0,train,
table bay harbour,2021/2022,2021,21,24.0,train,
table bay harbour,2022/2023,2022,36,21.0,test,22.81634747083761
table bay harbour,2023/2024,2023,30,36.0,test,31.83396499227645
table bay harbour,2024/2025,2024,25,30.0,test,31.076158797424355
table view,2011/2012,2011,2019,2158.0,train,
table view,2012/2013,2012,2237,2019.0,train,
table view,2013/2014,2013,2478,2237.0,train,
table view,2014/2015,2014,2022,2478.0,train,
table view,2015/2016,2015,1956,2022.0,train,
table view,2016/2017,2016,1672,1956.0,train,
table view,2017/2018,2017,1311,1672.0,train,
table view,2018/2019,2018,1182,1311.0,train,
table view,2019/2020,2019,1125,1182.0,train,
table view,2020/2021,2020,708,1125.0,train,
table view,2021/2022,2021,797,708.0,train,
table view,2022/2023,2022,1104,797.0,test,740.3816192230136
table view,2023/2024,2023,1039,1104.0,test,1031.8388042730212
table view,2024/2025,2024,945,1039.0,test,977.0164309680175
tamara,2011/2012,2011,55,62.0,train,
tamara,2012/2013,2012,70,55.0,train,
tamara,2013/2014,2013,41,70.0,train,
tamara,2014/2015,2014,57,41.0,train,
tamara,2015/2016,2015,68,57.0,train,
tamara,2016/2017,2016,54,68.0,train,
tamara,2017/2018,2017,52,54.0,train,
tamara,2018/2019,2018,73,52.0,train,
tamara,2019/2020,2019,59,73.0,train,
tamara,2020/2021,2020,47,59.0,train,
tamara,2021/2022,2021,42,47.0,train,
tamara,2022/2023,2022,46,42.0,test,42.05786341490075
tamara,2023/2024,2023,55,46.0,test,45.060559674410605
tamara,2024/2025,2024,50,55.0,test,51.858384136717675
tarkastad,2011/2012,2011,41,58.0,train,
tarkastad,2012/2013,2012,36,41.0,train,
tarkastad,2013/2014,2013,28,36.0,train,
tarkastad,2014/2015,2014,39,28.0,train,
tarkastad,2015/2016,2015,41,39.0,train,
tarkastad,2016/2017,2016,50,41.0,train,
tarkastad,2017/2018,2017,41,50.0,train,
tarkastad,2018/2019,2018,73,41.0,train,
tarkastad,2019/2020,2019,56,73.0,train,
tarkastad,2020/2021,2020,65,56.0,train,
tarkastad,2021/2022,2021,22,65.0,train,
tarkastad,2022/2023,2022,46,22.0,test,27.90224102160812
tarkastad,2023/2024,2023,28,46.0,test,44.44673066400634
tarkastad,2024/2025,2024,43,28.0,test,31.1401541739013
tarlton,2011/2012,2011,107,158.0,train,
tarlton,2012/2013,2012,155,107.0,train,
tarlton,2013/2014,2013,118,155.0,train,
tarlton,2014/2015,2014,108,118.0,train,
tarlton,2015/2016,2015,128,108.0,train,
tarlton,2016/2017,2016,170,128.0,train,
tarlton,2017/2018,2017,121,170.0,train,
tarlton,2018/2019,2018,141,121.0,train,
tarlton,2019/2020,2019,153,141.0,train,
tarlton,2020/2021,2020,96,153.0,train,
tarlton,2021/2022,2021,120,96.0,train,
tarlton,2022/2023,2022,157,120.0,test,116.77016157321363
tarlton,2023/2024,2023,129,157.0,test,142.8544150322072
tarlton,2024/2025,2024,98,129.0,test,127.60643714253105
taung,2011/2012,2011,369,307.0,train,
taung,2012/2013,2012,369,369.0,train,
taung,2013/2014,2013,409,369.0,train,
taung,2014/2015,2014,355,409.0,train,
taung,2015/2016,2015,343,355.0,train,
taung,2016/2017,2016,413,343.0,train,
taung,2017/2018,2017,335,413.0,train,
taung,2018/2019,2018,298,335.0,train,
taung,2019/2020,2019,350,298.0,train,
taung,2020/2021,2020,383,350.0,train,
taung,2021/2022,2021,298,383.0,train,
taung,2022/2023,2022,292,298.0,test,284.43998183069215
taung,2023/2024,2023,317,292.0,test,269.5409342486671
taung,2024/2025,2024,328,317.0,test,284.8427031539393
taylors halt,2011/2012,2011,218,227.0,train,
taylors halt,2012/2013,2012,238,218.0,train,
taylors halt,2013/2014,2013,281,238.0,train,
taylors halt,2014/2015,2014,282,281.0,train,
taylors halt,2015/2016,2015,369,282.0,train,
taylors halt,2016/2017,2016,450,369.0,train,
taylors halt,2017/2018,2017,445,450.0,train,
taylors halt,2018/2019,2018,392,445.0,train,
taylors halt,2019/2020,2019,336,392.0,train,
taylors halt,2020/2021,2020,215,336.0,train,
taylors halt,2021/2022,2021,288,215.0,train,
taylors halt,2022/2023,2022,305,288.0,test,249.42165397008682
taylors halt,2023/2024,2023,326,305.0,test,262.94163699332717
taylors halt,2024/2025,2024,326,326.0,test,283.4118945468191
temba,2011/2012,2011,1448,1412.0,train,
temba,2012/2013,2012,1557,1448.0,train,
temba,2013/2014,2013,1567,1557.0,train,
temba,2014/2015,2014,1746,1567.0,train,
temba,2015/2016,2015,1739,1746.0,train,
temba,2016/2017,2016,1699,1739.0,train,
temba,2017/2018,2017,1411,1699.0,train,
temba,2018/2019,2018,1305,1411.0,train,
temba,2019/2020,2019,1239,1305.0,train,
temba,2020/2021,2020,896,1239.0,train,
temba,2021/2022,2021,953,896.0,train,
temba,2022/2023,2022,998,953.0,test,900.6603181973351
temba,2023/2024,2023,1015,998.0,test,920.7644305548666
temba,2024/2025,2024,957,1015.0,test,952.2628515430855
tembisa,2011/2012,2011,1970,1861.0,train,
tembisa,2012/2013,2012,2013,1970.0,train,
tembisa,2013/2014,2013,2045,2013.0,train,
tembisa,2014/2015,2014,1756,2045.0,train,
tembisa,2015/2016,2015,1761,1756.0,train,
tembisa,2016/2017,2016,1737,1761.0,train,
tembisa,2017/2018,2017,1758,1737.0,train,
tembisa,2018/2019,2018,1496,1758.0,train,
tembisa,2019/2020,2019,1388,1496.0,train,
tembisa,2020/2021,2020,1106,1388.0,train,
tembisa,2021/2022,2021,1137,1106.0,train,
tembisa,2022/2023,2022,1190,1137.0,test,1075.1862254576415
tembisa,2023/2024,2023,1248,1190.0,test,1114.9306815060795
tembisa,2024/2025,2024,1114,1248.0,test,1167.8110913911971
tembisa south,2011/2012,2011,0,0.0,train,
tembisa south,2012/2013,2012,0,0.0,train,
tembisa south,2013/2014,2013,0,0.0,train,
tembisa south,2014/2015,2014,634,0.0,train,
tembisa south,2015/2016,2015,687,634.0,train,
tembisa south,2016/2017,2016,757,687.0,train,
tembisa south,2017/2018,2017,695,757.0,train,
tembisa south,2018/2019,2018,646,695.0,train,
tembisa south,2019/2020,2019,521,646.0,train,
tembisa south,2020/2021,2020,430,521.0,train,
tembisa south,2021/2022,2021,519,430.0,train,
tembisa south,2022/2023,2022,503,519.0,test,499.4113727511359
tembisa south,2023/2024,2023,436,503.0,test,476.857185899629
tembisa south,2024/2025,2024,448,436.0,test,441.03471133185377
thaba-nchu,2011/2012,2011,81,144.0,train,
thaba-nchu,2012/2013,2012,87,81.0,train,
thaba-nchu,2013/2014,2013,87,87.0,train,
thaba-nchu,2014/2015,2014,60,87.0,train,
thaba-nchu,2015/2016,2015,70,60.0,train,
thaba-nchu,2016/2017,2016,75,70.0,train,
thaba-nchu,2017/2018,2017,51,75.0,train,
thaba-nchu,2018/2019,2018,61,51.0,train,
thaba-nchu,2019/2020,2019,61,61.0,train,
thaba-nchu,2020/2021,2020,57,61.0,train,
thaba-nchu,2021/2022,2021,46,57.0,train,
thaba-nchu,2022/2023,2022,51,46.0,test,48.25408733859506
thaba-nchu,2023/2024,2023,87,51.0,test,49.30055127769195
thaba-nchu,2024/2025,2024,73,87.0,test,79.4209647612035
thabazimbi,2011/2012,2011,188,214.0,train,
thabazimbi,2012/2013,2012,201,188.0,train,
thabazimbi,2013/2014,2013,202,201.0,train,
thabazimbi,2014/2015,2014,298,202.0,train,
thabazimbi,2015/2016,2015,236,298.0,train,
thabazimbi,2016/2017,2016,159,236.0,train,
thabazimbi,2017/2018,2017,219,159.0,train,
thabazimbi,2018/2019,2018,203,219.0,train,
thabazimbi,2019/2020,2019,164,203.0,train,
thabazimbi,2020/2021,2020,151,164.0,train,
thabazimbi,2021/2022,2021,156,151.0,train,
thabazimbi,2022/2023,2022,170,156.0,test,144.20688867946544
thabazimbi,2023/2024,2023,192,170.0,test,155.88057779377186
thabazimbi,2024/2025,2024,170,192.0,test,175.98831355921914
thabong,2011/2012,2011,771,769.0,train,
thabong,2012/2013,2012,898,771.0,train,
thabong,2013/2014,2013,859,898.0,train,
thabong,2014/2015,2014,745,859.0,train,
thabong,2015/2016,2015,864,745.0,train,
thabong,2016/2017,2016,946,864.0,train,
thabong,2017/2018,2017,723,946.0,train,
thabong,2018/2019,2018,721,723.0,train,
thabong,2019/2020,2019,606,721.0,train,
thabong,2020/2021,2020,435,606.0,train,
thabong,2021/2022,2021,529,435.0,train,
thabong,2022/2023,2022,512,529.0,test,483.4851875494685
thabong,2023/2024,2023,502,512.0,test,458.0873839227104
thabong,2024/2025,2024,524,502.0,test,451.59300320878583
the barrage,2011/2012,2011,215,260.0,train,
the barrage,2012/2013,2012,165,215.0,train,
the barrage,2013/2014,2013,170,165.0,train,
the barrage,2014/2015,2014,230,170.0,train,
the barrage,2015/2016,2015,141,230.0,train,
the barrage,2016/2017,2016,195,141.0,train,
the barrage,2017/2018,2017,209,195.0,train,
the barrage,2018/2019,2018,213,209.0,train,
the barrage,2019/2020,2019,167,213.0,train,
the barrage,2020/2021,2020,131,167.0,train,
the barrage,2021/2022,2021,195,131.0,train,
the barrage,2022/2023,2022,195,195.0,test,181.51289504118324
the barrage,2023/2024,2023,178,195.0,test,171.0328115790305
the barrage,2024/2025,2024,178,178.0,test,172.4156207145108
thembalethu,2011/2012,2011,314,305.0,train,
thembalethu,2012/2013,2012,370,314.0,train,
thembalethu,2013/2014,2013,423,370.0,train,
thembalethu,2014/2015,2014,455,423.0,train,
thembalethu,2015/2016,2015,500,455.0,train,
thembalethu,2016/2017,2016,474,500.0,train,
thembalethu,2017/2018,2017,562,474.0,train,
thembalethu,2018/2019,2018,525,562.0,train,
thembalethu,2019/2020,2019,474,525.0,train,
thembalethu,2020/2021,2020,329,474.0,train,
thembalethu,2021/2022,2021,324,329.0,train,
thembalethu,2022/2023,2022,341,324.0,test,319.3959437045894
thembalethu,2023/2024,2023,338,341.0,test,302.66356428537347
thembalethu,2024/2025,2024,339,338.0,test,305.37015211566234
theunissen,2011/2012,2011,190,160.0,train,
theunissen,2012/2013,2012,215,190.0,train,
theunissen,2013/2014,2013,199,215.0,train,
theunissen,2014/2015,2014,159,199.0,train,
theunissen,2015/2016,2015,183,159.0,train,
theunissen,2016/2017,2016,188,183.0,train,
theunissen,2017/2018,2017,177,188.0,train,
theunissen,2018/2019,2018,114,177.0,train,
theunissen,2019/2020,2019,133,114.0,train,
theunissen,2020/2021,2020,105,133.0,train,
theunissen,2021/2022,2021,128,105.0,train,
theunissen,2022/2023,2022,124,128.0,test,121.65399083664185
theunissen,2023/2024,2023,109,124.0,test,116.40113650802068
theunissen,2024/2025,2024,127,109.0,test,110.16500219735657
thina falls,2011/2012,2011,31,32.0,train,
thina falls,2012/2013,2012,21,31.0,train,
thina falls,2013/2014,2013,32,21.0,train,
thina falls,2014/2015,2014,17,32.0,train,
thina falls,2015/2016,2015,16,17.0,train,
thina falls,2016/2017,2016,19,16.0,train,
thina falls,2017/2018,2017,12,19.0,train,
thina falls,2018/2019,2018,11,12.0,train,
thina falls,2019/2020,2019,12,11.0,train,
thina falls,2020/2021,2020,11,12.0,train,
thina falls,2021/2022,2021,12,11.0,train,
thina falls,2022/2023,2022,12,12.0,test,11.391720926550326
thina falls,2023/2024,2023,12,12.0,test,12.290863047977425
thina falls,2024/2025,2024,13,12.0,test,11.803992793582983
thohoyandou,2011/2012,2011,1497,1378.0,train,
thohoyandou,2012/2013,2012,1422,1497.0,train,
thohoyandou,2013/2014,2013,1519,1422.0,train,
thohoyandou,2014/2015,2014,1259,1519.0,train,
thohoyandou,2015/2016,2015,1352,1259.0,train,
thohoyandou,2016/2017,2016,1055,1352.0,train,
thohoyandou,2017/2018,2017,1200,1055.0,train,
thohoyandou,2018/2019,2018,1067,1200.0,train,
thohoyandou,2019/2020,2019,941,1067.0,train,
thohoyandou,2020/2021,2020,666,941.0,train,
thohoyandou,2021/2022,2021,752,666.0,train,
thohoyandou,2022/2023,2022,755,752.0,test,683.0109594104465
thohoyandou,2023/2024,2023,737,755.0,test,679.4051131448858
thohoyandou,2024/2025,2024,948,737.0,test,662.4761876082277
thomas river,2011/2012,2011,0,2.0,train,
thomas river,2012/2013,2012,2,0.0,train,
thomas river,2013/2014,2013,2,2.0,train,
thomas river,2014/2015,2014,0,2.0,train,
thomas river,2015/2016,2015,1,0.0,train,
thomas river,2016/2017,2016,1,1.0,train,
thomas river,2017/2018,2017,4,1.0,train,
thomas river,2018/2019,2018,2,4.0,train,
thomas river,2019/2020,2019,0,2.0,train,
thomas river,2020/2021,2020,1,0.0,train,
thomas river,2021/2022,2021,2,1.0,train,
thomas river,2022/2023,2022,2,2.0,test,1.8989500819795246
thomas river,2023/2024,2023,0,2.0,test,2.5142175448009016
thomas river,2024/2025,2024,3,0.0,test,0.8417952637709724
thornhill,2011/2012,2011,56,54.0,train,
thornhill,2012/2013,2012,58,56.0,train,
thornhill,2013/2014,2013,52,58.0,train,
thornhill,2014/2015,2014,58,52.0,train,
thornhill,2015/2016,2015,74,58.0,train,
thornhill,2016/2017,2016,48,74.0,train,
thornhill,2017/2018,2017,52,48.0,train,
thornhill,2018/2019,2018,65,52.0,train,
thornhill,2019/2020,2019,54,65.0,train,
thornhill,2020/2021,2020,47,54.0,train,
thornhill,2021/2022,2021,48,47.0,train,
thornhill,2022/2023,2022,63,48.0,test,47.37928001763246
thornhill,2023/2024,2023,37,63.0,test,60.54539633631895
thornhill,2024/2025,2024,40,37.0,test,39.879489980421965
thornhill ciskei,2011/2012,2011,26,13.0,train,
thornhill ciskei,2012/2013,2012,19,26.0,train,
thornhill ciskei,2013/2014,2013,15,19.0,train,
thornhill ciskei,2014/2015,2014,11,15.0,train,
thornhill ciskei,2015/2016,2015,12,11.0,train,
thornhill ciskei,2016/2017,2016,24,12.0,train,
thornhill ciskei,2017/2018,2017,30,24.0,train,
thornhill ciskei,2018/2019,2018,24,30.0,train,
thornhill ciskei,2019/2020,2019,30,24.0,train,
thornhill ciskei,2020/2021,2020,45,30.0,train,
thornhill ciskei,2021/2022,2021,22,45.0,train,
thornhill ciskei,2022/2023,2022,39,22.0,test,25.718196917024667
thornhill ciskei,2023/2024,2023,17,39.0,test,33.23609007676667
thornhill ciskei,2024/2025,2024,23,17.0,test,21.71390043455452
thornville,2011/2012,2011,112,119.0,train,
thornville,2012/2013,2012,67,112.0,train,
thornville,2013/2014,2013,96,67.0,train,
thornville,2014/2015,2014,104,96.0,train,
thornville,2015/2016,2015,110,104.0,train,
thornville,2016/2017,2016,135,110.0,train,
thornville,2017/2018,2017,119,135.0,train,
thornville,2018/2019,2018,132,119.0,train,
thornville,2019/2020,2019,118,132.0,train,
thornville,2020/2021,2020,110,118.0,train,
thornville,2021/2022,2021,104,110.0,train,
thornville,2022/2023,2022,105,104.0,test,102.83824228047175
thornville,2023/2024,2023,93,105.0,test,102.34990566923202
thornville,2024/2025,2024,123,93.0,test,95.03017351480042
tierpoort,2011/2012,2011,9,11.0,train,
tierpoort,2012/2013,2012,11,9.0,train,
tierpoort,2013/2014,2013,19,11.0,train,
tierpoort,2014/2015,2014,19,19.0,train,
tierpoort,2015/2016,2015,9,19.0,train,
tierpoort,2016/2017,2016,8,9.0,train,
tierpoort,2017/2018,2017,13,8.0,train,
tierpoort,2018/2019,2018,12,13.0,train,
tierpoort,2019/2020,2019,7,12.0,train,
tierpoort,2020/2021,2020,11,7.0,train,
tierpoort,2021/2022,2021,7,11.0,train,
tierpoort,2022/2023,2022,7,7.0,test,7.691883551769893
tierpoort,2023/2024,2023,4,7.0,test,7.026868956639838
tierpoort,2024/2025,2024,1,4.0,test,4.392347334310362
tinmyne,2011/2012,2011,94,113.0,train,
tinmyne,2012/2013,2012,86,94.0,train,
tinmyne,2013/2014,2013,100,86.0,train,
tinmyne,2014/2015,2014,122,100.0,train,
tinmyne,2015/2016,2015,82,122.0,train,
tinmyne,2016/2017,2016,77,82.0,train,
tinmyne,2017/2018,2017,93,77.0,train,
tinmyne,2018/2019,2018,62,93.0,train,
tinmyne,2019/2020,2019,93,62.0,train,
tinmyne,2020/2021,2020,72,93.0,train,
tinmyne,2021/2022,2021,75,72.0,train,
tinmyne,2022/2023,2022,71,75.0,test,79.42033253971786
tinmyne,2023/2024,2023,65,71.0,test,74.12752701141117
tinmyne,2024/2025,2024,107,65.0,test,68.27057897647333
tlhabane,2011/2012,2011,924,925.0,train,
tlhabane,2012/2013,2012,858,924.0,train,
tlhabane,2013/2014,2013,895,858.0,train,
tlhabane,2014/2015,2014,792,895.0,train,
tlhabane,2015/2016,2015,674,792.0,train,
tlhabane,2016/2017,2016,846,674.0,train,
tlhabane,2017/2018,2017,634,846.0,train,
tlhabane,2018/2019,2018,768,634.0,train,
tlhabane,2019/2020,2019,666,768.0,train,
tlhabane,2020/2021,2020,673,666.0,train,
tlhabane,2021/2022,2021,564,673.0,train,
tlhabane,2022/2023,2022,569,564.0,test,524.1572350640009
tlhabane,2023/2024,2023,490,569.0,test,516.3477780695197
tlhabane,2024/2025,2024,528,490.0,test,463.2485037674209
tokoza,2011/2012,2011,374,495.0,train,
tokoza,2012/2013,2012,355,374.0,train,
tokoza,2013/2014,2013,322,355.0,train,
tokoza,2014/2015,2014,344,322.0,train,
tokoza,2015/2016,2015,477,344.0,train,
tokoza,2016/2017,2016,451,477.0,train,
tokoza,2017/2018,2017,342,451.0,train,
tokoza,2018/2019,2018,296,342.0,train,
tokoza,2019/2020,2019,247,296.0,train,
tokoza,2020/2021,2020,180,247.0,train,
tokoza,2021/2022,2021,177,180.0,train,
tokoza,2022/2023,2022,156,177.0,test,178.20732285654526
tokoza,2023/2024,2023,141,156.0,test,152.53018306059872
tokoza,2024/2025,2024,165,141.0,test,138.57001699676852
tolwe,2011/2012,2011,10,7.0,train,
tolwe,2012/2013,2012,14,10.0,train,
tolwe,2013/2014,2013,8,14.0,train,
tolwe,2014/2015,2014,12,8.0,train,
tolwe,2015/2016,2015,13,12.0,train,
tolwe,2016/2017,2016,8,13.0,train,
tolwe,2017/2018,2017,11,8.0,train,
tolwe,2018/2019,2018,13,11.0,train,
tolwe,2019/2020,2019,8,13.0,train,
tolwe,2020/2021,2020,5,8.0,train,
tolwe,2021/2022,2021,7,5.0,train,
tolwe,2022/2023,2022,2,7.0,test,5.371576939739349
tolwe,2023/2024,2023,5,2.0,test,3.397368894142506
tolwe,2024/2025,2024,3,5.0,test,3.6668726448048847
tom burke,2011/2012,2011,25,17.0,train,
tom burke,2012/2013,2012,32,25.0,train,
tom burke,2013/2014,2013,28,32.0,train,
tom burke,2014/2015,2014,17,28.0,train,
tom burke,2015/2016,2015,30,17.0,train,
tom burke,2016/2017,2016,29,30.0,train,
tom burke,2017/2018,2017,35,29.0,train,
tom burke,2018/2019,2018,24,35.0,train,
tom burke,2019/2020,2019,21,24.0,train,
tom burke,2020/2021,2020,9,21.0,train,
tom burke,2021/2022,2021,22,9.0,train,
tom burke,2022/2023,2022,36,22.0,test,18.339907640304315
tom burke,2023/2024,2023,20,36.0,test,30.132832856447045
tom burke,2024/2025,2024,18,20.0,test,23.900090030841234
tonga,2011/2012,2011,515,533.0,train,
tonga,2012/2013,2012,568,515.0,train,
tonga,2013/2014,2013,611,568.0,train,
tonga,2014/2015,2014,489,611.0,train,
tonga,2015/2016,2015,423,489.0,train,
tonga,2016/2017,2016,385,423.0,train,
tonga,2017/2018,2017,322,385.0,train,
tonga,2018/2019,2018,311,322.0,train,
tonga,2019/2020,2019,314,311.0,train,
tonga,2020/2021,2020,232,314.0,train,
tonga,2021/2022,2021,220,232.0,train,
tonga,2022/2023,2022,192,220.0,test,220.78419016223387
tonga,2023/2024,2023,187,192.0,test,193.80512624173707
tonga,2024/2025,2024,193,187.0,test,190.4462473616533
tongaat,2011/2012,2011,578,543.0,train,
tongaat,2012/2013,2012,676,578.0,train,
tongaat,2013/2014,2013,721,676.0,train,
tongaat,2014/2015,2014,678,721.0,train,
tongaat,2015/2016,2015,612,678.0,train,
tongaat,2016/2017,2016,619,612.0,train,
tongaat,2017/2018,2017,532,619.0,train,
tongaat,2018/2019,2018,505,532.0,train,
tongaat,2019/2020,2019,551,505.0,train,
tongaat,2020/2021,2020,450,551.0,train,
tongaat,2021/2022,2021,437,450.0,train,
tongaat,2022/2023,2022,417,437.0,test,432.7253172583353
tongaat,2023/2024,2023,551,417.0,test,397.7207037865315
tongaat,2024/2025,2024,482,551.0,test,498.4319735656202
touws river,2011/2012,2011,141,122.0,train,
touws river,2012/2013,2012,168,141.0,train,
touws river,2013/2014,2013,130,168.0,train,
touws river,2014/2015,2014,96,130.0,train,
touws river,2015/2016,2015,162,96.0,train,
touws river,2016/2017,2016,167,162.0,train,
touws river,2017/2018,2017,133,167.0,train,
touws river,2018/2019,2018,140,133.0,train,
touws river,2019/2020,2019,101,140.0,train,
touws river,2020/2021,2020,94,101.0,train,
touws river,2021/2022,2021,77,94.0,train,
touws river,2022/2023,2022,68,77.0,test,79.76194077863508
touws river,2023/2024,2023,71,68.0,test,70.81962336176713
touws river,2024/2025,2024,65,71.0,test,67.64298000263965
town hill,2011/2012,2011,339,290.0,train,
town hill,2012/2013,2012,436,339.0,train,
town hill,2013/2014,2013,340,436.0,train,
town hill,2014/2015,2014,302,340.0,train,
town hill,2015/2016,2015,341,302.0,train,
town hill,2016/2017,2016,305,341.0,train,
town hill,2017/2018,2017,197,305.0,train,
town hill,2018/2019,2018,229,197.0,train,
town hill,2019/2020,2019,216,229.0,train,
town hill,2020/2021,2020,185,216.0,train,
town hill,2021/2022,2021,103,185.0,train,
town hill,2022/2023,2022,151,103.0,test,111.76218224219045
town hill,2023/2024,2023,201,151.0,test,143.12661391778855
town hill,2024/2025,2024,149,201.0,test,181.84780579329745
trichardt,2011/2012,2011,68,55.0,train,
trichardt,2012/2013,2012,92,68.0,train,
trichardt,2013/2014,2013,93,92.0,train,
trichardt,2014/2015,2014,109,93.0,train,
trichardt,2015/2016,2015,65,109.0,train,
trichardt,2016/2017,2016,83,65.0,train,
trichardt,2017/2018,2017,75,83.0,train,
trichardt,2018/2019,2018,70,75.0,train,
trichardt,2019/2020,2019,84,70.0,train,
trichardt,2020/2021,2020,64,84.0,train,
trichardt,2021/2022,2021,97,64.0,train,
trichardt,2022/2023,2022,84,97.0,test,88.69175460066941
trichardt,2023/2024,2023,89,84.0,test,81.56314124695338
trichardt,2024/2025,2024,41,89.0,test,82.52231088674957
trompsburg,2011/2012,2011,33,40.0,train,
trompsburg,2012/2013,2012,32,33.0,train,
trompsburg,2013/2014,2013,44,32.0,train,
trompsburg,2014/2015,2014,24,44.0,train,
trompsburg,2015/2016,2015,21,24.0,train,
trompsburg,2016/2017,2016,34,21.0,train,
trompsburg,2017/2018,2017,22,34.0,train,
trompsburg,2018/2019,2018,49,22.0,train,
trompsburg,2019/2020,2019,25,49.0,train,
trompsburg,2020/2021,2020,32,25.0,train,
trompsburg,2021/2022,2021,37,32.0,train,
trompsburg,2022/2023,2022,31,37.0,test,33.593633981833655
trompsburg,2023/2024,2023,39,31.0,test,29.95628326087111
trompsburg,2024/2025,2024,50,39.0,test,36.26479399896168
tsakane,2011/2012,2011,1333,1259.0,train,
tsakane,2012/2013,2012,1310,1333.0,train,
tsakane,2013/2014,2013,1305,1310.0,train,
tsakane,2014/2015,2014,1416,1305.0,train,
tsakane,2015/2016,2015,1224,1416.0,train,
tsakane,2016/2017,2016,1496,1224.0,train,
tsakane,2017/2018,2017,1211,1496.0,train,
tsakane,2018/2019,2018,1152,1211.0,train,
tsakane,2019/2020,2019,991,1152.0,train,
tsakane,2020/2021,2020,833,991.0,train,
tsakane,2021/2022,2021,827,833.0,train,
tsakane,2022/2023,2022,920,827.0,test,781.1367371045257
tsakane,2023/2024,2023,821,920.0,test,847.6295214249433
tsakane,2024/2025,2024,779,821.0,test,782.4892137224941
tseki,2011/2012,2011,321,277.0,train,
tseki,2012/2013,2012,322,321.0,train,
tseki,2013/2014,2013,291,322.0,train,
tseki,2014/2015,2014,290,291.0,train,
tseki,2015/2016,2015,257,290.0,train,
tseki,2016/2017,2016,204,257.0,train,
tseki,2017/2018,2017,193,204.0,train,
tseki,2018/2019,2018,234,193.0,train,
tseki,2019/2020,2019,315,234.0,train,
tseki,2020/2021,2020,214,315.0,train,
tseki,2021/2022,2021,172,214.0,train,
tseki,2022/2023,2022,147,172.0,test,174.25816729612325
tseki,2023/2024,2023,159,147.0,test,152.86483380199095
tseki,2024/2025,2024,139,159.0,test,153.88805041322948
tseseng,2011/2012,2011,148,116.0,train,
tseseng,2012/2013,2012,177,148.0,train,
tseseng,2013/2014,2013,130,177.0,train,
tseseng,2014/2015,2014,130,130.0,train,
tseseng,2015/2016,2015,127,130.0,train,
tseseng,2016/2017,2016,124,127.0,train,
tseseng,2017/2018,2017,114,124.0,train,
tseseng,2018/2019,2018,92,114.0,train,
tseseng,2019/2020,2019,109,92.0,train,
tseseng,2020/2021,2020,92,109.0,train,
tseseng,2021/2022,2021,81,92.0,train,
tseseng,2022/2023,2022,94,81.0,test,84.7406136438603
tseseng,2023/2024,2023,85,94.0,test,91.28589521528012
tseseng,2024/2025,2024,77,85.0,test,85.49794181638381
tshamutumbu,2011/2012,2011,24,12.0,train,
tshamutumbu,2012/2013,2012,17,24.0,train,
tshamutumbu,2013/2014,2013,26,17.0,train,
tshamutumbu,2014/2015,2014,19,26.0,train,
tshamutumbu,2015/2016,2015,33,19.0,train,
tshamutumbu,2016/2017,2016,19,33.0,train,
tshamutumbu,2017/2018,2017,9,19.0,train,
tshamutumbu,2018/2019,2018,8,9.0,train,
tshamutumbu,2019/2020,2019,1,8.0,train,
tshamutumbu,2020/2021,2020,11,1.0,train,
tshamutumbu,2021/2022,2021,15,11.0,train,
tshamutumbu,2022/2023,2022,7,15.0,test,13.37450638729844
tshamutumbu,2023/2024,2023,14,7.0,test,10.286971365334228
tshamutumbu,2024/2025,2024,8,14.0,test,11.939117793341948
tshaulu,2011/2012,2011,97,64.0,train,
tshaulu,2012/2013,2012,64,97.0,train,
tshaulu,2013/2014,2013,86,64.0,train,
tshaulu,2014/2015,2014,56,86.0,train,
tshaulu,2015/2016,2015,73,56.0,train,
tshaulu,2016/2017,2016,85,73.0,train,
tshaulu,2017/2018,2017,72,85.0,train,
tshaulu,2018/2019,2018,61,72.0,train,
tshaulu,2019/2020,2019,60,61.0,train,
tshaulu,2020/2021,2020,39,60.0,train,
tshaulu,2021/2022,2021,57,39.0,train,
tshaulu,2022/2023,2022,72,57.0,test,54.99963376827075
tshaulu,2023/2024,2023,41,72.0,test,66.73767000041511
tshaulu,2024/2025,2024,72,41.0,test,43.53632914970825
tshidilamolomo,2011/2012,2011,14,9.0,train,
tshidilamolomo,2012/2013,2012,10,14.0,train,
tshidilamolomo,2013/2014,2013,9,10.0,train,
tshidilamolomo,2014/2015,2014,9,9.0,train,
tshidilamolomo,2015/2016,2015,9,9.0,train,
tshidilamolomo,2016/2017,2016,6,9.0,train,
tshidilamolomo,2017/2018,2017,5,6.0,train,
tshidilamolomo,2018/2019,2018,4,5.0,train,
tshidilamolomo,2019/2020,2019,8,4.0,train,
tshidilamolomo,2020/2021,2020,6,8.0,train,
tshidilamolomo,2021/2022,2021,6,6.0,train,
tshidilamolomo,2022/2023,2022,11,6.0,test,5.979373502281012
tshidilamolomo,2023/2024,2023,6,11.0,test,8.177878320667407
tshidilamolomo,2024/2025,2024,8,6.0,test,7.960756017559132
tshilwavhusiku,2011/2012,2011,96,150.0,train,
tshilwavhusiku,2012/2013,2012,107,96.0,train,
tshilwavhusiku,2013/2014,2013,156,107.0,train,
tshilwavhusiku,2014/2015,2014,154,156.0,train,
tshilwavhusiku,2015/2016,2015,167,154.0,train,
tshilwavhusiku,2016/2017,2016,175,167.0,train,
tshilwavhusiku,2017/2018,2017,148,175.0,train,
tshilwavhusiku,2018/2019,2018,148,148.0,train,
tshilwavhusiku,2019/2020,2019,170,148.0,train,
tshilwavhusiku,2020/2021,2020,157,170.0,train,
tshilwavhusiku,2021/2022,2021,192,157.0,train,
tshilwavhusiku,2022/2023,2022,187,192.0,test,167.25246413964055
tshilwavhusiku,2023/2024,2023,225,187.0,test,167.90233168109458
tshilwavhusiku,2024/2025,2024,195,225.0,test,197.09751224432637
tshitale,2011/2012,2011,81,81.0,train,
tshitale,2012/2013,2012,60,81.0,train,
tshitale,2013/2014,2013,107,60.0,train,
tshitale,2014/2015,2014,78,107.0,train,
tshitale,2015/2016,2015,45,78.0,train,
tshitale,2016/2017,2016,32,45.0,train,
tshitale,2017/2018,2017,42,32.0,train,
tshitale,2018/2019,2018,27,42.0,train,
tshitale,2019/2020,2019,19,27.0,train,
tshitale,2020/2021,2020,39,19.0,train,
tshitale,2021/2022,2021,48,39.0,train,
tshitale,2022/2023,2022,40,48.0,test,43.42985027788584
tshitale,2023/2024,2023,41,40.0,test,38.07076313701073
tshitale,2024/2025,2024,50,41.0,test,40.71216614482536
tsineng,2011/2012,2011,10,7.0,train,
tsineng,2012/2013,2012,13,10.0,train,
tsineng,2013/2014,2013,10,13.0,train,
tsineng,2014/2015,2014,22,10.0,train,
tsineng,2015/2016,2015,9,22.0,train,
tsineng,2016/2017,2016,11,9.0,train,
tsineng,2017/2018,2017,13,11.0,train,
tsineng,2018/2019,2018,11,13.0,train,
tsineng,2019/2020,2019,12,11.0,train,
tsineng,2020/2021,2020,5,12.0,train,
tsineng,2021/2022,2021,8,5.0,train,
tsineng,2022/2023,2022,11,8.0,test,7.199135082180748
tsineng,2023/2024,2023,12,11.0,test,9.483987622093917
tsineng,2024/2025,2024,9,12.0,test,10.229372313317858
tsolo,2011/2012,2011,178,217.0,train,
tsolo,2012/2013,2012,130,178.0,train,
tsolo,2013/2014,2013,152,130.0,train,
tsolo,2014/2015,2014,155,152.0,train,
tsolo,2015/2016,2015,157,155.0,train,
tsolo,2016/2017,2016,129,157.0,train,
tsolo,2017/2018,2017,135,129.0,train,
tsolo,2018/2019,2018,113,135.0,train,
tsolo,2019/2020,2019,208,113.0,train,
tsolo,2020/2021,2020,170,208.0,train,
tsolo,2021/2022,2021,181,170.0,train,
tsolo,2022/2023,2022,196,181.0,test,182.1364944403244
tsolo,2023/2024,2023,161,196.0,test,188.12991668345506
tsolo,2024/2025,2024,199,161.0,test,157.43228140707953
tsomo,2011/2012,2011,128,129.0,train,
tsomo,2012/2013,2012,109,128.0,train,
tsomo,2013/2014,2013,72,109.0,train,
tsomo,2014/2015,2014,79,72.0,train,
tsomo,2015/2016,2015,60,79.0,train,
tsomo,2016/2017,2016,43,60.0,train,
tsomo,2017/2018,2017,48,43.0,train,
tsomo,2018/2019,2018,47,48.0,train,
tsomo,2019/2020,2019,83,47.0,train,
tsomo,2020/2021,2020,75,83.0,train,
tsomo,2021/2022,2021,48,75.0,train,
tsomo,2022/2023,2022,72,48.0,test,55.17116981612693
tsomo,2023/2024,2023,45,72.0,test,68.36310577313029
tsomo,2024/2025,2024,60,45.0,test,48.89184412231323
tubatse,2011/2012,2011,289,256.0,train,
tubatse,2012/2013,2012,299,289.0,train,
tubatse,2013/2014,2013,383,299.0,train,
tubatse,2014/2015,2014,402,383.0,train,
tubatse,2015/2016,2015,330,402.0,train,
tubatse,2016/2017,2016,287,330.0,train,
tubatse,2017/2018,2017,351,287.0,train,
tubatse,2018/2019,2018,293,351.0,train,
tubatse,2019/2020,2019,293,293.0,train,
tubatse,2020/2021,2020,222,293.0,train,
tubatse,2021/2022,2021,222,222.0,train,
tubatse,2022/2023,2022,192,222.0,test,203.91370965097903
tubatse,2023/2024,2023,174,192.0,test,186.83936872597033
tubatse,2024/2025,2024,202,174.0,test,176.65611886015066
tuinplaas,2011/2012,2011,6,28.0,train,
tuinplaas,2012/2013,2012,15,6.0,train,
tuinplaas,2013/2014,2013,15,15.0,train,
tuinplaas,2014/2015,2014,11,15.0,train,
tuinplaas,2015/2016,2015,13,11.0,train,
tuinplaas,2016/2017,2016,10,13.0,train,
tuinplaas,2017/2018,2017,21,10.0,train,
tuinplaas,2018/2019,2018,34,21.0,train,
tuinplaas,2019/2020,2019,13,34.0,train,
tuinplaas,2020/2021,2020,14,13.0,train,
tuinplaas,2021/2022,2021,4,14.0,train,
tuinplaas,2022/2023,2022,3,4.0,test,7.518058031308138
tuinplaas,2023/2024,2023,3,3.0,test,3.8303034282696387
tuinplaas,2024/2025,2024,4,3.0,test,3.5177020525859395
tulbagh,2011/2012,2011,102,116.0,train,
tulbagh,2012/2013,2012,170,102.0,train,
tulbagh,2013/2014,2013,183,170.0,train,
tulbagh,2014/2015,2014,169,183.0,train,
tulbagh,2015/2016,2015,220,169.0,train,
tulbagh,2016/2017,2016,199,220.0,train,
tulbagh,2017/2018,2017,207,199.0,train,
tulbagh,2018/2019,2018,230,207.0,train,
tulbagh,2019/2020,2019,223,230.0,train,
tulbagh,2020/2021,2020,223,223.0,train,
tulbagh,2021/2022,2021,154,223.0,train,
tulbagh,2022/2023,2022,161,154.0,test,158.64978222826844
tulbagh,2023/2024,2023,121,161.0,test,160.09109523137448
tulbagh,2024/2025,2024,167,121.0,test,114.15960115534446
tumahole,2011/2012,2011,140,163.0,train,
tumahole,2012/2013,2012,155,140.0,train,
tumahole,2013/2014,2013,153,155.0,train,
tumahole,2014/2015,2014,213,153.0,train,
tumahole,2015/2016,2015,241,213.0,train,
tumahole,2016/2017,2016,276,241.0,train,
tumahole,2017/2018,2017,217,276.0,train,
tumahole,2018/2019,2018,260,217.0,train,
tumahole,2019/2020,2019,232,260.0,train,
tumahole,2020/2021,2020,151,232.0,train,
tumahole,2021/2022,2021,177,151.0,train,
tumahole,2022/2023,2022,205,177.0,test,164.14749532527105
tumahole,2023/2024,2023,158,205.0,test,174.8153344943231
tumahole,2024/2025,2024,128,158.0,test,150.2170869238398
tweefontein,2011/2012,2011,192,233.0,train,
tweefontein,2012/2013,2012,174,192.0,train,
tweefontein,2013/2014,2013,168,174.0,train,
tweefontein,2014/2015,2014,222,168.0,train,
tweefontein,2015/2016,2015,267,222.0,train,
tweefontein,2016/2017,2016,204,267.0,train,
tweefontein,2017/2018,2017,247,204.0,train,
tweefontein,2018/2019,2018,234,247.0,train,
tweefontein,2019/2020,2019,257,234.0,train,
tweefontein,2020/2021,2020,187,257.0,train,
tweefontein,2021/2022,2021,167,187.0,train,
tweefontein,2022/2023,2022,210,167.0,test,176.24242068500314
tweefontein,2023/2024,2023,272,210.0,test,195.14289513992298
tweefontein,2024/2025,2024,232,272.0,test,238.9745101924102
tweeling,2011/2012,2011,35,44.0,train,
tweeling,2012/2013,2012,47,35.0,train,
tweeling,2013/2014,2013,52,47.0,train,
tweeling,2014/2015,2014,46,52.0,train,
tweeling,2015/2016,2015,56,46.0,train,
tweeling,2016/2017,2016,45,56.0,train,
tweeling,2017/2018,2017,21,45.0,train,
tweeling,2018/2019,2018,25,21.0,train,
tweeling,2019/2020,2019,54,25.0,train,
tweeling,2020/2021,2020,45,54.0,train,
tweeling,2021/2022,2021,37,45.0,train,
tweeling,2022/2023,2022,39,37.0,test,35.72407605996296
tweeling,2023/2024,2023,40,39.0,test,38.778773139017915
tweeling,2024/2025,2024,36,40.0,test,38.77131367236832
tweespruit,2011/2012,2011,25,25.0,train,
tweespruit,2012/2013,2012,27,25.0,train,
tweespruit,2013/2014,2013,16,27.0,train,
tweespruit,2014/2015,2014,17,16.0,train,
tweespruit,2015/2016,2015,22,17.0,train,
tweespruit,2016/2017,2016,21,22.0,train,
tweespruit,2017/2018,2017,24,21.0,train,
tweespruit,2018/2019,2018,26,24.0,train,
tweespruit,2019/2020,2019,27,26.0,train,
tweespruit,2020/2021,2020,28,27.0,train,
tweespruit,2021/2022,2021,17,28.0,train,
tweespruit,2022/2023,2022,29,17.0,test,19.76802402516734
tweespruit,2023/2024,2023,29,29.0,test,24.633305579212248
tweespruit,2024/2025,2024,19,29.0,test,26.184886583862287
tyefu,2011/2012,2011,16,19.0,train,
tyefu,2012/2013,2012,23,16.0,train,
tyefu,2013/2014,2013,21,23.0,train,
tyefu,2014/2015,2014,13,21.0,train,
tyefu,2015/2016,2015,23,13.0,train,
tyefu,2016/2017,2016,11,23.0,train,
tyefu,2017/2018,2017,8,11.0,train,
tyefu,2018/2019,2018,16,8.0,train,
tyefu,2019/2020,2019,21,16.0,train,
tyefu,2020/2021,2020,33,21.0,train,
tyefu,2021/2022,2021,18,33.0,train,
tyefu,2022/2023,2022,20,18.0,test,21.540564761350197
tyefu,2023/2024,2023,14,20.0,test,17.91789574665646
tyefu,2024/2025,2024,12,14.0,test,15.780314760127268
tylden,2011/2012,2011,2,9.0,train,
tylden,2012/2013,2012,4,2.0,train,
tylden,2013/2014,2013,3,4.0,train,
tylden,2014/2015,2014,5,3.0,train,
tylden,2015/2016,2015,4,5.0,train,
tylden,2016/2017,2016,2,4.0,train,
tylden,2017/2018,2017,4,2.0,train,
tylden,2018/2019,2018,3,4.0,train,
tylden,2019/2020,2019,2,3.0,train,
tylden,2020/2021,2020,2,2.0,train,
tylden,2021/2022,2021,2,2.0,train,
tylden,2022/2023,2022,5,2.0,test,2.7829491965482127
tylden,2023/2024,2023,12,5.0,test,3.9184403879393614
tylden,2024/2025,2024,3,12.0,test,9.655214877506111
tzaneen,2011/2012,2011,469,526.0,train,
tzaneen,2012/2013,2012,510,469.0,train,
tzaneen,2013/2014,2013,707,510.0,train,
tzaneen,2014/2015,2014,624,707.0,train,
tzaneen,2015/2016,2015,636,624.0,train,
tzaneen,2016/2017,2016,610,636.0,train,
tzaneen,2017/2018,2017,597,610.0,train,
tzaneen,2018/2019,2018,575,597.0,train,
tzaneen,2019/2020,2019,532,575.0,train,
tzaneen,2020/2021,2020,489,532.0,train,
tzaneen,2021/2022,2021,478,489.0,train,
tzaneen,2022/2023,2022,471,478.0,test,431.0635592799483
tzaneen,2023/2024,2023,458,471.0,test,409.57531756905445
tzaneen,2024/2025,2024,324,458.0,test,401.22274242361163
ugie,2011/2012,2011,70,73.0,train,
ugie,2012/2013,2012,54,70.0,train,
ugie,2013/2014,2013,63,54.0,train,
ugie,2014/2015,2014,65,63.0,train,
ugie,2015/2016,2015,77,65.0,train,
ugie,2016/2017,2016,49,77.0,train,
ugie,2017/2018,2017,64,49.0,train,
ugie,2018/2019,2018,82,64.0,train,
ugie,2019/2020,2019,48,82.0,train,
ugie,2020/2021,2020,43,48.0,train,
ugie,2021/2022,2021,49,43.0,train,
ugie,2022/2023,2022,50,49.0,test,48.85102324572892
ugie,2023/2024,2023,35,50.0,test,50.80509494272529
ugie,2024/2025,2024,38,35.0,test,37.3260556065137
uitenhage,2011/2012,2011,664,635.0,train,
uitenhage,2012/2013,2012,624,664.0,train,
uitenhage,2013/2014,2013,585,624.0,train,
uitenhage,2014/2015,2014,616,585.0,train,
uitenhage,2015/2016,2015,647,616.0,train,
uitenhage,2016/2017,2016,590,647.0,train,
uitenhage,2017/2018,2017,492,590.0,train,
uitenhage,2018/2019,2018,508,492.0,train,
uitenhage,2019/2020,2019,529,508.0,train,
uitenhage,2020/2021,2020,432,529.0,train,
uitenhage,2021/2022,2021,444,432.0,train,
uitenhage,2022/2023,2022,384,444.0,test,412.52416092810756
ulundi,2011/2012,2011,247,245.0,train,
ulundi,2012/2013,2012,321,247.0,train,
ulundi,2013/2014,2013,371,321.0,train,
ulundi,2014/2015,2014,410,371.0,train,
ulundi,2015/2016,2015,380,410.0,train,
ulundi,2016/2017,2016,381,380.0,train,
ulundi,2017/2018,2017,312,381.0,train,
ulundi,2018/2019,2018,290,312.0,train,
ulundi,2019/2020,2019,262,290.0,train,
ulundi,2020/2021,2020,182,262.0,train,
ulundi,2021/2022,2021,198,182.0,train,
ulundi,2022/2023,2022,262,198.0,test,191.11374954308954
ulundi,2023/2024,2023,265,262.0,test,229.20208410579176
ulundi,2024/2025,2024,332,265.0,test,237.05269008785388
umbilo,2011/2012,2011,2110,1909.0,train,
umbilo,2012/2013,2012,2511,2110.0,train,
umbilo,2013/2014,2013,2122,2511.0,train,
umbilo,2014/2015,2014,1992,2122.0,train,
umbilo,2015/2016,2015,1918,1992.0,train,
umbilo,2016/2017,2016,2121,1918.0,train,
umbilo,2017/2018,2017,2191,2121.0,train,
umbilo,2018/2019,2018,2415,2191.0,train,
umbilo,2019/2020,2019,2042,2415.0,train,
umbilo,2020/2021,2020,1479,2042.0,train,
umbilo,2021/2022,2021,1536,1479.0,train,
umbilo,2022/2023,2022,1607,1536.0,test,1452.8318344939603
umbilo,2023/2024,2023,1373,1607.0,test,1453.0659213622534
umbilo,2024/2025,2024,939,1373.0,test,1345.2952686637148
umbumbulu,2011/2012,2011,88,109.0,train,
umbumbulu,2012/2013,2012,113,88.0,train,
umbumbulu,2013/2014,2013,147,113.0,train,
umbumbulu,2014/2015,2014,151,147.0,train,
umbumbulu,2015/2016,2015,180,151.0,train,
umbumbulu,2016/2017,2016,196,180.0,train,
umbumbulu,2017/2018,2017,200,196.0,train,
umbumbulu,2018/2019,2018,170,200.0,train,
umbumbulu,2019/2020,2019,181,170.0,train,
umbumbulu,2020/2021,2020,199,181.0,train,
umbumbulu,2021/2022,2021,172,199.0,train,
umbumbulu,2022/2023,2022,167,172.0,test,168.80390680322478
umbumbulu,2023/2024,2023,143,167.0,test,165.6323819122565
umbumbulu,2024/2025,2024,179,143.0,test,139.1380215572549
umhlali,2011/2012,2011,572,720.0,train,
umhlali,2012/2013,2012,751,572.0,train,
umhlali,2013/2014,2013,674,751.0,train,
umhlali,2014/2015,2014,709,674.0,train,
umhlali,2015/2016,2015,516,709.0,train,
umhlali,2016/2017,2016,464,516.0,train,
umhlali,2017/2018,2017,415,464.0,train,
umhlali,2018/2019,2018,426,415.0,train,
umhlali,2019/2020,2019,527,426.0,train,
umhlali,2020/2021,2020,345,527.0,train,
umhlali,2021/2022,2021,389,345.0,train,
umhlali,2022/2023,2022,377,389.0,test,374.38141912873033
umhlali,2023/2024,2023,425,377.0,test,348.63904247032923
umhlali,2024/2025,2024,377,425.0,test,379.04958396833604
umkomaas,2011/2012,2011,714,682.0,train,
umkomaas,2012/2013,2012,811,714.0,train,
umkomaas,2013/2014,2013,806,811.0,train,
umkomaas,2014/2015,2014,801,806.0,train,
umkomaas,2015/2016,2015,697,801.0,train,
umkomaas,2016/2017,2016,643,697.0,train,
umkomaas,2017/2018,2017,631,643.0,train,
umkomaas,2018/2019,2018,703,631.0,train,
umkomaas,2019/2020,2019,714,703.0,train,
umkomaas,2020/2021,2020,521,714.0,train,
umkomaas,2021/2022,2021,474,521.0,train,
umkomaas,2022/2023,2022,555,474.0,test,462.82384196971367
umkomaas,2023/2024,2023,543,555.0,test,481.9005662819403
umkomaas,2024/2025,2024,543,543.0,test,486.2862290505358
umlazi,2011/2012,2011,1493,1582.0,train,
umlazi,2012/2013,2012,1729,1493.0,train,
umlazi,2013/2014,2013,1436,1729.0,train,
umlazi,2014/2015,2014,1375,1436.0,train,
umlazi,2015/2016,2015,1417,1375.0,train,
umlazi,2016/2017,2016,1432,1417.0,train,
umlazi,2017/2018,2017,1399,1432.0,train,
umlazi,2018/2019,2018,1216,1399.0,train,
umlazi,2019/2020,2019,1178,1216.0,train,
umlazi,2020/2021,2020,1025,1178.0,train,
umlazi,2021/2022,2021,880,1025.0,train,
umlazi,2022/2023,2022,920,880.0,test,862.2652800346162
umlazi,2023/2024,2023,907,920.0,test,859.6739217655006
umlazi,2024/2025,2024,1027,907.0,test,841.3091887094952
umsunduzi,2011/2012,2011,56,50.0,train,
umsunduzi,2012/2013,2012,56,56.0,train,
umsunduzi,2013/2014,2013,85,56.0,train,
umsunduzi,2014/2015,2014,74,85.0,train,
umsunduzi,2015/2016,2015,86,74.0,train,
umsunduzi,2016/2017,2016,84,86.0,train,
umsunduzi,2017/2018,2017,87,84.0,train,
umsunduzi,2018/2019,2018,77,87.0,train,
umsunduzi,2019/2020,2019,59,77.0,train,
umsunduzi,2020/2021,2020,70,59.0,train,
umsunduzi,2021/2022,2021,58,70.0,train,
umsunduzi,2022/2023,2022,45,58.0,test,60.79416424672843
umsunduzi,2023/2024,2023,49,45.0,test,48.775123906771626
umsunduzi,2024/2025,2024,54,49.0,test,50.17057178777425
umzimkhulu,2011/2012,2011,192,207.0,train,
umzimkhulu,2012/2013,2012,189,192.0,train,
umzimkhulu,2013/2014,2013,200,189.0,train,
umzimkhulu,2014/2015,2014,208,200.0,train,
umzimkhulu,2015/2016,2015,209,208.0,train,
umzimkhulu,2016/2017,2016,267,209.0,train,
umzimkhulu,2017/2018,2017,209,267.0,train,
umzimkhulu,2018/2019,2018,207,209.0,train,
umzimkhulu,2019/2020,2019,192,207.0,train,
umzimkhulu,2020/2021,2020,139,192.0,train,
umzimkhulu,2021/2022,2021,186,139.0,train,
umzimkhulu,2022/2023,2022,194,186.0,test,181.40752316909234
umzimkhulu,2023/2024,2023,172,194.0,test,182.4045350896275
umzimkhulu,2024/2025,2024,160,172.0,test,167.41291275108512
umzinto,2011/2012,2011,262,367.0,train,
umzinto,2012/2013,2012,267,262.0,train,
umzinto,2013/2014,2013,345,267.0,train,
umzinto,2014/2015,2014,353,345.0,train,
umzinto,2015/2016,2015,289,353.0,train,
umzinto,2016/2017,2016,232,289.0,train,
umzinto,2017/2018,2017,219,232.0,train,
umzinto,2018/2019,2018,232,219.0,train,
umzinto,2019/2020,2019,196,232.0,train,
umzinto,2020/2021,2020,158,196.0,train,
umzinto,2021/2022,2021,163,158.0,train,
umzinto,2022/2023,2022,208,163.0,test,157.36031205829775
umzinto,2023/2024,2023,214,208.0,test,196.0390446517153
umzinto,2024/2025,2024,152,214.0,test,199.83824712943795
uniondale,2011/2012,2011,72,88.0,train,
uniondale,2012/2013,2012,94,72.0,train,
uniondale,2013/2014,2013,80,94.0,train,
uniondale,2014/2015,2014,82,80.0,train,
uniondale,2015/2016,2015,84,82.0,train,
uniondale,2016/2017,2016,83,84.0,train,
uniondale,2017/2018,2017,85,83.0,train,
uniondale,2018/2019,2018,98,85.0,train,
uniondale,2019/2020,2019,89,98.0,train,
uniondale,2020/2021,2020,72,89.0,train,
uniondale,2021/2022,2021,85,72.0,train,
uniondale,2022/2023,2022,78,85.0,test,77.95459915273966
uniondale,2023/2024,2023,74,78.0,test,78.6044073642057
uniondale,2024/2025,2024,73,74.0,test,75.06917753272445
upington,2011/2012,2011,405,449.0,train,
upington,2012/2013,2012,457,405.0,train,
upington,2013/2014,2013,428,457.0,train,
upington,2014/2015,2014,466,428.0,train,
upington,2015/2016,2015,415,466.0,train,
upington,2016/2017,2016,312,415.0,train,
upington,2017/2018,2017,313,312.0,train,
upington,2018/2019,2018,302,313.0,train,
upington,2019/2020,2019,369,302.0,train,
upington,2020/2021,2020,360,369.0,train,
upington,2021/2022,2021,388,360.0,train,
upington,2022/2023,2022,371,388.0,test,351.0182234882771
upington,2023/2024,2023,398,371.0,test,341.59404405085354
upington,2024/2025,2024,400,398.0,test,351.78717096809925
upper tugela,2011/2012,2011,52,52.0,train,
upper tugela,2012/2013,2012,47,52.0,train,
upper tugela,2013/2014,2013,38,47.0,train,
upper tugela,2014/2015,2014,32,38.0,train,
upper tugela,2015/2016,2015,49,32.0,train,
upper tugela,2016/2017,2016,36,49.0,train,
upper tugela,2017/2018,2017,32,36.0,train,
upper tugela,2018/2019,2018,39,32.0,train,
upper tugela,2019/2020,2019,26,39.0,train,
upper tugela,2020/2021,2020,37,26.0,train,
upper tugela,2021/2022,2021,19,37.0,train,
upper tugela,2022/2023,2022,27,19.0,test,23.91908660611589
upper tugela,2023/2024,2023,25,27.0,test,25.20589222906749
upper tugela,2024/2025,2024,30,25.0,test,24.666885569217488
utrecht,2011/2012,2011,94,56.0,train,
utrecht,2012/2013,2012,74,94.0,train,
utrecht,2013/2014,2013,74,74.0,train,
utrecht,2014/2015,2014,71,74.0,train,
utrecht,2015/2016,2015,89,71.0,train,
utrecht,2016/2017,2016,86,89.0,train,
utrecht,2017/2018,2017,73,86.0,train,
utrecht,2018/2019,2018,66,73.0,train,
utrecht,2019/2020,2019,71,66.0,train,
utrecht,2020/2021,2020,79,71.0,train,
utrecht,2021/2022,2021,82,79.0,train,
utrecht,2022/2023,2022,89,82.0,test,78.20602152291315
utrecht,2023/2024,2023,74,89.0,test,82.6738864481252
utrecht,2024/2025,2024,71,74.0,test,74.86470920198649
vaal marina,2011/2012,2011,0,0.0,train,
vaal marina,2012/2013,2012,37,0.0,train,
vaal marina,2013/2014,2013,28,37.0,train,
vaal marina,2014/2015,2014,29,28.0,train,
vaal marina,2015/2016,2015,49,29.0,train,
vaal marina,2016/2017,2016,40,49.0,train,
vaal marina,2017/2018,2017,60,40.0,train,
vaal marina,2018/2019,2018,42,60.0,train,
vaal marina,2019/2020,2019,28,42.0,train,
vaal marina,2020/2021,2020,19,28.0,train,
vaal marina,2021/2022,2021,21,19.0,train,
vaal marina,2022/2023,2022,53,21.0,test,18.369752027364793
vaal marina,2023/2024,2023,18,53.0,test,46.55591737430949
vaal marina,2024/2025,2024,26,18.0,test,23.57610352980245
vaalbank,2011/2012,2011,164,148.0,train,
vaalbank,2012/2013,2012,180,164.0,train,
vaalbank,2013/2014,2013,175,180.0,train,
vaalbank,2014/2015,2014,148,175.0,train,
vaalbank,2015/2016,2015,214,148.0,train,
vaalbank,2016/2017,2016,252,214.0,train,
vaalbank,2017/2018,2017,216,252.0,train,
vaalbank,2018/2019,2018,212,216.0,train,
vaalbank,2019/2020,2019,199,212.0,train,
vaalbank,2020/2021,2020,154,199.0,train,
vaalbank,2021/2022,2021,136,154.0,train,
vaalbank,2022/2023,2022,131,136.0,test,138.90827476809426
vaalbank,2023/2024,2023,116,131.0,test,125.55938264372546
vaalbank,2024/2025,2024,119,116.0,test,117.82854282019723
vaalwater,2011/2012,2011,65,71.0,train,
vaalwater,2012/2013,2012,92,65.0,train,
vaalwater,2013/2014,2013,100,92.0,train,
vaalwater,2014/2015,2014,102,100.0,train,
vaalwater,2015/2016,2015,76,102.0,train,
vaalwater,2016/2017,2016,63,76.0,train,
vaalwater,2017/2018,2017,114,63.0,train,
vaalwater,2018/2019,2018,137,114.0,train,
vaalwater,2019/2020,2019,109,137.0,train,
vaalwater,2020/2021,2020,116,109.0,train,
vaalwater,2021/2022,2021,66,116.0,train,
vaalwater,2022/2023,2022,82,66.0,test,69.08458237278575
vaalwater,2023/2024,2023,101,82.0,test,81.4238841162151
vaalwater,2024/2025,2024,80,101.0,test,93.58877610190328
val,2011/2012,2011,15,17.0,train,
val,2012/2013,2012,22,15.0,train,
val,2013/2014,2013,18,22.0,train,
val,2014/2015,2014,25,18.0,train,
val,2015/2016,2015,14,25.0,train,
val,2016/2017,2016,10,14.0,train,
val,2017/2018,2017,9,10.0,train,
val,2018/2019,2018,12,9.0,train,
val,2019/2020,2019,15,12.0,train,
val,2020/2021,2020,6,15.0,train,
val,2021/2022,2021,7,6.0,train,
val,2022/2023,2022,11,7.0,test,6.726921064041527
val,2023/2024,2023,4,11.0,test,8.539496774080753
val,2024/2025,2024,5,4.0,test,7.407561750255439
van reenen,2011/2012,2011,18,23.0,train,
van reenen,2012/2013,2012,10,18.0,train,
van reenen,2013/2014,2013,22,10.0,train,
van reenen,2014/2015,2014,23,22.0,train,
van reenen,2015/2016,2015,14,23.0,train,
van reenen,2016/2017,2016,19,14.0,train,
van reenen,2017/2018,2017,7,19.0,train,
van reenen,2018/2019,2018,20,7.0,train,
van reenen,2019/2020,2019,10,20.0,train,
van reenen,2020/2021,2020,8,10.0,train,
van reenen,2021/2022,2021,4,8.0,train,
van reenen,2022/2023,2022,4,4.0,test,5.810758813041791
van reenen,2023/2024,2023,10,4.0,test,4.516844910846986
van reenen,2024/2025,2024,17,10.0,test,8.235103371744092
van stadensrus,2011/2012,2011,10,5.0,train,
van stadensrus,2012/2013,2012,5,10.0,train,
van stadensrus,2013/2014,2013,12,5.0,train,
van stadensrus,2014/2015,2014,12,12.0,train,
van stadensrus,2015/2016,2015,9,12.0,train,
van stadensrus,2016/2017,2016,13,9.0,train,
van stadensrus,2017/2018,2017,6,13.0,train,
van stadensrus,2018/2019,2018,15,6.0,train,
van stadensrus,2019/2020,2019,18,15.0,train,
van stadensrus,2020/2021,2020,9,18.0,train,
van stadensrus,2021/2022,2021,6,9.0,train,
van stadensrus,2022/2023,2022,6,6.0,test,7.525901128180619
van stadensrus,2023/2024,2023,10,6.0,test,5.637813789035087
van stadensrus,2024/2025,2024,9,10.0,test,8.309578199772197
van zylsrus,2011/2012,2011,1,2.0,train,
van zylsrus,2012/2013,2012,2,1.0,train,
van zylsrus,2013/2014,2013,0,2.0,train,
van zylsrus,2014/2015,2014,0,0.0,train,
van zylsrus,2015/2016,2015,0,0.0,train,
van zylsrus,2016/2017,2016,1,0.0,train,
van zylsrus,2017/2018,2017,0,1.0,train,
van zylsrus,2018/2019,2018,1,0.0,train,
van zylsrus,2019/2020,2019,2,1.0,train,
van zylsrus,2020/2021,2020,1,2.0,train,
van zylsrus,2021/2022,2021,2,1.0,train,
van zylsrus,2022/2023,2022,0,2.0,test,1.671112841460663
van zylsrus,2023/2024,2023,3,0.0,test,0.9660499206577691
van zylsrus,2024/2025,2024,2,3.0,test,2.52235240123255
vanderbijlpark,2011/2012,2011,1453,1450.0,train,
vanderbijlpark,2012/2013,2012,1546,1453.0,train,
vanderbijlpark,2013/2014,2013,1846,1546.0,train,
vanderbijlpark,2014/2015,2014,1738,1846.0,train,
vanderbijlpark,2015/2016,2015,1808,1738.0,train,
vanderbijlpark,2016/2017,2016,2103,1808.0,train,
vanderbijlpark,2017/2018,2017,2001,2103.0,train,
vanderbijlpark,2018/2019,2018,1810,2001.0,train,
vanderbijlpark,2019/2020,2019,1489,1810.0,train,
vanderbijlpark,2020/2021,2020,1230,1489.0,train,
vanderbijlpark,2021/2022,2021,1268,1230.0,train,
vanderbijlpark,2022/2023,2022,1257,1268.0,test,1194.0997495032661
vanderbijlpark,2023/2024,2023,1204,1257.0,test,1186.538328373766
vanderbijlpark,2024/2025,2024,1109,1204.0,test,1147.4514196102414
vanderkloof,2011/2012,2011,3,5.0,train,
vanderkloof,2012/2013,2012,6,3.0,train,
vanderkloof,2013/2014,2013,11,6.0,train,
vanderkloof,2014/2015,2014,8,11.0,train,
vanderkloof,2015/2016,2015,5,8.0,train,
vanderkloof,2016/2017,2016,6,5.0,train,
vanderkloof,2017/2018,2017,2,6.0,train,
vanderkloof,2018/2019,2018,6,2.0,train,
vanderkloof,2019/2020,2019,9,6.0,train,
vanderkloof,2020/2021,2020,7,9.0,train,
vanderkloof,2021/2022,2021,16,7.0,train,
vanderkloof,2022/2023,2022,2,16.0,test,12.534882210725865
vanderkloof,2023/2024,2023,0,2.0,test,6.255630607466903
vanderkloof,2024/2025,2024,3,0.0,test,1.773653618269964
vanrhynsdorp,2011/2012,2011,30,28.0,train,
vanrhynsdorp,2012/2013,2012,26,30.0,train,
vanrhynsdorp,2013/2014,2013,35,26.0,train,
vanrhynsdorp,2014/2015,2014,32,35.0,train,
vanrhynsdorp,2015/2016,2015,37,32.0,train,
vanrhynsdorp,2016/2017,2016,31,37.0,train,
vanrhynsdorp,2017/2018,2017,26,31.0,train,
vanrhynsdorp,2018/2019,2018,37,26.0,train,
vanrhynsdorp,2019/2020,2019,30,37.0,train,
vanrhynsdorp,2020/2021,2020,25,30.0,train,
vanrhynsdorp,2021/2022,2021,35,25.0,train,
vanrhynsdorp,2022/2023,2022,32,35.0,test,28.902521867697935
vanrhynsdorp,2023/2024,2023,45,32.0,test,30.09093899804837
vanrhynsdorp,2024/2025,2024,28,45.0,test,38.55030002209619
vanwyksvlei,2011/2012,2011,5,6.0,train,
vanwyksvlei,2012/2013,2012,2,5.0,train,
vanwyksvlei,2013/2014,2013,3,2.0,train,
vanwyksvlei,2014/2015,2014,5,3.0,train,
vanwyksvlei,2015/2016,2015,8,5.0,train,
vanwyksvlei,2016/2017,2016,10,8.0,train,
vanwyksvlei,2017/2018,2017,7,10.0,train,
vanwyksvlei,2018/2019,2018,9,7.0,train,
vanwyksvlei,2019/2020,2019,12,9.0,train,
vanwyksvlei,2020/2021,2020,22,12.0,train,
vanwyksvlei,2021/2022,2021,14,22.0,train,
vanwyksvlei,2022/2023,2022,12,14.0,test,16.603373597662323
vanwyksvlei,2023/2024,2023,11,12.0,test,12.769353184008617
vanwyksvlei,2024/2025,2024,14,11.0,test,11.284658674403943
ventersburg,2011/2012,2011,63,39.0,train,
ventersburg,2012/2013,2012,75,63.0,train,
ventersburg,2013/2014,2013,70,75.0,train,
ventersburg,2014/2015,2014,51,70.0,train,
ventersburg,2015/2016,2015,72,51.0,train,
ventersburg,2016/2017,2016,70,72.0,train,
ventersburg,2017/2018,2017,88,70.0,train,
ventersburg,2018/2019,2018,74,88.0,train,
ventersburg,2019/2020,2019,73,74.0,train,
ventersburg,2020/2021,2020,86,73.0,train,
ventersburg,2021/2022,2021,62,86.0,train,
ventersburg,2022/2023,2022,177,62.0,test,64.46362724274736
ventersburg,2023/2024,2023,239,177.0,test,162.70392488190464
ventersburg,2024/2025,2024,89,239.0,test,219.6201905227408
ventersdorp,2011/2012,2011,200,220.0,train,
ventersdorp,2012/2013,2012,228,200.0,train,
ventersdorp,2013/2014,2013,286,228.0,train,
ventersdorp,2014/2015,2014,312,286.0,train,
ventersdorp,2015/2016,2015,292,312.0,train,
ventersdorp,2016/2017,2016,298,292.0,train,
ventersdorp,2017/2018,2017,307,298.0,train,
ventersdorp,2018/2019,2018,365,307.0,train,
ventersdorp,2019/2020,2019,295,365.0,train,
ventersdorp,2020/2021,2020,315,295.0,train,
ventersdorp,2021/2022,2021,269,315.0,train,
ventersdorp,2022/2023,2022,268,269.0,test,250.4167840748814
ventersdorp,2023/2024,2023,232,268.0,test,239.01890917407493
ventersdorp,2024/2025,2024,254,232.0,test,217.8574581467709
venterstad,2011/2012,2011,47,38.0,train,
venterstad,2012/2013,2012,36,47.0,train,
venterstad,2013/2014,2013,45,36.0,train,
venterstad,2014/2015,2014,26,45.0,train,
venterstad,2015/2016,2015,37,26.0,train,
venterstad,2016/2017,2016,40,37.0,train,
venterstad,2017/2018,2017,53,40.0,train,
venterstad,2018/2019,2018,49,53.0,train,
venterstad,2019/2020,2019,13,49.0,train,
venterstad,2020/2021,2020,13,13.0,train,
venterstad,2021/2022,2021,26,13.0,train,
venterstad,2022/2023,2022,13,26.0,test,20.83520610600769
venterstad,2023/2024,2023,20,13.0,test,18.12875653905317
venterstad,2024/2025,2024,24,20.0,test,17.392252580079592
vereeniging,2011/2012,2011,1555,1564.0,train,
vereeniging,2012/2013,2012,1589,1555.0,train,
vereeniging,2013/2014,2013,1645,1589.0,train,
vereeniging,2014/2015,2014,1819,1645.0,train,
vereeniging,2015/2016,2015,1861,1819.0,train,
vereeniging,2016/2017,2016,1792,1861.0,train,
vereeniging,2017/2018,2017,1780,1792.0,train,
vereeniging,2018/2019,2018,1346,1780.0,train,
vereeniging,2019/2020,2019,1087,1346.0,train,
vereeniging,2020/2021,2020,859,1087.0,train,
vereeniging,2021/2022,2021,923,859.0,train,
vereeniging,2022/2023,2022,796,923.0,test,879.6441040675629
vereeniging,2023/2024,2023,764,796.0,test,775.9765733623307
vereeniging,2024/2025,2024,706,764.0,test,725.5108894350875
verena,2011/2012,2011,104,75.0,train,
verena,2012/2013,2012,91,104.0,train,
verena,2013/2014,2013,76,91.0,train,
verena,2014/2015,2014,71,76.0,train,
verena,2015/2016,2015,71,71.0,train,
verena,2016/2017,2016,87,71.0,train,
verena,2017/2018,2017,81,87.0,train,
verena,2018/2019,2018,131,81.0,train,
verena,2019/2020,2019,122,131.0,train,
verena,2020/2021,2020,75,122.0,train,
verena,2021/2022,2021,86,75.0,train,
verena,2022/2023,2022,124,86.0,test,88.46515486517744
verena,2023/2024,2023,128,124.0,test,114.61301253171159
verena,2024/2025,2024,134,128.0,test,119.99384463176534
verkeerdevlei,2011/2012,2011,14,8.0,train,
verkeerdevlei,2012/2013,2012,23,14.0,train,
verkeerdevlei,2013/2014,2013,19,23.0,train,
verkeerdevlei,2014/2015,2014,22,19.0,train,
verkeerdevlei,2015/2016,2015,18,22.0,train,
verkeerdevlei,2016/2017,2016,16,18.0,train,
verkeerdevlei,2017/2018,2017,41,16.0,train,
verkeerdevlei,2018/2019,2018,12,41.0,train,
verkeerdevlei,2019/2020,2019,3,12.0,train,
verkeerdevlei,2020/2021,2020,5,3.0,train,
verkeerdevlei,2021/2022,2021,3,5.0,train,
verkeerdevlei,2022/2023,2022,4,3.0,test,3.295222791247595
verkeerdevlei,2023/2024,2023,7,4.0,test,3.8421568060039584
verkeerdevlei,2024/2025,2024,15,7.0,test,5.626271999796251
verkykerskop,2011/2012,2011,6,5.0,train,
verkykerskop,2012/2013,2012,11,6.0,train,
verkykerskop,2013/2014,2013,9,11.0,train,
verkykerskop,2014/2015,2014,11,9.0,train,
verkykerskop,2015/2016,2015,14,11.0,train,
verkykerskop,2016/2017,2016,12,14.0,train,
verkykerskop,2017/2018,2017,16,12.0,train,
verkykerskop,2018/2019,2018,12,16.0,train,
verkykerskop,2019/2020,2019,3,12.0,train,
verkykerskop,2020/2021,2020,5,3.0,train,
verkykerskop,2021/2022,2021,3,5.0,train,
verkykerskop,2022/2023,2022,4,3.0,test,3.0307973039648504
verkykerskop,2023/2024,2023,3,4.0,test,3.579863525271135
verkykerskop,2024/2025,2024,5,3.0,test,2.951391501689471
verulam,2011/2012,2011,877,914.0,train,
verulam,2012/2013,2012,895,877.0,train,
verulam,2013/2014,2013,901,895.0,train,
verulam,2014/2015,2014,945,901.0,train,
verulam,2015/2016,2015,922,945.0,train,
verulam,2016/2017,2016,711,922.0,train,
verulam,2017/2018,2017,684,711.0,train,
verulam,2018/2019,2018,987,684.0,train,
verulam,2019/2020,2019,1047,987.0,train,
verulam,2020/2021,2020,940,1047.0,train,
verulam,2021/2022,2021,1028,940.0,train,
verulam,2022/2023,2022,1042,1028.0,test,963.7654292366581
verulam,2023/2024,2023,1078,1042.0,test,983.8383340701337
verulam,2024/2025,2024,1118,1078.0,test,1015.7919291102605
vhulaudzi,2011/2012,2011,0,0.0,train,
vhulaudzi,2012/2013,2012,0,0.0,train,
vhulaudzi,2013/2014,2013,0,0.0,train,
vhulaudzi,2014/2015,2014,0,0.0,train,
vhulaudzi,2015/2016,2015,0,0.0,train,
vhulaudzi,2016/2017,2016,0,0.0,train,
vhulaudzi,2017/2018,2017,16,0.0,train,
vhulaudzi,2018/2019,2018,25,16.0,train,
vhulaudzi,2019/2020,2019,28,25.0,train,
vhulaudzi,2020/2021,2020,13,28.0,train,
vhulaudzi,2021/2022,2021,24,13.0,train,
vhulaudzi,2022/2023,2022,21,24.0,test,18.74094093459096
vhulaudzi,2023/2024,2023,24,21.0,test,20.34169159423037
vhulaudzi,2024/2025,2024,22,24.0,test,21.417130789732568
victoria west,2011/2012,2011,93,71.0,train,
victoria west,2012/2013,2012,102,93.0,train,
victoria west,2013/2014,2013,48,102.0,train,
victoria west,2014/2015,2014,54,48.0,train,
victoria west,2015/2016,2015,46,54.0,train,
victoria west,2016/2017,2016,48,46.0,train,
victoria west,2017/2018,2017,69,48.0,train,
victoria west,2018/2019,2018,50,69.0,train,
victoria west,2019/2020,2019,54,50.0,train,
victoria west,2020/2021,2020,55,54.0,train,
victoria west,2021/2022,2021,65,55.0,train,
victoria west,2022/2023,2022,94,65.0,test,59.336322808460025
victoria west,2023/2024,2023,64,94.0,test,87.84004998380615
victoria west,2024/2025,2024,68,64.0,test,63.18842704399335
vierfontein,2011/2012,2011,39,38.0,train,
vierfontein,2012/2013,2012,74,39.0,train,
vierfontein,2013/2014,2013,34,74.0,train,
vierfontein,2014/2015,2014,32,34.0,train,
vierfontein,2015/2016,2015,27,32.0,train,
vierfontein,2016/2017,2016,17,27.0,train,
vierfontein,2017/2018,2017,20,17.0,train,
vierfontein,2018/2019,2018,25,20.0,train,
vierfontein,2019/2020,2019,30,25.0,train,
vierfontein,2020/2021,2020,16,30.0,train,
vierfontein,2021/2022,2021,28,16.0,train,
vierfontein,2022/2023,2022,27,28.0,test,26.04481989420897
vierfontein,2023/2024,2023,22,27.0,test,26.1376536168011
vierfontein,2024/2025,2024,18,22.0,test,22.47515461548557
viljoensdrif,2011/2012,2011,21,45.0,train,
viljoensdrif,2012/2013,2012,37,21.0,train,
viljoensdrif,2013/2014,2013,46,37.0,train,
viljoensdrif,2014/2015,2014,31,46.0,train,
viljoensdrif,2015/2016,2015,25,31.0,train,
viljoensdrif,2016/2017,2016,6,25.0,train,
viljoensdrif,2017/2018,2017,13,6.0,train,
viljoensdrif,2018/2019,2018,21,13.0,train,
viljoensdrif,2019/2020,2019,16,21.0,train,
viljoensdrif,2020/2021,2020,14,16.0,train,
viljoensdrif,2021/2022,2021,12,14.0,train,
viljoensdrif,2022/2023,2022,18,12.0,test,13.494348279706923
viljoensdrif,2023/2024,2023,12,18.0,test,15.297688709744179
viljoensdrif,2024/2025,2024,12,12.0,test,15.644200525563384
viljoenskroon,2011/2012,2011,199,207.0,train,
viljoenskroon,2012/2013,2012,170,199.0,train,
viljoenskroon,2013/2014,2013,149,170.0,train,
viljoenskroon,2014/2015,2014,135,149.0,train,
viljoenskroon,2015/2016,2015,157,135.0,train,
viljoenskroon,2016/2017,2016,162,157.0,train,
viljoenskroon,2017/2018,2017,160,162.0,train,
viljoenskroon,2018/2019,2018,166,160.0,train,
viljoenskroon,2019/2020,2019,150,166.0,train,
viljoenskroon,2020/2021,2020,149,150.0,train,
viljoenskroon,2021/2022,2021,123,149.0,train,
viljoenskroon,2022/2023,2022,190,123.0,test,117.8057512562087
viljoenskroon,2023/2024,2023,141,190.0,test,156.63069339832538
viljoenskroon,2024/2025,2024,119,141.0,test,133.79351597344387
villa nora,2011/2012,2011,63,54.0,train,
villa nora,2012/2013,2012,50,63.0,train,
villa nora,2013/2014,2013,72,50.0,train,
villa nora,2014/2015,2014,66,72.0,train,
villa nora,2015/2016,2015,68,66.0,train,
villa nora,2016/2017,2016,77,68.0,train,
villa nora,2017/2018,2017,71,77.0,train,
villa nora,2018/2019,2018,83,71.0,train,
villa nora,2019/2020,2019,91,83.0,train,
villa nora,2020/2021,2020,68,91.0,train,
villa nora,2021/2022,2021,51,68.0,train,
villa nora,2022/2023,2022,48,51.0,test,52.6461727274451
villa nora,2023/2024,2023,65,48.0,test,50.225925781747996
villa nora,2024/2025,2024,63,65.0,test,59.73169830392236
villieria,2011/2012,2011,1266,1431.0,train,
villieria,2012/2013,2012,1316,1266.0,train,
villieria,2013/2014,2013,1268,1316.0,train,
villieria,2014/2015,2014,1255,1268.0,train,
villieria,2015/2016,2015,1373,1255.0,train,
villieria,2016/2017,2016,1321,1373.0,train,
villieria,2017/2018,2017,1113,1321.0,train,
villieria,2018/2019,2018,939,1113.0,train,
villieria,2019/2020,2019,934,939.0,train,
villieria,2020/2021,2020,692,934.0,train,
villieria,2021/2022,2021,742,692.0,train,
villieria,2022/2023,2022,792,742.0,test,694.8966259626081
villieria,2023/2024,2023,656,792.0,test,728.9929805468602
villieria,2024/2025,2024,517,656.0,test,635.6326942903092
villiers,2011/2012,2011,84,81.0,train,
villiers,2012/2013,2012,124,84.0,train,
villiers,2013/2014,2013,110,124.0,train,
villiers,2014/2015,2014,83,110.0,train,
villiers,2015/2016,2015,57,83.0,train,
villiers,2016/2017,2016,67,57.0,train,
villiers,2017/2018,2017,82,67.0,train,
villiers,2018/2019,2018,67,82.0,train,
villiers,2019/2020,2019,98,67.0,train,
villiers,2020/2021,2020,83,98.0,train,
villiers,2021/2022,2021,94,83.0,train,
villiers,2022/2023,2022,78,94.0,test,88.40600767192393
villiers,2023/2024,2023,57,78.0,test,84.20393626891484
villiers,2024/2025,2024,55,57.0,test,63.67796360489513
villiersdorp,2011/2012,2011,148,160.0,train,
villiersdorp,2012/2013,2012,183,148.0,train,
villiersdorp,2013/2014,2013,198,183.0,train,
villiersdorp,2014/2015,2014,275,198.0,train,
villiersdorp,2015/2016,2015,225,275.0,train,
villiersdorp,2016/2017,2016,228,225.0,train,
villiersdorp,2017/2018,2017,158,228.0,train,
villiersdorp,2018/2019,2018,241,158.0,train,
villiersdorp,2019/2020,2019,219,241.0,train,
villiersdorp,2020/2021,2020,172,219.0,train,
villiersdorp,2021/2022,2021,173,172.0,train,
villiersdorp,2022/2023,2022,177,173.0,test,169.05261565061963
villiersdorp,2023/2024,2023,165,177.0,test,163.84691493769293
villiersdorp,2024/2025,2024,165,165.0,test,156.0509891253358
vioolsdrif,2011/2012,2011,21,32.0,train,
vioolsdrif,2012/2013,2012,21,21.0,train,
vioolsdrif,2013/2014,2013,28,21.0,train,
vioolsdrif,2014/2015,2014,30,28.0,train,
vioolsdrif,2015/2016,2015,27,30.0,train,
vioolsdrif,2016/2017,2016,14,27.0,train,
vioolsdrif,2017/2018,2017,8,14.0,train,
vioolsdrif,2018/2019,2018,17,8.0,train,
vioolsdrif,2019/2020,2019,10,17.0,train,
vioolsdrif,2020/2021,2020,18,10.0,train,
vioolsdrif,2021/2022,2021,9,18.0,train,
vioolsdrif,2022/2023,2022,7,9.0,test,12.69070418637655
vioolsdrif,2023/2024,2023,10,7.0,test,8.444495564446663
vioolsdrif,2024/2025,2024,5,10.0,test,8.020726212656166
virginia,2011/2012,2011,325,289.0,train,
virginia,2012/2013,2012,400,325.0,train,
virginia,2013/2014,2013,456,400.0,train,
virginia,2014/2015,2014,370,456.0,train,
virginia,2015/2016,2015,301,370.0,train,
virginia,2016/2017,2016,294,301.0,train,
virginia,2017/2018,2017,352,294.0,train,
virginia,2018/2019,2018,319,352.0,train,
virginia,2019/2020,2019,276,319.0,train,
virginia,2020/2021,2020,251,276.0,train,
virginia,2021/2022,2021,328,251.0,train,
virginia,2022/2023,2022,335,328.0,test,280.7781142320089
virginia,2023/2024,2023,229,335.0,test,296.26097080980594
virginia,2024/2025,2024,258,229.0,test,226.28442793968267
volksrust,2011/2012,2011,190,217.0,train,
volksrust,2012/2013,2012,179,190.0,train,
volksrust,2013/2014,2013,209,179.0,train,
volksrust,2014/2015,2014,233,209.0,train,
volksrust,2015/2016,2015,218,233.0,train,
volksrust,2016/2017,2016,289,218.0,train,
volksrust,2017/2018,2017,283,289.0,train,
volksrust,2018/2019,2018,265,283.0,train,
volksrust,2019/2020,2019,251,265.0,train,
volksrust,2020/2021,2020,296,251.0,train,
volksrust,2021/2022,2021,227,296.0,train,
volksrust,2022/2023,2022,212,227.0,test,218.85776403335868
volksrust,2023/2024,2023,222,212.0,test,196.2325223166773
volksrust,2024/2025,2024,169,222.0,test,193.51753767277296
vorstershoop,2011/2012,2011,3,1.0,train,
vorstershoop,2012/2013,2012,1,3.0,train,
vorstershoop,2013/2014,2013,0,1.0,train,
vorstershoop,2014/2015,2014,0,0.0,train,
vorstershoop,2015/2016,2015,0,0.0,train,
vorstershoop,2016/2017,2016,0,0.0,train,
vorstershoop,2017/2018,2017,1,0.0,train,
vorstershoop,2018/2019,2018,2,1.0,train,
vorstershoop,2019/2020,2019,0,2.0,train,
vorstershoop,2020/2021,2020,0,0.0,train,
vorstershoop,2021/2022,2021,0,0.0,train,
vorstershoop,2022/2023,2022,1,0.0,test,3.2418348456356707
vorstershoop,2023/2024,2023,0,1.0,test,1.3011364921823385
vorstershoop,2024/2025,2024,0,0.0,test,1.02590249982807
vosburg,2011/2012,2011,14,10.0,train,
vosburg,2012/2013,2012,6,14.0,train,
vosburg,2013/2014,2013,11,6.0,train,
vosburg,2014/2015,2014,8,11.0,train,
vosburg,2015/2016,2015,2,8.0,train,
vosburg,2016/2017,2016,4,2.0,train,
vosburg,2017/2018,2017,10,4.0,train,
vosburg,2018/2019,2018,8,10.0,train,
vosburg,2019/2020,2019,5,8.0,train,
vosburg,2020/2021,2020,2,5.0,train,
vosburg,2021/2022,2021,6,2.0,train,
vosburg,2022/2023,2022,6,6.0,test,4.7505231121279525
vosburg,2023/2024,2023,5,6.0,test,5.881481265831124
vosburg,2024/2025,2024,4,5.0,test,4.819922685266093
vosloorus,2011/2012,2011,1239,1040.0,train,
vosloorus,2012/2013,2012,1100,1239.0,train,
vosloorus,2013/2014,2013,1028,1100.0,train,
vosloorus,2014/2015,2014,1050,1028.0,train,
vosloorus,2015/2016,2015,1043,1050.0,train,
vosloorus,2016/2017,2016,1052,1043.0,train,
vosloorus,2017/2018,2017,990,1052.0,train,
vosloorus,2018/2019,2018,1073,990.0,train,
vosloorus,2019/2020,2019,1046,1073.0,train,
vosloorus,2020/2021,2020,770,1046.0,train,
vosloorus,2021/2022,2021,592,770.0,train,
vosloorus,2022/2023,2022,642,592.0,test,609.5594430450942
vosloorus,2023/2024,2023,606,642.0,test,592.6943615292906
vosloorus,2024/2025,2024,617,606.0,test,558.9185299882647
vosman,2011/2012,2011,1190,1194.0,train,
vosman,2012/2013,2012,1335,1190.0,train,
vosman,2013/2014,2013,1463,1335.0,train,
vosman,2014/2015,2014,1514,1463.0,train,
vosman,2015/2016,2015,1505,1514.0,train,
vosman,2016/2017,2016,1387,1505.0,train,
vosman,2017/2018,2017,1354,1387.0,train,
vosman,2018/2019,2018,1357,1354.0,train,
vosman,2019/2020,2019,1236,1357.0,train,
vosman,2020/2021,2020,943,1236.0,train,
vosman,2021/2022,2021,874,943.0,train,
vosman,2022/2023,2022,932,874.0,test,860.2366482482623
vosman,2023/2024,2023,878,932.0,test,862.9209487942271
vosman,2024/2025,2024,964,878.0,test,823.0918229559487
vrede,2011/2012,2011,103,87.0,train,
vrede,2012/2013,2012,137,103.0,train,
vrede,2013/2014,2013,128,137.0,train,
vrede,2014/2015,2014,84,128.0,train,
vrede,2015/2016,2015,145,84.0,train,
vrede,2016/2017,2016,163,145.0,train,
vrede,2017/2018,2017,150,163.0,train,
vrede,2018/2019,2018,100,150.0,train,
vrede,2019/2020,2019,133,100.0,train,
vrede,2020/2021,2020,189,133.0,train,
vrede,2021/2022,2021,180,189.0,train,
vrede,2022/2023,2022,146,180.0,test,161.8939429331188
vrede,2023/2024,2023,160,146.0,test,136.07121526792523
vrede,2024/2025,2024,113,160.0,test,147.7625664484226
vredefort,2011/2012,2011,80,105.0,train,
vredefort,2012/2013,2012,82,80.0,train,
vredefort,2013/2014,2013,91,82.0,train,
vredefort,2014/2015,2014,91,91.0,train,
vredefort,2015/2016,2015,98,91.0,train,
vredefort,2016/2017,2016,69,98.0,train,
vredefort,2017/2018,2017,59,69.0,train,
vredefort,2018/2019,2018,47,59.0,train,
vredefort,2019/2020,2019,56,47.0,train,
vredefort,2020/2021,2020,43,56.0,train,
vredefort,2021/2022,2021,39,43.0,train,
vredefort,2022/2023,2022,58,39.0,test,40.75655467740807
vredefort,2023/2024,2023,56,58.0,test,54.25215803349963
vredefort,2024/2025,2024,89,56.0,test,55.46377027939279
vredenburg,2011/2012,2011,773,575.0,train,
vredenburg,2012/2013,2012,913,773.0,train,
vredenburg,2013/2014,2013,824,913.0,train,
vredenburg,2014/2015,2014,895,824.0,train,
vredenburg,2015/2016,2015,1143,895.0,train,
vredenburg,2016/2017,2016,1125,1143.0,train,
vredenburg,2017/2018,2017,952,1125.0,train,
vredenburg,2018/2019,2018,1020,952.0,train,
vredenburg,2019/2020,2019,969,1020.0,train,
vredenburg,2020/2021,2020,653,969.0,train,
vredenburg,2021/2022,2021,488,653.0,train,
vredenburg,2022/2023,2022,482,488.0,test,490.1397407524396
vredenburg,2023/2024,2023,499,482.0,test,452.69371334543206
vredenburg,2024/2025,2024,450,499.0,test,445.3545543986982
vredendal,2011/2012,2011,177,125.0,train,
vredendal,2012/2013,2012,233,177.0,train,
vredendal,2013/2014,2013,280,233.0,train,
vredendal,2014/2015,2014,242,280.0,train,
vredendal,2015/2016,2015,262,242.0,train,
vredendal,2016/2017,2016,226,262.0,train,
vredendal,2017/2018,2017,175,226.0,train,
vredendal,2018/2019,2018,202,175.0,train,
vredendal,2019/2020,2019,154,202.0,train,
vredendal,2020/2021,2020,194,154.0,train,
vredendal,2021/2022,2021,213,194.0,train,
vredendal,2022/2023,2022,226,213.0,test,180.95444721034104
vredendal,2023/2024,2023,196,226.0,test,197.0243332168243
vredendal,2024/2025,2024,159,196.0,test,177.48307953364736
vryburg,2011/2012,2011,394,371.0,train,
vryburg,2012/2013,2012,488,394.0,train,
vryburg,2013/2014,2013,347,488.0,train,
vryburg,2014/2015,2014,369,347.0,train,
vryburg,2015/2016,2015,424,369.0,train,
vryburg,2016/2017,2016,444,424.0,train,
vryburg,2017/2018,2017,460,444.0,train,
vryburg,2018/2019,2018,463,460.0,train,
vryburg,2019/2020,2019,407,463.0,train,
vryburg,2020/2021,2020,307,407.0,train,
vryburg,2021/2022,2021,318,307.0,train,
vryburg,2022/2023,2022,265,318.0,test,301.79497604383636
vryburg,2023/2024,2023,206,265.0,test,253.53263308106358
vryburg,2024/2025,2024,171,206.0,test,208.57330839721303
vryheid,2011/2012,2011,317,439.0,train,
vryheid,2012/2013,2012,347,317.0,train,
vryheid,2013/2014,2013,488,347.0,train,
vryheid,2014/2015,2014,625,488.0,train,
vryheid,2015/2016,2015,714,625.0,train,
vryheid,2016/2017,2016,638,714.0,train,
vryheid,2017/2018,2017,604,638.0,train,
vryheid,2018/2019,2018,532,604.0,train,
vryheid,2019/2020,2019,501,532.0,train,
vryheid,2020/2021,2020,462,501.0,train,
vryheid,2021/2022,2021,358,462.0,train,
vryheid,2022/2023,2022,598,358.0,test,359.3747474813461
vryheid,2023/2024,2023,571,598.0,test,523.3367634808333
vryheid,2024/2025,2024,445,571.0,test,510.0314694650766
vulindlela,2011/2012,2011,348,338.0,train,
vulindlela,2012/2013,2012,350,348.0,train,
vulindlela,2013/2014,2013,342,350.0,train,
vulindlela,2014/2015,2014,372,342.0,train,
vulindlela,2015/2016,2015,349,372.0,train,
vulindlela,2016/2017,2016,442,349.0,train,
vulindlela,2017/2018,2017,473,442.0,train,
vulindlela,2018/2019,2018,436,473.0,train,
vulindlela,2019/2020,2019,357,436.0,train,
vulindlela,2020/2021,2020,272,357.0,train,
vulindlela,2021/2022,2021,221,272.0,train,
vulindlela,2022/2023,2022,229,221.0,test,223.98196200720054
vulindlela,2023/2024,2023,235,229.0,test,213.28001147934822
vulindlela,2024/2025,2024,227,235.0,test,210.16004036966427
vuwani,2011/2012,2011,278,263.0,train,
vuwani,2012/2013,2012,248,278.0,train,
vuwani,2013/2014,2013,315,248.0,train,
vuwani,2014/2015,2014,238,315.0,train,
vuwani,2015/2016,2015,212,238.0,train,
vuwani,2016/2017,2016,223,212.0,train,
vuwani,2017/2018,2017,206,223.0,train,
vuwani,2018/2019,2018,186,206.0,train,
vuwani,2019/2020,2019,188,186.0,train,
vuwani,2020/2021,2020,172,188.0,train,
vuwani,2021/2022,2021,207,172.0,train,
vuwani,2022/2023,2022,191,207.0,test,184.69795502481986
vuwani,2023/2024,2023,210,191.0,test,175.77175746906858
vuwani,2024/2025,2024,254,210.0,test,187.78625891934055
wakkerstroom,2011/2012,2011,40,38.0,train,
wakkerstroom,2012/2013,2012,24,40.0,train,
wakkerstroom,2013/2014,2013,16,24.0,train,
wakkerstroom,2014/2015,2014,40,16.0,train,
wakkerstroom,2015/2016,2015,28,40.0,train,
wakkerstroom,2016/2017,2016,18,28.0,train,
wakkerstroom,2017/2018,2017,34,18.0,train,
wakkerstroom,2018/2019,2018,16,34.0,train,
wakkerstroom,2019/2020,2019,21,16.0,train,
wakkerstroom,2020/2021,2020,22,21.0,train,
wakkerstroom,2021/2022,2021,24,22.0,train,
wakkerstroom,2022/2023,2022,24,24.0,test,20.8324457497458
wakkerstroom,2023/2024,2023,13,24.0,test,23.283812830047804
wakkerstroom,2024/2025,2024,20,13.0,test,17.54546785169628
walmer,2011/2012,2011,1443,1304.0,train,
walmer,2012/2013,2012,1731,1443.0,train,
walmer,2013/2014,2013,1513,1731.0,train,
walmer,2014/2015,2014,1601,1513.0,train,
walmer,2015/2016,2015,1399,1601.0,train,
walmer,2016/2017,2016,1368,1399.0,train,
walmer,2017/2018,2017,1433,1368.0,train,
walmer,2018/2019,2018,1253,1433.0,train,
walmer,2019/2020,2019,1187,1253.0,train,
walmer,2020/2021,2020,1073,1187.0,train,
walmer,2021/2022,2021,922,1073.0,train,
walmer,2022/2023,2022,1079,922.0,test,875.7928845624683
walmer,2023/2024,2023,1005,1079.0,test,993.9122997819302
walmer,2024/2025,2024,845,1005.0,test,937.0070846908488
wanda,2011/2012,2011,0,2.0,train,
wanda,2012/2013,2012,2,0.0,train,
wanda,2013/2014,2013,0,2.0,train,
wanda,2014/2015,2014,0,0.0,train,
wanda,2015/2016,2015,0,0.0,train,
wanda,2016/2017,2016,0,0.0,train,
wanda,2017/2018,2017,0,0.0,train,
wanda,2018/2019,2018,0,0.0,train,
wanda,2019/2020,2019,0,0.0,train,
wanda,2020/2021,2020,1,0.0,train,
wanda,2021/2022,2021,1,1.0,train,
wanda,2022/2023,2022,0,1.0,test,1.898036663819297
wanda,2023/2024,2023,0,0.0,test,1.4774781105234593
wanda,2024/2025,2024,0,0.0,test,1.9892490701375563
warden,2011/2012,2011,99,83.0,train,
warden,2012/2013,2012,112,99.0,train,
warden,2013/2014,2013,102,112.0,train,
warden,2014/2015,2014,98,102.0,train,
warden,2015/2016,2015,132,98.0,train,
warden,2016/2017,2016,149,132.0,train,
warden,2017/2018,2017,124,149.0,train,
warden,2018/2019,2018,123,124.0,train,
warden,2019/2020,2019,76,123.0,train,
warden,2020/2021,2020,97,76.0,train,
warden,2021/2022,2021,74,97.0,train,
warden,2022/2023,2022,78,74.0,test,78.75482042995468
warden,2023/2024,2023,66,78.0,test,76.17495720562793
warden,2024/2025,2024,103,66.0,test,71.56858858469278
warrenton,2011/2012,2011,214,230.0,train,
warrenton,2012/2013,2012,231,214.0,train,
warrenton,2013/2014,2013,243,231.0,train,
warrenton,2014/2015,2014,230,243.0,train,
warrenton,2015/2016,2015,264,230.0,train,
warrenton,2016/2017,2016,288,264.0,train,
warrenton,2017/2018,2017,253,288.0,train,
warrenton,2018/2019,2018,175,253.0,train,
warrenton,2019/2020,2019,200,175.0,train,
warrenton,2020/2021,2020,182,200.0,train,
warrenton,2021/2022,2021,180,182.0,train,
warrenton,2022/2023,2022,151,180.0,test,170.89877256189965
warrenton,2023/2024,2023,124,151.0,test,144.42718604902038
warrenton,2024/2025,2024,112,124.0,test,118.4522431162871
wartburg,2011/2012,2011,63,65.0,train,
wartburg,2012/2013,2012,67,63.0,train,
wartburg,2013/2014,2013,78,67.0,train,
wartburg,2014/2015,2014,59,78.0,train,
wartburg,2015/2016,2015,60,59.0,train,
wartburg,2016/2017,2016,82,60.0,train,
wartburg,2017/2018,2017,59,82.0,train,
wartburg,2018/2019,2018,75,59.0,train,
wartburg,2019/2020,2019,72,75.0,train,
wartburg,2020/2021,2020,74,72.0,train,
wartburg,2021/2022,2021,51,74.0,train,
wartburg,2022/2023,2022,65,51.0,test,54.54037975890461
wartburg,2023/2024,2023,62,65.0,test,62.26846682165826
wartburg,2024/2025,2024,41,62.0,test,62.24110617905433
wasbank,2011/2012,2011,19,34.0,train,
wasbank,2012/2013,2012,16,19.0,train,
wasbank,2013/2014,2013,14,16.0,train,
wasbank,2014/2015,2014,17,14.0,train,
wasbank,2015/2016,2015,16,17.0,train,
wasbank,2016/2017,2016,15,16.0,train,
wasbank,2017/2018,2017,5,15.0,train,
wasbank,2018/2019,2018,13,5.0,train,
wasbank,2019/2020,2019,5,13.0,train,
wasbank,2020/2021,2020,11,5.0,train,
wasbank,2021/2022,2021,14,11.0,train,
wasbank,2022/2023,2022,13,14.0,test,10.950955926965861
wasbank,2023/2024,2023,19,13.0,test,13.04426478773873
wasbank,2024/2025,2024,5,19.0,test,14.84259884251551
waterpoort,2011/2012,2011,17,17.0,train,
waterpoort,2012/2013,2012,12,17.0,train,
waterpoort,2013/2014,2013,11,12.0,train,
waterpoort,2014/2015,2014,10,11.0,train,
waterpoort,2015/2016,2015,16,10.0,train,
waterpoort,2016/2017,2016,7,16.0,train,
waterpoort,2017/2018,2017,15,7.0,train,
waterpoort,2018/2019,2018,14,15.0,train,
waterpoort,2019/2020,2019,11,14.0,train,
waterpoort,2020/2021,2020,17,11.0,train,
waterpoort,2021/2022,2021,6,17.0,train,
waterpoort,2022/2023,2022,11,6.0,test,9.625854762209897
waterpoort,2023/2024,2023,11,11.0,test,8.75326878491812
waterpoort,2024/2025,2024,9,11.0,test,10.900783400283194
waterval,2011/2012,2011,292,240.0,train,
waterval,2012/2013,2012,257,292.0,train,
waterval,2013/2014,2013,400,257.0,train,
waterval,2014/2015,2014,348,400.0,train,
waterval,2015/2016,2015,372,348.0,train,
waterval,2016/2017,2016,369,372.0,train,
waterval,2017/2018,2017,281,369.0,train,
waterval,2018/2019,2018,312,281.0,train,
waterval,2019/2020,2019,328,312.0,train,
waterval,2020/2021,2020,239,328.0,train,
waterval,2021/2022,2021,270,239.0,train,
waterval,2022/2023,2022,189,270.0,test,249.610027729063
waterval,2023/2024,2023,180,189.0,test,192.89086844470208
waterval,2024/2025,2024,215,180.0,test,178.6716237390165
waterval boven,2011/2012,2011,99,76.0,train,
waterval boven,2012/2013,2012,102,99.0,train,
waterval boven,2013/2014,2013,63,102.0,train,
waterval boven,2014/2015,2014,63,63.0,train,
waterval boven,2015/2016,2015,77,63.0,train,
waterval boven,2016/2017,2016,83,77.0,train,
waterval boven,2017/2018,2017,68,83.0,train,
waterval boven,2018/2019,2018,75,68.0,train,
waterval boven,2019/2020,2019,71,75.0,train,
waterval boven,2020/2021,2020,63,71.0,train,
waterval boven,2021/2022,2021,83,63.0,train,
waterval boven,2022/2023,2022,76,83.0,test,78.36066036357768
waterval boven,2023/2024,2023,123,76.0,test,76.3484343399646
waterval boven,2024/2025,2024,47,123.0,test,108.61331275161635
wedela,2011/2012,2011,108,130.0,train,
wedela,2012/2013,2012,152,108.0,train,
wedela,2013/2014,2013,143,152.0,train,
wedela,2014/2015,2014,103,143.0,train,
wedela,2015/2016,2015,84,103.0,train,
wedela,2016/2017,2016,93,84.0,train,
wedela,2017/2018,2017,105,93.0,train,
wedela,2018/2019,2018,125,105.0,train,
wedela,2019/2020,2019,121,125.0,train,
wedela,2020/2021,2020,128,121.0,train,
wedela,2021/2022,2021,66,128.0,train,
wedela,2022/2023,2022,130,66.0,test,76.42738816064265
wedela,2023/2024,2023,92,130.0,test,123.25853255159437
wedela,2024/2025,2024,84,92.0,test,93.41975872488429
weenen,2011/2012,2011,38,33.0,train,
weenen,2012/2013,2012,34,38.0,train,
weenen,2013/2014,2013,47,34.0,train,
weenen,2014/2015,2014,48,47.0,train,
weenen,2015/2016,2015,48,48.0,train,
weenen,2016/2017,2016,58,48.0,train,
weenen,2017/2018,2017,40,58.0,train,
weenen,2018/2019,2018,49,40.0,train,
weenen,2019/2020,2019,47,49.0,train,
weenen,2020/2021,2020,45,47.0,train,
weenen,2021/2022,2021,55,45.0,train,
weenen,2022/2023,2022,38,55.0,test,50.52381782886109
weenen,2023/2024,2023,40,38.0,test,41.308604374115475
weenen,2024/2025,2024,33,40.0,test,41.36829250952324
welbekend,2011/2012,2011,219,285.0,train,
welbekend,2012/2013,2012,244,219.0,train,
welbekend,2013/2014,2013,297,244.0,train,
welbekend,2014/2015,2014,377,297.0,train,
welbekend,2015/2016,2015,329,377.0,train,
welbekend,2016/2017,2016,375,329.0,train,
welbekend,2017/2018,2017,265,375.0,train,
welbekend,2018/2019,2018,242,265.0,train,
welbekend,2019/2020,2019,280,242.0,train,
welbekend,2020/2021,2020,247,280.0,train,
welbekend,2021/2022,2021,263,247.0,train,
welbekend,2022/2023,2022,238,263.0,test,239.51735677801224
welbekend,2023/2024,2023,258,238.0,test,227.3064198374998
welbekend,2024/2025,2024,170,258.0,test,233.71220481589523
welkom,2011/2012,2011,1232,962.0,train,
welkom,2012/2013,2012,1587,1232.0,train,
welkom,2013/2014,2013,1584,1587.0,train,
welkom,2014/2015,2014,1365,1584.0,train,
welkom,2015/2016,2015,1421,1365.0,train,
welkom,2016/2017,2016,1433,1421.0,train,
welkom,2017/2018,2017,1504,1433.0,train,
welkom,2018/2019,2018,1493,1504.0,train,
welkom,2019/2020,2019,1184,1493.0,train,
welkom,2020/2021,2020,909,1184.0,train,
welkom,2021/2022,2021,1069,909.0,train,
welkom,2022/2023,2022,1154,1069.0,test,978.4499191138509
welkom,2023/2024,2023,1082,1154.0,test,1058.6007759048164
welkom,2024/2025,2024,827,1082.0,test,994.1088132212362
wellington,2011/2012,2011,707,659.0,train,
wellington,2012/2013,2012,704,707.0,train,
wellington,2013/2014,2013,748,704.0,train,
wellington,2014/2015,2014,928,748.0,train,
wellington,2015/2016,2015,832,928.0,train,
wellington,2016/2017,2016,830,832.0,train,
wellington,2017/2018,2017,785,830.0,train,
wellington,2018/2019,2018,857,785.0,train,
wellington,2019/2020,2019,738,857.0,train,
wellington,2020/2021,2020,669,738.0,train,
wellington,2021/2022,2021,588,669.0,train,
wellington,2022/2023,2022,573,588.0,test,530.4412062168701
wellington,2023/2024,2023,554,573.0,test,507.361386801536
wellington,2024/2025,2024,418,554.0,test,487.82637565999414
wembezi,2011/2012,2011,63,94.0,train,
wembezi,2012/2013,2012,71,63.0,train,
wembezi,2013/2014,2013,91,71.0,train,
wembezi,2014/2015,2014,89,91.0,train,
wembezi,2015/2016,2015,70,89.0,train,
wembezi,2016/2017,2016,83,70.0,train,
wembezi,2017/2018,2017,95,83.0,train,
wembezi,2018/2019,2018,109,95.0,train,
wembezi,2019/2020,2019,85,109.0,train,
wembezi,2020/2021,2020,60,85.0,train,
wembezi,2021/2022,2021,90,60.0,train,
wembezi,2022/2023,2022,103,90.0,test,86.87355651650735
wembezi,2023/2024,2023,65,103.0,test,96.10148085667308
wembezi,2024/2025,2024,85,65.0,test,67.22002220015398
wentworth,2011/2012,2011,433,447.0,train,
wentworth,2012/2013,2012,546,433.0,train,
wentworth,2013/2014,2013,406,546.0,train,
wentworth,2014/2015,2014,423,406.0,train,
wentworth,2015/2016,2015,498,423.0,train,
wentworth,2016/2017,2016,368,498.0,train,
wentworth,2017/2018,2017,402,368.0,train,
wentworth,2018/2019,2018,434,402.0,train,
wentworth,2019/2020,2019,459,434.0,train,
wentworth,2020/2021,2020,305,459.0,train,
wentworth,2021/2022,2021,324,305.0,train,
wentworth,2022/2023,2022,311,324.0,test,323.5579260814833
wentworth,2023/2024,2023,393,311.0,test,295.68854442595705
wentworth,2024/2025,2024,326,393.0,test,369.54699108815566
wepener,2011/2012,2011,46,37.0,train,
wepener,2012/2013,2012,63,46.0,train,
wepener,2013/2014,2013,63,63.0,train,
wepener,2014/2015,2014,56,63.0,train,
wepener,2015/2016,2015,55,56.0,train,
wepener,2016/2017,2016,63,55.0,train,
wepener,2017/2018,2017,75,63.0,train,
wepener,2018/2019,2018,67,75.0,train,
wepener,2019/2020,2019,51,67.0,train,
wepener,2020/2021,2020,41,51.0,train,
wepener,2021/2022,2021,48,41.0,train,
wepener,2022/2023,2022,46,48.0,test,46.33426938384867
wepener,2023/2024,2023,50,46.0,test,45.03716417180258
wepener,2024/2025,2024,24,50.0,test,48.83312376905366
wesselsbron,2011/2012,2011,146,168.0,train,
wesselsbron,2012/2013,2012,150,146.0,train,
wesselsbron,2013/2014,2013,147,150.0,train,
wesselsbron,2014/2015,2014,140,147.0,train,
wesselsbron,2015/2016,2015,128,140.0,train,
wesselsbron,2016/2017,2016,157,128.0,train,
wesselsbron,2017/2018,2017,137,157.0,train,
wesselsbron,2018/2019,2018,192,137.0,train,
wesselsbron,2019/2020,2019,216,192.0,train,
wesselsbron,2020/2021,2020,134,216.0,train,
wesselsbron,2021/2022,2021,168,134.0,train,
wesselsbron,2022/2023,2022,138,168.0,test,158.92356204561096
wesselsbron,2023/2024,2023,150,138.0,test,129.9942077656483
wesselsbron,2024/2025,2024,148,150.0,test,142.00354122306152
westenburg,2011/2012,2011,0,0.0,train,
westenburg,2012/2013,2012,949,0.0,train,
westenburg,2013/2014,2013,1117,949.0,train,
westenburg,2014/2015,2014,1119,1117.0,train,
westenburg,2015/2016,2015,1069,1119.0,train,
westenburg,2016/2017,2016,893,1069.0,train,
westenburg,2017/2018,2017,898,893.0,train,
westenburg,2018/2019,2018,845,898.0,train,
westenburg,2019/2020,2019,921,845.0,train,
westenburg,2020/2021,2020,668,921.0,train,
westenburg,2021/2022,2021,666,668.0,train,
westenburg,2022/2023,2022,665,666.0,test,607.855365981827
westenburg,2023/2024,2023,511,665.0,test,588.9998082245736
westenburg,2024/2025,2024,394,511.0,test,491.4772742925858
westonaria,2011/2012,2011,1429,1245.0,train,
westonaria,2012/2013,2012,672,1429.0,train,
westonaria,2013/2014,2013,616,672.0,train,
westonaria,2014/2015,2014,602,616.0,train,
westonaria,2015/2016,2015,669,602.0,train,
westonaria,2016/2017,2016,637,669.0,train,
westonaria,2017/2018,2017,600,637.0,train,
westonaria,2018/2019,2018,559,600.0,train,
westonaria,2019/2020,2019,498,559.0,train,
westonaria,2020/2021,2020,433,498.0,train,
westonaria,2021/2022,2021,541,433.0,train,
westonaria,2022/2023,2022,473,541.0,test,498.0097063468461
westonaria,2023/2024,2023,425,473.0,test,465.99318923317423
westonaria,2024/2025,2024,377,425.0,test,429.4616641397044
westville,2011/2012,2011,1167,1124.0,train,
westville,2012/2013,2012,1267,1167.0,train,
westville,2013/2014,2013,1077,1267.0,train,
westville,2014/2015,2014,926,1077.0,train,
westville,2015/2016,2015,886,926.0,train,
westville,2016/2017,2016,886,886.0,train,
westville,2017/2018,2017,695,886.0,train,
westville,2018/2019,2018,652,695.0,train,
westville,2019/2020,2019,663,652.0,train,
westville,2020/2021,2020,611,663.0,train,
westville,2021/2022,2021,436,611.0,train,
westville,2022/2023,2022,423,436.0,test,463.03494740888317
westville,2023/2024,2023,468,423.0,test,418.3745364829083
westville,2024/2025,2024,520,468.0,test,436.97066298337955
whittlesea,2011/2012,2011,108,105.0,train,
whittlesea,2012/2013,2012,98,108.0,train,
whittlesea,2013/2014,2013,110,98.0,train,
whittlesea,2014/2015,2014,109,110.0,train,
whittlesea,2015/2016,2015,144,109.0,train,
whittlesea,2016/2017,2016,166,144.0,train,
whittlesea,2017/2018,2017,163,166.0,train,
whittlesea,2018/2019,2018,135,163.0,train,
whittlesea,2019/2020,2019,192,135.0,train,
whittlesea,2020/2021,2020,130,192.0,train,
whittlesea,2021/2022,2021,212,130.0,train,
whittlesea,2022/2023,2022,214,212.0,test,181.05073144660128
whittlesea,2023/2024,2023,185,214.0,test,173.8313336322671
whittlesea,2024/2025,2024,211,185.0,test,181.47398239206805
wierdabrug,2011/2012,2011,3247,4369.0,train,
wierdabrug,2012/2013,2012,3093,3247.0,train,
wierdabrug,2013/2014,2013,2918,3093.0,train,
wierdabrug,2014/2015,2014,2579,2918.0,train,
wierdabrug,2015/2016,2015,2479,2579.0,train,
wierdabrug,2016/2017,2016,2743,2479.0,train,
wierdabrug,2017/2018,2017,2447,2743.0,train,
wierdabrug,2018/2019,2018,2249,2447.0,train,
wierdabrug,2019/2020,2019,2550,2249.0,train,
wierdabrug,2020/2021,2020,1778,2550.0,train,
wierdabrug,2021/2022,2021,1808,1778.0,train,
wierdabrug,2022/2023,2022,1652,1808.0,test,1701.5431158893136
wierdabrug,2023/2024,2023,1771,1652.0,test,1549.0993696959101
wierdabrug,2024/2025,2024,1361,1771.0,test,1612.857173271202
williston,2011/2012,2011,16,15.0,train,
williston,2012/2013,2012,27,16.0,train,
williston,2013/2014,2013,29,27.0,train,
williston,2014/2015,2014,10,29.0,train,
williston,2015/2016,2015,15,10.0,train,
williston,2016/2017,2016,9,15.0,train,
williston,2017/2018,2017,15,9.0,train,
williston,2018/2019,2018,19,15.0,train,
williston,2019/2020,2019,23,19.0,train,
williston,2020/2021,2020,17,23.0,train,
williston,2021/2022,2021,18,17.0,train,
williston,2022/2023,2022,11,18.0,test,17.338341128769777
williston,2023/2024,2023,13,11.0,test,14.382049749111543
williston,2024/2025,2024,12,13.0,test,12.265520060673536
willowmore,2011/2012,2011,35,34.0,train,
willowmore,2012/2013,2012,34,35.0,train,
willowmore,2013/2014,2013,42,34.0,train,
willowmore,2014/2015,2014,41,42.0,train,
willowmore,2015/2016,2015,52,41.0,train,
willowmore,2016/2017,2016,65,52.0,train,
willowmore,2017/2018,2017,61,65.0,train,
willowmore,2018/2019,2018,85,61.0,train,
willowmore,2019/2020,2019,59,85.0,train,
willowmore,2020/2021,2020,102,59.0,train,
willowmore,2021/2022,2021,91,102.0,train,
willowmore,2022/2023,2022,99,91.0,test,85.56340322607096
willowmore,2023/2024,2023,98,99.0,test,91.44575189893153
willowmore,2024/2025,2024,76,98.0,test,89.83947790502998
willowvale,2011/2012,2011,125,116.0,train,
willowvale,2012/2013,2012,132,125.0,train,
willowvale,2013/2014,2013,171,132.0,train,
willowvale,2014/2015,2014,175,171.0,train,
willowvale,2015/2016,2015,183,175.0,train,
willowvale,2016/2017,2016,165,183.0,train,
willowvale,2017/2018,2017,178,165.0,train,
willowvale,2018/2019,2018,152,178.0,train,
willowvale,2019/2020,2019,138,152.0,train,
willowvale,2020/2021,2020,151,138.0,train,
willowvale,2021/2022,2021,144,151.0,train,
willowvale,2022/2023,2022,118,144.0,test,137.19280374795488
willowvale,2023/2024,2023,122,118.0,test,117.36757607503716
willowvale,2024/2025,2024,110,122.0,test,116.13611404133344
winburg,2011/2012,2011,98,83.0,train,
winburg,2012/2013,2012,89,98.0,train,
winburg,2013/2014,2013,54,89.0,train,
winburg,2014/2015,2014,77,54.0,train,
winburg,2015/2016,2015,96,77.0,train,
winburg,2016/2017,2016,76,96.0,train,
winburg,2017/2018,2017,85,76.0,train,
winburg,2018/2019,2018,66,85.0,train,
winburg,2019/2020,2019,82,66.0,train,
winburg,2020/2021,2020,45,82.0,train,
winburg,2021/2022,2021,74,45.0,train,
winburg,2022/2023,2022,96,74.0,test,68.47725297753614
winburg,2023/2024,2023,51,96.0,test,88.93929502432704
winburg,2024/2025,2024,44,51.0,test,54.06104617095221
windsorton,2011/2012,2011,32,18.0,train,
windsorton,2012/2013,2012,20,32.0,train,
windsorton,2013/2014,2013,48,20.0,train,
windsorton,2014/2015,2014,64,48.0,train,
windsorton,2015/2016,2015,48,64.0,train,
windsorton,2016/2017,2016,85,48.0,train,
windsorton,2017/2018,2017,77,85.0,train,
windsorton,2018/2019,2018,76,77.0,train,
windsorton,2019/2020,2019,60,76.0,train,
windsorton,2020/2021,2020,40,60.0,train,
windsorton,2021/2022,2021,24,40.0,train,
windsorton,2022/2023,2022,47,24.0,test,28.37580908450652
windsorton,2023/2024,2023,58,47.0,test,42.04606879359093
windsorton,2024/2025,2024,49,58.0,test,52.97404923282718
winterton,2011/2012,2011,113,154.0,train,
winterton,2012/2013,2012,137,113.0,train,
winterton,2013/2014,2013,127,137.0,train,
winterton,2014/2015,2014,101,127.0,train,
winterton,2015/2016,2015,88,101.0,train,
winterton,2016/2017,2016,123,88.0,train,
winterton,2017/2018,2017,81,123.0,train,
winterton,2018/2019,2018,75,81.0,train,
winterton,2019/2020,2019,97,75.0,train,
winterton,2020/2021,2020,104,97.0,train,
winterton,2021/2022,2021,88,104.0,train,
winterton,2022/2023,2022,61,88.0,test,87.24258921988317
winterton,2023/2024,2023,49,61.0,test,66.68369664506704
winterton,2024/2025,2024,61,49.0,test,52.245191069054165
witbank,2011/2012,2011,3162,2456.0,train,
witbank,2012/2013,2012,3102,3162.0,train,
witbank,2013/2014,2013,3279,3102.0,train,
witbank,2014/2015,2014,3341,3279.0,train,
witbank,2015/2016,2015,3103,3341.0,train,
witbank,2016/2017,2016,3130,3103.0,train,
witbank,2017/2018,2017,2884,3130.0,train,
witbank,2018/2019,2018,2829,2884.0,train,
witbank,2019/2020,2019,2747,2829.0,train,
witbank,2020/2021,2020,1730,2747.0,train,
witbank,2021/2022,2021,1714,1730.0,train,
witbank,2022/2023,2022,1636,1714.0,test,1640.8245340765627
witbank,2023/2024,2023,1772,1636.0,test,1517.7230717902107
witbank,2024/2025,2024,1525,1772.0,test,1602.679078409711
witdraai,2011/2012,2011,2,4.0,train,
witdraai,2012/2013,2012,1,2.0,train,
witdraai,2013/2014,2013,3,1.0,train,
witdraai,2014/2015,2014,4,3.0,train,
witdraai,2015/2016,2015,8,4.0,train,
witdraai,2016/2017,2016,4,8.0,train,
witdraai,2017/2018,2017,3,4.0,train,
witdraai,2018/2019,2018,3,3.0,train,
witdraai,2019/2020,2019,6,3.0,train,
witdraai,2020/2021,2020,2,6.0,train,
witdraai,2021/2022,2021,1,2.0,train,
witdraai,2022/2023,2022,2,1.0,test,1.775156644005666
witdraai,2023/2024,2023,5,2.0,test,1.596505748967864
witdraai,2024/2025,2024,1,5.0,test,3.9437717436357005
witpoort,2011/2012,2011,53,45.0,train,
witpoort,2012/2013,2012,43,53.0,train,
witpoort,2013/2014,2013,38,43.0,train,
witpoort,2014/2015,2014,38,38.0,train,
witpoort,2015/2016,2015,61,38.0,train,
witpoort,2016/2017,2016,49,61.0,train,
witpoort,2017/2018,2017,44,49.0,train,
witpoort,2018/2019,2018,62,44.0,train,
witpoort,2019/2020,2019,43,62.0,train,
witpoort,2020/2021,2020,43,43.0,train,
witpoort,2021/2022,2021,48,43.0,train,
witpoort,2022/2023,2022,56,48.0,test,45.243843333853256
witpoort,2023/2024,2023,31,56.0,test,53.20185650522835
witpoort,2024/2025,2024,38,31.0,test,34.34969974152392
witrivier,2011/2012,2011,741,515.0,train,
witrivier,2012/2013,2012,717,741.0,train,
witrivier,2013/2014,2013,555,717.0,train,
witrivier,2014/2015,2014,538,555.0,train,
witrivier,2015/2016,2015,645,538.0,train,
witrivier,2016/2017,2016,489,645.0,train,
witrivier,2017/2018,2017,536,489.0,train,
witrivier,2018/2019,2018,515,536.0,train,
witrivier,2019/2020,2019,518,515.0,train,
witrivier,2020/2021,2020,402,518.0,train,
witrivier,2021/2022,2021,396,402.0,train,
witrivier,2022/2023,2022,454,396.0,test,380.0703048644213
witrivier,2023/2024,2023,443,454.0,test,415.86413105465857
witrivier,2024/2025,2024,339,443.0,test,407.01712874390233
wolmaransstad,2011/2012,2011,266,290.0,train,
wolmaransstad,2012/2013,2012,247,266.0,train,
wolmaransstad,2013/2014,2013,247,247.0,train,
wolmaransstad,2014/2015,2014,221,247.0,train,
wolmaransstad,2015/2016,2015,222,221.0,train,
wolmaransstad,2016/2017,2016,334,222.0,train,
wolmaransstad,2017/2018,2017,316,334.0,train,
wolmaransstad,2018/2019,2018,334,316.0,train,
wolmaransstad,2019/2020,2019,312,334.0,train,
wolmaransstad,2020/2021,2020,315,312.0,train,
wolmaransstad,2021/2022,2021,308,315.0,train,
wolmaransstad,2022/2023,2022,436,308.0,test,272.02906882509745
wolmaransstad,2023/2024,2023,373,436.0,test,391.09934796182847
wolmaransstad,2024/2025,2024,270,373.0,test,361.19855572805307
wolseley,2011/2012,2011,153,195.0,train,
wolseley,2012/2013,2012,162,153.0,train,
wolseley,2013/2014,2013,209,162.0,train,
wolseley,2014/2015,2014,195,209.0,train,
wolseley,2015/2016,2015,219,195.0,train,
wolseley,2016/2017,2016,177,219.0,train,
wolseley,2017/2018,2017,185,177.0,train,
wolseley,2018/2019,2018,194,185.0,train,
wolseley,2019/2020,2019,174,194.0,train,
wolseley,2020/2021,2020,142,174.0,train,
wolseley,2021/2022,2021,107,142.0,train,
wolseley,2022/2023,2022,134,107.0,test,103.11004023156677
wolseley,2023/2024,2023,142,134.0,test,124.3487349061402
wolseley,2024/2025,2024,109,142.0,test,129.6988837801862
wolwefontein,2011/2012,2011,4,10.0,train,
wolwefontein,2012/2013,2012,4,4.0,train,
wolwefontein,2013/2014,2013,2,4.0,train,
wolwefontein,2014/2015,2014,5,2.0,train,
wolwefontein,2015/2016,2015,4,5.0,train,
wolwefontein,2016/2017,2016,8,4.0,train,
wolwefontein,2017/2018,2017,5,8.0,train,
wolwefontein,2018/2019,2018,4,5.0,train,
wolwefontein,2019/2020,2019,6,4.0,train,
wolwefontein,2020/2021,2020,3,6.0,train,
wolwefontein,2021/2022,2021,3,3.0,train,
wolwefontein,2022/2023,2022,2,3.0,test,2.972634315367785
wolwefontein,2023/2024,2023,4,2.0,test,2.4412560319392824
wolwefontein,2024/2025,2024,4,4.0,test,3.126592631241482
wonderboompoort,2011/2012,2011,756,719.0,train,
wonderboompoort,2012/2013,2012,841,756.0,train,
wonderboompoort,2013/2014,2013,658,841.0,train,
wonderboompoort,2014/2015,2014,564,658.0,train,
wonderboompoort,2015/2016,2015,515,564.0,train,
wonderboompoort,2016/2017,2016,508,515.0,train,
wonderboompoort,2017/2018,2017,375,508.0,train,
wonderboompoort,2018/2019,2018,448,375.0,train,
wonderboompoort,2019/2020,2019,521,448.0,train,
wonderboompoort,2020/2021,2020,312,521.0,train,
wonderboompoort,2021/2022,2021,322,312.0,train,
wonderboompoort,2022/2023,2022,444,322.0,test,330.7649866727573
wonderboompoort,2023/2024,2023,412,444.0,test,426.0649115232174
wonderboompoort,2024/2025,2024,336,412.0,test,407.06345697868903
woodstock,2011/2012,2011,1653,1874.0,train,
woodstock,2012/2013,2012,1739,1653.0,train,
woodstock,2013/2014,2013,1755,1739.0,train,
woodstock,2014/2015,2014,1694,1755.0,train,
woodstock,2015/2016,2015,1855,1694.0,train,
woodstock,2016/2017,2016,1533,1855.0,train,
woodstock,2017/2018,2017,1477,1533.0,train,
woodstock,2018/2019,2018,1490,1477.0,train,
woodstock,2019/2020,2019,1418,1490.0,train,
woodstock,2020/2021,2020,963,1418.0,train,
woodstock,2021/2022,2021,862,963.0,train,
woodstock,2022/2023,2022,940,862.0,test,854.193188280689
woodstock,2023/2024,2023,909,940.0,test,867.3524547438473
woodstock,2024/2025,2024,784,909.0,test,850.401217364808
worcester,2011/2012,2011,2242,1942.0,train,
worcester,2012/2013,2012,2481,2242.0,train,
worcester,2013/2014,2013,2311,2481.0,train,
worcester,2014/2015,2014,2298,2311.0,train,
worcester,2015/2016,2015,1990,2298.0,train,
worcester,2016/2017,2016,1748,1990.0,train,
worcester,2017/2018,2017,1605,1748.0,train,
worcester,2018/2019,2018,1292,1605.0,train,
worcester,2019/2020,2019,1398,1292.0,train,
worcester,2020/2021,2020,1098,1398.0,train,
worcester,2021/2022,2021,1040,1098.0,train,
worcester,2022/2023,2022,1161,1040.0,test,976.3905196810763
worcester,2023/2024,2023,1025,1161.0,test,1059.1788295399463
worcester,2024/2025,2024,1012,1025.0,test,953.9267200654479
wrenchville,2011/2012,2011,50,32.0,train,
wrenchville,2012/2013,2012,89,50.0,train,
wrenchville,2013/2014,2013,63,89.0,train,
wrenchville,2014/2015,2014,85,63.0,train,
wrenchville,2015/2016,2015,97,85.0,train,
wrenchville,2016/2017,2016,88,97.0,train,
wrenchville,2017/2018,2017,94,88.0,train,
wrenchville,2018/2019,2018,75,94.0,train,
wrenchville,2019/2020,2019,47,75.0,train,
wrenchville,2020/2021,2020,50,47.0,train,
wrenchville,2021/2022,2021,45,50.0,train,
wrenchville,2022/2023,2022,78,45.0,test,43.71723814393622
wrenchville,2023/2024,2023,48,78.0,test,70.38123280628193
wrenchville,2024/2025,2024,55,48.0,test,49.19984896983665
wynberg,2011/2012,2011,1161,1268.0,train,
wynberg,2012/2013,2012,1396,1161.0,train,
wynberg,2013/2014,2013,1462,1396.0,train,
wynberg,2014/2015,2014,1340,1462.0,train,
wynberg,2015/2016,2015,1309,1340.0,train,
wynberg,2016/2017,2016,1260,1309.0,train,
wynberg,2017/2018,2017,1206,1260.0,train,
wynberg,2018/2019,2018,1251,1206.0,train,
wynberg,2019/2020,2019,1134,1251.0,train,
wynberg,2020/2021,2020,965,1134.0,train,
wynberg,2021/2022,2021,714,965.0,train,
wynberg,2022/2023,2022,870,714.0,test,703.7402544481228
wynberg,2023/2024,2023,873,870.0,test,782.4079565108428
wynberg,2024/2025,2024,551,873.0,test,788.9673635194702
yeoville,2011/2012,2011,646,633.0,train,
yeoville,2012/2013,2012,830,646.0,train,
yeoville,2013/2014,2013,848,830.0,train,
yeoville,2014/2015,2014,840,848.0,train,
yeoville,2015/2016,2015,952,840.0,train,
yeoville,2016/2017,2016,965,952.0,train,
yeoville,2017/2018,2017,786,965.0,train,
yeoville,2018/2019,2018,546,786.0,train,
yeoville,2019/2020,2019,521,546.0,train,
yeoville,2020/2021,2020,425,521.0,train,
yeoville,2021/2022,2021,519,425.0,train,
yeoville,2022/2023,2022,544,519.0,test,494.3635151896383
yeoville,2023/2024,2023,432,544.0,test,524.2673879204281
yeoville,2024/2025,2024,324,432.0,test,443.51984437610037
zaaiplaas,2011/2012,2011,46,45.0,train,
zaaiplaas,2012/2013,2012,26,46.0,train,
zaaiplaas,2013/2014,2013,41,26.0,train,
zaaiplaas,2014/2015,2014,63,41.0,train,
zaaiplaas,2015/2016,2015,50,63.0,train,
zaaiplaas,2016/2017,2016,78,50.0,train,
zaaiplaas,2017/2018,2017,41,78.0,train,
zaaiplaas,2018/2019,2018,37,41.0,train,
zaaiplaas,2019/2020,2019,38,37.0,train,
zaaiplaas,2020/2021,2020,38,38.0,train,
zaaiplaas,2021/2022,2021,38,38.0,train,
zaaiplaas,2022/2023,2022,44,38.0,test,36.764143951681554
zaaiplaas,2023/2024,2023,38,44.0,test,42.668688820128466
zaaiplaas,2024/2025,2024,48,38.0,test,37.135654515794
zamdela,2011/2012,2011,456,0.0,train,
zamdela,2012/2013,2012,563,456.0,train,
zamdela,2013/2014,2013,682,563.0,train,
zamdela,2014/2015,2014,664,682.0,train,
zamdela,2015/2016,2015,615,664.0,train,
zamdela,2016/2017,2016,539,615.0,train,
zamdela,2017/2018,2017,656,539.0,train,
zamdela,2018/2019,2018,466,656.0,train,
zamdela,2019/2020,2019,588,466.0,train,
zamdela,2020/2021,2020,353,588.0,train,
zamdela,2021/2022,2021,436,353.0,train,
zamdela,2022/2023,2022,446,436.0,test,378.61858369874847
zamdela,2023/2024,2023,322,446.0,test,384.0936974268485
zamdela,2024/2025,2024,383,322.0,test,320.9458656070399
zamuxolo,2011/2012,2011,6,8.0,train,
zamuxolo,2012/2013,2012,8,6.0,train,
zamuxolo,2013/2014,2013,16,8.0,train,
zamuxolo,2014/2015,2014,7,16.0,train,
zamuxolo,2015/2016,2015,14,7.0,train,
zamuxolo,2016/2017,2016,9,14.0,train,
zamuxolo,2017/2018,2017,7,9.0,train,
zamuxolo,2018/2019,2018,3,7.0,train,
zamuxolo,2019/2020,2019,4,3.0,train,
zamuxolo,2020/2021,2020,2,4.0,train,
zamuxolo,2021/2022,2021,2,2.0,train,
zamuxolo,2022/2023,2022,3,2.0,test,2.307073397246265
zamuxolo,2023/2024,2023,1,3.0,test,3.0232225460834545
zamuxolo,2024/2025,2024,3,1.0,test,1.9330205372035683
zastron,2011/2012,2011,159,131.0,train,
zastron,2012/2013,2012,194,159.0,train,
zastron,2013/2014,2013,200,194.0,train,
zastron,2014/2015,2014,142,200.0,train,
zastron,2015/2016,2015,97,142.0,train,
zastron,2016/2017,2016,108,97.0,train,
zastron,2017/2018,2017,74,108.0,train,
zastron,2018/2019,2018,84,74.0,train,
zastron,2019/2020,2019,62,84.0,train,
zastron,2020/2021,2020,50,62.0,train,
zastron,2021/2022,2021,39,50.0,train,
zastron,2022/2023,2022,72,39.0,test,42.209462285302
zastron,2023/2024,2023,101,72.0,test,68.16662112304512
zastron,2024/2025,2024,122,101.0,test,96.31132533466602
zebediela,2011/2012,2011,112,73.0,train,
zebediela,2012/2013,2012,96,112.0,train,
zebediela,2013/2014,2013,118,96.0,train,
zebediela,2014/2015,2014,110,118.0,train,
zebediela,2015/2016,2015,157,110.0,train,
zebediela,2016/2017,2016,158,157.0,train,
zebediela,2017/2018,2017,146,158.0,train,
zebediela,2018/2019,2018,152,146.0,train,
zebediela,2019/2020,2019,232,152.0,train,
zebediela,2020/2021,2020,220,232.0,train,
zebediela,2021/2022,2021,10,220.0,train,
zebediela,2022/2023,2022,11,10.0,test,22.458033852897223
zebediela,2023/2024,2023,8,11.0,test,18.395878782769238
zebediela,2024/2025,2024,3,8.0,test,10.730219760133311
zeerust,2011/2012,2011,150,185.0,train,
zeerust,2012/2013,2012,174,150.0,train,
zeerust,2013/2014,2013,170,174.0,train,
zeerust,2014/2015,2014,174,170.0,train,
zeerust,2015/2016,2015,255,174.0,train,
zeerust,2016/2017,2016,258,255.0,train,
zeerust,2017/2018,2017,204,258.0,train,
zeerust,2018/2019,2018,251,204.0,train,
zeerust,2019/2020,2019,209,251.0,train,
zeerust,2020/2021,2020,166,209.0,train,
zeerust,2021/2022,2021,218,166.0,train,
zeerust,2022/2023,2022,153,218.0,test,194.0671855721077
zeerust,2023/2024,2023,162,153.0,test,151.8238490365509
zeerust,2024/2025,2024,179,162.0,test,161.72504907379968
zele,2011/2012,2011,156,134.0,train,
zele,2012/2013,2012,117,156.0,train,
zele,2013/2014,2013,178,117.0,train,
zele,2014/2015,2014,161,178.0,train,
zele,2015/2016,2015,141,161.0,train,
zele,2016/2017,2016,116,141.0,train,
zele,2017/2018,2017,144,116.0,train,
zele,2018/2019,2018,164,144.0,train,
zele,2019/2020,2019,156,164.0,train,
zele,2020/2021,2020,121,156.0,train,
zele,2021/2022,2021,104,121.0,train,
zele,2022/2023,2022,174,104.0,test,102.83072779612331
zele,2023/2024,2023,139,174.0,test,145.3125321841137
zele,2024/2025,2024,143,139.0,test,134.40462731447832
zonkizizwe,2011/2012,2011,182,205.0,train,
zonkizizwe,2012/2013,2012,185,182.0,train,
zonkizizwe,2013/2014,2013,201,185.0,train,
zonkizizwe,2014/2015,2014,208,201.0,train,
zonkizizwe,2015/2016,2015,158,208.0,train,
zonkizizwe,2016/2017,2016,175,158.0,train,
zonkizizwe,2017/2018,2017,175,175.0,train,
zonkizizwe,2018/2019,2018,184,175.0,train,
zonkizizwe,2019/2020,2019,198,184.0,train,
zonkizizwe,2020/2021,2020,160,198.0,train,
zonkizizwe,2021/2022,2021,147,160.0,train,
zonkizizwe,2022/2023,2022,140,147.0,test,147.83446816679148
zonkizizwe,2023/2024,2023,135,140.0,test,135.53726199697311
zonkizizwe,2024/2025,2024,162,135.0,test,131.75321434163996
zwelitsha,2011/2012,2011,350,382.0,train,
zwelitsha,2012/2013,2012,333,350.0,train,
zwelitsha,2013/2014,2013,399,333.0,train,
zwelitsha,2014/2015,2014,408,399.0,train,
zwelitsha,2015/2016,2015,384,408.0,train,
zwelitsha,2016/2017,2016,341,384.0,train,
zwelitsha,2017/2018,2017,360,341.0,train,
zwelitsha,2018/2019,2018,341,360.0,train,
zwelitsha,2019/2020,2019,274,341.0,train,
zwelitsha,2020/2021,2020,268,274.0,train,
zwelitsha,2021/2022,2021,263,268.0,train,
zwelitsha,2022/2023,2022,267,263.0,test,238.658476668626
zwelitsha,2023/2024,2023,222,267.0,test,240.30520572620347
zwelitsha,2024/2025,2024,296,222.0,test,214.0792924850341
