Incident,PERIL,SUBURB,ITEM_TYPE,VEHICLE_MAKE,VEHICLE_MODEL,VEHICLE_YEAR,INCIDENT_DATE_TIME,CLAIM_AMOUNT,ITEM_CATEGORY,ITEM_PERIL_DESCR,SUBURB_RAW,SUBURB_CLEAN,amount_valid,time_reliable,METRO
INC-025,Theft,CAPE TOWN CITY CENTRE,Vehicle,FIAT,500X 1.4T CROSS-2015-2022,2015.0,2026-06-17 03:16:00,4312.5,Motor Vehicle - Theft,Theft,CAPE TOWN CITY CENTRE,CAPE TOWN CITY CENTRE,True,True,Cape Town
INC-043,Theft,BRYANSTON,Contents,,,,2026-06-10 12:45:00,28396.9,Home contents - Theft,Theft,BRYANSTON,BRYANSTON,True,True,Gauteng
INC-055,Theft,BRYANSTON,Contents,,,,2026-06-06 22:00:00,15397.0,Home contents - Theft,Theft,BRYANSTON,BRYANSTON,True,True,Gauteng
INC-068,Theft,BEDFORDVIEW,Vehicle,TOYOTA,FORTUNER 3.0D-4D R/B-2011-2017,2012.0,2026-06-03 05:25:00,266872.28,Motor Vehicle - Theft,Theft,BEDFORDVIEW,BEDFORDVIEW,True,True,Gauteng
INC-073,Theft,FOURWAYS,Vehicle,PEUGEOT,3008 1.6T ALLURE A/T-2021-,2024.0,2026-06-02 18:30:00,4312.5,Motor Vehicle - Theft,Theft,FOURWAYS,FOURWAYS,True,True,Gauteng
INC-086,Theft,RONDEBOSCH,Vehicle,TOYOTA,FORTUNER 3.0D-4D R/B A/T-2011-2017,2015.0,2026-05-30 18:00:00,318387.69,Motor Vehicle - Theft,Theft,RONDEBOSCH,RONDEBOSCH,True,True,Cape Town
INC-087,Theft,SEA POINT,Vehicle,RENAULT,KWID 1.0 DYNAMIQUE / ZEN / TECHNO 5DR-2019-,2020.0,2026-05-30 15:45:00,9438.44,Motor Vehicle - Theft,Theft,SEA POINT,SEA POINT,True,True,Cape Town
INC-121,Theft,RONDEBOSCH,Vehicle,VOLKSWAGEN,GOLF VII 1.2 TSI TRENDLINE-2013-2015,2014.0,2026-05-23 10:00:00,7748.5,Motor Vehicle - Theft,Theft,RONDEBOSCH,RONDEBOSCH,True,True,Cape Town
INC-122,Theft,RONDEBOSCH,Vehicle,FORD,EVEREST 2.2 TDCi  XLT A/T-2016-2020,2017.0,2026-05-23 10:00:00,7852.67,Motor Vehicle - Theft,Theft,RONDEBOSCH,RONDEBOSCH,True,True,Cape Town
INC-126,Theft,RONDEBOSCH,Vehicle,VOLKSWAGEN,AMAROK 2.0 BiTDi HIGHLINE 132KW A/T D/C P/U-2014-2020,2017.0,2026-05-22 15:00:00,6520.0,Motor Vehicle - Theft,Theft,RONDEBOSCH,RONDEBOSCH,True,True,Cape Town
INC-130,Theft,SOMERSET WEST,Contents,,,,2026-05-21 19:05:00,1210.0,Home contents - Theft,Theft,SOMERSET WEST,SOMERSET WEST,True,True,Cape Town
INC-131,Theft,SOMERSET WEST,Vehicle,SUZUKI,IGNIS 1.2 GLX A/T-2017-,2024.0,2026-05-21 19:05:00,5484.9,Motor Vehicle - Theft,Theft,SOMERSET WEST,SOMERSET WEST,True,True,Cape Town
INC-134,Theft,MENLO PARK,Contents,,,,2026-05-21 14:30:00,10249.0,Home contents - Theft,Theft,MENLO PARK,MENLO PARK,True,True,Gauteng
INC-148,Theft,BRYANSTON,Vehicle,TOYOTA,HILUX 2.4 GD-6 SRX 4X4 A/T P/U D/C-2017-2018,2018.0,2026-05-19 06:02:00,542434.92,Motor Vehicle - Theft,Theft,BRYANSTON,BRYANSTON,True,True,Gauteng
INC-195,Theft,SOMERSET WEST,Vehicle,SUZUKI,SWIFT 1.2 GL-2018-,2022.0,2026-05-09 16:46:14,3312.5,Motor Vehicle - Theft,Theft,SOMERSET WEST,SOMERSET WEST,True,True,Cape Town
INC-209,Theft,SOMERSET WEST,Contents,,,,2026-05-07 08:00:00,97193.0,Home contents - Theft,Theft,SOMERSET WEST,SOMERSET WEST,True,True,Cape Town
INC-214,Theft,SOMERSET WEST,Vehicle,HAVAL,H6 1.5T PREMIUM-2017-2022,2020.0,2026-05-06 08:10:00,8172.18,Motor Vehicle - Theft,Theft,SOMERSET WEST,SOMERSET WEST,True,True,Cape Town
INC-215,Theft,CAPE TOWN CITY CENTRE,Vehicle,HYUNDAI,i20 1.2 MOTION-2015-2022,2021.0,2026-05-06 02:00:00,16244.4,Motor Vehicle - Theft,Theft,CAPE TOWN CITY CENTRE,CAPE TOWN CITY CENTRE,True,True,Cape Town
INC-216,Theft,TABLE VIEW,Contents,,,,2026-05-05 21:00:00,97670.89,Home contents - Theft,Theft,TABLE VIEW,TABLE VIEW,True,True,Cape Town
INC-222,Theft,NEWLANDS,Contents,,,,2026-05-04 01:00:00,9622.1,Home contents - Theft,Theft,NEWLANDS,NEWLANDS,True,True,Cape Town
INC-246,Theft,SOMERSET WEST,Vehicle,HYUNDAI,VENUE 1.0 TGDI FLUID-2019-2023,2021.0,2026-04-30 19:30:00,19813.12,Motor Vehicle - Theft,Theft,SOMERSET WEST,SOMERSET WEST,True,True,Cape Town
INC-263,Theft,BEDFORDVIEW,Contents,,,,2026-04-28 15:49:54,112493.01,Home contents - Theft,Theft,BEDFORDVIEW,BEDFORDVIEW,True,True,Gauteng
INC-273,Theft,CLAREMONT,Contents,,,,2026-04-26 14:40:00,28249.0,Home contents - Theft,Theft,CLAREMONT,CLAREMONT,True,True,Cape Town
INC-286,Theft,GARSFONTEIN,Vehicle,TOYOTA,PRADO VX 3.0 TDi A/T-2013-2017,2014.0,2026-04-21 16:21:00,485780.78,Motor Vehicle - Theft,Theft,GARSFONTEIN,GARSFONTEIN,True,True,Gauteng
INC-317,Theft,CLAREMONT,Vehicle,DAIHATSU,CHARADE CX-2003-2007,2006.0,2026-04-17 04:00:00,11505.66,Motor Vehicle - Theft,Theft,CLAREMONT,CLAREMONT,True,True,Cape Town
INC-319,Theft,WATERKLOOF RIDGE,Contents,,,,2026-04-16 03:25:00,1178670.74,Home contents - Theft,Theft,WATERKLOOF RIDGE,WATERKLOOF RIDGE,True,True,Gauteng
INC-340,Armed Robbery,NEWLANDS,Contents,,,,2026-04-10 20:10:00,5214.0,Home contents - Theft,Theft,NEWLANDS,NEWLANDS,True,True,Cape Town
INC-351,Theft,BRYANSTON,Contents,,,,2026-04-08 15:13:31,14521.6,Home contents - Theft,Theft,BRYANSTON,BRYANSTON,True,True,Gauteng
INC-353,Theft,BRYANSTON,Contents,,,,2026-04-08 14:00:00,42337.98,Home contents - Theft,Theft,BRYANSTON,BRYANSTON,True,True,Gauteng
INC-386,Theft,MENLO PARK,Contents,,,,2026-04-03 01:50:00,49911.55,Home contents - Theft,Theft,MENLO PARK,MENLO PARK,True,True,Gauteng
INC-437,Theft,CAPE TOWN CITY CENTRE,Contents,,,,2026-03-25 15:57:00,25000.0,Home contents - Theft,Theft,CAPE TOWN CITY CENTRE,CAPE TOWN CITY CENTRE,True,True,Cape Town
INC-456,Theft,BEDFORDVIEW,Vehicle,TOYOTA,PRADO VX 4.0 V6 A/T-2009-2013,2013.0,2026-03-22 12:00:00,212453.33,Motor Vehicle - Theft,Theft,BEDFORDVIEW,BEDFORDVIEW,True,True,Gauteng
INC-460,Theft,BRYANSTON,Vehicle,VOLKSWAGEN,POLO 1.0 TSI R-LINE DSG-2022-,2024.0,2026-03-21 19:15:00,75590.32,Motor Vehicle - Theft,Theft,BRYANSTON,BRYANSTON,True,True,Gauteng
INC-462,Theft,SEA POINT,Contents,,,,2026-03-21 16:31:00,66977.58,Home contents - Theft,Theft,SEA POINT,SEA POINT,True,True,Cape Town
INC-464,Theft,GARSFONTEIN,Contents,,,,2026-03-21 12:00:00,103535.0,Home contents - Theft,Theft,GARSFONTEIN,GARSFONTEIN,True,True,Gauteng
INC-465,Theft,CAPE TOWN CITY CENTRE,Contents,,,,2026-03-21 09:00:00,18797.0,Home contents - Theft,Theft,CAPE TOWN CITY CENTRE,CAPE TOWN CITY CENTRE,True,True,Cape Town
INC-468,Theft,WATERKLOOF RIDGE,Contents,,,,2026-03-21 02:00:00,90982.22,Home contents - Theft,Theft,WATERKLOOF RIDGE,WATERKLOOF RIDGE,True,True,Gauteng
INC-523,Theft,CLAREMONT,Vehicle,VOLKSWAGEN,T-CROSS 1.5 TSI R-LINE DSG-2020-,2022.0,2026-03-11 19:30:00,94816.75,Motor Vehicle - Theft,Theft,CLAREMONT,CLAREMONT,True,True,Cape Town
INC-557,Theft,WATERKLOOF RIDGE,Contents,,,,2026-03-05 03:15:00,17142.06,Home contents - Theft,Theft,WATERKLOOF RIDGE,WATERKLOOF RIDGE,True,True,Gauteng
INC-565,Stolen and recovered,NEWLANDS,Vehicle,TOYOTA,ETIOS 1.5 Xs/SPRINT 5Dr-2012-2022,2014.0,2026-03-03 21:00:00,47998.79,Motor Vehicle - Theft,Theft,NEWLANDS,NEWLANDS,True,True,Cape Town
INC-567,Theft,FOURWAYS,Vehicle,FORD,RANGER 2.0D XLT 4X4 A/T D/C P/U-2022-,2024.0,2026-03-02 09:09:00,13480.39,Motor Vehicle - Theft,Theft,FOURWAYS,FOURWAYS,True,True,Gauteng
INC-577,Theft,TABLE VIEW,Contents,,,,2026-02-28 21:52:27,14999.0,Home contents - Theft,Theft,TABLE VIEW,TABLE VIEW,True,True,Cape Town
INC-607,Theft,CAPE TOWN CITY CENTRE,Vehicle,SUZUKI,JIMNY 1.5 GLX A/T 5DR-2023-,2025.0,2026-02-24 06:18:09,9919.68,Motor Vehicle - Theft,Theft,CAPE TOWN CITY CENTRE,CAPE TOWN CITY CENTRE,True,True,Cape Town
INC-608,Theft,CAPE TOWN CITY CENTRE,Vehicle,SUZUKI,SWIFT 1.4 GLS-2011-2018,2012.0,2026-02-24 06:18:09,6738.0,Motor Vehicle - Theft,Theft,CAPE TOWN CITY CENTRE,CAPE TOWN CITY CENTRE,True,True,Cape Town
INC-612,Theft,SOMERSET WEST,Contents,,,,2026-02-23 12:34:11,2979.0,Home contents - Theft,Theft,SOMERSET WEST,SOMERSET WEST,True,True,Cape Town
INC-666,Armed Robbery,BRYANSTON,Contents,,,,2026-02-14 14:00:00,168679.57,Home contents - Theft,Theft,BRYANSTON,BRYANSTON,True,True,Gauteng
INC-707,Theft,RONDEBOSCH,Contents,,,,2026-02-07 12:05:00,15338.15,Home contents - Theft,Theft,RONDEBOSCH,RONDEBOSCH,True,True,Cape Town
INC-718,Theft,BEDFORDVIEW,Vehicle,KIA,RIO 1.4 5DR-2011-2018,2016.0,2026-02-06 16:00:00,5656.85,Motor Vehicle - Theft,Theft,BEDFORDVIEW,BEDFORDVIEW,True,True,Gauteng
INC-720,Theft,SEA POINT,Contents,,,,2026-02-06 09:00:00,8746.7,Home contents - Theft,Theft,SEA POINT,SEA POINT,True,True,Cape Town
INC-733,Theft,SOMERSET WEST,Contents,,,,2026-02-04 07:00:00,66048.0,Home contents - Theft,Theft,SOMERSET WEST,SOMERSET WEST,True,True,Cape Town
INC-751,Theft,FOURWAYS,Vehicle,VOLKSWAGEN,AMAROK 2.0BITDI 154KW 4MOT STYLE D/C P/U-2023-,2024.0,2026-02-01 14:05:00,28047.28,Motor Vehicle - Theft,Theft,FOURWAYS,FOURWAYS,True,True,Gauteng
INC-760,Theft,SOMERSET WEST,Contents,,,,2026-01-31 03:00:00,48877.03,Home contents - Theft,Theft,SOMERSET WEST,SOMERSET WEST,True,True,Cape Town
INC-762,Theft,TABLE VIEW,Contents,,,,2026-01-30 17:00:00,107955.8,Home contents - Theft,Theft,TABLE VIEW,TABLE VIEW,True,True,Cape Town
INC-768,Theft,WATERKLOOF RIDGE,Vehicle,FORD,RANGER 2.0D BI-TURBO THUNDER A/T P/U D/C-2020-,2021.0,2026-01-30 08:40:00,514015.08,Motor Vehicle - Theft,Theft,WATERKLOOF RIDGE,WATERKLOOF RIDGE,True,True,Gauteng
INC-795,Theft,SEA POINT,Contents,,,,2026-01-25 12:00:00,2762.0,Home contents - Theft,Theft,SEA POINT,SEA POINT,True,True,Cape Town
INC-797,Theft,SEA POINT,Vehicle,VOLKSWAGEN,TIGUAN 1.4 TSI COMFORTLINE DSG (110KW)-2016-2022,2020.0,2026-01-25 10:00:00,7231.0,Motor Vehicle - Theft,Theft,SEA POINT,SEA POINT,True,True,Cape Town
INC-799,Theft,SOMERSET WEST,Contents,,,,2026-01-25 08:00:00,18778.0,Home contents - Theft,Theft,SOMERSET WEST,SOMERSET WEST,True,True,Cape Town
INC-857,Theft,CLAREMONT,Contents,,,,2026-01-14 23:00:00,42267.08,Home contents - Theft,Theft,CLAREMONT,CLAREMONT,True,True,Cape Town
INC-862,Theft,SOMERSET WEST,Contents,,,,2026-01-14 10:00:00,12190.0,Home contents - Theft,Theft,SOMERSET WEST,SOMERSET WEST,True,True,Cape Town
INC-882,Theft,SEA POINT,Contents,,,,2026-01-10 00:00:00,10999.0,Home contents - Theft,Theft,SEA POINT,SEA POINT,True,False,Cape Town
INC-890,Theft,SOMERSET WEST,Contents,,,,2026-01-09 00:00:00,19287.85,Home contents - Theft,Theft,SOMERSET WEST,SOMERSET WEST,True,False,Cape Town
INC-910,Theft,RONDEBOSCH,Contents,,,,2026-01-03 18:10:00,132283.19,Home contents - Theft,Theft,RONDEBOSCH,RONDEBOSCH,True,True,Cape Town
INC-942,Theft,BRYANSTON,Contents,,,,2025-12-28 13:00:00,45596.0,Home contents - Theft,Theft,BRYANSTON,BRYANSTON,True,True,Gauteng
INC-991,Theft,CLAREMONT,Contents,,,,2025-12-19 03:20:00,8444.99,Home contents - Theft,Theft,CLAREMONT,CLAREMONT,True,True,Cape Town
INC-1035,Theft,SOMERSET WEST,Contents,,,,2025-12-12 17:00:00,1135.0,Home contents - Theft,Theft,SOMERSET WEST,SOMERSET WEST,True,True,Cape Town
INC-1036,Theft,SOMERSET WEST,Vehicle,SUZUKI,SWIFT 1.2 GL A/T-2014-2018,2017.0,2025-12-12 17:00:00,1750.0,Motor Vehicle - Theft,Theft,SOMERSET WEST,SOMERSET WEST,True,True,Cape Town
INC-1069,Theft,BEDFORDVIEW,Contents,,,,2025-12-07 04:00:00,227567.13,Home contents - Theft,Theft,BEDFORDVIEW,BEDFORDVIEW,True,True,Gauteng
INC-1083,Theft,RONDEBOSCH,Vehicle,SUZUKI,SWIFT 1.2 GA-2014-2018,2015.0,2025-12-04 22:30:00,10760.5,Motor Vehicle - Theft,Theft,RONDEBOSCH,RONDEBOSCH,True,True,Cape Town
INC-1115,Theft,CAPE TOWN CITY CENTRE,Contents,,,,2025-12-01 09:30:00,10402.46,Home contents - Theft,Theft,CAPE TOWN CITY CENTRE,CAPE TOWN CITY CENTRE,True,True,Cape Town
INC-1137,Theft,FOURWAYS,Vehicle,TOYOTA,HILUX 2.8 GD-6 RB LEGEND RS 4X4 A/T P/U D/C-2020-,2023.0,2025-11-28 04:00:00,25875.46,Motor Vehicle - Theft,Theft,FOURWAYS,FOURWAYS,True,True,Gauteng
INC-1171,Theft,MENLO PARK,Contents,,,,2025-11-22 03:00:00,24705.0,Home contents - Theft,Theft,MENLO PARK,MENLO PARK,True,True,Gauteng
INC-1192,Burglary,WATERKLOOF RIDGE,Contents,,,,2025-11-17 03:00:00,11652.4,Home contents - Theft,Theft,WATERKLOOF RIDGE,WATERKLOOF RIDGE,True,True,Gauteng
INC-1197,Theft,TABLE VIEW,Contents,,,,2025-11-16 04:30:00,26927.0,Home contents - Theft,Theft,TABLE VIEW,TABLE VIEW,True,True,Cape Town
INC-1198,Theft,TABLE VIEW,Contents,,,,2025-11-16 03:30:00,9269.0,Home contents - Theft,Theft,TABLE VIEW,TABLE VIEW,True,True,Cape Town
INC-1208,Theft,GARSFONTEIN,Contents,,,,2025-11-15 13:02:00,14889.6,Home contents - Theft,Theft,GARSFONTEIN,GARSFONTEIN,True,True,Gauteng
INC-1209,Theft,SOMERSET WEST,Contents,,,,2025-11-15 13:00:00,35171.6,Home contents - Theft,Theft,SOMERSET WEST,SOMERSET WEST,True,True,Cape Town
INC-1213,Theft,CENTURION CENTRAL,Contents,,,,2025-11-15 10:45:00,24895.0,Home contents - Theft,Theft,CENTURION CENTRAL,CENTURION CENTRAL,True,True,Gauteng
INC-1214,Theft,WATERKLOOF RIDGE,Contents,,,,2025-11-15 04:00:00,27204.0,Home contents - Theft,Theft,WATERKLOOF RIDGE,WATERKLOOF RIDGE,True,True,Gauteng
INC-1224,Theft,SOMERSET WEST,Contents,,,,2025-11-14 02:00:00,214157.29,Home contents - Theft,Theft,SOMERSET WEST,SOMERSET WEST,True,True,Cape Town
INC-1270,Theft,FOURWAYS,Contents,,,,2025-11-06 09:30:00,7273.0,Home contents - Theft,Theft,FOURWAYS,FOURWAYS,True,True,Gauteng
INC-1285,Theft,WATERKLOOF RIDGE,Contents,,,,2025-11-03 02:16:21,73760.42,Home contents - Theft,Theft,WATERKLOOF RIDGE,WATERKLOOF RIDGE,True,True,Gauteng
INC-1292,Theft,BRYANSTON,Contents,,,,2025-11-02 00:00:00,27880.82,Home contents - Theft,Theft,BRYANSTON,BRYANSTON,True,False,Gauteng
INC-1324,Theft,MENLO PARK,Contents,,,,2025-10-28 04:30:00,10863.02,Home contents - Theft,Theft,MENLO PARK,MENLO PARK,True,True,Gauteng
INC-1335,Malicious Damage,SOMERSET WEST,Contents,,,,2025-10-26 02:00:00,12048.5,Home contents - Theft,Theft,SOMERSET WEST,SOMERSET WEST,True,True,Cape Town
INC-1342,Theft,RONDEBOSCH,Contents,,,,2025-10-25 09:00:00,31034.9,Home contents - Theft,Theft,RONDEBOSCH,RONDEBOSCH,True,True,Cape Town
INC-1354,Theft,CAPE TOWN CITY CENTRE,Contents,,,,2025-10-23 16:30:00,26500.0,Home contents - Theft,Theft,CAPE TOWN CITY CENTRE,CAPE TOWN CITY CENTRE,True,True,Cape Town
INC-1364,Theft,FOURWAYS,Vehicle,FORD,RANGER RAPTOR 2.0D BI-TURBO 4X4 A/T P/U D/C-2019-,2020.0,2025-10-21 15:00:00,29898.57,Motor Vehicle - Theft,Theft,FOURWAYS,FOURWAYS,True,True,Gauteng
INC-1407,Theft,CAPE TOWN CITY CENTRE,Contents,,,,2025-10-14 11:09:02,27749.0,Home contents - Theft,Theft,CAPE TOWN CITY CENTRE,CAPE TOWN CITY CENTRE,True,True,Cape Town
INC-1412,Theft,SOMERSET WEST,Contents,,,,2025-10-14 02:00:11,10249.0,Home contents - Theft,Theft,SOMERSET WEST,SOMERSET WEST,True,True,Cape Town
INC-1414,Theft,SOMERSET WEST,Contents,,,,2025-10-13 22:02:00,5495.0,Home contents - Theft,Theft,SOMERSET WEST,SOMERSET WEST,True,True,Cape Town
INC-1430,Theft,BEDFORDVIEW,Contents,,,,2025-10-11 01:30:00,7999.0,Home contents - Theft,Theft,BEDFORDVIEW,BEDFORDVIEW,True,True,Gauteng
INC-1451,Theft,CLAREMONT,Contents,,,,2025-10-07 15:00:24,16687.0,Home contents - Theft,Theft,CLAREMONT,CLAREMONT,True,True,Cape Town
INC-1456,Theft,NEWLANDS,Contents,,,,2025-10-06 19:36:26,4000.0,Home contents - Theft,Theft,NEWLANDS,NEWLANDS,True,True,Cape Town
INC-1485,Hijack,GARSFONTEIN,Vehicle,VOLKSWAGEN,AMAROK 3.0TDI V6 184KW 4MOT AVENTURA A/T D/C P/U-2023-,2023.0,2025-10-01 22:12:00,1034838.25,Motor Vehicle - Theft,Hijack,GARSFONTEIN,GARSFONTEIN,True,True,Gauteng
INC-1499,Theft,SOMERSET WEST,Contents,,,,2025-09-29 13:26:10,20793.0,Home contents - Theft,Theft,SOMERSET WEST,SOMERSET WEST,True,True,Cape Town
INC-1547,Theft,TABLE VIEW,Contents,,,,2025-09-21 22:04:45,31794.26,Home contents - Theft,Theft,TABLE VIEW,TABLE VIEW,True,True,Cape Town
INC-1563,Theft,CAPE TOWN CITY CENTRE,Vehicle,MERCEDES-BENZ,A200 A/T-2023-,2025.0,2025-09-20 00:00:00,14758.28,Motor Vehicle - Theft,Theft,CAPE TOWN CITY CENTRE,CAPE TOWN CITY CENTRE,True,False,Cape Town
INC-1588,Theft,TABLE VIEW,Contents,,,,2025-09-16 03:00:40,79361.13,Home contents - Theft,Theft,TABLE VIEW,TABLE VIEW,True,True,Cape Town
INC-1595,Theft,WATERKLOOF RIDGE,Contents,,,,2025-09-14 01:00:00,25957.11,Home contents - Theft,Theft,WATERKLOOF RIDGE,WATERKLOOF RIDGE,True,True,Gauteng
INC-1609,Theft,TABLE VIEW,Contents,,,,2025-09-12 15:41:00,19755.28,Home contents - Theft,Theft,TABLE VIEW,TABLE VIEW,True,True,Cape Town
INC-1621,Theft,RONDEBOSCH,Contents,,,,2025-09-10 23:00:00,81578.19,Home contents - Theft,Theft,RONDEBOSCH,RONDEBOSCH,True,True,Cape Town
INC-1629,Theft,BEDFORDVIEW,Contents,,,,2025-09-09 00:00:00,23546.0,Home contents - Theft,Theft,BEDFORDVIEW,BEDFORDVIEW,True,False,Gauteng
INC-1645,Theft,FOURWAYS,Contents,,,,2025-09-06 01:10:00,26441.0,Home contents - Theft,Theft,FOURWAYS,FOURWAYS,True,True,Gauteng
INC-1646,Theft,FOURWAYS,Vehicle,NISSAN,MICRA 900T ACENTA PLUS TECH-2018-2022,2018.0,2025-09-06 01:10:00,3563.24,Motor Vehicle - Theft,Theft,FOURWAYS,FOURWAYS,True,True,Gauteng
INC-1660,Theft,WATERKLOOF RIDGE,Vehicle,AUDI,Q3 2.0 TDI QUATT STRONIC (130KW)-2012-2015,2014.0,2025-09-03 18:54:00,10877.41,Motor Vehicle - Theft,Theft,WATERKLOOF RIDGE,WATERKLOOF RIDGE,True,True,Gauteng
INC-1663,Hijack,CAPE TOWN CITY CENTRE,Vehicle,RENAULT,DUSTER 1.5 dCI DYNAMIQUE-2013-2018,2016.0,2025-09-02 19:20:00,2823.75,Motor Vehicle - Theft,Hijack,CAPE TOWN CITY CENTRE,CAPE TOWN CITY CENTRE,True,True,Cape Town
INC-1674,Theft,GARSFONTEIN,Contents,,,,2025-08-31 14:45:00,29463.99,Home contents - Theft,Theft,GARSFONTEIN,GARSFONTEIN,True,True,Gauteng
INC-1697,Theft,TABLE VIEW,Contents,,,,2025-08-29 03:00:00,15415.0,Home contents - Theft,Theft,TABLE VIEW,TABLE VIEW,True,True,Cape Town
INC-1703,Theft,TABLE VIEW,Contents,,,,2025-08-27 18:00:00,32575.9,Home contents - Theft,Theft,TABLE VIEW,TABLE VIEW,True,True,Cape Town
INC-1704,Theft,SOMERSET WEST,Contents,,,,2025-08-27 16:20:39,16999.0,Home contents - Theft,Theft,SOMERSET WEST,SOMERSET WEST,True,True,Cape Town
INC-1721,Theft,RONDEBOSCH,Vehicle,TOYOTA,VERSO 1.8 TX-2009-2013,2011.0,2025-08-24 04:00:28,5139.65,Motor Vehicle - Theft,Theft,RONDEBOSCH,RONDEBOSCH,True,True,Cape Town
INC-1723,Theft,WATERKLOOF RIDGE,Contents,,,,2025-08-24 01:30:00,152911.85,Home contents - Theft,Theft,WATERKLOOF RIDGE,WATERKLOOF RIDGE,True,True,Gauteng
INC-1728,Theft,FOURWAYS,Vehicle,NISSAN,NAVARA 2.5DDTI PRO-4X 4X4 A/T D/C P/U-2021-,2023.0,2025-08-23 18:15:00,143239.71,Motor Vehicle - Theft,Theft,FOURWAYS,FOURWAYS,True,True,Gauteng
INC-1734,Theft,CLAREMONT,Vehicle,VOLKSWAGEN,POLO VIVO 1.0 TSI GT (5DR)-2017-,2018.0,2025-08-22 23:00:00,26860.61,Motor Vehicle - Theft,Theft,CLAREMONT,CLAREMONT,True,True,Cape Town
INC-1738,Theft,BRYANSTON,Contents,,,,2025-08-22 18:08:00,32913.85,Home contents - Theft,Theft,BRYANSTON,BRYANSTON,True,True,Gauteng
INC-1769,Theft,SEA POINT,Vehicle,FORD,FIGO 1.5Ti VCT AMBIENTE (5DR)-2018-2023,2018.0,2025-08-17 00:12:00,3025.0,Motor Vehicle - Theft,Theft,SEA POINT,SEA POINT,True,True,Cape Town
INC-1774,Theft,SOMERSET WEST,Contents,,,,2025-08-16 02:45:00,69118.9,Home contents - Theft,Theft,SOMERSET WEST,SOMERSET WEST,True,True,Cape Town
INC-1775,Theft,SOMERSET WEST,Vehicle,VOLKSWAGEN,TIGUAN 1.4 TSI R-LINE DSG (110KW)-2021-,2023.0,2025-08-16 02:45:00,1498.74,Motor Vehicle - Theft,Theft,SOMERSET WEST,SOMERSET WEST,True,True,Cape Town
INC-1812,Theft,WATERKLOOF RIDGE,Contents,,,,2025-08-10 00:00:00,27599.5,Home contents - Theft,Theft,WATERKLOOF RIDGE,WATERKLOOF RIDGE,True,False,Gauteng
INC-1850,Theft,BEDFORDVIEW,Contents,,,,2025-08-05 12:00:00,149447.86,Home contents - Theft,Theft,BEDFORDVIEW,BEDFORDVIEW,True,True,Gauteng
INC-1883,Theft,CLAREMONT,Vehicle,RENAULT,KWID 1.0 DYNAMIQUE / ZEN / TECHNO 5DR-2019-,2021.0,2025-07-30 12:40:00,6054.46,Motor Vehicle - Theft,Theft,CLAREMONT,CLAREMONT,True,True,Cape Town
INC-1888,Theft,TABLE VIEW,Contents,,,,2025-07-29 03:57:00,9029.0,Home contents - Theft,Theft,TABLE VIEW,TABLE VIEW,True,True,Cape Town
INC-1893,Theft,SOMERSET WEST,Contents,,,,2025-07-28 06:00:00,15747.0,Home contents - Theft,Theft,SOMERSET WEST,SOMERSET WEST,True,True,Cape Town
INC-1898,Theft,BEDFORDVIEW,Contents,,,,2025-07-26 15:30:00,4031.68,Home contents - Theft,Theft,BEDFORDVIEW,BEDFORDVIEW,True,True,Gauteng
INC-1945,Theft,SEA POINT,Vehicle,HYUNDAI,ELANTRA 1.8 GLS/EXECUTIVE A/T-2011-2014,2012.0,2025-07-18 10:00:00,22370.3,Motor Vehicle - Theft,Theft,SEA POINT,SEA POINT,True,True,Cape Town
INC-1957,Theft,GARSFONTEIN,Vehicle,FORD,RANGER RAPTOR 2.0D BI-TURBO 4X4 A/T P/U D/C-2019-,2022.0,2025-07-16 19:02:00,12401.21,Motor Vehicle - Theft,Theft,GARSFONTEIN,GARSFONTEIN,True,True,Gauteng
INC-1966,Theft,CAPE TOWN CITY CENTRE,Contents,,,,2025-07-14 09:00:00,26999.0,Home contents - Theft,Theft,CAPE TOWN CITY CENTRE,CAPE TOWN CITY CENTRE,True,True,Cape Town
INC-1981,Theft,BEDFORDVIEW,Vehicle,TOYOTA,HILUX 3.0 D-4D LEGEND 45 4X4 A/T P/U D/C-2014-2016,2015.0,2025-07-11 15:50:00,467958.01,Motor Vehicle - Theft,Theft,BEDFORDVIEW,BEDFORDVIEW,True,True,Gauteng
INC-2009,Theft,MENLO PARK,Contents,,,,2025-07-06 11:30:00,17081.0,Home contents - Theft,Theft,MENLO PARK,MENLO PARK,True,True,Gauteng
INC-2021,Theft,CAPE TOWN CITY CENTRE,Vehicle,AUDI,A1 1.4T FSi  ATTRACTION 3Dr-2011-2015,2011.0,2025-07-04 01:45:11,7348.5,Motor Vehicle - Theft,Theft,CAPE TOWN CITY CENTRE,CAPE TOWN CITY CENTRE,True,True,Cape Town
INC-2027,Theft,SOMERSET WEST,Vehicle,TOYOTA,AYGO 1.0 WILD 5DR-2011-2015,2013.0,2025-07-02 11:36:03,4830.0,Motor Vehicle - Theft,Theft,SOMERSET WEST,SOMERSET WEST,True,True,Cape Town
INC-2048,Theft,RONDEBOSCH,Vehicle,VOLKSWAGEN,POLO 1.4 TRENDLINE-2005-2010,2006.0,2025-06-28 13:49:00,59188.43,Motor Vehicle - Theft,Theft,RONDEBOSCH,RONDEBOSCH,True,True,Cape Town
INC-2051,Theft,MENLO PARK,Contents,,,,2025-06-27 22:38:58,25498.0,Home contents - Theft,Theft,MENLO PARK,MENLO PARK,True,True,Gauteng
INC-2080,Armed Robbery,CLAREMONT,Contents,,,,2025-06-21 23:15:00,975.0,,Armed Robbery,CLAREMONT,CLAREMONT,True,True,Cape Town
INC-2111,Theft,GARSFONTEIN,Contents,,,,2025-06-16 13:00:55,155473.0,Home contents - Theft,Theft,GARSFONTEIN,GARSFONTEIN,True,True,Gauteng
INC-2115,Theft,CAPE TOWN CITY CENTRE,Vehicle,CHERY,TIGGO 8 PRO 1.6 TDGI DISTINCTION DCT-2022-,2022.0,2025-06-14 23:11:00,5942.3,Motor Vehicle - Theft,Theft,CAPE TOWN CITY CENTRE,CAPE TOWN CITY CENTRE,True,True,Cape Town
INC-2127,Theft,TABLE VIEW,Vehicle,LAND ROVER,DISCOVERY SPORT 2.2 SD4 HSE LUX-2015-2018,2017.0,2025-06-12 22:30:00,5462.15,Motor Vehicle - Theft,Theft,TABLE VIEW,TABLE VIEW,True,True,Cape Town
INC-2128,Attempted Theft,CAPE TOWN CITY CENTRE,Contents,,,,2025-06-12 16:25:00,42386.29,Home contents - Theft,Theft,CAPE TOWN CITY CENTRE,CAPE TOWN CITY CENTRE,True,True,Cape Town
INC-2181,Theft,SOMERSET WEST,Contents,,,,2025-06-01 18:00:00,61999.43,Home contents - Theft,Theft,SOMERSET WEST,SOMERSET WEST,True,True,Cape Town
INC-2184,Theft,SOMERSET WEST,Contents,,,,2025-06-01 04:00:00,42809.54,Home contents - Theft,Theft,SOMERSET WEST,SOMERSET WEST,True,True,Cape Town
INC-2199,Theft,SOMERSET WEST,Contents,,,,2025-05-30 16:12:00,96253.0,Home contents - Theft,Theft,SOMERSET WEST,SOMERSET WEST,True,True,Cape Town
INC-2200,Theft,NEWLANDS,Contents,,,,2025-05-30 13:00:00,59856.61,Home contents - Theft,Theft,NEWLANDS,NEWLANDS,True,True,Cape Town
INC-2204,Theft,CENTURION CENTRAL,Contents,,,,2025-05-29 19:30:00,28249.0,Home contents - Theft,Theft,CENTURION CENTRAL,CENTURION CENTRAL,True,True,Gauteng
INC-2240,Theft,GARSFONTEIN,Vehicle,TOYOTA,COROLLA CROSS 1.8 XS-2021-,2024.0,2025-05-23 15:39:00,397300.0,Motor Vehicle - Theft,Theft,GARSFONTEIN,GARSFONTEIN,True,True,Gauteng
INC-2245,Theft,BRYANSTON,Vehicle,VOLKSWAGEN,GOLF VII GTi 2.0 TSI DSG-2017-2022,2019.0,2025-05-23 12:30:11,7518.5,Motor Vehicle - Theft,Theft,BRYANSTON,BRYANSTON,True,True,Gauteng
INC-2263,Theft,BRYANSTON,Contents,,,,2025-05-20 02:01:00,147373.2,Home contents - Theft,Theft,BRYANSTON,BRYANSTON,True,True,Gauteng
INC-2269,Armed Robbery,WATERKLOOF RIDGE,Vehicle,TOYOTA,PRADO VX 3.0 TDi A/T-2013-2017,2017.0,2025-05-18 16:59:00,18743.76,Motor Vehicle - Theft,Theft,WATERKLOOF RIDGE,WATERKLOOF RIDGE,True,True,Gauteng
INC-2270,Armed Robbery,WATERKLOOF RIDGE,Vehicle,TOYOTA,COROLLA CROSS 1.8 XR HYBRID-2021-,2023.0,2025-05-18 16:59:00,22127.87,Motor Vehicle - Theft,Theft,WATERKLOOF RIDGE,WATERKLOOF RIDGE,True,True,Gauteng
INC-2271,Armed Robbery,WATERKLOOF RIDGE,Contents,,,,2025-05-18 16:59:00,92620.0,Home contents - Theft,Theft,WATERKLOOF RIDGE,WATERKLOOF RIDGE,True,True,Gauteng
INC-2274,Theft,WATERKLOOF RIDGE,Vehicle,TOYOTA,PRADO VX 3.0 TDi A/T-2013-2017,2017.0,2025-05-18 04:06:00,42693.94,Motor Vehicle - Theft,Theft,WATERKLOOF RIDGE,WATERKLOOF RIDGE,True,True,Gauteng
INC-2275,Theft,WATERKLOOF RIDGE,Vehicle,TOYOTA,COROLLA CROSS 1.8 XR HYBRID-2021-,2023.0,2025-05-18 03:36:00,117618.91,Motor Vehicle - Theft,Theft,WATERKLOOF RIDGE,WATERKLOOF RIDGE,True,True,Gauteng
INC-2283,Theft,CENTURION CENTRAL,Contents,,,,2025-05-17 08:00:00,45597.6,Home contents - Theft,Theft,CENTURION CENTRAL,CENTURION CENTRAL,True,True,Gauteng
INC-2290,Theft,WATERKLOOF RIDGE,Contents,,,,2025-05-16 02:21:00,34396.97,Home contents - Theft,Theft,WATERKLOOF RIDGE,WATERKLOOF RIDGE,True,True,Gauteng
INC-2294,Theft,CLAREMONT,Vehicle,BMW,X3 xDRIVE 20d M-SPORT (G01)-2021-,2022.0,2025-05-15 10:30:00,1750.0,Motor Vehicle - Theft,Theft,CLAREMONT,CLAREMONT,True,True,Cape Town
INC-2298,Theft,SOMERSET WEST,Vehicle,MAZDA,CX-3 2.0 ACTIVE A/T-2015-,2020.0,2025-05-14 19:15:00,3999.78,Motor Vehicle - Theft,Theft,SOMERSET WEST,SOMERSET WEST,True,True,Cape Town
INC-2300,Theft,NEWLANDS,Contents,,,,2025-05-14 16:00:00,224995.15,Home contents - Theft,Theft,NEWLANDS,NEWLANDS,True,True,Cape Town
INC-2308,Theft,NEWLANDS,Contents,,,,2025-05-14 03:00:00,31549.39,Home contents - Theft,Theft,NEWLANDS,NEWLANDS,True,True,Cape Town
INC-2316,Theft,WATERKLOOF RIDGE,Contents,,,,2025-05-13 03:00:00,102258.0,Home contents - Theft,Theft,WATERKLOOF RIDGE,WATERKLOOF RIDGE,True,True,Gauteng
INC-2322,Theft,GARSFONTEIN,Contents,,,,2025-05-12 04:00:00,14323.0,Home contents - Theft,Theft,GARSFONTEIN,GARSFONTEIN,True,True,Gauteng
INC-2330,Theft,SEA POINT,Contents,,,,2025-05-10 07:49:00,13547.2,Home contents - Theft,Theft,SEA POINT,SEA POINT,True,True,Cape Town
INC-2332,Theft,BRYANSTON,Contents,,,,2025-05-09 23:00:00,12738.0,Home contents - Theft,Theft,BRYANSTON,BRYANSTON,True,True,Gauteng
INC-2335,Theft,BRYANSTON,Contents,,,,2025-05-09 14:01:00,135321.0,Home contents - Theft,Theft,BRYANSTON,BRYANSTON,True,True,Gauteng
INC-2347,Theft,TABLE VIEW,Contents,,,,2025-05-07 13:50:14,29475.0,Home contents - Theft,Theft,TABLE VIEW,TABLE VIEW,True,True,Cape Town
INC-2394,Accidental Damage,CAPE TOWN CITY CENTRE,Contents,,,,2025-04-30 16:34:00,14574.0,Home contents - Theft,Theft,CAPE TOWN CITY CENTRE,CAPE TOWN CITY CENTRE,True,True,Cape Town
INC-2398,Theft,RONDEBOSCH,Contents,,,,2025-04-30 10:30:51,52058.91,Home contents - Theft,Theft,RONDEBOSCH,RONDEBOSCH,True,True,Cape Town
INC-2408,Theft,SOMERSET WEST,Contents,,,,2025-04-29 00:00:00,109840.0,Home contents - Theft,Theft,SOMERSET WEST,SOMERSET WEST,True,False,Cape Town
INC-2438,Theft,BRYANSTON,Contents,,,,2025-04-25 10:03:00,14252.1,Home contents - Theft,Theft,BRYANSTON,BRYANSTON,True,True,Gauteng
INC-2455,Theft,CAPE TOWN CITY CENTRE,Vehicle,PORSCHE,CAYENNE S DIESEL (E2 GEN II)-2014-2018,2016.0,2025-04-23 00:15:00,9276.19,Motor Vehicle - Theft,Theft,CAPE TOWN CITY CENTRE,CAPE TOWN CITY CENTRE,True,True,Cape Town
INC-2457,Theft,BRYANSTON,Vehicle,VOLKSWAGEN,AMAROK 2.0BITDI 154KW 4MOT LIFE A/T D/C P/U-2023-,2024.0,2025-04-22 11:00:00,5805.11,Motor Vehicle - Theft,Theft,BRYANSTON,BRYANSTON,True,True,Gauteng
INC-2462,Theft,SOMERSET WEST,Contents,,,,2025-04-21 05:33:00,1754647.58,Home contents - Theft,Theft,SOMERSET WEST,SOMERSET WEST,True,True,Cape Town
INC-2463,Theft,SOMERSET WEST,Vehicle,FORD,TRANSIT CUSTOM KOMBI 2.2TDCi AMB LWB F/C P/V-2015-2018,2018.0,2025-04-21 05:33:00,179715.55,Motor Vehicle - Theft,Theft,SOMERSET WEST,SOMERSET WEST,True,True,Cape Town
INC-2470,Theft,SOMERSET WEST,Vehicle,MERCEDES-BENZ,A 170 AVANTGARDE A/T-2005-2008,2006.0,2025-04-20 10:25:00,8691.42,Motor Vehicle - Theft,Theft,SOMERSET WEST,SOMERSET WEST,True,True,Cape Town
INC-2484,Theft,CAPE TOWN CITY CENTRE,Vehicle,HYUNDAI,i20 1.4 FLUID-2012-2015,2014.0,2025-04-18 16:00:00,1750.0,Motor Vehicle - Theft,Theft,CAPE TOWN CITY CENTRE,CAPE TOWN CITY CENTRE,True,True,Cape Town
INC-2499,Theft,BEDFORDVIEW,Vehicle,RENAULT,SANDERO 1.6 EXPRESSION+ PACK-2009-2010,2010.0,2025-04-17 14:50:00,56835.12,Motor Vehicle - Theft,Theft,BEDFORDVIEW,BEDFORDVIEW,True,True,Gauteng
INC-2519,Theft,SOMERSET WEST,Contents,,,,2025-04-14 16:00:00,29932.44,Home contents - Theft,Theft,SOMERSET WEST,SOMERSET WEST,True,True,Cape Town
INC-2520,Theft,CAPE TOWN CITY CENTRE,Contents,,,,2025-04-14 11:00:00,23599.0,Home contents - Theft,Theft,CAPE TOWN CITY CENTRE,CAPE TOWN CITY CENTRE,True,True,Cape Town
INC-2522,Theft,BRYANSTON,Contents,,,,2025-04-14 08:45:27,25749.0,Home contents - Theft,Theft,BRYANSTON,BRYANSTON,True,True,Gauteng
INC-2538,Theft,SEA POINT,Vehicle,RENAULT,CAPTUR 900T DYNAMIQUE 5DR (66KW)-2015-2022,2015.0,2025-04-10 17:00:00,111331.34,Motor Vehicle - Theft,Theft,SEA POINT,SEA POINT,True,True,Cape Town
INC-2551,Theft,FOURWAYS,Contents,,,,2025-04-09 03:34:00,7079.0,Home contents - Theft,Theft,FOURWAYS,FOURWAYS,True,True,Gauteng
INC-2589,Theft,BRYANSTON,Contents,,,,2025-04-04 08:00:00,91988.5,Home contents - Theft,Theft,BRYANSTON,BRYANSTON,True,True,Gauteng
INC-2593,Theft,CAPE TOWN CITY CENTRE,Vehicle,BMW,X5 xDRIVE30d M-SPORT A/T (F15)-2014-2018,2016.0,2025-04-03 19:21:00,4035.85,Motor Vehicle - Theft,Theft,CAPE TOWN CITY CENTRE,CAPE TOWN CITY CENTRE,True,True,Cape Town
INC-2594,Theft,CAPE TOWN CITY CENTRE,Contents,,,,2025-04-03 19:21:00,1840.0,Home contents - Theft,Theft,CAPE TOWN CITY CENTRE,CAPE TOWN CITY CENTRE,True,True,Cape Town
INC-2597,Theft,SOMERSET WEST,Contents,,,,2025-04-03 11:12:00,3679.0,Home contents - Theft,Theft,SOMERSET WEST,SOMERSET WEST,True,True,Cape Town
INC-2600,Theft,BEDFORDVIEW,Contents,,,,2025-04-03 00:00:00,18327.0,Home contents - Theft,Theft,BEDFORDVIEW,BEDFORDVIEW,True,False,Gauteng
INC-2619,Theft,TABLE VIEW,Contents,,,,2025-03-31 23:00:00,8250.0,Home contents - Theft,Theft,TABLE VIEW,TABLE VIEW,True,True,Cape Town
INC-2623,Theft,MENLO PARK,Vehicle,TOYOTA,FORTUNER 2.4GD-6 R/B A/T-2016-2020,2020.0,2025-03-31 00:05:00,145960.2,Motor Vehicle - Theft,Theft,MENLO PARK,MENLO PARK,True,True,Gauteng
INC-2624,Theft,MENLO PARK,Contents,,,,2025-03-31 00:05:00,1405.69,Home contents - Theft,Theft,MENLO PARK,MENLO PARK,True,True,Gauteng
INC-2629,Theft,SEA POINT,Vehicle,RENAULT,DUSTER 1.5 dCI DYNAMIQUE-2013-2018,2015.0,2025-03-30 10:00:00,22013.13,Motor Vehicle - Theft,Theft,SEA POINT,SEA POINT,True,True,Cape Town
INC-2633,Theft,NEWLANDS,Contents,,,,2025-03-29 14:45:00,17626.0,Home contents - Theft,Theft,NEWLANDS,NEWLANDS,True,True,Cape Town
INC-2651,Theft,RONDEBOSCH,Vehicle,TOYOTA,FORTUNER 2.8GD-6 4X4 A/T-2016-2020,2019.0,2025-03-27 08:30:00,17859.76,Motor Vehicle - Theft,Theft,RONDEBOSCH,RONDEBOSCH,True,True,Cape Town
INC-2653,Theft,SEA POINT,Contents,,,,2025-03-27 03:00:00,48701.92,Home contents - Theft,Theft,SEA POINT,SEA POINT,True,True,Cape Town
INC-2660,Theft,WATERKLOOF RIDGE,Vehicle,VOLKSWAGEN,POLO VIVO 1.4 COMFORTLINE (5DR)-2019-,2022.0,2025-03-26 14:29:00,105007.44,Motor Vehicle - Theft,Theft,WATERKLOOF RIDGE,WATERKLOOF RIDGE,True,True,Gauteng
INC-2665,Theft,CLAREMONT,Vehicle,HONDA,JAZZ 1.5i-2006-2008,2007.0,2025-03-25 01:38:00,1520.58,Motor Vehicle - Theft,Theft,CLAREMONT,CLAREMONT,True,True,Cape Town
INC-2671,Theft,NEWLANDS,Contents,,,,2025-03-24 10:56:00,1999.0,Home contents - Theft,Theft,NEWLANDS,NEWLANDS,True,True,Cape Town
INC-2673,Theft,RONDEBOSCH,Vehicle,TOYOTA,YARIS T1 5Dr A/C-2006-2010,2007.0,2025-03-24 08:50:00,37148.8,Motor Vehicle - Theft,Theft,RONDEBOSCH,RONDEBOSCH,True,True,Cape Town
INC-2707,Theft,GARSFONTEIN,Vehicle,TOYOTA,HILUX 2.8 GD-6 RAIDER 4X4 A/T P/U D/C-2016-2020,2018.0,2025-03-19 15:21:00,511285.08,Motor Vehicle - Theft,Theft,GARSFONTEIN,GARSFONTEIN,True,True,Gauteng
INC-2721,Theft,TABLE VIEW,Contents,,,,2025-03-18 16:30:00,51233.0,Home contents - Theft,Theft,TABLE VIEW,TABLE VIEW,True,True,Cape Town
INC-2775,Theft,SEA POINT,Vehicle,VOLKSWAGEN,T-ROC 2.0 TSI 4M R-LINE DSG-2020-2023,2023.0,2025-03-09 08:20:00,33993.41,Motor Vehicle - Theft,Theft,SEA POINT,SEA POINT,True,True,Cape Town
INC-2777,Theft,SOMERSET WEST,Vehicle,HYUNDAI,CRETA 1.6 EXECUTIVE-2017-2020,2018.0,2025-03-09 03:00:00,7889.49,Motor Vehicle - Theft,Theft,SOMERSET WEST,SOMERSET WEST,True,True,Cape Town
INC-2795,Theft,WATERKLOOF RIDGE,Contents,,,,2025-03-06 01:00:00,63498.48,Home contents - Theft,Theft,WATERKLOOF RIDGE,WATERKLOOF RIDGE,True,True,Gauteng
INC-2804,Theft,RONDEBOSCH,Vehicle,VOLKSWAGEN,POLO GP 1.2 TSI TRENDLINE (66KW)-2014-2018,2015.0,2025-03-04 03:40:00,59563.04,Motor Vehicle - Theft,Theft,RONDEBOSCH,RONDEBOSCH,True,True,Cape Town
INC-2817,Theft,SOMERSET WEST,Contents,,,,2025-03-03 04:00:00,22999.0,Home contents - Theft,Theft,SOMERSET WEST,SOMERSET WEST,True,True,Cape Town
INC-2829,Theft,BEDFORDVIEW,Vehicle,BMW,330i (E90)-2005-2007,2006.0,2025-03-01 14:00:00,977.5,Motor Vehicle - Theft,Theft,BEDFORDVIEW,BEDFORDVIEW,True,True,Gauteng
INC-2851,Theft,NEWLANDS,Contents,,,,2025-02-28 04:39:00,81837.0,Home contents - Theft,Theft,NEWLANDS,NEWLANDS,True,True,Cape Town
INC-2852,Theft,BRYANSTON,Contents,,,,2025-02-28 02:40:00,39012.65,Home contents - Theft,Theft,BRYANSTON,BRYANSTON,True,True,Gauteng
INC-2862,Theft,TABLE VIEW,Contents,,,,2025-02-26 11:00:00,51044.0,Home contents - Theft,Theft,TABLE VIEW,TABLE VIEW,True,True,Cape Town
INC-2865,Theft,CLAREMONT,Vehicle,VOLKSWAGEN,POLO VIVO 1.0 TSI GT (5DR)-2017-,2018.0,2025-02-25 23:00:00,49658.17,Motor Vehicle - Theft,Theft,CLAREMONT,CLAREMONT,True,True,Cape Town
INC-2878,Theft,SEA POINT,Vehicle,FORD,RANGER 2.2TDCI XL A/T P/U D/C-2019-,2021.0,2025-02-24 00:00:00,364620.03,Motor Vehicle - Theft,Theft,SEA POINT,SEA POINT,True,False,Cape Town
INC-2942,Theft,MENLO PARK,Contents,,,,2025-02-14 17:50:00,500.0,Home contents - Theft,Theft,MENLO PARK,MENLO PARK,True,True,Gauteng
INC-2943,Theft,MENLO PARK,Vehicle,TOYOTA,COROLLA CROSS 1.8 XS-2021-,2023.0,2025-02-14 17:50:00,351710.35,Motor Vehicle - Theft,Theft,MENLO PARK,MENLO PARK,True,True,Gauteng
INC-2949,Theft,CAPE TOWN CITY CENTRE,Contents,,,,2025-02-14 08:21:22,4091.1,Home contents - Theft,Theft,CAPE TOWN CITY CENTRE,CAPE TOWN CITY CENTRE,True,True,Cape Town
INC-2952,Theft,TABLE VIEW,Contents,,,,2025-02-14 03:00:00,12523.5,Home contents - Theft,Theft,TABLE VIEW,TABLE VIEW,True,True,Cape Town
INC-2962,Theft,MENLO PARK,Vehicle,TOYOTA,PRADO VX-R 2.8GD A/T-2024-,2024.0,2025-02-12 09:30:00,1509598.78,Motor Vehicle - Theft,Theft,MENLO PARK,MENLO PARK,True,True,Gauteng
INC-2966,Theft,SOMERSET WEST,Contents,,,,2025-02-12 02:05:46,16329.0,Home contents - Theft,Theft,SOMERSET WEST,SOMERSET WEST,True,True,Cape Town
INC-2969,Theft,RONDEBOSCH,Vehicle,ISUZU,KB 300 TDi LX P/U D/C-2004-2007,2006.0,2025-02-11 10:56:21,21751.35,Motor Vehicle - Theft,Theft,RONDEBOSCH,RONDEBOSCH,True,True,Cape Town
INC-2988,Theft,CAPE TOWN CITY CENTRE,Vehicle,TOYOTA,ETIOS 1.5 Xs/SPRINT 5Dr-2012-2022,2015.0,2025-02-07 02:56:00,57752.69,Motor Vehicle - Theft,Theft,CAPE TOWN CITY CENTRE,CAPE TOWN CITY CENTRE,True,True,Cape Town
INC-3009,Theft,WATERKLOOF RIDGE,Contents,,,,2025-02-02 03:05:50,174288.0,Home contents - Theft,Theft,WATERKLOOF RIDGE,WATERKLOOF RIDGE,True,True,Gauteng
INC-3018,Theft,SOMERSET WEST,Contents,,,,2025-01-31 13:41:38,9409.0,Home contents - Theft,Theft,SOMERSET WEST,SOMERSET WEST,True,True,Cape Town
INC-3028,Theft,CAPE TOWN CITY CENTRE,Contents,,,,2025-01-30 14:30:00,2762.6,Home contents - Theft,Theft,CAPE TOWN CITY CENTRE,CAPE TOWN CITY CENTRE,True,True,Cape Town
INC-3037,Theft,TABLE VIEW,Contents,,,,2025-01-29 19:20:00,33540.56,Home contents - Theft,Theft,TABLE VIEW,TABLE VIEW,True,True,Cape Town
INC-3080,Theft,CAPE TOWN CITY CENTRE,Vehicle,LAND ROVER,EVOQUE 2.0 SD4 HSE DYNAMIC-2017-2020,2019.0,2025-01-23 05:20:00,977.5,Motor Vehicle - Theft,Theft,CAPE TOWN CITY CENTRE,CAPE TOWN CITY CENTRE,True,True,Cape Town
INC-3096,Theft,SOMERSET WEST,Contents,,,,2025-01-21 00:00:00,30343.25,Home contents - Theft,Theft,SOMERSET WEST,SOMERSET WEST,True,False,Cape Town
INC-3097,Theft,NEWLANDS,Vehicle,TOYOTA,YARIS 1.0 XS 5Dr-2014-2017,2015.0,2025-01-20 17:30:00,3227.59,Motor Vehicle - Theft,Theft,NEWLANDS,NEWLANDS,True,True,Cape Town
INC-3101,Theft,SEA POINT,Vehicle,VOLKSWAGEN,POLO 1.0 TSI HIGHLINE (85KW)-2017-2021,2018.0,2025-01-20 04:29:00,3444.75,Motor Vehicle - Theft,Theft,SEA POINT,SEA POINT,True,True,Cape Town
INC-3105,Theft,BRYANSTON,Contents,,,,2025-01-19 08:40:00,32792.0,Home contents - Theft,Theft,BRYANSTON,BRYANSTON,True,True,Gauteng
INC-3106,Theft,BRYANSTON,Vehicle,LAND ROVER,DISCOVERY 4 3.0 TD/SD V6 SE-2009-2018,2012.0,2025-01-19 08:40:00,23579.45,Motor Vehicle - Theft,Theft,BRYANSTON,BRYANSTON,True,True,Gauteng
INC-3144,Theft,SOMERSET WEST,Contents,,,,2025-01-12 07:00:01,9420.8,Home contents - Theft,Theft,SOMERSET WEST,SOMERSET WEST,True,True,Cape Town
INC-3149,Hijack,BRYANSTON,Vehicle,BMW,X5 xDRIVE30d M-SPORT A/T (F15)-2014-2018,2015.0,2025-01-10 22:00:00,159659.09,Motor Vehicle - Theft,Hijack,BRYANSTON,BRYANSTON,True,True,Gauteng
INC-3160,Theft,BRYANSTON,Contents,,,,2025-01-09 22:00:00,15954.0,Home contents - Theft,Theft,BRYANSTON,BRYANSTON,True,True,Gauteng
INC-3161,Theft,BEDFORDVIEW,Contents,,,,2025-01-09 20:39:00,307542.06,Home contents - Theft,Theft,BEDFORDVIEW,BEDFORDVIEW,True,True,Gauteng
INC-3162,Hijack,NEWLANDS,Vehicle,BMW,320D M SPORT LAUNCH EDITION A/T (G20)-2019-2021,2019.0,2025-01-09 19:30:00,457674.09,Motor Vehicle - Theft,Hijack,NEWLANDS,NEWLANDS,True,True,Cape Town
INC-3187,Theft,NEWLANDS,Vehicle,RENAULT,SANDERO 900T STEPWAY-2014-2017,2017.0,2025-01-05 13:45:00,25940.53,Motor Vehicle - Theft,Theft,NEWLANDS,NEWLANDS,True,True,Cape Town
INC-3193,Theft,NEWLANDS,Contents,,,,2025-01-04 16:14:00,83371.56,Home contents - Theft,Theft,NEWLANDS,NEWLANDS,True,True,Cape Town
INC-3218,Theft,CAPE TOWN CITY CENTRE,Vehicle,SUZUKI,JIMNY 1.5 GLX A/T-2018-,2022.0,2025-01-01 11:21:00,11315.47,Motor Vehicle - Theft,Theft,CAPE TOWN CITY CENTRE,CAPE TOWN CITY CENTRE,True,True,Cape Town
INC-3220,Theft,TABLE VIEW,Contents,,,,2025-01-01 10:48:00,24486.0,Home contents - Theft,Theft,TABLE VIEW,TABLE VIEW,True,True,Cape Town
INC-3221,Theft,TABLE VIEW,Vehicle,VOLKSWAGEN,TAIGO 1.0 TSI R-LINE DSG-2022-,2022.0,2025-01-01 10:48:00,1520.58,Motor Vehicle - Theft,Theft,TABLE VIEW,TABLE VIEW,True,True,Cape Town
INC-3223,Theft,CENTURION CENTRAL,Vehicle,FORD,RANGER 3.2TDCi WILDTRAK A/T P/U D/C-2015-2020,2017.0,2025-01-01 10:00:00,1750.0,Motor Vehicle - Theft,Theft,CENTURION CENTRAL,CENTURION CENTRAL,True,True,Gauteng
INC-3262,Burglary,SOMERSET WEST,Contents,,,,2024-12-29 00:00:00,469327.75,Home contents - Theft,Theft,SOMERSET WEST,SOMERSET WEST,True,False,Cape Town
INC-3296,Theft,SOMERSET WEST,Contents,,,,2024-12-24 14:00:00,9749.0,Home contents - Theft,Theft,SOMERSET WEST,SOMERSET WEST,True,True,Cape Town
INC-3311,Theft,SEA POINT,Vehicle,VOLKSWAGEN,T-ROC 2.0 TSI 4M R-LINE DSG-2020-2023,2023.0,2024-12-22 15:11:14,6946.0,Motor Vehicle - Theft,Theft,SEA POINT,SEA POINT,True,True,Cape Town
INC-3320,Theft,RONDEBOSCH,Contents,,,,2024-12-21 11:00:00,69595.0,Home contents - Theft,Theft,RONDEBOSCH,RONDEBOSCH,True,True,Cape Town
INC-3343,Theft,GARSFONTEIN,Vehicle,TOYOTA,FORTUNER 3.0D-4D R/B-2011-2017,2012.0,2024-12-19 19:00:00,273512.08,Motor Vehicle - Theft,Theft,GARSFONTEIN,GARSFONTEIN,True,True,Gauteng
INC-3352,Theft,CAPE TOWN CITY CENTRE,Vehicle,TOYOTA,RAV4 2.0 VX A/T-2006-2009,2008.0,2024-12-18 15:00:01,6533.05,Motor Vehicle - Theft,Theft,CAPE TOWN CITY CENTRE,CAPE TOWN CITY CENTRE,True,True,Cape Town
INC-3370,Theft,SOMERSET WEST,Contents,,,,2024-12-16 23:36:00,225050.0,Home contents - Theft,Theft,SOMERSET WEST,SOMERSET WEST,True,True,Cape Town
INC-3409,Theft,CAPE TOWN CITY CENTRE,Vehicle,FORD,RANGER 2.2TDCI P/U D/C-2015-,2017.0,2024-12-12 14:45:00,4444.75,Motor Vehicle - Theft,Theft,CAPE TOWN CITY CENTRE,CAPE TOWN CITY CENTRE,True,True,Cape Town
INC-3430,Theft,FOURWAYS,Contents,,,,2024-12-10 01:00:00,83788.97,Home contents - Theft,Theft,FOURWAYS,FOURWAYS,True,True,Gauteng
INC-3446,Theft,MENLO PARK,Contents,,,,2024-12-07 00:54:00,206563.91,Home contents - Theft,Theft,MENLO PARK,MENLO PARK,True,True,Gauteng
INC-3491,Theft,CLAREMONT,Vehicle,FORD,FIESTA 1.4i TREND 3Dr-2003-2005,2004.0,2024-11-29 12:10:00,1290.0,Motor Vehicle - Theft,Theft,CLAREMONT,CLAREMONT,True,True,Cape Town
INC-3494,Theft,FOURWAYS,Contents,,,,2024-11-28 21:34:00,20998.0,Home contents - Theft,Theft,FOURWAYS,FOURWAYS,True,True,Gauteng
INC-3501,Theft,WATERKLOOF RIDGE,Contents,,,,2024-11-28 00:00:00,92386.19,Home contents - Theft,Theft,WATERKLOOF RIDGE,WATERKLOOF RIDGE,True,False,Gauteng
INC-3502,Theft,WATERKLOOF RIDGE,Vehicle,MERCEDES-BENZ,C250 CDi BE AVANTGARDE A/T-2011-2016,2012.0,2024-11-28 00:00:00,77277.85,Motor Vehicle - Theft,Theft,WATERKLOOF RIDGE,WATERKLOOF RIDGE,True,False,Gauteng
INC-3503,Theft,WATERKLOOF RIDGE,Vehicle,TOYOTA,COROLLA CROSS 1.8 XR HYBRID-2021-,2022.0,2024-11-27 18:36:00,425062.04,Motor Vehicle - Theft,Theft,WATERKLOOF RIDGE,WATERKLOOF RIDGE,True,True,Gauteng
INC-3512,Theft,BEDFORDVIEW,Contents,,,,2024-11-26 22:10:00,15549.0,Home contents - Theft,Theft,BEDFORDVIEW,BEDFORDVIEW,True,True,Gauteng
INC-3544,Theft,BEDFORDVIEW,Contents,,,,2024-11-22 07:30:00,12638.5,Home contents - Theft,Theft,BEDFORDVIEW,BEDFORDVIEW,True,True,Gauteng
INC-3550,Theft,BRYANSTON,Contents,,,,2024-11-21 13:41:38,45362.93,Home contents - Theft,Theft,BRYANSTON,BRYANSTON,True,True,Gauteng
INC-3582,Theft,TABLE VIEW,Vehicle,FORD,RANGER RAPTOR 2.0D BI-TURBO 4X4 A/T P/U D/C-2019-,2021.0,2024-11-16 23:00:41,9112.24,Motor Vehicle - Theft,Theft,TABLE VIEW,TABLE VIEW,True,True,Cape Town
INC-3595,Theft,CLAREMONT,Contents,,,,2024-11-15 10:03:00,24999.0,Home contents - Theft,Theft,CLAREMONT,CLAREMONT,True,True,Cape Town
INC-3601,Theft,BEDFORDVIEW,Contents,,,,2024-11-14 10:00:38,196297.4,Home contents - Theft,Theft,BEDFORDVIEW,BEDFORDVIEW,True,True,Gauteng
INC-3604,Theft,BRYANSTON,Contents,,,,2024-11-13 21:00:00,50785.05,Home contents - Theft,Theft,BRYANSTON,BRYANSTON,True,True,Gauteng
INC-3620,Theft,CAPE TOWN CITY CENTRE,Vehicle,MAZDA,CX-3 2.0 DYNAMIC A/T-2015-,2024.0,2024-11-12 20:00:00,3198.17,Motor Vehicle - Theft,Theft,CAPE TOWN CITY CENTRE,CAPE TOWN CITY CENTRE,True,True,Cape Town
INC-3623,Theft,SOMERSET WEST,Vehicle,SUBARU,FORESTER 2.0i-S ES CVT-2018-,2019.0,2024-11-12 04:40:00,1750.0,Motor Vehicle - Theft,Theft,SOMERSET WEST,SOMERSET WEST,True,True,Cape Town
INC-3644,Theft,CLAREMONT,Contents,,,,2024-11-10 15:30:00,36650.91,Home contents - Theft,Theft,CLAREMONT,CLAREMONT,True,True,Cape Town
INC-3667,Theft,SOMERSET WEST,Contents,,,,2024-11-08 13:12:00,15014.0,Home contents - Theft,Theft,SOMERSET WEST,SOMERSET WEST,True,True,Cape Town
INC-3668,Theft,SOMERSET WEST,Contents,,,,2024-11-08 03:45:00,55955.51,Home contents - Theft,Theft,SOMERSET WEST,SOMERSET WEST,True,True,Cape Town
INC-3688,Theft,WATERKLOOF RIDGE,Contents,,,,2024-11-05 08:00:00,43864.0,Home contents - Theft,Theft,WATERKLOOF RIDGE,WATERKLOOF RIDGE,True,True,Gauteng
INC-3689,Theft,SOMERSET WEST,Contents,,,,2024-11-05 07:51:00,26048.0,Home contents - Theft,Theft,SOMERSET WEST,SOMERSET WEST,True,True,Cape Town
INC-3696,Theft,FOURWAYS,Contents,,,,2024-11-04 10:00:00,10000.0,Home contents - Theft,Theft,FOURWAYS,FOURWAYS,True,True,Gauteng
INC-3850,Theft,RONDEBOSCH,Vehicle,VOLKSWAGEN,POLO VIVO GP 1.4 TRENDLINE 5DR-2014-2018,2017.0,2024-10-16 08:15:00,79746.64,Motor Vehicle - Theft,Theft,RONDEBOSCH,RONDEBOSCH,True,True,Cape Town
INC-3854,Theft,CLAREMONT,Vehicle,AUDI,A3 SPORTBACK 1.8T FSI SE STRONIC-2013-2016,2015.0,2024-10-15 20:28:53,8288.05,Motor Vehicle - Theft,Theft,CLAREMONT,CLAREMONT,True,True,Cape Town
INC-3871,Theft,RONDEBOSCH,Vehicle,VOLKSWAGEN,POLO VIVO GP 1.4 CONCEPTLINE 5DR-2014-2018,2016.0,2024-10-12 13:27:00,115047.72,Motor Vehicle - Theft,Theft,RONDEBOSCH,RONDEBOSCH,True,True,Cape Town
INC-3880,Theft,SEA POINT,Vehicle,AUDI,A3 SPORTBACK 35 TFSI ADVANCED TIP-2021-,2022.0,2024-10-11 19:00:00,1750.0,Motor Vehicle - Theft,Theft,SEA POINT,SEA POINT,True,True,Cape Town
INC-3899,Theft,BEDFORDVIEW,Contents,,,,2024-10-08 13:14:00,40358.0,Home contents - Theft,Theft,BEDFORDVIEW,BEDFORDVIEW,True,True,Gauteng
INC-3902,Theft,SEA POINT,Vehicle,TOYOTA,FORTUNER 3.0D-4D R/B-2011-2017,2013.0,2024-10-08 09:50:00,9926.5,Motor Vehicle - Theft,Theft,SEA POINT,SEA POINT,True,True,Cape Town
INC-3910,Theft,GARSFONTEIN,Vehicle,FORD,RANGER 2.0D XLT A/T P/U D/C-2019-,2020.0,2024-10-07 15:40:00,12179.71,Motor Vehicle - Theft,Theft,GARSFONTEIN,GARSFONTEIN,True,True,Gauteng
INC-3911,Theft,SOMERSET WEST,Vehicle,AUDI,Q5 2.0 TFSI SE QUATTRO TIP-2012-2017,2014.0,2024-10-07 15:16:45,7952.63,Motor Vehicle - Theft,Theft,SOMERSET WEST,SOMERSET WEST,True,True,Cape Town
INC-3925,Armed Robbery,CENTURION CENTRAL,Vehicle,TOYOTA,COROLLA 1.3 PROFESSIONAL-2010-2014,2012.0,2024-10-05 05:41:00,1750.0,,Armed Robbery,CENTURION CENTRAL,CENTURION CENTRAL,True,True,Gauteng
INC-3979,Theft,CAPE TOWN CITY CENTRE,Vehicle,HYUNDAI,ATOS 1.1 GLS-2005-2014,2010.0,2024-09-27 16:15:00,22560.7,Motor Vehicle - Theft,Theft,CAPE TOWN CITY CENTRE,CAPE TOWN CITY CENTRE,True,True,Cape Town
INC-3991,Theft,SOMERSET WEST,Contents,,,,2024-09-27 00:00:00,107610.0,Home contents - Theft,Theft,SOMERSET WEST,SOMERSET WEST,True,False,Cape Town
INC-3998,Armed Robbery,BRYANSTON,Contents,,,,2024-09-25 13:35:00,1960.0,Home contents - Theft,Theft,BRYANSTON,BRYANSTON,True,True,Gauteng
INC-4003,Theft,BEDFORDVIEW,Contents,,,,2024-09-25 02:30:00,27539.0,Home contents - Theft,Theft,BEDFORDVIEW,BEDFORDVIEW,True,True,Gauteng
INC-4011,Theft,BRYANSTON,Vehicle,VOLKSWAGEN,POLO VIVO 1.0 TSI GT (5DR)-2017-,2023.0,2024-09-23 21:00:00,1441.15,Motor Vehicle - Theft,Theft,BRYANSTON,BRYANSTON,True,True,Gauteng
INC-4017,Theft,SOMERSET WEST,Contents,,,,2024-09-22 23:00:00,327497.0,Home contents - Theft,Theft,SOMERSET WEST,SOMERSET WEST,True,True,Cape Town
INC-4022,Theft,BEDFORDVIEW,Vehicle,TOYOTA,HILUX 2.5 D-4D SRX R/B P/U S/C-2008-2011,2011.0,2024-09-22 08:17:00,125055.85,Motor Vehicle - Theft,Theft,BEDFORDVIEW,BEDFORDVIEW,True,True,Gauteng
INC-4044,Theft,GARSFONTEIN,Contents,,,,2024-09-18 16:00:00,5010.0,Home contents - Theft,Theft,GARSFONTEIN,GARSFONTEIN,True,True,Gauteng
INC-4045,Theft,SEA POINT,Contents,,,,2024-09-18 15:04:00,11369.8,Home contents - Theft,Theft,SEA POINT,SEA POINT,True,True,Cape Town
INC-4073,Theft,CLAREMONT,Vehicle,TOYOTA,FORTUNER 2.4GD-6 R/B-2020-,2021.0,2024-09-14 13:10:00,5726.56,Motor Vehicle - Theft,Theft,CLAREMONT,CLAREMONT,True,True,Cape Town
INC-4091,Theft,BEDFORDVIEW,Vehicle,TOYOTA,COROLLA CROSS 1.8 XR HYBRID-2021-,2022.0,2024-09-12 01:00:00,5395.85,Motor Vehicle - Theft,Theft,BEDFORDVIEW,BEDFORDVIEW,True,True,Gauteng
INC-4092,Theft,BEDFORDVIEW,Vehicle,BMW,X5 xDRIVE30d M SPORT (G05)-2018-,2020.0,2024-09-12 01:00:00,6588.7,Motor Vehicle - Theft,Theft,BEDFORDVIEW,BEDFORDVIEW,True,True,Gauteng
INC-4093,Theft,RONDEBOSCH,Vehicle,VOLKSWAGEN,POLO 2.0 GTI DSG (147KW)-2017-2022,2020.0,2024-09-11 22:30:00,62841.1,Motor Vehicle - Theft,Theft,RONDEBOSCH,RONDEBOSCH,True,True,Cape Town
INC-4096,Theft,GARSFONTEIN,Vehicle,TOYOTA,COROLLA CROSS 1.8 GR-S-2022-,2022.0,2024-09-11 17:47:00,413778.0,Motor Vehicle - Theft,Theft,GARSFONTEIN,GARSFONTEIN,True,True,Gauteng
INC-4115,Theft,BRYANSTON,Contents,,,,2024-09-09 10:38:00,862744.07,Home contents - Theft,Theft,BRYANSTON,BRYANSTON,True,True,Gauteng
INC-4119,Theft,SOMERSET WEST,Contents,,,,2024-09-08 08:30:00,3699.0,Home contents - Theft,Theft,SOMERSET WEST,SOMERSET WEST,True,True,Cape Town
INC-4143,Attempted Theft,SEA POINT,Contents,,,,2024-09-04 16:45:00,32109.5,Home contents - Theft,Theft,SEA POINT,SEA POINT,True,True,Cape Town
INC-4168,Theft,SOMERSET WEST,Contents,,,,2024-08-31 22:00:00,44947.93,Home contents - Theft,Theft,SOMERSET WEST,SOMERSET WEST,True,True,Cape Town
INC-4178,Theft,RONDEBOSCH,Vehicle,VOLKSWAGEN,POLO 1.6 TRENDLINE-2005-2010,2009.0,2024-08-30 19:30:00,71071.32,Motor Vehicle - Theft,Theft,RONDEBOSCH,RONDEBOSCH,True,True,Cape Town
INC-4203,Theft,SOMERSET WEST,Contents,,,,2024-08-27 20:41:00,11700.0,Home contents - Theft,Theft,SOMERSET WEST,SOMERSET WEST,True,True,Cape Town
INC-4212,Theft,GARSFONTEIN,Contents,,,,2024-08-27 02:30:00,6999.0,Home contents - Theft,Theft,GARSFONTEIN,GARSFONTEIN,True,True,Gauteng
INC-4222,Theft,RONDEBOSCH,Contents,,,,2024-08-25 09:00:00,81290.9,Home contents - Theft,Theft,RONDEBOSCH,RONDEBOSCH,True,True,Cape Town
INC-4232,Theft,FOURWAYS,Contents,,,,2024-08-24 00:00:00,64421.99,Home contents - Theft,Theft,FOURWAYS,FOURWAYS,True,False,Gauteng
INC-4256,Theft,NEWLANDS,Vehicle,HYUNDAI,TUCSON 2.0 CRDi SPORT A/T-2019-2023,2020.0,2024-08-21 20:15:00,19928.77,Motor Vehicle - Theft,Theft,NEWLANDS,NEWLANDS,True,True,Cape Town
INC-4271,Theft,GARSFONTEIN,Vehicle,TOYOTA,FORTUNER 2.4GD-6 4X4 A/T-2023-,2023.0,2024-08-19 14:10:23,13742.94,Motor Vehicle - Theft,Theft,GARSFONTEIN,GARSFONTEIN,True,True,Gauteng
INC-4272,Theft,CENTURION CENTRAL,Vehicle,TOYOTA,HILUX 2.8 GD-6 RB RAIDER P/U D/C A/T-2017-,2017.0,2024-08-19 13:00:00,10809.62,Motor Vehicle - Theft,Theft,CENTURION CENTRAL,CENTURION CENTRAL,True,True,Gauteng
INC-4277,Theft,BEDFORDVIEW,Contents,,,,2024-08-18 23:59:00,596479.26,Home contents - Theft,Theft,BEDFORDVIEW,BEDFORDVIEW,True,True,Gauteng
INC-4280,Theft,WATERKLOOF RIDGE,Vehicle,TOYOTA,HILUX 2.4 GD-6 RB RAIDER P/U E/CAB-2020-,2022.0,2024-08-18 10:00:00,420177.5,Motor Vehicle - Theft,Theft,WATERKLOOF RIDGE,WATERKLOOF RIDGE,True,True,Gauteng
INC-4293,Theft,NEWLANDS,Vehicle,BMW,120d SPORT LINE 5DR A/T (F20)-2015-2020,2015.0,2024-08-16 22:30:36,2407.54,Motor Vehicle - Theft,Theft,NEWLANDS,NEWLANDS,True,True,Cape Town
INC-4315,Theft,RONDEBOSCH,Vehicle,TOYOTA,ETIOS 1.5 Xs/SPRINT 5Dr-2012-2022,2015.0,2024-08-13 07:30:00,94240.89,Motor Vehicle - Theft,Theft,RONDEBOSCH,RONDEBOSCH,True,True,Cape Town
INC-4324,Theft,FOURWAYS,Vehicle,FORD,RANGER 2.0D BI-TURBO THUNDER A/T P/U D/C-2020-,2020.0,2024-08-11 13:54:00,16052.86,Motor Vehicle - Theft,Theft,FOURWAYS,FOURWAYS,True,True,Gauteng
INC-4350,Theft,BRYANSTON,Contents,,,,2024-08-08 23:00:00,148855.0,Home contents - Theft,Theft,BRYANSTON,BRYANSTON,True,True,Gauteng
INC-4351,Theft,NEWLANDS,Vehicle,TOYOTA,FORTUNER 3.0D-4D R/B-2011-2017,2013.0,2024-08-08 18:10:00,292963.92,Motor Vehicle - Theft,Theft,NEWLANDS,NEWLANDS,True,True,Cape Town
INC-4406,Theft,NEWLANDS,Contents,,,,2024-08-01 18:30:00,15598.0,Home contents - Theft,Theft,NEWLANDS,NEWLANDS,True,True,Cape Town
INC-4407,Theft,NEWLANDS,Vehicle,TOYOTA,FORTUNER 3.0D-4D R/B-2011-2017,2013.0,2024-08-01 18:30:00,309389.92,Motor Vehicle - Theft,Theft,NEWLANDS,NEWLANDS,True,True,Cape Town
INC-4410,Theft,WATERKLOOF RIDGE,Contents,,,,2024-08-01 08:22:00,138462.04,Home contents - Theft,Theft,WATERKLOOF RIDGE,WATERKLOOF RIDGE,True,True,Gauteng
INC-4413,Theft,WATERKLOOF RIDGE,Contents,,,,2024-08-01 03:00:00,32456.93,Home contents - Theft,Theft,WATERKLOOF RIDGE,WATERKLOOF RIDGE,True,True,Gauteng
INC-4426,Theft,SEA POINT,Vehicle,SUZUKI,JIMNY 1.5 GLX A/T-2018-,2022.0,2024-07-30 13:19:00,11844.76,Motor Vehicle - Theft,Theft,SEA POINT,SEA POINT,True,True,Cape Town
INC-4482,Theft,SEA POINT,Vehicle,AUDI,A1 SPORTBACK 30 TFSI ADVANCED S TRONIC-2019-,2023.0,2024-07-24 10:31:00,16241.09,Motor Vehicle - Theft,Theft,SEA POINT,SEA POINT,True,True,Cape Town
INC-4483,Theft,WATERKLOOF RIDGE,Contents,,,,2024-07-24 04:01:33,8682.31,Home contents - Theft,Theft,WATERKLOOF RIDGE,WATERKLOOF RIDGE,True,True,Gauteng
INC-4510,Theft,CLAREMONT,Vehicle,TOYOTA,PRADO VX 4.0 V6 A/T-2004-2009,2005.0,2024-07-20 23:30:00,242560.65,Motor Vehicle - Theft,Theft,CLAREMONT,CLAREMONT,True,True,Cape Town
INC-4572,Armed Robbery,GARSFONTEIN,Contents,,,,2024-07-13 14:30:00,76336.0,,Armed Robbery,GARSFONTEIN,GARSFONTEIN,True,True,Gauteng
INC-4577,Theft,RONDEBOSCH,Vehicle,TOYOTA,FORTUNER 3.0D-4D R/B A/T-2011-2017,2014.0,2024-07-13 09:18:00,295975.65,Motor Vehicle - Theft,Theft,RONDEBOSCH,RONDEBOSCH,True,True,Cape Town
INC-4581,Theft,BRYANSTON,Contents,,,,2024-07-12 11:57:00,0.0,Home contents - Theft,Theft,BRYANSTON,BRYANSTON,False,True,Gauteng
INC-4629,Theft,BRYANSTON,Contents,,,,2024-07-06 11:49:33,35508.47,Home contents - Theft,Theft,BRYANSTON,BRYANSTON,True,True,Gauteng
INC-4631,Theft,TABLE VIEW,Contents,,,,2024-07-06 01:15:00,41595.73,Home contents - Theft,Theft,TABLE VIEW,TABLE VIEW,True,True,Cape Town
INC-4665,Theft,SOMERSET WEST,Contents,,,,2024-07-02 02:00:00,51770.0,Home contents - Theft,Theft,SOMERSET WEST,SOMERSET WEST,True,True,Cape Town
INC-4697,Theft,BEDFORDVIEW,Vehicle,TOYOTA,FORTUNER 2.8 GD-6 4X4 VX A/T-2023-,2023.0,2024-06-28 19:00:00,802139.42,Motor Vehicle - Theft,Theft,BEDFORDVIEW,BEDFORDVIEW,True,True,Gauteng
INC-4699,Theft,CENTURION CENTRAL,Contents,,,,2024-06-28 14:00:00,2137.01,Home contents - Theft,Theft,CENTURION CENTRAL,CENTURION CENTRAL,True,True,Gauteng
INC-4705,Theft,NEWLANDS,Contents,,,,2024-06-27 19:48:00,45993.0,Home contents - Theft,Theft,NEWLANDS,NEWLANDS,True,True,Cape Town
INC-4732,Armed Robbery,BRYANSTON,Contents,,,,2024-06-24 18:30:00,9999.0,,Armed Robbery,BRYANSTON,BRYANSTON,True,True,Gauteng
INC-4742,Theft,MENLO PARK,Vehicle,SUZUKI,IGNIS 1.2 GLX A/T-2017-,2020.0,2024-06-24 03:00:00,8784.37,Motor Vehicle - Theft,Theft,MENLO PARK,MENLO PARK,True,True,Gauteng
INC-4757,Theft,SEA POINT,Vehicle,VOLKSWAGEN,POLO VIVO 1.4 TRENDLINE (5DR)-2017-,2020.0,2024-06-22 06:00:00,1750.0,Motor Vehicle - Theft,Theft,SEA POINT,SEA POINT,True,True,Cape Town
INC-4777,Theft,CLAREMONT,Vehicle,MERCEDES-BENZ,C200 AVANTGARDE-2014-2018,2014.0,2024-06-20 09:00:37,6613.3,Motor Vehicle - Theft,Theft,CLAREMONT,CLAREMONT,True,True,Cape Town
INC-4780,Hijack,NEWLANDS,Vehicle,RENAULT,SANDERO 900 T EXPRESSION-2014-2022,2019.0,2024-06-19 20:00:00,139127.18,Motor Vehicle - Theft,Hijack,NEWLANDS,NEWLANDS,True,True,Cape Town
INC-4787,Theft,TABLE VIEW,Contents,,,,2024-06-19 03:30:00,29248.0,Home contents - Theft,Theft,TABLE VIEW,TABLE VIEW,True,True,Cape Town
INC-4804,Theft,FOURWAYS,Contents,,,,2024-06-16 17:30:50,24295.0,Home contents - Theft,Theft,FOURWAYS,FOURWAYS,True,True,Gauteng
INC-4811,Theft,BRYANSTON,Contents,,,,2024-06-15 19:11:00,4526.0,Home contents - Theft,Theft,BRYANSTON,BRYANSTON,True,True,Gauteng
INC-4812,Theft,BRYANSTON,Vehicle,JEEP,GRAND CHEROKEE 3.0L V6 CRD OVERLAND-2011-2013,2013.0,2024-06-15 19:11:00,11037.59,Motor Vehicle - Theft,Theft,BRYANSTON,BRYANSTON,True,True,Gauteng
INC-4816,Theft,MENLO PARK,Vehicle,TOYOTA,RAV4 2.5 GX-R HYBRID CVT E-FOUR-2022-,2023.0,2024-06-15 15:30:51,229492.75,Motor Vehicle - Theft,Theft,MENLO PARK,MENLO PARK,True,True,Gauteng
INC-4838,Theft,GARSFONTEIN,Vehicle,TOYOTA,LANDCRUISER 200 V8 4.5D VX A/T-2012-2016,2013.0,2024-06-12 11:20:00,563378.81,Motor Vehicle - Theft,Theft,GARSFONTEIN,GARSFONTEIN,True,True,Gauteng
INC-4842,Theft,CAPE TOWN CITY CENTRE,Vehicle,SUZUKI,JIMNY 1.5 GLX A/T-2018-,2021.0,2024-06-11 20:15:00,13928.11,Motor Vehicle - Theft,Theft,CAPE TOWN CITY CENTRE,CAPE TOWN CITY CENTRE,True,True,Cape Town
INC-4875,Theft,NEWLANDS,Vehicle,VOLKSWAGEN,POLO 1.6 COMFORTLINE-2005-2010,2007.0,2024-06-08 07:40:00,57827.18,Motor Vehicle - Theft,Theft,NEWLANDS,NEWLANDS,True,True,Cape Town
INC-4885,Theft,RONDEBOSCH,Contents,,,,2024-06-07 12:00:00,32974.9,Home contents - Theft,Theft,RONDEBOSCH,RONDEBOSCH,True,True,Cape Town
INC-4897,Theft,CAPE TOWN CITY CENTRE,Contents,,,,2024-06-06 21:00:00,14688.76,Home contents - Theft,Theft,CAPE TOWN CITY CENTRE,CAPE TOWN CITY CENTRE,True,True,Cape Town
INC-4898,Theft,CAPE TOWN CITY CENTRE,Vehicle,VOLKSWAGEN,AMAROK 2.0 BiTDi ULTIMATE 132KW 4MOT A/T D/C P/U-2016-2020,2016.0,2024-06-06 21:00:00,4795.5,Motor Vehicle - Theft,Theft,CAPE TOWN CITY CENTRE,CAPE TOWN CITY CENTRE,True,True,Cape Town
INC-4915,Theft,FOURWAYS,Contents,,,,2024-06-02 22:59:23,16388.0,Home contents - Theft,Theft,FOURWAYS,FOURWAYS,True,True,Gauteng
INC-4932,Theft,NEWLANDS,Contents,,,,2024-06-01 02:47:00,10749.0,Home contents - Theft,Theft,NEWLANDS,NEWLANDS,True,True,Cape Town
INC-4963,Theft,CAPE TOWN CITY CENTRE,Contents,,,,2024-05-27 08:00:00,24990.0,Home contents - Theft,Theft,CAPE TOWN CITY CENTRE,CAPE TOWN CITY CENTRE,True,True,Cape Town
INC-4983,Theft,GARSFONTEIN,Vehicle,TOYOTA,FORTUNER 2.4GD-6 R/B A/T-2020-,2023.0,2024-05-23 18:31:00,120825.55,Motor Vehicle - Theft,Theft,GARSFONTEIN,GARSFONTEIN,True,True,Gauteng
INC-4991,Armed Robbery,RONDEBOSCH,Contents,,,,2024-05-22 19:36:00,2137.01,,Armed Robbery,RONDEBOSCH,RONDEBOSCH,True,True,Cape Town
INC-5006,Theft,FOURWAYS,Vehicle,AUDI,A6 2.0 TDi MULTITRONIC-2011-2015,2014.0,2024-05-20 20:00:00,15543.02,Motor Vehicle - Theft,Theft,FOURWAYS,FOURWAYS,True,True,Gauteng
INC-5014,Theft,CENTURION CENTRAL,Vehicle,FORD,RANGER 3.2TDCi XLT P/U D/C-2011-2015,2013.0,2024-05-18 12:35:00,224540.98,Motor Vehicle - Theft,Theft,CENTURION CENTRAL,CENTURION CENTRAL,True,True,Gauteng
INC-5042,Theft,BRYANSTON,Contents,,,,2024-05-15 10:11:14,42321.0,Home contents - Theft,Theft,BRYANSTON,BRYANSTON,True,True,Gauteng
INC-5063,Theft,RONDEBOSCH,Vehicle,KIA,PICANTO 1.0 STREET-2017-,2022.0,2024-05-12 11:33:00,5041.92,Motor Vehicle - Theft,Theft,RONDEBOSCH,RONDEBOSCH,True,True,Cape Town
INC-5064,Theft,MENLO PARK,Contents,,,,2024-05-12 11:16:00,27879.65,Home contents - Theft,Theft,MENLO PARK,MENLO PARK,True,True,Gauteng
INC-5076,Theft,NEWLANDS,Contents,,,,2024-05-11 10:14:00,163149.0,Home contents - Theft,Theft,NEWLANDS,NEWLANDS,True,True,Cape Town
INC-5107,Theft,TABLE VIEW,Contents,,,,2024-05-07 01:00:00,15106.0,Home contents - Theft,Theft,TABLE VIEW,TABLE VIEW,True,True,Cape Town
INC-5131,Theft,RONDEBOSCH,Vehicle,VOLKSWAGEN,POLO 1.4 TRENDLINE-2005-2010,2007.0,2024-05-04 16:00:00,48428.95,Motor Vehicle - Theft,Theft,RONDEBOSCH,RONDEBOSCH,True,True,Cape Town
INC-5198,Theft,CLAREMONT,Vehicle,VOLKSWAGEN,TIGUAN ALLSPACE 2.0 TSI C/LINE 4MOT DSG(132KW)-2018-2023,2021.0,2024-04-26 21:31:00,8405.35,Motor Vehicle - Theft,Theft,CLAREMONT,CLAREMONT,True,True,Cape Town
INC-5211,Theft,CLAREMONT,Contents,,,,2024-04-25 14:41:00,7533.99,Home contents - Theft,Theft,CLAREMONT,CLAREMONT,True,True,Cape Town
INC-5222,Armed Robbery,BRYANSTON,Contents,,,,2024-04-24 02:30:00,84550.95,Home contents - Theft,Theft,BRYANSTON,BRYANSTON,True,True,Gauteng
INC-5239,Theft,FOURWAYS,Vehicle,VOLKSWAGEN,POLO VIVO GP 1.4 CONCEPTLINE 5DR-2014-2018,2015.0,2024-04-22 11:44:00,12900.0,Motor Vehicle - Theft,Theft,FOURWAYS,FOURWAYS,True,True,Gauteng
INC-5287,Theft,RONDEBOSCH,Contents,,,,2024-04-16 20:25:00,8250.0,Home contents - Theft,Theft,RONDEBOSCH,RONDEBOSCH,True,True,Cape Town
INC-5299,Theft,SOMERSET WEST,Vehicle,VOLKSWAGEN,CADDY MAXI 2.0TDi (81KW) TRND LNE-2010-2015,2015.0,2024-04-14 21:00:00,4795.5,Motor Vehicle - Theft,Theft,SOMERSET WEST,SOMERSET WEST,True,True,Cape Town
INC-5333,Theft,CENTURION CENTRAL,Vehicle,HONDA,JAZZ 1.3 COMFORT CVT-2011-2015,2012.0,2024-04-12 14:11:00,2500.0,Motor Vehicle - Theft,Theft,CENTURION CENTRAL,CENTURION CENTRAL,True,True,Gauteng
INC-5367,Theft,SEA POINT,Vehicle,TOYOTA,RAV4 180 5Dr-2003-2006,2004.0,2024-04-08 07:15:53,6424.53,Motor Vehicle - Theft,Theft,SEA POINT,SEA POINT,True,True,Cape Town
INC-5368,Theft,SOMERSET WEST,Contents,,,,2024-04-08 07:00:00,31954.9,Home contents - Theft,Theft,SOMERSET WEST,SOMERSET WEST,True,True,Cape Town
INC-5381,Theft,WATERKLOOF RIDGE,Vehicle,FORD,RANGER 3.2TDCi XLT A/T P/U D/C-2015-2020,2018.0,2024-04-06 17:55:00,59315.2,Motor Vehicle - Theft,Theft,WATERKLOOF RIDGE,WATERKLOOF RIDGE,True,True,Gauteng
INC-5382,Theft,WATERKLOOF RIDGE,Contents,,,,2024-04-06 17:55:00,64603.74,Home contents - Theft,Theft,WATERKLOOF RIDGE,WATERKLOOF RIDGE,True,True,Gauteng
INC-5388,Theft,FOURWAYS,Contents,,,,2024-04-05 16:00:44,51834.7,Home contents - Theft,Theft,FOURWAYS,FOURWAYS,True,True,Gauteng
INC-5411,Theft,CAPE TOWN CITY CENTRE,Vehicle,HYUNDAI,TIBURON 2.0 GLS-2007-2010,2008.0,2024-04-02 09:52:40,1750.0,Motor Vehicle - Theft,Theft,CAPE TOWN CITY CENTRE,CAPE TOWN CITY CENTRE,True,True,Cape Town
INC-5429,Theft,FOURWAYS,Contents,,,,2024-03-31 17:14:00,103249.88,Home contents - Theft,Theft,FOURWAYS,FOURWAYS,True,True,Gauteng
INC-5452,Theft,RONDEBOSCH,Contents,,,,2024-03-29 03:00:00,23834.0,Home contents - Theft,Theft,RONDEBOSCH,RONDEBOSCH,True,True,Cape Town
INC-5484,Theft,FOURWAYS,Contents,,,,2024-03-26 01:00:00,10000.0,Home contents - Theft,Theft,FOURWAYS,FOURWAYS,True,True,Gauteng
INC-5489,Theft,BEDFORDVIEW,Contents,,,,2024-03-25 12:31:00,77454.0,Home contents - Theft,Theft,BEDFORDVIEW,BEDFORDVIEW,True,True,Gauteng
INC-5493,Theft,TABLE VIEW,Contents,,,,2024-03-25 02:00:58,62670.98,Home contents - Theft,Theft,TABLE VIEW,TABLE VIEW,True,True,Cape Town
INC-5543,Theft,SOMERSET WEST,Contents,,,,2024-03-20 03:10:00,34498.0,Home contents - Theft,Theft,SOMERSET WEST,SOMERSET WEST,True,True,Cape Town
INC-5553,Theft,RONDEBOSCH,Contents,,,,2024-03-19 04:00:00,8660.0,Home contents - Theft,Theft,RONDEBOSCH,RONDEBOSCH,True,True,Cape Town
INC-5557,Theft,CAPE TOWN CITY CENTRE,Vehicle,AUDI,A4 ALLROAD 2.0 TFSi QUATT S-TRONIC-2012-2020,2013.0,2024-03-18 19:35:00,20227.5,Motor Vehicle - Theft,Theft,CAPE TOWN CITY CENTRE,CAPE TOWN CITY CENTRE,True,True,Cape Town
INC-5583,Theft,MENLO PARK,Vehicle,TOYOTA,LAND CRUISER 200 V8 4.5D VX-R A/T-2017-2023,2021.0,2024-03-16 18:06:00,1603379.35,Motor Vehicle - Theft,Theft,MENLO PARK,MENLO PARK,True,True,Gauteng
INC-5615,Hijack,NEWLANDS,Vehicle,HYUNDAI,VENUE 1.0 TGDI MOTION DCT-2019-2023,2022.0,2024-03-13 19:31:00,331037.01,Motor Vehicle - Theft,Hijack,NEWLANDS,NEWLANDS,True,True,Cape Town
INC-5621,Theft,CLAREMONT,Vehicle,VOLKSWAGEN,AMAROK 2.0 BiTDi HIGHLINE 120KW 4MOT D/C P/U-2010-2013,2011.0,2024-03-12 11:00:00,19199.75,Motor Vehicle - Theft,Theft,CLAREMONT,CLAREMONT,True,True,Cape Town
INC-5629,Theft,SEA POINT,Vehicle,HONDA,HR-V 1.8 ELEGANCE CVT-2015-2023,2015.0,2024-03-11 00:00:00,2430.78,Motor Vehicle - Theft,Theft,SEA POINT,SEA POINT,True,False,Cape Town
INC-5638,Theft,CAPE TOWN CITY CENTRE,Vehicle,SUZUKI,JIMNY 1.5 GLX-2018-,2023.0,2024-03-09 22:00:00,4385.81,Motor Vehicle - Theft,Theft,CAPE TOWN CITY CENTRE,CAPE TOWN CITY CENTRE,True,True,Cape Town
INC-5681,Theft,SOMERSET WEST,Vehicle,TOYOTA,HILUX 2.5 D-4D LEGEND 45 R/B P/U D/C-2014-2016,2015.0,2024-03-05 14:18:00,50297.98,Motor Vehicle - Theft,Theft,SOMERSET WEST,SOMERSET WEST,True,True,Cape Town
INC-5703,Theft,MENLO PARK,Vehicle,TOYOTA,HILUX 2.8 GD-6 RB LEGEND A/T P/U D/C-2020-,2023.0,2024-03-02 15:57:00,940977.5,Motor Vehicle - Theft,Theft,MENLO PARK,MENLO PARK,True,True,Gauteng
INC-5721,Theft,CAPE TOWN CITY CENTRE,Contents,,,,2024-03-01 16:30:00,19749.0,Home contents - Theft,Theft,CAPE TOWN CITY CENTRE,CAPE TOWN CITY CENTRE,True,True,Cape Town
INC-5725,Theft,CAPE TOWN CITY CENTRE,Vehicle,RENAULT,KWID 1.0 DYNAMIQUE 5DR-2016-2020,2018.0,2024-03-01 13:45:00,8710.49,Motor Vehicle - Theft,Theft,CAPE TOWN CITY CENTRE,CAPE TOWN CITY CENTRE,True,True,Cape Town
INC-5730,Theft,BRYANSTON,Contents,,,,2024-03-01 06:00:36,209066.32,Home contents - Theft,Theft,BRYANSTON,BRYANSTON,True,True,Gauteng
INC-5747,Theft,BEDFORDVIEW,Contents,,,,2024-02-27 23:31:00,23999.0,Home contents - Theft,Theft,BEDFORDVIEW,BEDFORDVIEW,True,True,Gauteng
INC-5752,Theft,BEDFORDVIEW,Vehicle,AUDI,A1 SPORTBACK 1.2T FSi ATTRACTION-2012-2015,2014.0,2024-02-27 16:00:00,24257.13,Motor Vehicle - Theft,Theft,BEDFORDVIEW,BEDFORDVIEW,True,True,Gauteng
INC-5758,Theft,RONDEBOSCH,Vehicle,RENAULT,KWID 1.0 EXPRESSION / LIFE / EVOLUTION 5DR-2019-,2023.0,2024-02-27 01:30:00,17792.47,Motor Vehicle - Theft,Theft,RONDEBOSCH,RONDEBOSCH,True,True,Cape Town
INC-5770,Theft,CLAREMONT,Vehicle,VOLKSWAGEN,POLO GP 1.2 TSI COMFORTLINE (66KW)-2014-2018,2015.0,2024-02-24 20:30:00,109508.42,Motor Vehicle - Theft,Theft,CLAREMONT,CLAREMONT,True,True,Cape Town
INC-5774,Theft,SEA POINT,Contents,,,,2024-02-24 12:26:07,1800.0,Home contents - Theft,Theft,SEA POINT,SEA POINT,True,True,Cape Town
INC-5784,Theft,NEWLANDS,Contents,,,,2024-02-23 16:30:00,7410.95,Home contents - Theft,Theft,NEWLANDS,NEWLANDS,True,True,Cape Town
INC-5806,Theft,CAPE TOWN CITY CENTRE,Vehicle,LAND ROVER,EVOQUE 2.2 SD4 HSE DYNAMIC-2015-2020,2016.0,2024-02-20 19:40:00,1750.0,Motor Vehicle - Theft,Theft,CAPE TOWN CITY CENTRE,CAPE TOWN CITY CENTRE,True,True,Cape Town
INC-5819,Theft,CAPE TOWN CITY CENTRE,Vehicle,SUZUKI,JIMNY 1.5 GLX-2018-,2021.0,2024-02-19 20:00:00,4396.61,Motor Vehicle - Theft,Theft,CAPE TOWN CITY CENTRE,CAPE TOWN CITY CENTRE,True,True,Cape Town
INC-5838,Theft,SEA POINT,Contents,,,,2024-02-17 22:54:00,110273.9,Home contents - Theft,Theft,SEA POINT,SEA POINT,True,True,Cape Town
INC-5849,Theft,CENTURION CENTRAL,Contents,,,,2024-02-16 19:00:00,17716.31,Home contents - Theft,Theft,CENTURION CENTRAL,CENTURION CENTRAL,True,True,Gauteng
INC-5861,Theft,SEA POINT,Vehicle,TOYOTA,HILUX 2.8 GD-6 RB LEGEND RS 4X4 P/U D/C-2020-,2021.0,2024-02-15 04:45:00,714136.0,Motor Vehicle - Theft,Theft,SEA POINT,SEA POINT,True,True,Cape Town
INC-5862,Theft,SEA POINT,Contents,,,,2024-02-15 04:45:00,530.0,Home contents - Theft,Theft,SEA POINT,SEA POINT,True,True,Cape Town
INC-5863,Theft,SOMERSET WEST,Contents,,,,2024-02-15 02:33:00,184483.0,Home contents - Theft,Theft,SOMERSET WEST,SOMERSET WEST,True,True,Cape Town
INC-5885,Theft,BEDFORDVIEW,Contents,,,,2024-02-12 06:30:00,43000.0,Home contents - Theft,Theft,BEDFORDVIEW,BEDFORDVIEW,True,True,Gauteng
INC-5906,Theft,GARSFONTEIN,Contents,,,,2024-02-10 03:00:00,43893.95,Home contents - Theft,Theft,GARSFONTEIN,GARSFONTEIN,True,True,Gauteng
INC-5950,Theft,RONDEBOSCH,Contents,,,,2024-02-05 00:26:00,25578.0,Home contents - Theft,Theft,RONDEBOSCH,RONDEBOSCH,True,True,Cape Town
INC-5971,Theft,SEA POINT,Vehicle,FORD,FIGO 1.4 AMBIENTE-2010-2018,2017.0,2024-02-02 22:00:00,1750.0,Motor Vehicle - Theft,Theft,SEA POINT,SEA POINT,True,True,Cape Town
INC-6028,Theft,TABLE VIEW,Contents,,,,2024-01-27 00:30:09,329.0,Home contents - Theft,Theft,TABLE VIEW,TABLE VIEW,True,True,Cape Town
INC-6031,Theft,CENTURION CENTRAL,Vehicle,SUZUKI,VITARA BREZZA 1.5 GLX A/T-2021-2023,2021.0,2024-01-26 18:35:00,2000.0,Motor Vehicle - Theft,Theft,CENTURION CENTRAL,CENTURION CENTRAL,True,True,Gauteng
INC-6051,Theft,SEA POINT,Vehicle,RENAULT,KWID 1.0 DYNAMIQUE / ZEN 5DR-2019-,2020.0,2024-01-25 12:00:00,3848.64,Motor Vehicle - Theft,Theft,SEA POINT,SEA POINT,True,True,Cape Town
INC-6053,Theft,CENTURION CENTRAL,Vehicle,FORD,RANGER RAPTOR 2.0D BI-TURBO 4X4 A/T P/U D/C-2019-,2019.0,2024-01-25 11:00:00,27052.22,Motor Vehicle - Theft,Theft,CENTURION CENTRAL,CENTURION CENTRAL,True,True,Gauteng
INC-6079,Theft,WATERKLOOF RIDGE,Contents,,,,2024-01-22 15:40:00,103497.9,Home contents - Theft,Theft,WATERKLOOF RIDGE,WATERKLOOF RIDGE,True,True,Gauteng
INC-6169,Theft,TABLE VIEW,Contents,,,,2024-01-14 09:00:24,36880.0,Home contents - Theft,Theft,TABLE VIEW,TABLE VIEW,True,True,Cape Town
INC-6171,Theft,SEA POINT,Vehicle,TOYOTA,PRADO VX 4.0 V6 A/T-2009-2013,2010.0,2024-01-14 06:38:00,3838.7,Motor Vehicle - Theft,Theft,SEA POINT,SEA POINT,True,True,Cape Town
INC-6172,Theft,RONDEBOSCH,Contents,,,,2024-01-14 04:00:00,33686.99,Home contents - Theft,Theft,RONDEBOSCH,RONDEBOSCH,True,True,Cape Town
INC-6181,Theft,SOMERSET WEST,Contents,,,,2024-01-13 12:00:00,5898.99,Home contents - Theft,Theft,SOMERSET WEST,SOMERSET WEST,True,True,Cape Town
INC-6200,Theft,NEWLANDS,Vehicle,TOYOTA,FORTUNER 3.0D-4D 4X4 A/T-2011-2017,2015.0,2024-01-11 18:30:00,377447.77,Motor Vehicle - Theft,Theft,NEWLANDS,NEWLANDS,True,True,Cape Town
INC-6231,Theft,SEA POINT,Contents,,,,2024-01-09 10:00:00,13424.66,Home contents - Theft,Theft,SEA POINT,SEA POINT,True,True,Cape Town
INC-6269,Theft,CLAREMONT,Contents,,,,2024-01-06 02:00:00,8250.0,Home contents - Theft,Theft,CLAREMONT,CLAREMONT,True,True,Cape Town
INC-6272,Theft,RONDEBOSCH,Contents,,,,2024-01-05 13:00:00,11597.95,Home contents - Theft,Theft,RONDEBOSCH,RONDEBOSCH,True,True,Cape Town
INC-6280,Theft,TABLE VIEW,Contents,,,,2024-01-04 16:30:16,43944.75,Home contents - Theft,Theft,TABLE VIEW,TABLE VIEW,True,True,Cape Town
INC-6293,Theft,RONDEBOSCH,Contents,,,,2024-01-03 06:00:00,67765.75,Home contents - Theft,Theft,RONDEBOSCH,RONDEBOSCH,True,True,Cape Town
INC-6317,Theft,CLAREMONT,Vehicle,SUBARU,FORESTER 2.5 XT A/T-2008-2012,2011.0,2024-01-01 09:37:00,5944.75,Motor Vehicle - Theft,Theft,CLAREMONT,CLAREMONT,True,True,Cape Town
INC-6318,Theft,CLAREMONT,Contents,,,,2024-01-01 09:37:00,7223.0,Home contents - Theft,Theft,CLAREMONT,CLAREMONT,True,True,Cape Town
INC-6323,Theft,RONDEBOSCH,Contents,,,,2023-12-31 23:50:51,25320.0,Home contents - Theft,Theft,RONDEBOSCH,RONDEBOSCH,True,True,Cape Town
INC-6324,Theft,CLAREMONT,Contents,,,,2023-12-31 23:30:00,135849.73,Home contents - Theft,Theft,CLAREMONT,CLAREMONT,True,True,Cape Town
INC-6327,Theft,NEWLANDS,Contents,,,,2023-12-31 13:59:37,54797.0,Home contents - Theft,Theft,NEWLANDS,NEWLANDS,True,True,Cape Town
INC-6361,Theft,SEA POINT,Vehicle,BMW,X3 xDRIVE 20d (G01)-2017-2022,2020.0,2023-12-28 12:08:00,10646.0,Motor Vehicle - Theft,Theft,SEA POINT,SEA POINT,True,True,Cape Town
INC-6374,Theft,GARSFONTEIN,Contents,,,,2023-12-26 11:00:00,77440.93,Home contents - Theft,Theft,GARSFONTEIN,GARSFONTEIN,True,True,Gauteng
INC-6379,Theft,SEA POINT,Vehicle,VOLKSWAGEN,GOLF VI 1.4 TSi COMFORTLINE-2009-2013,2011.0,2023-12-25 22:30:00,40369.49,Motor Vehicle - Theft,Theft,SEA POINT,SEA POINT,True,True,Cape Town
INC-6392,Theft,SOMERSET WEST,Contents,,,,2023-12-24 20:53:00,26269.0,Home contents - Theft,Theft,SOMERSET WEST,SOMERSET WEST,True,True,Cape Town
INC-6425,Theft,CAPE TOWN CITY CENTRE,Contents,,,,2023-12-21 23:45:00,28882.42,Home contents - Theft,Theft,CAPE TOWN CITY CENTRE,CAPE TOWN CITY CENTRE,True,True,Cape Town
INC-6453,Theft,WATERKLOOF RIDGE,Vehicle,FORD,RANGER 3.2TDCI WILDTRAK A/T P/U D/C-2019-,2019.0,2023-12-18 11:21:00,9773.43,Motor Vehicle - Theft,Theft,WATERKLOOF RIDGE,WATERKLOOF RIDGE,True,True,Gauteng
INC-6470,Theft,SOMERSET WEST,Contents,,,,2023-12-17 01:02:00,4071.0,Home contents - Theft,Theft,SOMERSET WEST,SOMERSET WEST,True,True,Cape Town
INC-6500,Theft,SOMERSET WEST,Vehicle,TOYOTA,HILUX 3.0 D-4D LEGEND 45 4X4 P/U D/C-2014-2016,2015.0,2023-12-13 20:00:00,3628.36,Motor Vehicle - Theft,Theft,SOMERSET WEST,SOMERSET WEST,True,True,Cape Town
INC-6506,Theft,SEA POINT,Vehicle,SUZUKI,JIMNY 1.5 GLX A/T-2018-,2022.0,2023-12-13 05:00:00,5567.56,Motor Vehicle - Theft,Theft,SEA POINT,SEA POINT,True,True,Cape Town
INC-6526,Theft,GARSFONTEIN,Contents,,,,2023-12-11 17:00:00,19749.0,Home contents - Theft,Theft,GARSFONTEIN,GARSFONTEIN,True,True,Gauteng
INC-6607,Theft,MENLO PARK,Vehicle,TOYOTA,HILUX 2.4 GD-6 SRX 4X4 P/U D/C-2016-2018,2017.0,2023-12-03 14:40:00,412700.0,Motor Vehicle - Theft,Theft,MENLO PARK,MENLO PARK,True,True,Gauteng
INC-6624,Theft,NEWLANDS,Vehicle,TOYOTA,FORTUNER 2.5D-4D RB-2011-2017,2011.0,2023-12-02 06:11:00,225693.77,Motor Vehicle - Theft,Theft,NEWLANDS,NEWLANDS,True,True,Cape Town
INC-6634,Theft,GARSFONTEIN,Contents,,,,2023-12-01 09:14:42,22931.0,Home contents - Theft,Theft,GARSFONTEIN,GARSFONTEIN,True,True,Gauteng
INC-6720,Theft,NEWLANDS,Vehicle,TOYOTA,FORTUNER 3.0D-4D R/B A/T-2011-2017,2011.0,2023-11-23 16:55:00,267704.29,Motor Vehicle - Theft,Theft,NEWLANDS,NEWLANDS,True,True,Cape Town
INC-6738,Theft,RONDEBOSCH,Vehicle,HONDA,CRV 2.4 VTEC RVSi A/T-2008-2010,2008.0,2023-11-21 04:00:00,10747.37,Motor Vehicle - Theft,Theft,RONDEBOSCH,RONDEBOSCH,True,True,Cape Town
INC-6740,Theft,BRYANSTON,Vehicle,TOYOTA,RAV4 2.0 GX-R CVT AWD-2019-2023,2019.0,2023-11-20 19:00:00,427983.39,Motor Vehicle - Theft,Theft,BRYANSTON,BRYANSTON,True,True,Gauteng
INC-6744,Theft,RONDEBOSCH,Vehicle,FIAT,500 1.4 CABRIOLET-2010-2020,2010.0,2023-11-20 00:00:00,48760.92,Motor Vehicle - Theft,Theft,RONDEBOSCH,RONDEBOSCH,True,False,Cape Town
INC-6749,Theft,NEWLANDS,Vehicle,TOYOTA,HILUX 3.0 D-4D RAIDER 4X4 P/U D/C-2011-2014,2011.0,2023-11-19 10:04:00,117189.67,Motor Vehicle - Theft,Theft,NEWLANDS,NEWLANDS,True,True,Cape Town
INC-6755,Theft,MENLO PARK,Contents,,,,2023-11-18 23:59:00,55108.99,Home contents - Theft,Theft,MENLO PARK,MENLO PARK,True,True,Gauteng
INC-6757,Theft,CENTURION CENTRAL,Vehicle,VOLKSWAGEN,POLO VIVO 1.6 TRENDLINE 5Dr-2010-2014,2013.0,2023-11-18 21:08:00,134140.73,Motor Vehicle - Theft,Theft,CENTURION CENTRAL,CENTURION CENTRAL,True,True,Gauteng
INC-6779,Theft,FOURWAYS,Vehicle,TOYOTA,FORTUNER 2.7VVTi R/B A/T-2016-2020,2018.0,2023-11-17 10:00:00,11644.09,Motor Vehicle - Theft,Theft,FOURWAYS,FOURWAYS,True,True,Gauteng
INC-6796,Theft,BRYANSTON,Contents,,,,2023-11-16 01:00:00,20598.0,Home contents - Theft,Theft,BRYANSTON,BRYANSTON,True,True,Gauteng
INC-6811,Theft,GARSFONTEIN,Vehicle,TOYOTA,RAV4 2.5 VX A/T AWD-2019-2023,2021.0,2023-11-14 12:30:00,110641.16,Motor Vehicle - Theft,Theft,GARSFONTEIN,GARSFONTEIN,True,True,Gauteng
INC-6823,Theft,NEWLANDS,Contents,,,,2023-11-13 14:00:00,9503.25,Home contents - Theft,Theft,NEWLANDS,NEWLANDS,True,True,Cape Town
INC-6837,Theft,NEWLANDS,Vehicle,VOLKSWAGEN,POLO VIVO GP 1.4 TRENDLINE 5DR-2014-2018,2015.0,2023-11-12 11:15:00,116625.6,Motor Vehicle - Theft,Theft,NEWLANDS,NEWLANDS,True,True,Cape Town
INC-6842,Theft,BEDFORDVIEW,Vehicle,TOYOTA,FORTUNER 2.8GD-6 4X4 A/T-2016-2020,2017.0,2023-11-11 21:05:00,93114.2,Motor Vehicle - Theft,Theft,BEDFORDVIEW,BEDFORDVIEW,True,True,Gauteng
INC-6845,Theft,FOURWAYS,Vehicle,FORD,RANGER 3.2TDCi XLT A/T P/U D/C-2011-2016,2014.0,2023-11-11 17:27:00,255117.39,Motor Vehicle - Theft,Theft,FOURWAYS,FOURWAYS,True,True,Gauteng
INC-6850,Theft,TABLE VIEW,Vehicle,AUDI,A3 SPORTBACK 1.4 TFSI STRONIC (35 TFSI)-2016-2022,2018.0,2023-11-11 12:00:00,306795.16,Motor Vehicle - Theft,Theft,TABLE VIEW,TABLE VIEW,True,True,Cape Town
INC-6857,Theft,BEDFORDVIEW,Contents,,,,2023-11-10 18:30:00,10258.0,Home contents - Theft,Theft,BEDFORDVIEW,BEDFORDVIEW,True,True,Gauteng
INC-6858,Theft,BEDFORDVIEW,Contents,,,,2023-11-10 17:30:00,28990.0,Home contents - Theft,Theft,BEDFORDVIEW,BEDFORDVIEW,True,True,Gauteng
INC-6899,Theft,CENTURION CENTRAL,Contents,,,,2023-11-04 23:45:21,28749.0,Home contents - Theft,Theft,CENTURION CENTRAL,CENTURION CENTRAL,True,True,Gauteng
INC-6932,Theft,RONDEBOSCH,Contents,,,,2023-11-02 03:55:07,14284.0,Home contents - Theft,Theft,RONDEBOSCH,RONDEBOSCH,True,True,Cape Town
INC-6954,Theft,CAPE TOWN CITY CENTRE,Vehicle,HONDA,JAZZ 1.4i DSI A/T-2004-2016,2008.0,2023-10-31 10:00:48,12540.85,Motor Vehicle - Theft,Theft,CAPE TOWN CITY CENTRE,CAPE TOWN CITY CENTRE,True,True,Cape Town
INC-6957,Theft,NEWLANDS,Vehicle,TOYOTA,RAV4 180 5Dr-2003-2006,2005.0,2023-10-31 06:35:00,93457.19,Motor Vehicle - Theft,Theft,NEWLANDS,NEWLANDS,True,True,Cape Town
INC-6990,Theft,CLAREMONT,Contents,,,,2023-10-28 02:34:00,55660.0,Home contents - Theft,Theft,CLAREMONT,CLAREMONT,True,True,Cape Town
INC-7054,Theft,CLAREMONT,Vehicle,TOYOTA,ETIOS CROSS 1.5 Xs 5Dr-2014-2022,2016.0,2023-10-22 10:30:00,61269.6,Motor Vehicle - Theft,Theft,CLAREMONT,CLAREMONT,True,True,Cape Town
INC-7055,Theft,BRYANSTON,Contents,,,,2023-10-22 02:00:00,178028.0,Home contents - Theft,Theft,BRYANSTON,BRYANSTON,True,True,Gauteng
INC-7070,Theft,CLAREMONT,Contents,,,,2023-10-21 00:00:00,29114.0,Home contents - Theft,Theft,CLAREMONT,CLAREMONT,True,False,Cape Town
INC-7072,Theft,CLAREMONT,Vehicle,SUZUKI,BALENO 1.4 GLX 5DR-2016-2023,2020.0,2023-10-21 00:00:00,3830.0,Motor Vehicle - Theft,Theft,CLAREMONT,CLAREMONT,True,False,Cape Town
INC-7077,Armed Robbery,NEWLANDS,Contents,,,,2023-10-20 11:07:00,285664.4,Home contents - Theft,Theft,NEWLANDS,NEWLANDS,True,True,Cape Town
INC-7084,Theft,CAPE TOWN CITY CENTRE,Vehicle,MERCEDES-BENZ,C220 BLUETEC AMG LINE A/T-2014-2018,2014.0,2023-10-19 19:15:00,7981.8,Motor Vehicle - Theft,Theft,CAPE TOWN CITY CENTRE,CAPE TOWN CITY CENTRE,True,True,Cape Town
INC-7089,Theft,TABLE VIEW,Vehicle,VOLKSWAGEN,TOUAREG R5 2.5 TDI TIP-2004-2007,2004.0,2023-10-19 14:47:00,6715.13,Motor Vehicle - Theft,Theft,TABLE VIEW,TABLE VIEW,True,True,Cape Town
INC-7107,Theft,TABLE VIEW,Vehicle,VOLKSWAGEN,POLO GP 1.2 TSI COMFORTLINE (66KW)-2014-2018,2015.0,2023-10-17 19:00:00,3134.25,Motor Vehicle - Theft,Theft,TABLE VIEW,TABLE VIEW,True,True,Cape Town
INC-7122,Theft,SEA POINT,Vehicle,HYUNDAI,i20 1.4-2009-2012,2010.0,2023-10-15 14:00:00,2500.0,Motor Vehicle - Theft,Theft,SEA POINT,SEA POINT,True,True,Cape Town
INC-7142,Theft,BRYANSTON,Contents,,,,2023-10-13 15:00:00,23819.0,Home contents - Theft,Theft,BRYANSTON,BRYANSTON,True,True,Gauteng
INC-7159,Theft,SOMERSET WEST,Contents,,,,2023-10-12 14:00:00,905.0,Home contents - Theft,Theft,SOMERSET WEST,SOMERSET WEST,True,True,Cape Town
INC-7160,Theft,SOMERSET WEST,Vehicle,NISSAN,MICRA 900T ACENTA PLUS-2018-2023,2019.0,2023-10-12 14:00:00,1840.0,Motor Vehicle - Theft,Theft,SOMERSET WEST,SOMERSET WEST,True,True,Cape Town
INC-7164,Theft,FOURWAYS,Contents,,,,2023-10-12 08:42:00,49250.0,Home contents - Theft,Theft,FOURWAYS,FOURWAYS,True,True,Gauteng
INC-7165,Theft,SOMERSET WEST,Contents,,,,2023-10-12 05:40:04,118178.0,Home contents - Theft,Theft,SOMERSET WEST,SOMERSET WEST,True,True,Cape Town
INC-7203,Theft,CAPE TOWN CITY CENTRE,Vehicle,CHEVROLET,OPTRA 1.6 L-2004-2014,2010.0,2023-10-07 19:30:00,47205.48,Motor Vehicle - Theft,Theft,CAPE TOWN CITY CENTRE,CAPE TOWN CITY CENTRE,True,True,Cape Town
INC-7209,Theft,SOMERSET WEST,Contents,,,,2023-10-07 04:00:00,18498.0,Home contents - Theft,Theft,SOMERSET WEST,SOMERSET WEST,True,True,Cape Town
INC-7211,Theft,MENLO PARK,Contents,,,,2023-10-06 23:29:00,671.76,Home contents - Theft,Theft,MENLO PARK,MENLO PARK,True,True,Gauteng
INC-7213,Theft,GARSFONTEIN,Vehicle,TOYOTA,FORTUNER 2.8GD-6 4X4 A/T-2016-2020,2018.0,2023-10-06 20:59:00,528700.0,Motor Vehicle - Theft,Theft,GARSFONTEIN,GARSFONTEIN,True,True,Gauteng
INC-7230,Theft,FOURWAYS,Contents,,,,2023-10-05 18:00:00,49602.22,Home contents - Theft,Theft,FOURWAYS,FOURWAYS,True,True,Gauteng
INC-7243,Theft,SEA POINT,Contents,,,,2023-10-04 22:00:00,41999.88,Home contents - Theft,Theft,SEA POINT,SEA POINT,True,True,Cape Town
INC-7281,Theft,GARSFONTEIN,Vehicle,TOYOTA,HILUX 4.0 A/T RAIDER 4X4 P/U D/C-2005-2008,2007.0,2023-09-30 09:00:00,7573.95,Motor Vehicle - Theft,Theft,GARSFONTEIN,GARSFONTEIN,True,True,Gauteng
INC-7292,Theft,BRYANSTON,Vehicle,JEEP,RENEGADE 1.4 LONGITUDE DDCT-2019-,2023.0,2023-09-28 11:00:48,4467.09,Motor Vehicle - Theft,Theft,BRYANSTON,BRYANSTON,True,True,Gauteng
INC-7297,Theft,NEWLANDS,Contents,,,,2023-09-27 19:00:00,23600.5,Home contents - Theft,Theft,NEWLANDS,NEWLANDS,True,True,Cape Town
INC-7298,Theft,CLAREMONT,Contents,,,,2023-09-27 18:00:00,23740.0,Home contents - Theft,Theft,CLAREMONT,CLAREMONT,True,True,Cape Town
INC-7311,Theft,BRYANSTON,Vehicle,LEXUS,NX 2.0T F-SPORT/300 F-SPORT-2015-2020,2018.0,2023-09-26 21:33:00,513729.71,Motor Vehicle - Theft,Theft,BRYANSTON,BRYANSTON,True,True,Gauteng
INC-7322,Theft,CAPE TOWN CITY CENTRE,Vehicle,MERCEDES-BENZ,A 170 ELEGANCE-2005-2008,2005.0,2023-09-26 06:27:24,4134.25,Motor Vehicle - Theft,Theft,CAPE TOWN CITY CENTRE,CAPE TOWN CITY CENTRE,True,True,Cape Town
INC-7353,Theft,SOMERSET WEST,Contents,,,,2023-09-24 01:00:00,6948.9,Home contents - Theft,Theft,SOMERSET WEST,SOMERSET WEST,True,True,Cape Town
INC-7392,Theft,CENTURION CENTRAL,Vehicle,TOYOTA,HILUX 2.8 GD-6 RB RAIDER A/T P/U D/C-2018-2021,2019.0,2023-09-20 20:00:00,8263.2,Motor Vehicle - Theft,Theft,CENTURION CENTRAL,CENTURION CENTRAL,True,True,Gauteng
INC-7410,Theft,SEA POINT,Vehicle,SUZUKI,S-PRESSO 1.0 GL+-2020-2023,2021.0,2023-09-20 04:00:39,12154.9,Motor Vehicle - Theft,Theft,SEA POINT,SEA POINT,True,True,Cape Town
INC-7416,Theft,SOMERSET WEST,Contents,,,,2023-09-19 09:00:00,6899.0,Home contents - Theft,Theft,SOMERSET WEST,SOMERSET WEST,True,True,Cape Town
INC-7418,Theft,RONDEBOSCH,Contents,,,,2023-09-18 19:20:38,34713.94,Home contents - Theft,Theft,RONDEBOSCH,RONDEBOSCH,True,True,Cape Town
INC-7421,Theft,BRYANSTON,Contents,,,,2023-09-18 01:20:00,12188.0,Home contents - Theft,Theft,BRYANSTON,BRYANSTON,True,True,Gauteng
INC-7424,Theft,BRYANSTON,Vehicle,HYUNDAI,i20 1.2 MOTION-2015-2022,2018.0,2023-09-17 12:00:34,4478.3,Motor Vehicle - Theft,Theft,BRYANSTON,BRYANSTON,True,True,Gauteng
INC-7433,Theft,TABLE VIEW,Vehicle,SUZUKI,SWIFT 1.2 GL-2018-,2022.0,2023-09-16 22:00:00,84474.0,Motor Vehicle - Theft,Theft,TABLE VIEW,TABLE VIEW,True,True,Cape Town
INC-7516,Theft,BRYANSTON,Contents,,,,2023-09-08 12:25:00,142431.14,Home contents - Theft,Theft,BRYANSTON,BRYANSTON,True,True,Gauteng
INC-7541,Theft,GARSFONTEIN,Vehicle,TOYOTA,FORTUNER 2.8GD-6 4X4 EPIC A/T-2020-2023,2021.0,2023-09-05 13:04:00,181051.87,Motor Vehicle - Theft,Theft,GARSFONTEIN,GARSFONTEIN,True,True,Gauteng
INC-7563,Theft,CAPE TOWN CITY CENTRE,Vehicle,AUDI,A3 SPORTBACK 1.4T FSI S STRONIC-2013-2016,2014.0,2023-09-03 10:05:00,2458.52,Motor Vehicle - Theft,Theft,CAPE TOWN CITY CENTRE,CAPE TOWN CITY CENTRE,True,True,Cape Town
INC-7567,Theft,CENTURION CENTRAL,Vehicle,TOYOTA,FORTUNER 2.8GD-6 R/B A/T-2016-2020,2017.0,2023-09-03 00:00:00,13145.73,Motor Vehicle - Theft,Theft,CENTURION CENTRAL,CENTURION CENTRAL,True,False,Gauteng
INC-7596,Theft,BEDFORDVIEW,Contents,,,,2023-08-31 05:50:00,90048.75,Home contents - Theft,Theft,BEDFORDVIEW,BEDFORDVIEW,True,True,Gauteng
INC-7614,Theft,RONDEBOSCH,Contents,,,,2023-08-30 01:09:00,11618.0,Home contents - Theft,Theft,RONDEBOSCH,RONDEBOSCH,True,True,Cape Town
INC-7623,Theft,SOMERSET WEST,Contents,,,,2023-08-28 12:00:09,4500.0,Home contents - Theft,Theft,SOMERSET WEST,SOMERSET WEST,True,True,Cape Town
INC-7670,Theft,CAPE TOWN CITY CENTRE,Vehicle,MINI,COOPER S CVT CONVERTIBLE-2006-2007,2006.0,2023-08-25 14:03:00,2642.33,Motor Vehicle - Theft,Theft,CAPE TOWN CITY CENTRE,CAPE TOWN CITY CENTRE,True,True,Cape Town
INC-7726,Theft,RONDEBOSCH,Vehicle,TOYOTA,VERSO 160-2005-2009,2006.0,2023-08-19 17:00:00,77076.8,Motor Vehicle - Theft,Theft,RONDEBOSCH,RONDEBOSCH,True,True,Cape Town
INC-7765,Theft,RONDEBOSCH,Vehicle,MITSUBISHI,MIRAGE 1.2 GLS-2014-2018,2014.0,2023-08-16 00:28:00,55500.1,Motor Vehicle - Theft,Theft,RONDEBOSCH,RONDEBOSCH,True,True,Cape Town
INC-7782,Theft,CLAREMONT,Contents,,,,2023-08-14 08:20:11,7345.0,Home contents - Theft,Theft,CLAREMONT,CLAREMONT,True,True,Cape Town
INC-7883,Theft,SOMERSET WEST,Contents,,,,2023-08-01 11:24:00,8750.0,Home contents - Theft,Theft,SOMERSET WEST,SOMERSET WEST,True,True,Cape Town
INC-7901,Theft,NEWLANDS,Contents,,,,2023-07-30 03:00:00,62569.05,Home contents - Theft,Theft,NEWLANDS,NEWLANDS,True,True,Cape Town
INC-7912,Theft,BRYANSTON,Contents,,,,2023-07-29 03:00:00,232394.94,Home contents - Theft,Theft,BRYANSTON,BRYANSTON,True,True,Gauteng
INC-7913,Theft,TABLE VIEW,Contents,,,,2023-07-29 02:31:00,14630.0,Home contents - Theft,Theft,TABLE VIEW,TABLE VIEW,True,True,Cape Town
INC-7920,Theft,SOMERSET WEST,Contents,,,,2023-07-29 00:00:00,3500.0,Home contents - Theft,Theft,SOMERSET WEST,SOMERSET WEST,True,False,Cape Town
INC-7926,Theft,SEA POINT,Contents,,,,2023-07-28 09:31:00,25780.0,Home contents - Theft,Theft,SEA POINT,SEA POINT,True,True,Cape Town
INC-7972,Theft,SEA POINT,Contents,,,,2023-07-23 00:12:00,454884.87,Home contents - Theft,Theft,SEA POINT,SEA POINT,True,True,Cape Town
INC-7991,Theft,CAPE TOWN CITY CENTRE,Vehicle,SUZUKI,JIMNY 1.3-2008-2018,2017.0,2023-07-20 07:45:00,5224.69,Motor Vehicle - Theft,Theft,CAPE TOWN CITY CENTRE,CAPE TOWN CITY CENTRE,True,True,Cape Town
INC-8024,Theft,SEA POINT,Contents,,,,2023-07-16 03:17:00,69924.0,Home contents - Theft,Theft,SEA POINT,SEA POINT,True,True,Cape Town
INC-8090,Theft,BEDFORDVIEW,Contents,,,,2023-07-09 01:00:29,5626.25,Home contents - Theft,Theft,BEDFORDVIEW,BEDFORDVIEW,True,True,Gauteng
INC-8092,Theft,SOMERSET WEST,Contents,,,,2023-07-08 23:50:00,53385.92,Home contents - Theft,Theft,SOMERSET WEST,SOMERSET WEST,True,True,Cape Town
INC-8107,Theft,CLAREMONT,Vehicle,TOYOTA,FORTUNER 2.5D-4D RB-2011-2017,2012.0,2023-07-08 00:00:00,3219.92,Motor Vehicle - Theft,Theft,CLAREMONT,CLAREMONT,True,False,Cape Town
INC-8108,Theft,CLAREMONT,Contents,,,,2023-07-08 00:00:00,31941.24,Home contents - Theft,Theft,CLAREMONT,CLAREMONT,True,False,Cape Town
INC-8131,Theft,NEWLANDS,Contents,,,,2023-07-04 19:30:54,35169.0,Home contents - Theft,Theft,NEWLANDS,NEWLANDS,True,True,Cape Town
INC-8137,Theft,RONDEBOSCH,Contents,,,,2023-07-04 11:45:37,71704.0,Home contents - Theft,Theft,RONDEBOSCH,RONDEBOSCH,True,True,Cape Town
INC-8157,Theft,SEA POINT,Vehicle,VOLKSWAGEN,MOVE UP! 1.0 5DR-2016-2021,2016.0,2023-07-02 10:19:51,4250.0,Motor Vehicle - Theft,Theft,SEA POINT,SEA POINT,True,True,Cape Town
INC-8163,Theft,FOURWAYS,Vehicle,TOYOTA,RAV4 2.0 GX-R CVT AWD-2019-2023,2019.0,2023-07-01 19:52:00,437502.0,Motor Vehicle - Theft,Theft,FOURWAYS,FOURWAYS,True,True,Gauteng
INC-8231,Theft,CLAREMONT,Contents,,,,2023-06-24 05:15:00,62613.0,Home contents - Theft,Theft,CLAREMONT,CLAREMONT,True,True,Cape Town
INC-8245,Theft,RONDEBOSCH,Contents,,,,2023-06-23 01:23:00,43025.59,Home contents - Theft,Theft,RONDEBOSCH,RONDEBOSCH,True,True,Cape Town
INC-8247,Theft,RONDEBOSCH,Vehicle,TOYOTA,VERSO 160 SX-2005-2005,2005.0,2023-06-22 22:03:00,73204.0,Motor Vehicle - Theft,Theft,RONDEBOSCH,RONDEBOSCH,True,True,Cape Town
INC-8253,Theft,SEA POINT,Vehicle,MINI,COOPER S COUNTRYMAN A/T-2014-2017,2014.0,2023-06-22 12:00:00,1366.02,Motor Vehicle - Theft,Theft,SEA POINT,SEA POINT,True,True,Cape Town
INC-8269,Theft,RONDEBOSCH,Contents,,,,2023-06-20 12:28:00,20819.0,Home contents - Theft,Theft,RONDEBOSCH,RONDEBOSCH,True,True,Cape Town
INC-8277,Theft,BRYANSTON,Contents,,,,2023-06-18 13:30:00,79033.95,Home contents - Theft,Theft,BRYANSTON,BRYANSTON,True,True,Gauteng
INC-8288,Theft,CLAREMONT,Contents,,,,2023-06-17 13:00:00,12200.0,Home contents - Theft,Theft,CLAREMONT,CLAREMONT,True,True,Cape Town
INC-8293,Theft,SOMERSET WEST,Contents,,,,2023-06-17 00:00:00,3004.9,Home contents - Theft,Theft,SOMERSET WEST,SOMERSET WEST,True,False,Cape Town
INC-8297,Theft,RONDEBOSCH,Vehicle,FORD,FIESTA 1.4i TITANIUM 3Dr-2008-2012,2010.0,2023-06-16 18:05:00,18167.08,Motor Vehicle - Theft,Theft,RONDEBOSCH,RONDEBOSCH,True,True,Cape Town
INC-8323,Theft,CAPE TOWN CITY CENTRE,Contents,,,,2023-06-14 13:03:00,10649.3,Home contents - Theft,Theft,CAPE TOWN CITY CENTRE,CAPE TOWN CITY CENTRE,True,True,Cape Town
INC-8329,Theft,CLAREMONT,Contents,,,,2023-06-14 05:59:24,13197.0,Home contents - Theft,Theft,CLAREMONT,CLAREMONT,True,True,Cape Town
INC-8366,Theft,MENLO PARK,Contents,,,,2023-06-10 04:10:00,1550.0,Home contents - Theft,Theft,MENLO PARK,MENLO PARK,True,True,Gauteng
INC-8405,Theft,SOMERSET WEST,Vehicle,DAIHATSU,SIRION 1.5i SPORT-2007-2014,2008.0,2023-06-05 10:21:30,6723.69,Motor Vehicle - Theft,Theft,SOMERSET WEST,SOMERSET WEST,True,True,Cape Town
INC-8413,Theft,NEWLANDS,Contents,,,,2023-06-04 22:36:52,22226.99,Home contents - Theft,Theft,NEWLANDS,NEWLANDS,True,True,Cape Town
INC-8416,Theft,CENTURION CENTRAL,Contents,,,,2023-06-04 14:00:00,382.6,Home contents - Theft,Theft,CENTURION CENTRAL,CENTURION CENTRAL,True,True,Gauteng
INC-8417,Theft,CENTURION CENTRAL,Vehicle,MAZDA,CX-3  2.0 INDIVIDUAL PLUS/HIKARI  A/T-2016-,2018.0,2023-06-04 14:00:00,3172.16,Motor Vehicle - Theft,Theft,CENTURION CENTRAL,CENTURION CENTRAL,True,True,Gauteng
INC-8441,Theft,CENTURION CENTRAL,Vehicle,FORD,RANGER 2.0D BI-TURBO WILDTRAK A/T P/U D/C-2019-,2021.0,2023-06-02 08:00:00,14951.05,Motor Vehicle - Theft,Theft,CENTURION CENTRAL,CENTURION CENTRAL,True,True,Gauteng
INC-8442,Theft,MENLO PARK,Contents,,,,2023-06-02 04:00:00,25489.44,Home contents - Theft,Theft,MENLO PARK,MENLO PARK,True,True,Gauteng
INC-8445,Theft,NEWLANDS,Contents,,,,2023-06-01 22:00:00,4460.0,Home contents - Theft,Theft,NEWLANDS,NEWLANDS,True,True,Cape Town
INC-8448,Theft,RONDEBOSCH,Vehicle,TOYOTA,FORTUNER 3.0D-4D R/B-2011-2017,2014.0,2023-06-01 20:48:00,304495.65,Motor Vehicle - Theft,Theft,RONDEBOSCH,RONDEBOSCH,True,True,Cape Town
INC-8449,Theft,MENLO PARK,Vehicle,AUDI,A3 SPORTBACK 1.4TFSI S-2013-2016,2015.0,2023-06-01 20:00:00,3134.24,Motor Vehicle - Theft,Theft,MENLO PARK,MENLO PARK,True,True,Gauteng
INC-8476,Theft,BRYANSTON,Vehicle,TOYOTA,FORTUNER 3.0D-4D R/B A/T-2011-2017,2015.0,2023-05-29 16:30:00,345263.99,Motor Vehicle - Theft,Theft,BRYANSTON,BRYANSTON,True,True,Gauteng
INC-8493,Theft,FOURWAYS,Vehicle,ABARTH,ABARTH 595 1.4T TURISMO-2016-,2016.0,2023-05-27 22:00:00,6586.24,Motor Vehicle - Theft,Theft,FOURWAYS,FOURWAYS,True,True,Gauteng
INC-8522,Theft,SEA POINT,Contents,,,,2023-05-26 00:00:00,23414.99,Home contents - Theft,Theft,SEA POINT,SEA POINT,True,False,Cape Town
INC-8529,Theft,CLAREMONT,Contents,,,,2023-05-25 08:00:00,6775.0,Home contents - Theft,Theft,CLAREMONT,CLAREMONT,True,True,Cape Town
INC-8550,Theft,MENLO PARK,Vehicle,TOYOTA,RAV4 2.0 GX-R CVT AWD-2019-2023,2020.0,2023-05-22 19:00:00,132609.11,Motor Vehicle - Theft,Theft,MENLO PARK,MENLO PARK,True,True,Gauteng
INC-8551,Theft,BRYANSTON,Contents,,,,2023-05-22 18:15:00,3750.0,Home contents - Theft,Theft,BRYANSTON,BRYANSTON,True,True,Gauteng
INC-8565,Theft,MENLO PARK,Vehicle,TOYOTA,RAV4 2.5 VX AT-2015-2020,2019.0,2023-05-20 16:26:00,407578.36,Motor Vehicle - Theft,Theft,MENLO PARK,MENLO PARK,True,True,Gauteng
INC-8566,Theft,BEDFORDVIEW,Contents,,,,2023-05-20 12:45:00,185609.0,Home contents - Theft,Theft,BEDFORDVIEW,BEDFORDVIEW,True,True,Gauteng
INC-8573,Theft,BRYANSTON,Contents,,,,2023-05-20 04:20:00,59072.0,Home contents - Theft,Theft,BRYANSTON,BRYANSTON,True,True,Gauteng
INC-8579,Theft,SOMERSET WEST,Vehicle,TOYOTA,HILUX 2.8 GD-6 RB LEGEND A/T P/U D/C-2020-,2020.0,2023-05-19 22:00:00,2674.38,Motor Vehicle - Theft,Theft,SOMERSET WEST,SOMERSET WEST,True,True,Cape Town
INC-8590,Theft,SEA POINT,Vehicle,RENAULT,CLIO IV 900T AUTHENTIQUE 5DR (66KW)-2016-2022,2019.0,2023-05-17 18:00:00,101878.59,Motor Vehicle - Theft,Theft,SEA POINT,SEA POINT,True,True,Cape Town
INC-8623,Theft,GARSFONTEIN,Vehicle,TOYOTA,FORTUNER 2.5D-4D RB A/T-2012-2017,2012.0,2023-05-13 17:50:00,259400.0,Motor Vehicle - Theft,Theft,GARSFONTEIN,GARSFONTEIN,True,True,Gauteng
INC-8637,Theft,CAPE TOWN CITY CENTRE,Vehicle,TOYOTA,HILUX 2.8 GD-6 RB LEGEND A/T P/U D/C-2020-,2023.0,2023-05-12 06:45:00,76381.47,Motor Vehicle - Theft,Theft,CAPE TOWN CITY CENTRE,CAPE TOWN CITY CENTRE,True,True,Cape Town
INC-8661,Theft,SEA POINT,Contents,,,,2023-05-09 00:00:00,5000.0,Home contents - Theft,Theft,SEA POINT,SEA POINT,True,False,Cape Town
INC-8671,Theft,BRYANSTON,Contents,,,,2023-05-08 07:30:00,1807.0,Home contents - Theft,Theft,BRYANSTON,BRYANSTON,True,True,Gauteng
INC-8692,Theft,CENTURION CENTRAL,Contents,,,,2023-05-06 13:15:00,27080.0,Home contents - Theft,Theft,CENTURION CENTRAL,CENTURION CENTRAL,True,True,Gauteng
INC-8717,Theft,SOMERSET WEST,Contents,,,,2023-05-04 04:00:25,3500.0,Home contents - Theft,Theft,SOMERSET WEST,SOMERSET WEST,True,True,Cape Town
INC-8734,Theft,CAPE TOWN CITY CENTRE,Vehicle,VOLKSWAGEN,POLO 1.0 TSI LIFE-2021-,2022.0,2023-05-02 15:24:00,4983.58,Motor Vehicle - Theft,Theft,CAPE TOWN CITY CENTRE,CAPE TOWN CITY CENTRE,True,True,Cape Town
INC-8738,Theft,CENTURION CENTRAL,Contents,,,,2023-05-01 16:58:52,7040.0,Home contents - Theft,Theft,CENTURION CENTRAL,CENTURION CENTRAL,True,True,Gauteng
INC-8756,Theft,SOMERSET WEST,Contents,,,,2023-04-29 23:00:00,227219.0,Home contents - Theft,Theft,SOMERSET WEST,SOMERSET WEST,True,True,Cape Town
INC-8758,Theft,BEDFORDVIEW,Contents,,,,2023-04-29 16:48:55,40695.0,Home contents - Theft,Theft,BEDFORDVIEW,BEDFORDVIEW,True,True,Gauteng
INC-8762,Theft,NEWLANDS,Vehicle,VOLKSWAGEN,POLO 1.4 TRENDLINE-2005-2010,2008.0,2023-04-29 08:00:00,65963.6,Motor Vehicle - Theft,Theft,NEWLANDS,NEWLANDS,True,True,Cape Town
INC-8776,Theft,BEDFORDVIEW,Vehicle,FORD,ECOSPORT 1.5TDCi TITANIUM-2015-2018,2016.0,2023-04-27 10:50:00,5682.5,Motor Vehicle - Theft,Theft,BEDFORDVIEW,BEDFORDVIEW,True,True,Gauteng
INC-8801,Theft,SEA POINT,Vehicle,NISSAN,NP200 1.6 S (DUAL AIRBAGS) P/U S/C-2011-2020,2012.0,2023-04-25 14:15:00,2500.0,Motor Vehicle - Theft,Theft,SEA POINT,SEA POINT,True,True,Cape Town
INC-8807,Theft,TABLE VIEW,Contents,,,,2023-04-25 07:46:00,30000.0,Home contents - Theft,Theft,TABLE VIEW,TABLE VIEW,True,True,Cape Town
INC-8809,Theft,SEA POINT,Contents,,,,2023-04-25 00:00:00,60864.0,Home contents - Theft,Theft,SEA POINT,SEA POINT,True,False,Cape Town
INC-8820,Theft,BRYANSTON,Vehicle,MERCEDES-BENZ,A200 (4DR)-2019-2022,2020.0,2023-04-23 16:00:00,2000.0,Motor Vehicle - Theft,Theft,BRYANSTON,BRYANSTON,True,True,Gauteng
INC-8839,Theft,NEWLANDS,Contents,,,,2023-04-22 01:00:29,7076.0,Home contents - Theft,Theft,NEWLANDS,NEWLANDS,True,True,Cape Town
INC-8843,Theft,MENLO PARK,Vehicle,TOYOTA,COROLLA 160i GLE-2005-2007,2007.0,2023-04-21 20:04:00,67640.61,Motor Vehicle - Theft,Theft,MENLO PARK,MENLO PARK,True,True,Gauteng
INC-8867,Theft,CENTURION CENTRAL,Vehicle,VOLKSWAGEN,AMAROK 2.0 BiTDi HIGHLINE 132KW D/C P/U-2012-2020,2013.0,2023-04-19 08:00:00,28621.14,Motor Vehicle - Theft,Theft,CENTURION CENTRAL,CENTURION CENTRAL,True,True,Gauteng
INC-8900,Theft,TABLE VIEW,Vehicle,TOYOTA,YARIS ZEN3 ACS 5Dr-2010-2011,2011.0,2023-04-15 23:00:00,90790.61,Motor Vehicle - Theft,Theft,TABLE VIEW,TABLE VIEW,True,True,Cape Town
INC-8915,Theft,RONDEBOSCH,Contents,,,,2023-04-14 20:00:00,71134.92,Home contents - Theft,Theft,RONDEBOSCH,RONDEBOSCH,True,True,Cape Town
INC-8947,Theft,RONDEBOSCH,Vehicle,VOLKSWAGEN,POLO 1.0 TSI HIGHLINE DSG (85KW)-2017-2023,2020.0,2023-04-11 19:15:00,48910.59,Motor Vehicle - Theft,Theft,RONDEBOSCH,RONDEBOSCH,True,True,Cape Town
INC-8989,Theft,CAPE TOWN CITY CENTRE,Vehicle,MINI,COOPER A/T-2010-2014,2013.0,2023-04-06 21:15:00,19205.0,Motor Vehicle - Theft,Theft,CAPE TOWN CITY CENTRE,CAPE TOWN CITY CENTRE,True,True,Cape Town
INC-9013,Theft,RONDEBOSCH,Contents,,,,2023-04-04 22:00:00,2430.0,Home contents - Theft,Theft,RONDEBOSCH,RONDEBOSCH,True,True,Cape Town
INC-9032,Theft,WATERKLOOF RIDGE,Contents,,,,2023-04-03 13:31:00,138579.2,Home contents - Theft,Theft,WATERKLOOF RIDGE,WATERKLOOF RIDGE,True,True,Gauteng
INC-9039,Theft,SOMERSET WEST,Contents,,,,2023-04-02 14:34:39,10040.83,Home contents - Theft,Theft,SOMERSET WEST,SOMERSET WEST,True,True,Cape Town
INC-9052,Theft,WATERKLOOF RIDGE,Contents,,,,2023-04-01 04:30:00,253051.6,Home contents - Theft,Theft,WATERKLOOF RIDGE,WATERKLOOF RIDGE,True,True,Gauteng
INC-9095,Theft,FOURWAYS,Contents,,,,2023-03-27 01:00:00,21201.0,Home contents - Theft,Theft,FOURWAYS,FOURWAYS,True,True,Gauteng
INC-9101,Theft,WATERKLOOF RIDGE,Contents,,,,2023-03-26 13:45:00,94723.05,Home contents - Theft,Theft,WATERKLOOF RIDGE,WATERKLOOF RIDGE,True,True,Gauteng
INC-9115,Theft,CLAREMONT,Vehicle,MERCEDES-BENZ,B 180 A/T-2009-2012,2011.0,2023-03-25 10:42:17,2000.0,Motor Vehicle - Theft,Theft,CLAREMONT,CLAREMONT,True,True,Cape Town
INC-9140,Theft,BRYANSTON,Vehicle,HONDA,CR-V 2.0 COMFORT CVT-2017-,2017.0,2023-03-22 15:51:10,2250.0,Motor Vehicle - Theft,Theft,BRYANSTON,BRYANSTON,True,True,Gauteng
INC-9151,Armed Robbery,RONDEBOSCH,Vehicle,VOLKSWAGEN,CADDY 1.6i F/C P/V-2004-2011,2011.0,2023-03-21 19:11:00,0.0,,Armed Robbery,RONDEBOSCH,RONDEBOSCH,False,True,Cape Town
INC-9181,Theft,CAPE TOWN CITY CENTRE,Vehicle,FORD,ECOSPORT 1.5TDCi AMBIENTE-2018-,2018.0,2023-03-17 23:00:00,4795.5,Motor Vehicle - Theft,Theft,CAPE TOWN CITY CENTRE,CAPE TOWN CITY CENTRE,True,True,Cape Town
INC-9182,Theft,FOURWAYS,Vehicle,TOYOTA,ETIOS 1.5 SPORT LTD EDITION 5DR-2018-2022,2018.0,2023-03-17 20:20:00,81988.5,Motor Vehicle - Theft,Theft,FOURWAYS,FOURWAYS,True,True,Gauteng
INC-9192,Theft,SEA POINT,Vehicle,RENAULT,CLIO IV 900T AUTHENTIQUE 5DR (66KW)-2016-2022,2019.0,2023-03-16 17:15:34,4681.2,Motor Vehicle - Theft,Theft,SEA POINT,SEA POINT,True,True,Cape Town
INC-9198,Theft,TABLE VIEW,Contents,,,,2023-03-16 12:00:00,5000.0,Home contents - Theft,Theft,TABLE VIEW,TABLE VIEW,True,True,Cape Town
INC-9206,Armed Robbery,BEDFORDVIEW,Vehicle,KIA,RIO 1.4 5DR A/T-2011-2018,2013.0,2023-03-15 13:40:00,0.0,,Armed Robbery,BEDFORDVIEW,BEDFORDVIEW,False,True,Gauteng
INC-9210,Theft,NEWLANDS,Contents,,,,2023-03-15 07:20:00,45968.98,Home contents - Theft,Theft,NEWLANDS,NEWLANDS,True,True,Cape Town
INC-9240,Theft,BRYANSTON,Vehicle,HONDA,JAZZ 1.3 COMFORT-2011-2015,2012.0,2023-03-12 15:59:00,96342.43,Motor Vehicle - Theft,Theft,BRYANSTON,BRYANSTON,True,True,Gauteng
INC-9247,Theft,CLAREMONT,Contents,,,,2023-03-11 21:00:00,27637.0,Home contents - Theft,Theft,CLAREMONT,CLAREMONT,True,True,Cape Town
INC-9256,Theft,BEDFORDVIEW,Vehicle,TOYOTA,HILUX 2.8 GD-6 RAIDER 4X4 A/T P/U D/C-2018-2021,2020.0,2023-03-10 20:06:00,720454.74,Motor Vehicle - Theft,Theft,BEDFORDVIEW,BEDFORDVIEW,True,True,Gauteng
INC-9298,Theft,WATERKLOOF RIDGE,Contents,,,,2023-03-06 13:30:00,87291.5,Home contents - Theft,Theft,WATERKLOOF RIDGE,WATERKLOOF RIDGE,True,True,Gauteng
INC-9300,Theft,RONDEBOSCH,Vehicle,VOLKSWAGEN,POLO 1.4 COMFORTLINE-2008-2010,2008.0,2023-03-06 07:00:00,66000.0,Motor Vehicle - Theft,Theft,RONDEBOSCH,RONDEBOSCH,True,True,Cape Town
INC-9307,Windscreen/ Motor glass damage,SEA POINT,Vehicle,VOLKSWAGEN,POLO VIVO GP 1.4 CONCEPTLINE 5DR-2014-2018,2017.0,2023-03-05 09:10:00,2973.25,Motor Vehicle - Theft,Theft,SEA POINT,SEA POINT,True,True,Cape Town
INC-9313,Theft,WATERKLOOF RIDGE,Vehicle,MAZDA,MAZDA3 1.6 SPORT ACTIVE-2009-2014,2013.0,2023-03-04 14:30:00,130130.44,Motor Vehicle - Theft,Theft,WATERKLOOF RIDGE,WATERKLOOF RIDGE,True,True,Gauteng
INC-9314,Theft,BRYANSTON,Contents,,,,2023-03-04 14:30:00,108015.0,Home contents - Theft,Theft,BRYANSTON,BRYANSTON,True,True,Gauteng
INC-9349,Theft,RONDEBOSCH,Vehicle,TOYOTA,VERSO 180 TX-2005-2009,2008.0,2023-03-01 11:50:00,103983.59,Motor Vehicle - Theft,Theft,RONDEBOSCH,RONDEBOSCH,True,True,Cape Town
INC-9372,Theft,RONDEBOSCH,Vehicle,MERCEDES-BENZ,C200K AVANTGARDE-2004-2007,2004.0,2023-02-26 19:00:00,6299.7,Motor Vehicle - Theft,Theft,RONDEBOSCH,RONDEBOSCH,True,True,Cape Town
INC-9381,Hijack,NEWLANDS,Vehicle,RENAULT,DUSTER 1.5 dCI DYNAMIQUE 4X4-2013-2018,2016.0,2023-02-25 13:37:00,203993.07,Motor Vehicle - Theft,Hijack,NEWLANDS,NEWLANDS,True,True,Cape Town
INC-9391,Theft,CLAREMONT,Contents,,,,2023-02-24 09:30:00,5349.0,Home contents - Theft,Theft,CLAREMONT,CLAREMONT,True,True,Cape Town
INC-9396,Theft,NEWLANDS,Contents,,,,2023-02-23 00:00:00,147887.95,Home contents - Theft,Theft,NEWLANDS,NEWLANDS,True,False,Cape Town
INC-9401,Theft,RONDEBOSCH,Contents,,,,2023-02-22 01:30:00,55258.0,Home contents - Theft,Theft,RONDEBOSCH,RONDEBOSCH,True,True,Cape Town
INC-9423,Theft,RONDEBOSCH,Contents,,,,2023-02-20 02:00:00,8750.0,Home contents - Theft,Theft,RONDEBOSCH,RONDEBOSCH,True,True,Cape Town
INC-9445,Theft,RONDEBOSCH,Contents,,,,2023-02-17 22:00:00,396.0,Home contents - Theft,Theft,RONDEBOSCH,RONDEBOSCH,True,True,Cape Town
INC-9451,Theft,GARSFONTEIN,Contents,,,,2023-02-16 23:50:00,56621.4,Home contents - Theft,Theft,GARSFONTEIN,GARSFONTEIN,True,True,Gauteng
INC-9478,Theft,SEA POINT,Vehicle,RENAULT,SANDERO 1.6 STEPWAY-2010-2015,2013.0,2023-02-13 13:35:00,23140.03,Motor Vehicle - Theft,Theft,SEA POINT,SEA POINT,True,True,Cape Town
INC-9490,Theft,FOURWAYS,Contents,,,,2023-02-12 23:00:00,24815.01,Home contents - Theft,Theft,FOURWAYS,FOURWAYS,True,True,Gauteng
INC-9493,Theft,CAPE TOWN CITY CENTRE,Vehicle,HYUNDAI,GRAND i10 1.25 MOTION A/T-2017-2018,2017.0,2023-02-12 17:30:00,3593.39,Motor Vehicle - Theft,Theft,CAPE TOWN CITY CENTRE,CAPE TOWN CITY CENTRE,True,True,Cape Town
INC-9499,Theft,TABLE VIEW,Vehicle,FORD,ECOSPORT 1.5TDCi AMBIENTE-2018-,2020.0,2023-02-12 05:50:17,11930.9,Motor Vehicle - Theft,Theft,TABLE VIEW,TABLE VIEW,True,True,Cape Town
INC-9532,Theft,TABLE VIEW,Contents,,,,2023-02-09 19:52:44,57046.99,Home contents - Theft,Theft,TABLE VIEW,TABLE VIEW,True,True,Cape Town
INC-9569,Theft,RONDEBOSCH,Contents,,,,2023-02-06 22:00:00,32367.84,Home contents - Theft,Theft,RONDEBOSCH,RONDEBOSCH,True,True,Cape Town
INC-9601,Burglary,RONDEBOSCH,Contents,,,,2023-02-03 22:13:00,287500.0,Home contents - Theft,Theft,RONDEBOSCH,RONDEBOSCH,True,True,Cape Town
INC-9602,Theft,BRYANSTON,Contents,,,,2023-02-03 18:31:00,59200.0,Home contents - Theft,Theft,BRYANSTON,BRYANSTON,True,True,Gauteng
INC-9605,Theft,BRYANSTON,Contents,,,,2023-02-03 00:00:00,8500.0,Home contents - Theft,Theft,BRYANSTON,BRYANSTON,True,False,Gauteng
INC-9618,Theft,SOMERSET WEST,Vehicle,VOLKSWAGEN,POLO VIVO 1.4 5Dr-2010-2014,2011.0,2023-02-01 02:00:00,3040.0,Motor Vehicle - Theft,Theft,SOMERSET WEST,SOMERSET WEST,True,True,Cape Town
INC-9647,Theft,MENLO PARK,Contents,,,,2023-01-29 10:00:24,16536.7,Home contents - Theft,Theft,MENLO PARK,MENLO PARK,True,True,Gauteng
INC-9653,Theft,CENTURION CENTRAL,Contents,,,,2023-01-28 14:35:00,13500.0,Home contents - Theft,Theft,CENTURION CENTRAL,CENTURION CENTRAL,True,True,Gauteng
INC-9671,Theft,BRYANSTON,Vehicle,TOYOTA,HILUX 2.7 VVTi LEGEND 45 R/B P/U D/C-2014-2016,2014.0,2023-01-27 07:30:00,29633.15,Motor Vehicle - Theft,Theft,BRYANSTON,BRYANSTON,True,True,Gauteng
INC-9683,Theft,NEWLANDS,Contents,,,,2023-01-26 04:00:00,3500.0,Home contents - Theft,Theft,NEWLANDS,NEWLANDS,True,True,Cape Town
INC-9684,Armed Robbery,SEA POINT,Contents,,,,2023-01-26 02:42:07,900.0,,Armed Robbery,SEA POINT,SEA POINT,True,True,Cape Town
INC-9711,Theft,NEWLANDS,Contents,,,,2023-01-24 07:25:00,101117.74,Home contents - Theft,Theft,NEWLANDS,NEWLANDS,True,True,Cape Town
INC-9712,Theft,BRYANSTON,Vehicle,TOYOTA,FORTUNER 3.0D-4D R/B A/T-2009-2011,2010.0,2023-01-24 06:15:00,3973.25,Motor Vehicle - Theft,Theft,BRYANSTON,BRYANSTON,True,True,Gauteng
INC-9751,Theft,BRYANSTON,Contents,,,,2023-01-19 17:00:00,88400.0,Home contents - Theft,Theft,BRYANSTON,BRYANSTON,True,True,Gauteng
INC-9757,Theft,RONDEBOSCH,Vehicle,RENAULT,DUSTER 1.5 dCI DYNAMIQUE 4X4-2013-2018,2015.0,2023-01-18 19:30:00,8083.15,Motor Vehicle - Theft,Theft,RONDEBOSCH,RONDEBOSCH,True,True,Cape Town
INC-9778,Theft,MENLO PARK,Vehicle,VOLKSWAGEN,T-CROSS 1.0 TSI HIGHLINE DSG-2019-,2021.0,2023-01-17 14:20:00,80336.73,Motor Vehicle - Theft,Theft,MENLO PARK,MENLO PARK,True,True,Gauteng
INC-9789,Theft,RONDEBOSCH,Contents,,,,2023-01-15 22:12:45,14864.0,Home contents - Theft,Theft,RONDEBOSCH,RONDEBOSCH,True,True,Cape Town
INC-9797,Theft,CLAREMONT,Vehicle,TOYOTA,FORTUNER 2.8GD-6 EPIC BLACK A/T-2020-2023,2021.0,2023-01-15 06:00:00,33964.83,Motor Vehicle - Theft,Theft,CLAREMONT,CLAREMONT,True,True,Cape Town
INC-9807,Theft,TABLE VIEW,Contents,,,,2023-01-14 05:45:46,22099.0,Home contents - Theft,Theft,TABLE VIEW,TABLE VIEW,True,True,Cape Town
INC-9809,Armed Robbery,CAPE TOWN CITY CENTRE,Contents,,,,2023-01-14 03:21:00,0.0,,Armed Robbery,CAPE TOWN CITY CENTRE,CAPE TOWN CITY CENTRE,False,True,Cape Town
INC-9810,Theft,SOMERSET WEST,Contents,,,,2023-01-14 02:00:00,40319.4,Home contents - Theft,Theft,SOMERSET WEST,SOMERSET WEST,True,True,Cape Town
INC-9824,Theft,CENTURION CENTRAL,Contents,,,,2023-01-13 02:30:00,11688.0,Home contents - Theft,Theft,CENTURION CENTRAL,CENTURION CENTRAL,True,True,Gauteng
INC-9826,Theft,SOMERSET WEST,Contents,,,,2023-01-13 01:00:01,8750.0,Home contents - Theft,Theft,SOMERSET WEST,SOMERSET WEST,True,True,Cape Town
INC-9849,Theft,NEWLANDS,Vehicle,VOLKSWAGEN,POLO 1.4 TRENDLINE-2005-2010,2006.0,2023-01-10 15:09:00,52730.51,Motor Vehicle - Theft,Theft,NEWLANDS,NEWLANDS,True,True,Cape Town
INC-9901,Theft,CENTURION CENTRAL,Contents,,,,2023-01-05 11:00:00,1343.51,Home contents - Theft,Theft,CENTURION CENTRAL,CENTURION CENTRAL,True,True,Gauteng
INC-9933,Theft,RONDEBOSCH,Contents,,,,2023-01-02 20:20:38,15065.9,Home contents - Theft,Theft,RONDEBOSCH,RONDEBOSCH,True,True,Cape Town
INC-9947,Theft,FOURWAYS,Vehicle,SUZUKI,SWIFT 1.2 GLX-2019-,2022.0,2023-01-01 18:42:00,261598.0,Motor Vehicle - Theft,Theft,FOURWAYS,FOURWAYS,True,True,Gauteng
INC-9959,Armed Robbery,NEWLANDS,Contents,,,,2022-12-31 18:13:00,110893.61,Home contents - Theft,Theft,NEWLANDS,NEWLANDS,True,True,Cape Town
INC-9974,Theft,NEWLANDS,Vehicle,VOLKSWAGEN,POLO GTi 1.8TSI DSG-2015-2018,2016.0,2022-12-29 23:17:00,84998.92,Motor Vehicle - Theft,Theft,NEWLANDS,NEWLANDS,True,True,Cape Town
INC-9984,Theft,CAPE TOWN CITY CENTRE,Vehicle,HYUNDAI,i20 1.2 MOTION-2012-2015,2013.0,2022-12-29 09:00:00,4134.25,Motor Vehicle - Theft,Theft,CAPE TOWN CITY CENTRE,CAPE TOWN CITY CENTRE,True,True,Cape Town
INC-10001,Theft,NEWLANDS,Contents,,,,2022-12-28 00:00:00,4998.0,Home contents - Theft,Theft,NEWLANDS,NEWLANDS,True,False,Cape Town
INC-10041,Theft,RONDEBOSCH,Contents,,,,2022-12-24 00:00:00,103578.0,Home contents - Theft,Theft,RONDEBOSCH,RONDEBOSCH,True,False,Cape Town
INC-10075,Theft,NEWLANDS,Contents,,,,2022-12-21 03:01:40,11548.0,Home contents - Theft,Theft,NEWLANDS,NEWLANDS,True,True,Cape Town
INC-10097,Theft,BRYANSTON,Contents,,,,2022-12-19 09:00:00,106175.0,Home contents - Theft,Theft,BRYANSTON,BRYANSTON,True,True,Gauteng
INC-10116,Theft,CAPE TOWN CITY CENTRE,Contents,,,,2022-12-17 15:23:43,20204.0,Home contents - Theft,Theft,CAPE TOWN CITY CENTRE,CAPE TOWN CITY CENTRE,True,True,Cape Town
INC-10131,Theft,CENTURION CENTRAL,Contents,,,,2022-12-17 00:00:00,38766.0,Home contents - Theft,Theft,CENTURION CENTRAL,CENTURION CENTRAL,True,False,Gauteng
INC-10137,Theft,SOMERSET WEST,Contents,,,,2022-12-16 08:52:00,20000.0,Home contents - Theft,Theft,SOMERSET WEST,SOMERSET WEST,True,True,Cape Town
INC-10143,Theft,SOMERSET WEST,Contents,,,,2022-12-15 17:45:00,44916.0,Home contents - Theft,Theft,SOMERSET WEST,SOMERSET WEST,True,True,Cape Town
INC-10179,Theft,SEA POINT,Vehicle,TOYOTA,FORTUNER 4.0 V6 RAISED BODY-2006-2009,2007.0,2022-12-12 11:15:00,1720.49,Motor Vehicle - Theft,Theft,SEA POINT,SEA POINT,True,True,Cape Town
INC-10199,Armed Robbery,RONDEBOSCH,Vehicle,KIA,PICANTO 1.1 LX A/C-2004-2008,2008.0,2022-12-10 09:30:00,0.0,,Armed Robbery,RONDEBOSCH,RONDEBOSCH,False,True,Cape Town
INC-10205,Theft,SOMERSET WEST,Contents,,,,2022-12-09 16:00:00,54427.05,Home contents - Theft,Theft,SOMERSET WEST,SOMERSET WEST,True,True,Cape Town
INC-10242,Theft,CENTURION CENTRAL,Vehicle,FORD,RANGER 3.2TDCi WILDTRAK A/T P/U D/C-2019-,2019.0,2022-12-06 07:00:00,6946.13,Motor Vehicle - Theft,Theft,CENTURION CENTRAL,CENTURION CENTRAL,True,True,Gauteng
INC-10246,Theft,SOMERSET WEST,Contents,,,,2022-12-05 13:30:00,100000.0,Home contents - Theft,Theft,SOMERSET WEST,SOMERSET WEST,True,True,Cape Town
INC-10264,Theft,BRYANSTON,Contents,,,,2022-12-03 14:00:00,108824.59,Home contents - Theft,Theft,BRYANSTON,BRYANSTON,True,True,Gauteng
INC-10266,Armed Robbery,BRYANSTON,Contents,,,,2022-12-03 13:15:00,0.0,,Armed Robbery,BRYANSTON,BRYANSTON,False,True,Gauteng
INC-10284,Armed Robbery,CLAREMONT,Contents,,,,2022-12-02 13:31:00,0.0,,Armed Robbery,CLAREMONT,CLAREMONT,False,True,Cape Town
INC-10330,Theft,RONDEBOSCH,Contents,,,,2022-11-29 00:00:00,4197.0,Home contents - Theft,Theft,RONDEBOSCH,RONDEBOSCH,True,False,Cape Town
INC-10340,Theft,SOMERSET WEST,Vehicle,VOLKSWAGEN,CROSS UP! 1.0 5DR-2016-2020,2018.0,2022-11-28 00:00:00,5796.0,Motor Vehicle - Theft,Theft,SOMERSET WEST,SOMERSET WEST,True,False,Cape Town
INC-10348,Theft,RONDEBOSCH,Contents,,,,2022-11-27 04:39:00,13450.0,Home contents - Theft,Theft,RONDEBOSCH,RONDEBOSCH,True,True,Cape Town
INC-10351,Theft,FOURWAYS,Vehicle,VOLKSWAGEN,POLO GP 1.2 TSI HIGHLINE DSG (81KW)-2014-2018,2015.0,2022-11-27 00:00:00,5822.25,Motor Vehicle - Theft,Theft,FOURWAYS,FOURWAYS,True,False,Gauteng
INC-10359,Stolen and recovered,GARSFONTEIN,Contents,,,,2022-11-26 09:58:00,3831.46,Home contents - Theft,Theft,GARSFONTEIN,GARSFONTEIN,True,True,Gauteng
INC-10378,Theft,TABLE VIEW,Contents,,,,2022-11-24 12:00:00,5440.86,Home contents - Theft,Theft,TABLE VIEW,TABLE VIEW,True,True,Cape Town
INC-10390,Theft,MENLO PARK,Vehicle,TOYOTA,ETIOS 1.5 Xs/SPRINT 5Dr-2012-2022,2013.0,2022-11-23 17:00:00,40490.25,Motor Vehicle - Theft,Theft,MENLO PARK,MENLO PARK,True,True,Gauteng
INC-10414,Theft,WATERKLOOF RIDGE,Vehicle,BMW,525i A/T (E39)-2000-2003,2002.0,2022-11-21 13:16:00,9961.85,Motor Vehicle - Theft,Theft,WATERKLOOF RIDGE,WATERKLOOF RIDGE,True,True,Gauteng
INC-10415,Theft,WATERKLOOF RIDGE,Contents,,,,2022-11-21 13:16:00,138525.0,Home contents - Theft,Theft,WATERKLOOF RIDGE,WATERKLOOF RIDGE,True,True,Gauteng
INC-10423,Theft,BRYANSTON,Vehicle,MERCEDES-BENZ,E 200-2013-2016,2014.0,2022-11-20 10:00:00,2811.69,Motor Vehicle - Theft,Theft,BRYANSTON,BRYANSTON,True,True,Gauteng
INC-10428,Theft,SOMERSET WEST,Vehicle,VOLKSWAGEN,POLO VIVO 1.4 5Dr-2010-2014,2013.0,2022-11-20 01:20:00,3766.25,Motor Vehicle - Theft,Theft,SOMERSET WEST,SOMERSET WEST,True,True,Cape Town
INC-10437,Theft,BRYANSTON,Vehicle,FORD,RANGER 3.2TDCi XLT 4X4 P/U D/C-2011-2015,2012.0,2022-11-19 12:13:00,245497.05,Motor Vehicle - Theft,Theft,BRYANSTON,BRYANSTON,True,True,Gauteng
INC-10446,Theft,BEDFORDVIEW,Vehicle,TOYOTA,HILUX 2.8 GD-6 RB LEGEND A/T P/U D/C-2020-,2022.0,2022-11-18 05:00:00,297620.41,Motor Vehicle - Theft,Theft,BEDFORDVIEW,BEDFORDVIEW,True,True,Gauteng
INC-10455,Theft,CLAREMONT,Vehicle,VOLKSWAGEN,GOLF 1.6 TRENDLINE-2004-2009,2009.0,2022-11-17 04:00:00,2324.95,Motor Vehicle - Theft,Theft,CLAREMONT,CLAREMONT,True,True,Cape Town
INC-10461,Theft,MENLO PARK,Contents,,,,2022-11-16 23:00:00,101158.68,Home contents - Theft,Theft,MENLO PARK,MENLO PARK,True,True,Gauteng
INC-10462,Theft,CENTURION CENTRAL,Vehicle,SUBARU,FORESTER 2.5 XS-2008-2013,2009.0,2022-11-16 22:25:00,4263.05,Motor Vehicle - Theft,Theft,CENTURION CENTRAL,CENTURION CENTRAL,True,True,Gauteng
INC-10466,Theft,BEDFORDVIEW,Vehicle,TOYOTA,FORTUNER 3.0D-4D R/B A/T-2011-2017,2014.0,2022-11-16 11:36:00,3263.05,Motor Vehicle - Theft,Theft,BEDFORDVIEW,BEDFORDVIEW,True,True,Gauteng
INC-10475,Theft,SEA POINT,Contents,,,,2022-11-14 20:20:00,142441.87,Home contents - Theft,Theft,SEA POINT,SEA POINT,True,True,Cape Town
INC-10482,Theft,RONDEBOSCH,Vehicle,BMW,118i 5DR A/T (F20)-2011-2015,2014.0,2022-11-13 14:00:00,4065.85,Motor Vehicle - Theft,Theft,RONDEBOSCH,RONDEBOSCH,True,True,Cape Town
INC-10487,Theft,CAPE TOWN CITY CENTRE,Vehicle,FORD,FIESTA 1.0 ECOBOOST TITANIUM A/T 5DR-2018-2022,2018.0,2022-11-13 11:00:00,2601.14,Motor Vehicle - Theft,Theft,CAPE TOWN CITY CENTRE,CAPE TOWN CITY CENTRE,True,True,Cape Town
INC-10492,Theft,GARSFONTEIN,Contents,,,,2022-11-13 03:05:00,18021.33,Home contents - Theft,Theft,GARSFONTEIN,GARSFONTEIN,True,True,Gauteng
INC-10496,Theft,GARSFONTEIN,Contents,,,,2022-11-13 00:00:00,20182.09,Home contents - Theft,Theft,GARSFONTEIN,GARSFONTEIN,True,False,Gauteng
INC-10498,Hijack,NEWLANDS,Vehicle,VOLKSWAGEN,GOLF VII GTi 2.0 TSI DSG-2013-2017,2014.0,2022-11-12 18:46:00,46528.1,Motor Vehicle - Theft,Hijack,NEWLANDS,NEWLANDS,True,True,Cape Town
INC-10499,Theft,WATERKLOOF RIDGE,Vehicle,TOYOTA,HILUX 2.8 GD-6 RAIDER 4X4 P/U E/CAB-2018-2021,2020.0,2022-11-12 17:37:00,217153.23,Motor Vehicle - Theft,Theft,WATERKLOOF RIDGE,WATERKLOOF RIDGE,True,True,Gauteng
INC-10512,Theft,RONDEBOSCH,Vehicle,AUDI,A3 SPORTBACK 1.0 TFSI STRONIC (30 TFSI)-2016-2022,2019.0,2022-11-12 01:28:00,276186.88,Motor Vehicle - Theft,Theft,RONDEBOSCH,RONDEBOSCH,True,True,Cape Town
INC-10513,Theft,RONDEBOSCH,Vehicle,AUDI,A3 2.0 FSi AMBITION-2004-2008,2006.0,2022-11-12 01:28:00,63470.1,Motor Vehicle - Theft,Theft,RONDEBOSCH,RONDEBOSCH,True,True,Cape Town
INC-10514,Theft,RONDEBOSCH,Vehicle,HONDA,CRV 2.4 VTEC RVSi-2008-2010,2008.0,2022-11-12 01:28:00,3600.0,Motor Vehicle - Theft,Theft,RONDEBOSCH,RONDEBOSCH,True,True,Cape Town
INC-10523,Theft,CENTURION CENTRAL,Vehicle,HYUNDAI,i10 1.2 GLS-2008-2011,2009.0,2022-11-11 07:44:00,4427.5,Motor Vehicle - Theft,Theft,CENTURION CENTRAL,CENTURION CENTRAL,True,True,Gauteng
INC-10533,Armed Robbery,BRYANSTON,Contents,,,,2022-11-09 12:50:00,95885.83,Home contents - Theft,Theft,BRYANSTON,BRYANSTON,True,True,Gauteng
INC-10534,Armed Robbery,BRYANSTON,Contents,,,,2022-11-09 12:50:00,0.0,,Armed Robbery,BRYANSTON,BRYANSTON,False,True,Gauteng
INC-10536,Theft,CLAREMONT,Vehicle,VOLKSWAGEN,T6 KOMBI 2.0 TDi DSG 103kw (TRENDLINE)-2015-2020,2018.0,2022-11-09 07:44:00,6297.1,Motor Vehicle - Theft,Theft,CLAREMONT,CLAREMONT,True,True,Cape Town
INC-10549,Theft,CAPE TOWN CITY CENTRE,Vehicle,MERCEDES-BENZ,CLC 200K A/T-2008-2014,2010.0,2022-11-08 12:01:50,5000.0,Motor Vehicle - Theft,Theft,CAPE TOWN CITY CENTRE,CAPE TOWN CITY CENTRE,True,True,Cape Town
INC-10563,Theft,BRYANSTON,Contents,,,,2022-11-07 00:00:00,326900.49,Home contents - Theft,Theft,BRYANSTON,BRYANSTON,True,False,Gauteng
INC-10613,Theft,CAPE TOWN CITY CENTRE,Vehicle,RENAULT,CAPTUR 900T EXPRESSION 5DR (66KW)-2015-2017,2015.0,2022-11-03 18:00:00,3427.5,Motor Vehicle - Theft,Theft,CAPE TOWN CITY CENTRE,CAPE TOWN CITY CENTRE,True,True,Cape Town
INC-10627,Theft,CAPE TOWN CITY CENTRE,Vehicle,SUZUKI,JIMNY 1.5 GLX A/T-2018-,2020.0,2022-11-02 18:30:00,4263.05,Motor Vehicle - Theft,Theft,CAPE TOWN CITY CENTRE,CAPE TOWN CITY CENTRE,True,True,Cape Town
INC-10659,Theft,SEA POINT,Contents,,,,2022-10-30 10:40:00,5643.0,Home contents - Theft,Theft,SEA POINT,SEA POINT,True,True,Cape Town
INC-10669,Theft,NEWLANDS,Contents,,,,2022-10-29 23:09:00,60830.72,Home contents - Theft,Theft,NEWLANDS,NEWLANDS,True,True,Cape Town
INC-10682,Theft,CENTURION CENTRAL,Vehicle,FORD,RANGER 3.2TDCi 3.2 WILDTRAK 4X4 A/T P/U D/C-2015-2020,2019.0,2022-10-29 11:00:00,9350.23,Motor Vehicle - Theft,Theft,CENTURION CENTRAL,CENTURION CENTRAL,True,True,Gauteng
INC-10685,Theft,BRYANSTON,Vehicle,TOYOTA,PRADO VX-L 4.0 V6 A/T-2017-,2022.0,2022-10-29 07:10:00,1237440.0,Motor Vehicle - Theft,Theft,BRYANSTON,BRYANSTON,True,True,Gauteng
INC-10729,Hijack,TABLE VIEW,Vehicle,AUDI,A4 1.8T AMBITION (B8)-2008-2012,2009.0,2022-10-25 08:13:00,8312.83,Motor Vehicle - Theft,Hijack,TABLE VIEW,TABLE VIEW,True,True,Cape Town
INC-10749,Remote jamming,NEWLANDS,Vehicle,VOLKSWAGEN,AMAROK 2.0 BiTDi HIGHLINE 132KW 4MOT D/C P/U-2012-2020,2015.0,2022-10-23 20:53:00,12558.5,Motor Vehicle - Theft,Theft,NEWLANDS,NEWLANDS,True,True,Cape Town
INC-10750,Theft,CLAREMONT,Contents,,,,2022-10-23 15:45:00,12000.0,Home contents - Theft,Theft,CLAREMONT,CLAREMONT,True,True,Cape Town
INC-10759,Theft,CAPE TOWN CITY CENTRE,Vehicle,VOLKSWAGEN,POLO 1.0 TSI COMFORTLINE-2017-,2018.0,2022-10-22 23:00:00,14517.66,Motor Vehicle - Theft,Theft,CAPE TOWN CITY CENTRE,CAPE TOWN CITY CENTRE,True,True,Cape Town
INC-10768,Theft,GARSFONTEIN,Contents,,,,2022-10-22 02:30:00,194544.4,Home contents - Theft,Theft,GARSFONTEIN,GARSFONTEIN,True,True,Gauteng
INC-10793,Theft,TABLE VIEW,Contents,,,,2022-10-19 14:01:00,23297.0,Home contents - Theft,Theft,TABLE VIEW,TABLE VIEW,True,True,Cape Town
INC-10795,Theft,CENTURION CENTRAL,Contents,,,,2022-10-19 13:56:00,9658.0,Home contents - Theft,Theft,CENTURION CENTRAL,CENTURION CENTRAL,True,True,Gauteng
INC-10852,Theft,CLAREMONT,Contents,,,,2022-10-15 06:30:00,8750.0,Home contents - Theft,Theft,CLAREMONT,CLAREMONT,True,True,Cape Town
INC-10874,Theft,NEWLANDS,Vehicle,VOLKSWAGEN,AMAROK 3.0 TDi H-LINE EX 4MOT A/T D/C P/U-2017-2021,2019.0,2022-10-13 18:21:00,28120.5,Motor Vehicle - Theft,Theft,NEWLANDS,NEWLANDS,True,True,Cape Town
INC-10924,Theft,SEA POINT,Vehicle,VOLVO,XC40 T4 R-DESIGN GEARTRONIC-2021-,2022.0,2022-10-08 19:00:08,6532.58,Motor Vehicle - Theft,Theft,SEA POINT,SEA POINT,True,True,Cape Town
INC-10933,Theft,CENTURION CENTRAL,Vehicle,TOYOTA,HILUX 3.0 D-4D RAIDER R/B P/U D/C-2008-2011,2009.0,2022-10-08 11:25:00,188739.17,Motor Vehicle - Theft,Theft,CENTURION CENTRAL,CENTURION CENTRAL,True,True,Gauteng
INC-10951,Theft,CLAREMONT,Contents,,,,2022-10-06 17:15:00,37199.85,Home contents - Theft,Theft,CLAREMONT,CLAREMONT,True,True,Cape Town
INC-10962,Theft,BRYANSTON,Contents,,,,2022-10-05 13:12:00,34626.0,Home contents - Theft,Theft,BRYANSTON,BRYANSTON,True,True,Gauteng
INC-11015,Theft,SEA POINT,Contents,,,,2022-10-01 09:31:00,87598.56,Home contents - Theft,Theft,SEA POINT,SEA POINT,True,True,Cape Town
INC-11016,Theft,SEA POINT,Vehicle,MERCEDES-BENZ,GLA 200 A/T-2014-2017,2015.0,2022-10-01 09:00:00,5870.0,Motor Vehicle - Theft,Theft,SEA POINT,SEA POINT,True,True,Cape Town
INC-11037,Armed Robbery,CAPE TOWN CITY CENTRE,Contents,,,,2022-09-30 09:50:00,0.0,,Armed Robbery,CAPE TOWN CITY CENTRE,CAPE TOWN CITY CENTRE,False,True,Cape Town
INC-11062,Theft,CLAREMONT,Contents,,,,2022-09-28 11:30:00,11944.0,Home contents - Theft,Theft,CLAREMONT,CLAREMONT,True,True,Cape Town
INC-11065,Theft,CLAREMONT,Contents,,,,2022-09-28 06:32:00,13450.0,Home contents - Theft,Theft,CLAREMONT,CLAREMONT,True,True,Cape Town
INC-11084,Theft,RONDEBOSCH,Contents,,,,2022-09-26 03:15:00,10000.0,Home contents - Theft,Theft,RONDEBOSCH,RONDEBOSCH,True,True,Cape Town
INC-11085,Theft,RONDEBOSCH,Vehicle,FORD,FIESTA ST 1.6 ECOBOOST GDTi-2018-,2018.0,2022-09-26 03:15:00,3946.37,Motor Vehicle - Theft,Theft,RONDEBOSCH,RONDEBOSCH,True,True,Cape Town
INC-11086,Theft,RONDEBOSCH,Vehicle,KIA,RIO 1.2 5DR-2011-2018,2014.0,2022-09-26 03:15:00,10637.47,Motor Vehicle - Theft,Theft,RONDEBOSCH,RONDEBOSCH,True,True,Cape Town
INC-11088,Theft,SOMERSET WEST,Contents,,,,2022-09-25 21:20:00,7895.0,Home contents - Theft,Theft,SOMERSET WEST,SOMERSET WEST,True,True,Cape Town
INC-11151,Theft,CAPE TOWN CITY CENTRE,Vehicle,TOYOTA,HILUX 2700i 4X4 P/U S/C-1998-2002,1999.0,2022-09-19 16:22:00,2911.36,Motor Vehicle - Theft,Theft,CAPE TOWN CITY CENTRE,CAPE TOWN CITY CENTRE,True,True,Cape Town
INC-11192,Theft,TABLE VIEW,Contents,,,,2022-09-15 18:00:00,51977.06,Home contents - Theft,Theft,TABLE VIEW,TABLE VIEW,True,True,Cape Town
INC-11243,Theft,GARSFONTEIN,Vehicle,MITSUBISHI,PAJERO iO 2000i 5Dr-2002-2003,2002.0,2022-09-08 09:30:00,4523.09,Motor Vehicle - Theft,Theft,GARSFONTEIN,GARSFONTEIN,True,True,Gauteng
INC-11247,Burglary,BEDFORDVIEW,Contents,,,,2022-09-08 01:15:00,15797.0,Home contents - Theft,Theft,BEDFORDVIEW,BEDFORDVIEW,True,True,Gauteng
INC-11262,Theft,WATERKLOOF RIDGE,Contents,,,,2022-09-07 00:30:00,14548.0,Home contents - Theft,Theft,WATERKLOOF RIDGE,WATERKLOOF RIDGE,True,True,Gauteng
INC-11265,Windscreen/ Motor glass damage,CLAREMONT,Contents,,,,2022-09-06 17:40:00,11761.0,Home contents - Theft,Theft,CLAREMONT,CLAREMONT,True,True,Cape Town
INC-11277,Theft,CAPE TOWN CITY CENTRE,Contents,,,,2022-09-06 00:00:00,15834.0,Home contents - Theft,Theft,CAPE TOWN CITY CENTRE,CAPE TOWN CITY CENTRE,True,False,Cape Town
INC-11281,Theft,SEA POINT,Contents,,,,2022-09-05 11:00:00,14780.0,Home contents - Theft,Theft,SEA POINT,SEA POINT,True,True,Cape Town
INC-11283,Theft,CAPE TOWN CITY CENTRE,Vehicle,FIAT,500 900T TWINAIR POP STAR-2016-2020,2016.0,2022-09-05 09:22:00,47885.04,Motor Vehicle - Theft,Theft,CAPE TOWN CITY CENTRE,CAPE TOWN CITY CENTRE,True,True,Cape Town
INC-11307,Theft,BEDFORDVIEW,Vehicle,MERCEDES-BENZ,CLA45 AMG-2013-2016,2014.0,2022-09-03 16:00:00,11973.16,Motor Vehicle - Theft,Theft,BEDFORDVIEW,BEDFORDVIEW,True,True,Gauteng
INC-11308,Theft,CLAREMONT,Vehicle,HAVAL,JOLION 1.5T SUPER LUXURY DCT-2021-,2022.0,2022-09-03 15:30:00,2000.0,Motor Vehicle - Theft,Theft,CLAREMONT,CLAREMONT,True,True,Cape Town
INC-11323,Theft,CENTURION CENTRAL,Vehicle,TOYOTA,HILUX 2.8 GD-6 RB LEGEND A/T P/U D/C-2020-,2021.0,2022-09-02 20:55:00,183783.76,Motor Vehicle - Theft,Theft,CENTURION CENTRAL,CENTURION CENTRAL,True,True,Gauteng
INC-11330,Theft,CLAREMONT,Vehicle,OPEL,CORSA 1.0T ECOFLEX ENJOY 5DR (85KW)-2015-2020,2018.0,2022-09-02 06:00:00,4427.5,Motor Vehicle - Theft,Theft,CLAREMONT,CLAREMONT,True,True,Cape Town
INC-11336,Theft,FOURWAYS,Vehicle,PORSCHE,CAYENNE S HYBRID TIP (E2)-2010-2014,2010.0,2022-09-01 09:00:00,11069.52,Motor Vehicle - Theft,Theft,FOURWAYS,FOURWAYS,True,True,Gauteng
INC-11345,Theft,CLAREMONT,Vehicle,VOLVO,XC 70 D5 A/T-2007-2009,2008.0,2022-08-31 07:00:00,90973.32,Motor Vehicle - Theft,Theft,CLAREMONT,CLAREMONT,True,True,Cape Town
INC-11346,Theft,CLAREMONT,Vehicle,VOLKSWAGEN,TOURAN 2.0 TDi TRENDLINE DSG-2012-2016,2012.0,2022-08-31 07:00:00,2597.71,Motor Vehicle - Theft,Theft,CLAREMONT,CLAREMONT,True,True,Cape Town
INC-11351,Theft,GARSFONTEIN,Vehicle,TOYOTA,PRADO VX-L 2.8GD A/T-2020-,2021.0,2022-08-30 17:57:00,1368123.4,Motor Vehicle - Theft,Theft,GARSFONTEIN,GARSFONTEIN,True,True,Gauteng
INC-11382,Burglary,NEWLANDS,Contents,,,,2022-08-27 23:00:00,44356.0,Home contents - Theft,Theft,NEWLANDS,NEWLANDS,True,True,Cape Town
INC-11401,Hijack,RONDEBOSCH,Vehicle,KIA,PICANTO 1.0 SMART-2017-2022,2018.0,2022-08-26 00:10:00,71053.34,Motor Vehicle - Theft,Hijack,RONDEBOSCH,RONDEBOSCH,True,True,Cape Town
INC-11436,Theft,CLAREMONT,Contents,,,,2022-08-22 06:00:00,7269.0,Home contents - Theft,Theft,CLAREMONT,CLAREMONT,True,True,Cape Town
INC-11440,Theft,FOURWAYS,Vehicle,FORD,RANGER 3.2TDCi 3.2 WILDTRAK 4X4 A/T P/U D/C-2015-2020,2015.0,2022-08-21 13:54:00,354097.35,Motor Vehicle - Theft,Theft,FOURWAYS,FOURWAYS,True,True,Gauteng
INC-11441,Theft,WATERKLOOF RIDGE,Contents,,,,2022-08-21 02:00:00,6945.0,Home contents - Theft,Theft,WATERKLOOF RIDGE,WATERKLOOF RIDGE,True,True,Gauteng
INC-11443,Theft,SEA POINT,Vehicle,MERCEDES-BENZ,A 200 BE-2013-2015,2015.0,2022-08-20 19:30:00,7527.5,Motor Vehicle - Theft,Theft,SEA POINT,SEA POINT,True,True,Cape Town
INC-11462,Theft,RONDEBOSCH,Vehicle,LAND ROVER,EVOQUE 2.0D AUTOBIOGRAPHY 147KW (D200)-2021-,2021.0,2022-08-19 13:47:00,52576.52,Motor Vehicle - Theft,Theft,RONDEBOSCH,RONDEBOSCH,True,True,Cape Town
INC-11474,Theft,BRYANSTON,Contents,,,,2022-08-18 13:10:00,4500.0,Home contents - Theft,Theft,BRYANSTON,BRYANSTON,True,True,Gauteng
INC-11492,Theft,SEA POINT,Vehicle,RENAULT,SANDERO 900T STEPWAY EXPRESSION-2017-2023,2019.0,2022-08-16 12:00:00,3000.74,Motor Vehicle - Theft,Theft,SEA POINT,SEA POINT,True,True,Cape Town
INC-11498,Theft,BRYANSTON,Contents,,,,2022-08-15 03:03:00,94672.0,Home contents - Theft,Theft,BRYANSTON,BRYANSTON,True,True,Gauteng
INC-11514,Theft,FOURWAYS,Vehicle,TOYOTA,HILUX 2.8 GD-6 RB RAIDER A/T P/U D/C-2018-2021,2020.0,2022-08-13 16:50:00,533171.82,Motor Vehicle - Theft,Theft,FOURWAYS,FOURWAYS,True,True,Gauteng
INC-11552,Theft,GARSFONTEIN,Contents,,,,2022-08-10 16:00:00,16949.0,Home contents - Theft,Theft,GARSFONTEIN,GARSFONTEIN,True,True,Gauteng
INC-11597,Theft,CLAREMONT,Vehicle,BMW,X1 sDRIVE20d A/T (F48)-2015-2020,2018.0,2022-08-05 10:03:00,11405.91,Motor Vehicle - Theft,Theft,CLAREMONT,CLAREMONT,True,True,Cape Town
INC-11640,Theft,SEA POINT,Contents,,,,2022-08-01 14:00:00,3635.0,Home contents - Theft,Theft,SEA POINT,SEA POINT,True,True,Cape Town
INC-11657,Theft,GARSFONTEIN,Vehicle,TOYOTA,FORTUNER 3.0D-4D 4X4 A/T-2011-2017,2013.0,2022-07-31 00:00:00,270373.23,Motor Vehicle - Theft,Theft,GARSFONTEIN,GARSFONTEIN,True,False,Gauteng
INC-11675,Theft,NEWLANDS,Vehicle,BMW,320i EXCLUSIVE A/T (E90)-2008-2012,2011.0,2022-07-29 15:17:00,40250.34,Motor Vehicle - Theft,Theft,NEWLANDS,NEWLANDS,True,True,Cape Town
INC-11677,Hijack,BEDFORDVIEW,Vehicle,BMW,X3 Xdrive 20d M SPORT A/T (F25)-2018-2018,2018.0,2022-07-29 13:35:00,502372.59,Motor Vehicle - Theft,Hijack,BEDFORDVIEW,BEDFORDVIEW,True,True,Gauteng
INC-11702,Attempted Theft,CENTURION CENTRAL,Contents,,,,2022-07-26 12:09:00,159792.0,Home contents - Theft,Theft,CENTURION CENTRAL,CENTURION CENTRAL,True,True,Gauteng
INC-11723,Theft,MENLO PARK,Vehicle,ISUZU,D-MAX 250 HO X-RIDER A/T D/C P/U-2020-2023,2022.0,2022-07-23 14:00:00,7942.6,Motor Vehicle - Theft,Theft,MENLO PARK,MENLO PARK,True,True,Gauteng
INC-11724,Theft,GARSFONTEIN,Contents,,,,2022-07-23 13:32:00,2525.0,Home contents - Theft,Theft,GARSFONTEIN,GARSFONTEIN,True,True,Gauteng
INC-11725,Theft,GARSFONTEIN,Vehicle,TOYOTA,HILUX 2.8 GD-6 RB LEGEND 4X4 P/U E/CAB-2020-,2020.0,2022-07-23 13:32:00,674328.03,Motor Vehicle - Theft,Theft,GARSFONTEIN,GARSFONTEIN,True,True,Gauteng
INC-11739,Theft,WATERKLOOF RIDGE,Vehicle,VOLKSWAGEN,EOS 2.0T FSI SPORTLINE DSG-2007-2012,2007.0,2022-07-21 15:00:00,81787.17,Motor Vehicle - Theft,Theft,WATERKLOOF RIDGE,WATERKLOOF RIDGE,True,True,Gauteng
INC-11750,Theft,RONDEBOSCH,Contents,,,,2022-07-20 23:12:00,106654.0,Home contents - Theft,Theft,RONDEBOSCH,RONDEBOSCH,True,True,Cape Town
INC-11758,Theft,CENTURION CENTRAL,Contents,,,,2022-07-20 04:34:00,23840.98,Home contents - Theft,Theft,CENTURION CENTRAL,CENTURION CENTRAL,True,True,Gauteng
INC-11761,Theft,SEA POINT,Vehicle,TOYOTA,PRADO GX 3.0 TDi 5d-2002-2009,2004.0,2022-07-19 14:04:00,1939.22,Motor Vehicle - Theft,Theft,SEA POINT,SEA POINT,True,True,Cape Town
INC-11762,Theft,GARSFONTEIN,Vehicle,TOYOTA,HILUX 2.8 GD-6 RB RAIDER A/T P/U D/C-2018-2021,2020.0,2022-07-19 09:29:00,513562.0,Motor Vehicle - Theft,Theft,GARSFONTEIN,GARSFONTEIN,True,True,Gauteng
INC-11768,Theft,SOMERSET WEST,Contents,,,,2022-07-18 16:00:00,9250.0,Home contents - Theft,Theft,SOMERSET WEST,SOMERSET WEST,True,True,Cape Town
INC-11769,Theft,SEA POINT,Vehicle,MERCEDES-BENZ,B 180-2009-2012,2012.0,2022-07-18 10:00:00,24559.44,Motor Vehicle - Theft,Theft,SEA POINT,SEA POINT,True,True,Cape Town
INC-11778,Theft,CLAREMONT,Contents,,,,2022-07-17 03:03:00,25075.0,Home contents - Theft,Theft,CLAREMONT,CLAREMONT,True,True,Cape Town
INC-11784,Theft,CAPE TOWN CITY CENTRE,Vehicle,SUZUKI,JIMNY 1.5 GLX A/T-2018-,2020.0,2022-07-16 23:03:27,3500.0,Motor Vehicle - Theft,Theft,CAPE TOWN CITY CENTRE,CAPE TOWN CITY CENTRE,True,True,Cape Town
INC-11799,Theft,CAPE TOWN CITY CENTRE,Vehicle,SUZUKI,S-PRESSO 1.0 S-EDITION-2020-2023,2021.0,2022-07-15 08:00:00,13824.81,Motor Vehicle - Theft,Theft,CAPE TOWN CITY CENTRE,CAPE TOWN CITY CENTRE,True,True,Cape Town
INC-11803,Theft,BEDFORDVIEW,Vehicle,TOYOTA,FORTUNER 2.8GD-6 R/B A/T-2020-,2021.0,2022-07-14 19:20:00,694893.48,Motor Vehicle - Theft,Theft,BEDFORDVIEW,BEDFORDVIEW,True,True,Gauteng
INC-11805,Theft,SOMERSET WEST,Contents,,,,2022-07-14 15:48:00,32247.38,Home contents - Theft,Theft,SOMERSET WEST,SOMERSET WEST,True,True,Cape Town
INC-11818,Theft,TABLE VIEW,Vehicle,TOYOTA,86 2.0-2012-2017,2012.0,2022-07-13 03:00:00,15669.64,Motor Vehicle - Theft,Theft,TABLE VIEW,TABLE VIEW,True,True,Cape Town
INC-11875,Theft,CENTURION CENTRAL,Vehicle,LAND ROVER,DISCOVERY 3.0 TD6 HSE-2017-2022,2019.0,2022-07-07 19:00:00,34566.53,Motor Vehicle - Theft,Theft,CENTURION CENTRAL,CENTURION CENTRAL,True,True,Gauteng
INC-11885,Theft,FOURWAYS,Vehicle,VOLKSWAGEN,POLO GTi 1.8 TSI-2015-2017,2015.0,2022-07-06 16:30:00,81784.3,Motor Vehicle - Theft,Theft,FOURWAYS,FOURWAYS,True,True,Gauteng
INC-11891,Theft,NEWLANDS,Vehicle,MAZDA,MAZDA2 1.5 INDIVIDUAL A/T 5Dr-2015-,2017.0,2022-07-06 08:00:00,3513.05,Motor Vehicle - Theft,Theft,NEWLANDS,NEWLANDS,True,True,Cape Town
INC-11919,Theft,TABLE VIEW,Contents,,,,2022-07-03 23:15:00,4699.0,Home contents - Theft,Theft,TABLE VIEW,TABLE VIEW,True,True,Cape Town
INC-11951,Theft,CLAREMONT,Vehicle,VOLKSWAGEN,POLO VIVO 1.4 TRENDLINE (5DR)-2017-,2019.0,2022-07-01 15:14:00,10844.29,Motor Vehicle - Theft,Theft,CLAREMONT,CLAREMONT,True,True,Cape Town
INC-11995,Theft,GARSFONTEIN,Vehicle,ISUZU,KB 300 D-TEQ LX 4X4 P/U D/C-2016-2020,2019.0,2022-06-27 18:00:00,8824.6,Motor Vehicle - Theft,Theft,GARSFONTEIN,GARSFONTEIN,True,True,Gauteng
INC-12007,Theft,SEA POINT,Vehicle,VOLKSWAGEN,POLO GP 1.2 TSI TRENDLINE (66KW)-2014-2018,2017.0,2022-06-26 14:30:00,4761.49,Motor Vehicle - Theft,Theft,SEA POINT,SEA POINT,True,True,Cape Town
INC-12018,Theft,CAPE TOWN CITY CENTRE,Contents,,,,2022-06-26 03:30:00,10239.0,Home contents - Theft,Theft,CAPE TOWN CITY CENTRE,CAPE TOWN CITY CENTRE,True,True,Cape Town
INC-12027,Theft,MENLO PARK,Vehicle,TOYOTA,FORTUNER 2.4GD-6 R/B A/T-2016-2020,2018.0,2022-06-25 08:05:00,433897.55,Motor Vehicle - Theft,Theft,MENLO PARK,MENLO PARK,True,True,Gauteng
INC-12034,Theft,BRYANSTON,Contents,,,,2022-06-24 16:09:00,48538.0,Home contents - Theft,Theft,BRYANSTON,BRYANSTON,True,True,Gauteng
INC-12042,Theft,NEWLANDS,Vehicle,TOYOTA,FORTUNER 3.0D-4D RAISED BODY-2006-2012,2008.0,2022-06-23 14:00:00,20000.0,Motor Vehicle - Theft,Theft,NEWLANDS,NEWLANDS,True,True,Cape Town
INC-12044,Theft,RONDEBOSCH,Vehicle,BMW,X3 xDRIVE20d A/T-2010-2014,2014.0,2022-06-23 08:27:00,24320.33,Motor Vehicle - Theft,Theft,RONDEBOSCH,RONDEBOSCH,True,True,Cape Town
INC-12061,Theft,FOURWAYS,Contents,,,,2022-06-22 03:00:00,108924.8,Home contents - Theft,Theft,FOURWAYS,FOURWAYS,True,True,Gauteng
INC-12072,Theft,CAPE TOWN CITY CENTRE,Vehicle,MINI,MINI ONE 1.6-2011-2015,2012.0,2022-06-21 00:00:00,2047.69,Motor Vehicle - Theft,Theft,CAPE TOWN CITY CENTRE,CAPE TOWN CITY CENTRE,True,False,Cape Town
INC-12083,Theft,BRYANSTON,Contents,,,,2022-06-20 09:00:00,195926.0,Home contents - Theft,Theft,BRYANSTON,BRYANSTON,True,True,Gauteng
INC-12104,Theft,CAPE TOWN CITY CENTRE,Vehicle,KIA,PICANTO 1.0 STREET-2017-,2022.0,2022-06-17 20:00:00,32002.11,Motor Vehicle - Theft,Theft,CAPE TOWN CITY CENTRE,CAPE TOWN CITY CENTRE,True,True,Cape Town
INC-12106,Theft,CAPE TOWN CITY CENTRE,Contents,,,,2022-06-17 16:00:00,40089.0,Home contents - Theft,Theft,CAPE TOWN CITY CENTRE,CAPE TOWN CITY CENTRE,True,True,Cape Town
INC-12112,Theft,FOURWAYS,Contents,,,,2022-06-17 03:30:00,144557.79,Home contents - Theft,Theft,FOURWAYS,FOURWAYS,True,True,Gauteng
INC-12148,Theft,FOURWAYS,Vehicle,TOYOTA,FORTUNER 2.4GD-6 R/B A/T-2016-2020,2017.0,2022-06-13 12:41:00,10673.74,Motor Vehicle - Theft,Theft,FOURWAYS,FOURWAYS,True,True,Gauteng
INC-12153,Hijack,CENTURION CENTRAL,Vehicle,VOLKSWAGEN,POLO 2.0 GTI DSG (147KW)-2017-2022,2019.0,2022-06-12 20:26:00,119445.57,Motor Vehicle - Theft,Hijack,CENTURION CENTRAL,CENTURION CENTRAL,True,True,Gauteng
INC-12158,Theft,SOMERSET WEST,Vehicle,FORD,EVEREST 2.0D BI-TURBO LTD 4X4 A/T-2019-2023,2020.0,2022-06-12 11:23:00,5669.55,Motor Vehicle - Theft,Theft,SOMERSET WEST,SOMERSET WEST,True,True,Cape Town
INC-12162,Theft,FOURWAYS,Contents,,,,2022-06-12 03:00:00,7999.0,Home contents - Theft,Theft,FOURWAYS,FOURWAYS,True,True,Gauteng
INC-12172,Theft,CAPE TOWN CITY CENTRE,Vehicle,FORD,FIGO 1.4 TREND-2010-2018,2015.0,2022-06-11 00:00:00,3456.27,Motor Vehicle - Theft,Theft,CAPE TOWN CITY CENTRE,CAPE TOWN CITY CENTRE,True,False,Cape Town
INC-12197,Theft,SOMERSET WEST,Contents,,,,2022-06-07 18:00:00,2373.99,Home contents - Theft,Theft,SOMERSET WEST,SOMERSET WEST,True,True,Cape Town
INC-12199,Theft,GARSFONTEIN,Contents,,,,2022-06-07 14:45:00,19674.0,Home contents - Theft,Theft,GARSFONTEIN,GARSFONTEIN,True,True,Gauteng
INC-12203,Theft,WATERKLOOF RIDGE,Contents,,,,2022-06-07 08:08:00,75308.0,Home contents - Theft,Theft,WATERKLOOF RIDGE,WATERKLOOF RIDGE,True,True,Gauteng
INC-12232,Theft,CAPE TOWN CITY CENTRE,Vehicle,SUZUKI,JIMNY 1.3-2008-2018,2016.0,2022-06-04 01:00:00,13410.76,Motor Vehicle - Theft,Theft,CAPE TOWN CITY CENTRE,CAPE TOWN CITY CENTRE,True,True,Cape Town
INC-12236,Theft,MENLO PARK,Vehicle,TOYOTA,FORTUNER 2.8GD-6 VX A/T-2020-,2021.0,2022-06-03 16:00:00,778911.9,Motor Vehicle - Theft,Theft,MENLO PARK,MENLO PARK,True,True,Gauteng
INC-12253,Theft,CAPE TOWN CITY CENTRE,Vehicle,VOLVO,XC90 T8 INSCRIPTION/PLUS BRIGHT AWD (HYBRID)-2015-,2017.0,2022-06-01 12:23:00,12029.0,Motor Vehicle - Theft,Theft,CAPE TOWN CITY CENTRE,CAPE TOWN CITY CENTRE,True,True,Cape Town
INC-12281,Theft,TABLE VIEW,Vehicle,RENAULT,CAPTUR 1.5 dCI DYNAMIQUE 5DR (66KW)-2016-2022,2016.0,2022-05-29 23:00:00,6476.27,Motor Vehicle - Theft,Theft,TABLE VIEW,TABLE VIEW,True,True,Cape Town
INC-12289,Theft,TABLE VIEW,Vehicle,VOLKSWAGEN,POLO 1.0 TSI COMFORTLINE DSG-2017-2023,2019.0,2022-05-28 22:00:00,18793.77,Motor Vehicle - Theft,Theft,TABLE VIEW,TABLE VIEW,True,True,Cape Town
INC-12300,Theft,SOMERSET WEST,Contents,,,,2022-05-28 06:00:00,8682.93,Home contents - Theft,Theft,SOMERSET WEST,SOMERSET WEST,True,True,Cape Town
INC-12332,Theft,TABLE VIEW,Vehicle,HYUNDAI,SONATA 2.4 GLS/PREMIUM A/T-2010-2013,2011.0,2022-05-25 18:00:00,5766.3,Motor Vehicle - Theft,Theft,TABLE VIEW,TABLE VIEW,True,True,Cape Town
INC-12344,Armed Robbery,BRYANSTON,Contents,,,,2022-05-24 15:00:00,433160.47,,Armed Robbery,BRYANSTON,BRYANSTON,True,True,Gauteng
INC-12364,Theft,BRYANSTON,Contents,,,,2022-05-22 15:15:00,20889.0,Home contents - Theft,Theft,BRYANSTON,BRYANSTON,True,True,Gauteng
INC-12370,Theft,BRYANSTON,Vehicle,VOLKSWAGEN,POLO GP 1.2 TSI TRENDLINE (66KW)-2014-2018,2014.0,2022-05-22 04:35:00,77917.33,Motor Vehicle - Theft,Theft,BRYANSTON,BRYANSTON,True,True,Gauteng
INC-12384,Armed Robbery,CENTURION CENTRAL,Contents,,,,2022-05-21 03:05:00,45310.86,,Armed Robbery,CENTURION CENTRAL,CENTURION CENTRAL,True,True,Gauteng
INC-12388,Theft,MENLO PARK,Vehicle,TOYOTA,ETIOS 1.5 Xs/SPRINT 5Dr-2012-2022,2012.0,2022-05-21 00:53:00,50509.29,Motor Vehicle - Theft,Theft,MENLO PARK,MENLO PARK,True,True,Gauteng
INC-12402,Theft,SOMERSET WEST,Contents,,,,2022-05-19 10:10:00,141928.75,Home contents - Theft,Theft,SOMERSET WEST,SOMERSET WEST,True,True,Cape Town
INC-12418,Theft,BEDFORDVIEW,Contents,,,,2022-05-17 22:08:00,92220.98,Home contents - Theft,Theft,BEDFORDVIEW,BEDFORDVIEW,True,True,Gauteng
INC-12420,Theft,CLAREMONT,Contents,,,,2022-05-17 17:23:00,54121.55,Home contents - Theft,Theft,CLAREMONT,CLAREMONT,True,True,Cape Town
INC-12440,Theft,BEDFORDVIEW,Vehicle,HYUNDAI,GRAND i10 1.25 FLUID-2014-2018,2015.0,2022-05-15 15:45:00,2000.0,Motor Vehicle - Theft,Theft,BEDFORDVIEW,BEDFORDVIEW,True,True,Gauteng
INC-12448,Theft,CAPE TOWN CITY CENTRE,Vehicle,FIAT,PUNTO 1.4 EASY 5DR-2012-2020,2013.0,2022-05-15 02:00:00,2500.0,Motor Vehicle - Theft,Theft,CAPE TOWN CITY CENTRE,CAPE TOWN CITY CENTRE,True,True,Cape Town
INC-12515,Theft,CLAREMONT,Contents,,,,2022-05-09 05:09:00,31849.98,Home contents - Theft,Theft,CLAREMONT,CLAREMONT,True,True,Cape Town
INC-12540,Theft,CENTURION CENTRAL,Vehicle,TOYOTA,HILUX 2.8 GD-6 RB LEGEND RS 4X4 A/T P/U D/C-2020-,2022.0,2022-05-06 18:40:00,928313.0,Motor Vehicle - Theft,Theft,CENTURION CENTRAL,CENTURION CENTRAL,True,True,Gauteng
INC-12541,Theft,CENTURION CENTRAL,Contents,,,,2022-05-06 18:40:00,800.0,Home contents - Theft,Theft,CENTURION CENTRAL,CENTURION CENTRAL,True,True,Gauteng
INC-12561,Theft,NEWLANDS,Vehicle,TOYOTA,LAND CRUISER 200 V8 4.5D VX-R A/T-2017-2023,2020.0,2022-05-04 14:20:00,1667152.26,Motor Vehicle - Theft,Theft,NEWLANDS,NEWLANDS,True,True,Cape Town
INC-12567,Theft,NEWLANDS,Vehicle,FORD,ECOSPORT 1.5TDCi TITANIUM-2015-2018,2018.0,2022-05-03 15:45:00,7450.1,Motor Vehicle - Theft,Theft,NEWLANDS,NEWLANDS,True,True,Cape Town
INC-12613,Theft,SOMERSET WEST,Contents,,,,2022-04-28 00:00:00,26759.65,Home contents - Theft,Theft,SOMERSET WEST,SOMERSET WEST,True,False,Cape Town
INC-12625,Theft,SEA POINT,Vehicle,TOYOTA,PRADO VX-L 3.0D A/T-2017-2020,2019.0,2022-04-26 18:35:00,280554.66,Motor Vehicle - Theft,Theft,SEA POINT,SEA POINT,True,True,Cape Town
INC-12631,Theft,SEA POINT,Contents,,,,2022-04-26 12:30:00,92952.21,Home contents - Theft,Theft,SEA POINT,SEA POINT,True,True,Cape Town
INC-12637,Theft,TABLE VIEW,Contents,,,,2022-04-26 01:00:00,5130.72,Home contents - Theft,Theft,TABLE VIEW,TABLE VIEW,True,True,Cape Town
INC-12644,Theft,RONDEBOSCH,Vehicle,VOLKSWAGEN,POLO 1.0 TSI TRENDLINE-2017-2023,2021.0,2022-04-25 00:00:00,22523.71,Motor Vehicle - Theft,Theft,RONDEBOSCH,RONDEBOSCH,True,False,Cape Town
INC-12663,Theft,SOMERSET WEST,Vehicle,MERCEDES-BENZ,CLA200 AMG A/T-2013-2016,2016.0,2022-04-23 16:30:00,4470.15,Motor Vehicle - Theft,Theft,SOMERSET WEST,SOMERSET WEST,True,True,Cape Town
INC-12695,Theft,CAPE TOWN CITY CENTRE,Vehicle,LAND ROVER,FREELANDER II 2.2 TD4 SE A/T-2007-2010,2010.0,2022-04-21 08:20:00,13486.4,Motor Vehicle - Theft,Theft,CAPE TOWN CITY CENTRE,CAPE TOWN CITY CENTRE,True,True,Cape Town
INC-12705,Theft,GARSFONTEIN,Vehicle,TOYOTA,HILUX 2.8 GD-6 RAIDER 4X4 A/T P/U D/C-2018-2021,2019.0,2022-04-20 11:15:00,517105.0,Motor Vehicle - Theft,Theft,GARSFONTEIN,GARSFONTEIN,True,True,Gauteng
INC-12710,Theft,SOMERSET WEST,Contents,,,,2022-04-19 23:00:00,13127.0,Home contents - Theft,Theft,SOMERSET WEST,SOMERSET WEST,True,True,Cape Town
INC-12714,Theft,RONDEBOSCH,Vehicle,TOYOTA,FORTUNER 2.8GD-6 EPIC A/T-2020-2023,2020.0,2022-04-19 19:12:00,3648.82,Motor Vehicle - Theft,Theft,RONDEBOSCH,RONDEBOSCH,True,True,Cape Town
INC-12742,Theft,GARSFONTEIN,Contents,,,,2022-04-16 03:00:00,99988.0,Home contents - Theft,Theft,GARSFONTEIN,GARSFONTEIN,True,True,Gauteng
INC-12820,Theft,NEWLANDS,Contents,,,,2022-04-07 14:40:00,29510.95,Home contents - Theft,Theft,NEWLANDS,NEWLANDS,True,True,Cape Town
INC-12854,Theft,GARSFONTEIN,Contents,,,,2022-04-04 06:00:00,52257.96,Home contents - Theft,Theft,GARSFONTEIN,GARSFONTEIN,True,True,Gauteng
INC-12855,Theft,GARSFONTEIN,Vehicle,PORSCHE,CAYENNE DIESEL PLATINUM (E2)-2016-2018,2017.0,2022-04-04 06:00:00,6785.37,Motor Vehicle - Theft,Theft,GARSFONTEIN,GARSFONTEIN,True,True,Gauteng
INC-12871,Theft,NEWLANDS,Vehicle,TOYOTA,FORTUNER 3.0D-4D 4X4 A/T-2011-2017,2015.0,2022-04-02 12:30:00,26868.45,Motor Vehicle - Theft,Theft,NEWLANDS,NEWLANDS,True,True,Cape Town
INC-12872,Theft,NEWLANDS,Contents,,,,2022-04-02 12:30:00,43261.5,Home contents - Theft,Theft,NEWLANDS,NEWLANDS,True,True,Cape Town
INC-12879,Theft,RONDEBOSCH,Contents,,,,2022-04-02 00:00:00,9250.0,Home contents - Theft,Theft,RONDEBOSCH,RONDEBOSCH,True,False,Cape Town
INC-12886,Theft,SEA POINT,Vehicle,TOYOTA,HILUX 2.8 GD-6 RB LEGEND RS 4X4 A/T P/U D/C-2020-,2021.0,2022-04-01 18:00:00,890620.99,Motor Vehicle - Theft,Theft,SEA POINT,SEA POINT,True,True,Cape Town
INC-12899,Theft,CAPE TOWN CITY CENTRE,Vehicle,VOLKSWAGEN,POLO 2.0 GTI DSG (147KW)-2017-2022,2019.0,2022-03-31 16:20:00,5313.0,Motor Vehicle - Theft,Theft,CAPE TOWN CITY CENTRE,CAPE TOWN CITY CENTRE,True,True,Cape Town
INC-12951,Theft,TABLE VIEW,Contents,,,,2022-03-25 17:00:00,9137.5,Home contents - Theft,Theft,TABLE VIEW,TABLE VIEW,True,True,Cape Town
INC-12963,Theft,FOURWAYS,Vehicle,VOLKSWAGEN,POLO GTi 1.8TSI DSG-2015-2018,2016.0,2022-03-24 17:30:00,84042.07,Motor Vehicle - Theft,Theft,FOURWAYS,FOURWAYS,True,True,Gauteng
INC-12971,Theft,CENTURION CENTRAL,Contents,,,,2022-03-24 03:00:00,1949.0,Home contents - Theft,Theft,CENTURION CENTRAL,CENTURION CENTRAL,True,True,Gauteng
INC-12974,Theft,CAPE TOWN CITY CENTRE,Vehicle,HYUNDAI,i10 1.1 GLS-2008-2011,2011.0,2022-03-23 20:00:00,3766.25,Motor Vehicle - Theft,Theft,CAPE TOWN CITY CENTRE,CAPE TOWN CITY CENTRE,True,True,Cape Town
INC-13005,Theft,GARSFONTEIN,Vehicle,TOYOTA,HILUX 2.8 GD-6 RB RAIDER P/U D/C-2016-2020,2019.0,2022-03-19 00:15:00,583297.05,Motor Vehicle - Theft,Theft,GARSFONTEIN,GARSFONTEIN,True,True,Gauteng
INC-13012,Theft,NEWLANDS,Contents,,,,2022-03-18 14:30:00,5000.0,Home contents - Theft,Theft,NEWLANDS,NEWLANDS,True,True,Cape Town
INC-13033,Theft,MENLO PARK,Vehicle,TOYOTA,HILUX 2.8 GD-6 RAIDER 4X4 P/U D/C-2016-2020,2017.0,2022-03-15 12:55:00,1650.0,Motor Vehicle - Theft,Theft,MENLO PARK,MENLO PARK,True,True,Gauteng
INC-13035,Theft,CLAREMONT,Contents,,,,2022-03-15 10:15:00,32498.28,Home contents - Theft,Theft,CLAREMONT,CLAREMONT,True,True,Cape Town
INC-13049,Theft,BRYANSTON,Contents,,,,2022-03-13 15:00:00,34329.0,Home contents - Theft,Theft,BRYANSTON,BRYANSTON,True,True,Gauteng
INC-13073,Theft,FOURWAYS,Vehicle,LAND ROVER,DISCOVERY 4 3.0 TD/SD V6 SE-2009-2018,2014.0,2022-03-11 13:30:00,19250.0,Motor Vehicle - Theft,Theft,FOURWAYS,FOURWAYS,True,True,Gauteng
INC-13075,Theft,RONDEBOSCH,Vehicle,TOYOTA,VERSO 160-2005-2009,2008.0,2022-03-11 09:00:00,58316.3,Motor Vehicle - Theft,Theft,RONDEBOSCH,RONDEBOSCH,True,True,Cape Town
INC-13085,Theft,FOURWAYS,Vehicle,FORD,RANGER 2.0D XLT A/T P/U D/C-2019-,2019.0,2022-03-10 12:00:00,11083.93,Motor Vehicle - Theft,Theft,FOURWAYS,FOURWAYS,True,True,Gauteng
INC-13094,Theft,MENLO PARK,Vehicle,TOYOTA,FORTUNER 3.0D-4D 4X4 A/T-2011-2017,2013.0,2022-03-09 15:00:00,288804.05,Motor Vehicle - Theft,Theft,MENLO PARK,MENLO PARK,True,True,Gauteng
INC-13117,Theft,NEWLANDS,Contents,,,,2022-03-07 00:00:00,64711.67,Home contents - Theft,Theft,NEWLANDS,NEWLANDS,True,False,Cape Town
INC-13135,Theft,GARSFONTEIN,Contents,,,,2022-03-05 08:00:00,56803.59,Home contents - Theft,Theft,GARSFONTEIN,GARSFONTEIN,True,True,Gauteng
INC-13147,Theft,CAPE TOWN CITY CENTRE,Vehicle,FORD,FIESTA ST 1.6 ECOBOOST GDTi-2013-2020,2015.0,2022-03-04 02:00:00,4498.39,Motor Vehicle - Theft,Theft,CAPE TOWN CITY CENTRE,CAPE TOWN CITY CENTRE,True,True,Cape Town
INC-13175,Theft,CLAREMONT,Contents,,,,2022-03-01 06:00:00,7082.0,Home contents - Theft,Theft,CLAREMONT,CLAREMONT,True,True,Cape Town
INC-13178,Theft,WATERKLOOF RIDGE,Vehicle,TOYOTA,PRADO VX-L 2.8GD A/T-2020-,2021.0,2022-03-01 00:00:00,1410846.81,Motor Vehicle - Theft,Theft,WATERKLOOF RIDGE,WATERKLOOF RIDGE,True,False,Gauteng
INC-13193,Theft,SOMERSET WEST,Vehicle,HONDA,JAZZ 1.5i A/T-2006-2008,2008.0,2022-02-27 09:20:00,6714.94,Motor Vehicle - Theft,Theft,SOMERSET WEST,SOMERSET WEST,True,True,Cape Town
INC-13197,Theft,FOURWAYS,Vehicle,FORD,RANGER 2500TD LWB Hi-Trail XL P/U S/C-2000-2003,2002.0,2022-02-26 23:40:00,7410.04,Motor Vehicle - Theft,Theft,FOURWAYS,FOURWAYS,True,True,Gauteng
INC-13232,Theft,GARSFONTEIN,Contents,,,,2022-02-24 04:30:00,22148.0,Home contents - Theft,Theft,GARSFONTEIN,GARSFONTEIN,True,True,Gauteng
INC-13234,Theft,SOMERSET WEST,Contents,,,,2022-02-24 03:07:00,67798.0,Home contents - Theft,Theft,SOMERSET WEST,SOMERSET WEST,True,True,Cape Town
INC-13237,Theft,FOURWAYS,Vehicle,BMW,318i M SPORT A/T (F30)-2015-2020,2016.0,2022-02-23 22:00:00,6777.48,Motor Vehicle - Theft,Theft,FOURWAYS,FOURWAYS,True,True,Gauteng
INC-13250,Theft,WATERKLOOF RIDGE,Vehicle,TOYOTA,FORTUNER 2.4GD-6 R/B A/T-2016-2020,2017.0,2022-02-22 09:54:00,385523.07,Motor Vehicle - Theft,Theft,WATERKLOOF RIDGE,WATERKLOOF RIDGE,True,True,Gauteng
INC-13251,Theft,RONDEBOSCH,Contents,,,,2022-02-22 03:57:00,140700.0,Home contents - Theft,Theft,RONDEBOSCH,RONDEBOSCH,True,True,Cape Town
INC-13253,Theft,GARSFONTEIN,Vehicle,FORD,RANGER 2.2TDCI XL A/T P/U S/C-2019-,2019.0,2022-02-21 15:45:00,1663.41,Motor Vehicle - Theft,Theft,GARSFONTEIN,GARSFONTEIN,True,True,Gauteng
INC-13263,Theft,BRYANSTON,Contents,,,,2022-02-20 09:43:00,131546.0,Home contents - Theft,Theft,BRYANSTON,BRYANSTON,True,True,Gauteng
INC-13283,Theft,GARSFONTEIN,Contents,,,,2022-02-18 04:00:00,59634.0,Home contents - Theft,Theft,GARSFONTEIN,GARSFONTEIN,True,True,Gauteng
INC-13303,Theft,SEA POINT,Contents,,,,2022-02-16 00:30:00,32182.0,Home contents - Theft,Theft,SEA POINT,SEA POINT,True,True,Cape Town
INC-13359,Theft,TABLE VIEW,Contents,,,,2022-02-11 17:00:00,52580.0,Home contents - Theft,Theft,TABLE VIEW,TABLE VIEW,True,True,Cape Town
INC-13363,Theft,RONDEBOSCH,Contents,,,,2022-02-11 09:33:00,25877.0,Home contents - Theft,Theft,RONDEBOSCH,RONDEBOSCH,True,True,Cape Town
INC-13400,Theft,MENLO PARK,Vehicle,TOYOTA,HILUX 2.8 GD-6 RAIDER 4X4 P/U D/C-2016-2020,2017.0,2022-02-08 08:30:00,479670.37,Motor Vehicle - Theft,Theft,MENLO PARK,MENLO PARK,True,True,Gauteng
INC-13431,Theft,CLAREMONT,Vehicle,HYUNDAI,i30 1.6 GLS/PREMIUM-2012-2018,2013.0,2022-02-05 18:00:00,8711.33,Motor Vehicle - Theft,Theft,CLAREMONT,CLAREMONT,True,True,Cape Town
INC-13446,Theft,NEWLANDS,Contents,,,,2022-02-04 16:38:00,48539.78,Home contents - Theft,Theft,NEWLANDS,NEWLANDS,True,True,Cape Town
INC-13454,Theft,CLAREMONT,Contents,,,,2022-02-04 07:30:00,23585.0,Home contents - Theft,Theft,CLAREMONT,CLAREMONT,True,True,Cape Town
INC-13460,Theft,BRYANSTON,Contents,,,,2022-02-03 17:10:00,81363.66,Home contents - Theft,Theft,BRYANSTON,BRYANSTON,True,True,Gauteng
INC-13462,Theft,CENTURION CENTRAL,Vehicle,NISSAN,MICRA 1.4 ELEGANCE (D61)-2004-2006,2006.0,2022-02-03 15:50:00,3050.0,Motor Vehicle - Theft,Theft,CENTURION CENTRAL,CENTURION CENTRAL,True,True,Gauteng
INC-13464,Theft,RONDEBOSCH,Vehicle,VOLKSWAGEN,POLO VIVO 1.4 TRENDLINE (5DR)-2017-,2020.0,2022-02-03 12:07:00,12107.78,Motor Vehicle - Theft,Theft,RONDEBOSCH,RONDEBOSCH,True,True,Cape Town
INC-13471,Theft,SEA POINT,Contents,,,,2022-02-02 16:00:00,39627.0,Home contents - Theft,Theft,SEA POINT,SEA POINT,True,True,Cape Town
INC-13478,Theft,BRYANSTON,Contents,,,,2022-02-02 00:00:00,36989.99,Home contents - Theft,Theft,BRYANSTON,BRYANSTON,True,False,Gauteng
INC-13494,Theft,SOMERSET WEST,Contents,,,,2022-01-31 10:00:00,29790.0,Home contents - Theft,Theft,SOMERSET WEST,SOMERSET WEST,True,True,Cape Town
INC-13503,Theft,FOURWAYS,Vehicle,TOYOTA,PRADO VX 3.0 TDi A/T-2013-2017,2014.0,2022-01-30 11:40:00,671683.79,Motor Vehicle - Theft,Theft,FOURWAYS,FOURWAYS,True,True,Gauteng
INC-13547,Theft,WATERKLOOF RIDGE,Vehicle,TOYOTA,HILUX 2.8 GD-6 RAIDER 4X4 A/T P/U D/C-2018-2021,2020.0,2022-01-26 10:20:00,706888.99,Motor Vehicle - Theft,Theft,WATERKLOOF RIDGE,WATERKLOOF RIDGE,True,True,Gauteng
INC-13581,Theft,CLAREMONT,Vehicle,HONDA,CRV 2.0 ELEGANCE A/T-2015-2017,2015.0,2022-01-23 00:00:00,9405.62,Motor Vehicle - Theft,Theft,CLAREMONT,CLAREMONT,True,False,Cape Town
INC-13587,Theft,MENLO PARK,Contents,,,,2022-01-22 17:20:00,114967.53,Home contents - Theft,Theft,MENLO PARK,MENLO PARK,True,True,Gauteng
INC-13592,Theft,RONDEBOSCH,Vehicle,MERCEDES-BENZ,GLA 200 A/T-2017-2020,2018.0,2022-01-22 10:00:00,8225.07,Motor Vehicle - Theft,Theft,RONDEBOSCH,RONDEBOSCH,True,True,Cape Town
INC-13641,Theft,RONDEBOSCH,Vehicle,RENAULT,SANDERO 1.6 STEPWAY-2010-2015,2012.0,2022-01-16 20:33:00,84555.94,Motor Vehicle - Theft,Theft,RONDEBOSCH,RONDEBOSCH,True,True,Cape Town
INC-13646,Theft,CENTURION CENTRAL,Vehicle,FORD,FIESTA 1.4 AMBIENTE 5 Dr-2013-2020,2016.0,2022-01-16 12:58:00,4507.77,Motor Vehicle - Theft,Theft,CENTURION CENTRAL,CENTURION CENTRAL,True,True,Gauteng
INC-13649,Theft,SEA POINT,Contents,,,,2022-01-15 23:00:00,26070.16,Home contents - Theft,Theft,SEA POINT,SEA POINT,True,True,Cape Town
INC-13650,Theft,RONDEBOSCH,Contents,,,,2022-01-15 23:00:00,140385.31,Home contents - Theft,Theft,RONDEBOSCH,RONDEBOSCH,True,True,Cape Town
INC-13691,Theft,NEWLANDS,Vehicle,TOYOTA,HILUX 2.8 GD-6 RB RAIDER A/T P/U D/C-2016-2020,2018.0,2022-01-12 08:15:00,8870.0,Motor Vehicle - Theft,Theft,NEWLANDS,NEWLANDS,True,True,Cape Town
INC-13710,Theft,TABLE VIEW,Contents,,,,2022-01-10 10:30:00,47597.5,Home contents - Theft,Theft,TABLE VIEW,TABLE VIEW,True,True,Cape Town
INC-13742,Theft,BEDFORDVIEW,Vehicle,LAND ROVER,DEFENDER 110  2.2D S/W-2011-2018,2012.0,2022-01-07 14:00:00,25830.66,Motor Vehicle - Theft,Theft,BEDFORDVIEW,BEDFORDVIEW,True,True,Gauteng
INC-13743,Theft,BEDFORDVIEW,Vehicle,LAND ROVER,DISCOVERY 4 3.0 TD V6  XS (155kw)-2013-2018,2013.0,2022-01-07 14:00:00,25853.87,Motor Vehicle - Theft,Theft,BEDFORDVIEW,BEDFORDVIEW,True,True,Gauteng
INC-13744,Theft,BEDFORDVIEW,Contents,,,,2022-01-07 14:00:00,154480.2,Home contents - Theft,Theft,BEDFORDVIEW,BEDFORDVIEW,True,True,Gauteng
INC-13749,Theft,CLAREMONT,Contents,,,,2022-01-07 00:00:00,23119.3,Home contents - Theft,Theft,CLAREMONT,CLAREMONT,True,False,Cape Town
INC-13756,Theft,CENTURION CENTRAL,Vehicle,OPEL,ADAM 1.0T JAM (3DR)-2015-,2015.0,2022-01-06 14:00:00,2000.0,Motor Vehicle - Theft,Theft,CENTURION CENTRAL,CENTURION CENTRAL,True,True,Gauteng
INC-13784,Theft,CLAREMONT,Contents,,,,2022-01-04 05:30:00,39607.11,Home contents - Theft,Theft,CLAREMONT,CLAREMONT,True,True,Cape Town
INC-13785,Theft,CLAREMONT,Vehicle,TOYOTA,FORTUNER 2.8GD-6 R/B-2016-2020,2017.0,2022-01-04 04:30:00,4427.5,Motor Vehicle - Theft,Theft,CLAREMONT,CLAREMONT,True,True,Cape Town
INC-13853,Theft,WATERKLOOF RIDGE,Contents,,,,2021-12-28 20:00:00,26675.0,Home contents - Theft,Theft,WATERKLOOF RIDGE,WATERKLOOF RIDGE,True,True,Gauteng
INC-13858,Theft,TABLE VIEW,Contents,,,,2021-12-28 12:30:00,13499.0,Home contents - Theft,Theft,TABLE VIEW,TABLE VIEW,True,True,Cape Town
INC-13923,Theft,CLAREMONT,Contents,,,,2021-12-23 01:01:00,47520.0,Home contents - Theft,Theft,CLAREMONT,CLAREMONT,True,True,Cape Town
INC-13938,Theft,CAPE TOWN CITY CENTRE,Vehicle,BMW,X5 xDRIVE35i A/T-2010-2014,2010.0,2021-12-22 05:00:00,7210.98,Motor Vehicle - Theft,Theft,CAPE TOWN CITY CENTRE,CAPE TOWN CITY CENTRE,True,True,Cape Town
INC-13939,Theft,CAPE TOWN CITY CENTRE,Contents,,,,2021-12-22 05:00:00,213132.77,Home contents - Theft,Theft,CAPE TOWN CITY CENTRE,CAPE TOWN CITY CENTRE,True,True,Cape Town
INC-14000,Theft,CENTURION CENTRAL,Vehicle,TOYOTA,HILUX 2.8 GD-6 RB RAIDER A/T P/U D/C-2018-2021,2020.0,2021-12-15 16:00:00,294395.34,Motor Vehicle - Theft,Theft,CENTURION CENTRAL,CENTURION CENTRAL,True,True,Gauteng
INC-14033,Theft,WATERKLOOF RIDGE,Contents,,,,2021-12-12 01:00:00,122775.34,Home contents - Theft,Theft,WATERKLOOF RIDGE,WATERKLOOF RIDGE,True,True,Gauteng
INC-14078,Theft,SEA POINT,Vehicle,FIAT,500 1.2-2010-2020,2015.0,2021-12-07 06:28:22,2326.22,Motor Vehicle - Theft,Theft,SEA POINT,SEA POINT,True,True,Cape Town
INC-14091,Theft,NEWLANDS,Contents,,,,2021-12-06 09:35:00,23899.0,Home contents - Theft,Theft,NEWLANDS,NEWLANDS,True,True,Cape Town
INC-14141,Theft,FOURWAYS,Contents,,,,2021-12-02 08:36:00,42100.0,Home contents - Theft,Theft,FOURWAYS,FOURWAYS,True,True,Gauteng
INC-14152,Theft,CAPE TOWN CITY CENTRE,Vehicle,MITSUBISHI,ASX 2.0 GLS-2013-2020,2014.0,2021-12-01 00:00:00,3154.25,Motor Vehicle - Theft,Theft,CAPE TOWN CITY CENTRE,CAPE TOWN CITY CENTRE,True,False,Cape Town
INC-14161,Theft,NEWLANDS,Vehicle,BMW,120i 5DR A/T (F20)-2015-2020,2019.0,2021-11-30 07:14:00,5766.75,Motor Vehicle - Theft,Theft,NEWLANDS,NEWLANDS,True,True,Cape Town
INC-14187,Theft,MENLO PARK,Contents,,,,2021-11-28 03:30:00,27016.6,Home contents - Theft,Theft,MENLO PARK,MENLO PARK,True,True,Gauteng
INC-14199,Theft,SOMERSET WEST,Vehicle,TOYOTA,RAV4 2.0 GX A/T-2015-2020,2019.0,2021-11-27 02:14:00,3835.4,Motor Vehicle - Theft,Theft,SOMERSET WEST,SOMERSET WEST,True,True,Cape Town
INC-14210,Theft,FOURWAYS,Contents,,,,2021-11-26 13:45:00,599.0,Home contents - Theft,Theft,FOURWAYS,FOURWAYS,True,True,Gauteng
INC-14234,Theft,FOURWAYS,Contents,,,,2021-11-24 22:12:00,8708.62,Home contents - Theft,Theft,FOURWAYS,FOURWAYS,True,True,Gauteng
INC-14245,Theft,RONDEBOSCH,Contents,,,,2021-11-24 07:00:00,31757.83,Home contents - Theft,Theft,RONDEBOSCH,RONDEBOSCH,True,True,Cape Town
INC-14253,Theft,NEWLANDS,Vehicle,SUZUKI,CELERIO 1.0 GL-2015-2022,2018.0,2021-11-23 14:00:00,4978.12,Motor Vehicle - Theft,Theft,NEWLANDS,NEWLANDS,True,True,Cape Town
INC-14265,Theft,BRYANSTON,Contents,,,,2021-11-21 17:00:00,2257.75,Home contents - Theft,Theft,BRYANSTON,BRYANSTON,True,True,Gauteng
INC-14303,Theft,SOMERSET WEST,Contents,,,,2021-11-19 01:33:00,14000.0,Home contents - Theft,Theft,SOMERSET WEST,SOMERSET WEST,True,True,Cape Town
INC-14315,Theft,CLAREMONT,Contents,,,,2021-11-18 11:00:00,42466.0,Home contents - Theft,Theft,CLAREMONT,CLAREMONT,True,True,Cape Town
INC-14317,Theft,RONDEBOSCH,Contents,,,,2021-11-18 06:00:00,16690.59,Home contents - Theft,Theft,RONDEBOSCH,RONDEBOSCH,True,True,Cape Town
INC-14357,Theft,RONDEBOSCH,Contents,,,,2021-11-13 11:00:00,28400.0,Home contents - Theft,Theft,RONDEBOSCH,RONDEBOSCH,True,True,Cape Town
INC-14359,Theft,BRYANSTON,Contents,,,,2021-11-13 07:00:00,28644.0,Home contents - Theft,Theft,BRYANSTON,BRYANSTON,True,True,Gauteng
INC-14395,Theft,WATERKLOOF RIDGE,Vehicle,VOLKSWAGEN,POLO VIVO 1.4 TRENDLINE 5Dr-2010-2014,2011.0,2021-11-10 11:07:00,47796.85,Motor Vehicle - Theft,Theft,WATERKLOOF RIDGE,WATERKLOOF RIDGE,True,True,Gauteng
INC-14404,Theft,GARSFONTEIN,Contents,,,,2021-11-09 13:00:00,48409.0,Home contents - Theft,Theft,GARSFONTEIN,GARSFONTEIN,True,True,Gauteng
INC-14431,Theft,RONDEBOSCH,Contents,,,,2021-11-06 06:00:00,14108.0,Home contents - Theft,Theft,RONDEBOSCH,RONDEBOSCH,True,True,Cape Town
INC-14433,Theft,SOMERSET WEST,Vehicle,TOYOTA,HILUX 2.4 GD-6 SRX 4X4 A/T P/U D/C-2017-2018,2018.0,2021-11-06 00:00:00,2855.2,Motor Vehicle - Theft,Theft,SOMERSET WEST,SOMERSET WEST,True,False,Cape Town
INC-14439,Theft,CAPE TOWN CITY CENTRE,Contents,,,,2021-11-05 10:45:00,5000.0,Home contents - Theft,Theft,CAPE TOWN CITY CENTRE,CAPE TOWN CITY CENTRE,True,True,Cape Town
INC-14481,Theft,WATERKLOOF RIDGE,Contents,,,,2021-11-02 00:38:00,9999.0,Home contents - Theft,Theft,WATERKLOOF RIDGE,WATERKLOOF RIDGE,True,True,Gauteng
INC-14519,Theft,CLAREMONT,Contents,,,,2021-10-29 14:00:00,9393.0,Home contents - Theft,Theft,CLAREMONT,CLAREMONT,True,True,Cape Town
INC-14559,Theft,CENTURION CENTRAL,Vehicle,FORD,RANGER 3.2TDCi 3.2 WILDTRAK 4X4 A/T P/U D/C-2015-2020,2019.0,2021-10-26 15:00:00,9906.03,Motor Vehicle - Theft,Theft,CENTURION CENTRAL,CENTURION CENTRAL,True,True,Gauteng
INC-14603,Theft,GARSFONTEIN,Vehicle,JAGUAR,X TYPE 2.0 SE A/T-2004-2008,2007.0,2021-10-22 20:30:00,4427.5,Motor Vehicle - Theft,Theft,GARSFONTEIN,GARSFONTEIN,True,True,Gauteng
INC-14614,Hijack,CENTURION CENTRAL,Vehicle,ISUZU,D-MAX 250 HO HI-RIDE E/CAB P/U-2018-,2019.0,2021-10-21 10:10:00,346319.0,Motor Vehicle - Theft,Hijack,CENTURION CENTRAL,CENTURION CENTRAL,True,True,Gauteng
INC-14625,Burglary,CLAREMONT,Contents,,,,2021-10-20 07:00:00,12969.0,Home contents - Theft,Theft,CLAREMONT,CLAREMONT,True,True,Cape Town
INC-14635,Theft,RONDEBOSCH,Contents,,,,2021-10-19 09:00:00,28198.0,Home contents - Theft,Theft,RONDEBOSCH,RONDEBOSCH,True,True,Cape Town
INC-14646,Theft,CLAREMONT,Contents,,,,2021-10-18 18:37:00,36341.55,Home contents - Theft,Theft,CLAREMONT,CLAREMONT,True,True,Cape Town
INC-14662,Theft,TABLE VIEW,Contents,,,,2021-10-17 03:00:00,17673.0,Home contents - Theft,Theft,TABLE VIEW,TABLE VIEW,True,True,Cape Town
INC-14733,Theft,GARSFONTEIN,Contents,,,,2021-10-11 03:00:00,55625.4,Home contents - Theft,Theft,GARSFONTEIN,GARSFONTEIN,True,True,Gauteng
INC-14753,Theft,CAPE TOWN CITY CENTRE,Vehicle,AUDI,Q3 2.0T FSI QUATT STRONIC (125KW)-2012-2015,2013.0,2021-10-09 17:00:00,6279.0,Motor Vehicle - Theft,Theft,CAPE TOWN CITY CENTRE,CAPE TOWN CITY CENTRE,True,True,Cape Town
INC-14756,Theft,MENLO PARK,Vehicle,VOLKSWAGEN,POLO VIVO 1.4 5Dr-2010-2014,2014.0,2021-10-09 13:05:00,102835.0,Motor Vehicle - Theft,Theft,MENLO PARK,MENLO PARK,True,True,Gauteng
INC-14840,Theft,CAPE TOWN CITY CENTRE,Vehicle,SUZUKI,SWIFT 1.2 GL-2014-2018,2016.0,2021-10-02 08:34:00,2748.42,Motor Vehicle - Theft,Theft,CAPE TOWN CITY CENTRE,CAPE TOWN CITY CENTRE,True,True,Cape Town
INC-14851,Theft,BRYANSTON,Contents,,,,2021-10-01 17:12:00,171716.14,Home contents - Theft,Theft,BRYANSTON,BRYANSTON,True,True,Gauteng
INC-14852,Theft,CLAREMONT,Contents,,,,2021-10-01 14:20:00,6499.0,Home contents - Theft,Theft,CLAREMONT,CLAREMONT,True,True,Cape Town
INC-14862,Theft,NEWLANDS,Contents,,,,2021-09-30 13:29:00,4580.5,Home contents - Theft,Theft,NEWLANDS,NEWLANDS,True,True,Cape Town
INC-14892,Theft,WATERKLOOF RIDGE,Contents,,,,2021-09-28 02:16:00,18708.3,Home contents - Theft,Theft,WATERKLOOF RIDGE,WATERKLOOF RIDGE,True,True,Gauteng
INC-14923,Theft,GARSFONTEIN,Vehicle,TOYOTA,FORTUNER 2.5D-4D RB-2011-2017,2014.0,2021-09-24 10:15:00,212493.97,Motor Vehicle - Theft,Theft,GARSFONTEIN,GARSFONTEIN,True,True,Gauteng
INC-14928,Theft,FOURWAYS,Contents,,,,2021-09-24 00:00:00,86590.0,Home contents - Theft,Theft,FOURWAYS,FOURWAYS,True,False,Gauteng
INC-14950,Theft,FOURWAYS,Contents,,,,2021-09-22 08:00:00,99002.15,Home contents - Theft,Theft,FOURWAYS,FOURWAYS,True,True,Gauteng
INC-14976,Theft,FOURWAYS,Contents,,,,2021-09-19 17:00:00,8697.0,Home contents - Theft,Theft,FOURWAYS,FOURWAYS,True,True,Gauteng
INC-14977,Theft,FOURWAYS,Vehicle,KIA,PICANTO 1.0 LS-2015-2017,2016.0,2021-09-19 17:00:00,5869.5,Motor Vehicle - Theft,Theft,FOURWAYS,FOURWAYS,True,True,Gauteng
INC-15003,Theft,WATERKLOOF RIDGE,Contents,,,,2021-09-18 01:30:00,54622.0,Home contents - Theft,Theft,WATERKLOOF RIDGE,WATERKLOOF RIDGE,True,True,Gauteng
INC-15009,Theft,MENLO PARK,Vehicle,VOLKSWAGEN,POLO VIVO 1.4 BLUELINE 5Dr-2011-2014,2014.0,2021-09-17 09:30:00,56459.32,Motor Vehicle - Theft,Theft,MENLO PARK,MENLO PARK,True,True,Gauteng
INC-15060,Theft,RONDEBOSCH,Contents,,,,2021-09-13 00:00:00,34294.9,Home contents - Theft,Theft,RONDEBOSCH,RONDEBOSCH,True,False,Cape Town
INC-15063,Theft,SEA POINT,Vehicle,AUDI,Q5 2.0T FSI S QUATTRO-2012-2017,2012.0,2021-09-12 18:00:00,32792.15,Motor Vehicle - Theft,Theft,SEA POINT,SEA POINT,True,True,Cape Town
INC-15082,Theft,CAPE TOWN CITY CENTRE,Contents,,,,2021-09-10 15:30:00,2442.6,Home contents - Theft,Theft,CAPE TOWN CITY CENTRE,CAPE TOWN CITY CENTRE,True,True,Cape Town
INC-15083,Theft,GARSFONTEIN,Vehicle,TOYOTA,RAV4 2.0 VX A/T-2006-2009,2007.0,2021-09-10 11:50:00,16895.96,Motor Vehicle - Theft,Theft,GARSFONTEIN,GARSFONTEIN,True,True,Gauteng
INC-15090,Theft,FOURWAYS,Vehicle,TOYOTA,HILUX 2.8 GD-6 RAIDER 4X4 A/T P/U D/C-2016-2020,2018.0,2021-09-09 19:17:00,5988.3,Motor Vehicle - Theft,Theft,FOURWAYS,FOURWAYS,True,True,Gauteng
INC-15094,Theft,RONDEBOSCH,Contents,,,,2021-09-09 03:29:00,6748.85,Home contents - Theft,Theft,RONDEBOSCH,RONDEBOSCH,True,True,Cape Town
INC-15097,Theft,BRYANSTON,Contents,,,,2021-09-08 02:48:00,9950.0,Home contents - Theft,Theft,BRYANSTON,BRYANSTON,True,True,Gauteng
INC-15104,Theft,TABLE VIEW,Contents,,,,2021-09-07 17:00:00,11399.0,Home contents - Theft,Theft,TABLE VIEW,TABLE VIEW,True,True,Cape Town
INC-15121,Theft,TABLE VIEW,Vehicle,TOYOTA,COROLLA 1.6 GL FWD-1984-1988,1986.0,2021-09-05 18:00:00,30349.81,Motor Vehicle - Theft,Theft,TABLE VIEW,TABLE VIEW,True,True,Cape Town
INC-15140,Theft,RONDEBOSCH,Contents,,,,2021-09-02 20:30:00,36493.96,Home contents - Theft,Theft,RONDEBOSCH,RONDEBOSCH,True,True,Cape Town
INC-15148,Theft,SEA POINT,Vehicle,TOYOTA,COROLLA 1.3 ADVANCED-2010-2014,2011.0,2021-09-02 04:00:00,3904.25,Motor Vehicle - Theft,Theft,SEA POINT,SEA POINT,True,True,Cape Town
INC-15153,Theft,BEDFORDVIEW,Contents,,,,2021-09-01 21:00:00,8458.0,Home contents - Theft,Theft,BEDFORDVIEW,BEDFORDVIEW,True,True,Gauteng
INC-15170,Theft,BRYANSTON,Contents,,,,2021-09-01 00:00:00,42285.43,Home contents - Theft,Theft,BRYANSTON,BRYANSTON,True,False,Gauteng
INC-15214,Theft,SOMERSET WEST,Contents,,,,2021-08-27 01:40:00,79969.0,Home contents - Theft,Theft,SOMERSET WEST,SOMERSET WEST,True,True,Cape Town
INC-15222,Theft,CLAREMONT,Contents,,,,2021-08-26 10:45:00,56989.0,Home contents - Theft,Theft,CLAREMONT,CLAREMONT,True,True,Cape Town
INC-15237,Theft,NEWLANDS,Contents,,,,2021-08-25 02:15:00,45976.96,Home contents - Theft,Theft,NEWLANDS,NEWLANDS,True,True,Cape Town
INC-15259,Theft,CLAREMONT,Contents,,,,2021-08-21 20:30:00,4999.9,Home contents - Theft,Theft,CLAREMONT,CLAREMONT,True,True,Cape Town
INC-15273,Theft,WATERKLOOF RIDGE,Contents,,,,2021-08-20 04:28:00,22700.0,Home contents - Theft,Theft,WATERKLOOF RIDGE,WATERKLOOF RIDGE,True,True,Gauteng
INC-15279,Armed Robbery,CENTURION CENTRAL,Contents,,,,2021-08-19 15:56:00,22261.0,Home contents - Theft,Theft,CENTURION CENTRAL,CENTURION CENTRAL,True,True,Gauteng
INC-15295,Theft,CAPE TOWN CITY CENTRE,Contents,,,,2021-08-18 11:12:00,35658.94,Home contents - Theft,Theft,CAPE TOWN CITY CENTRE,CAPE TOWN CITY CENTRE,True,True,Cape Town
INC-15311,Theft,CAPE TOWN CITY CENTRE,Vehicle,TOYOTA,ETIOS CROSS 1.5 Xs 5Dr-2014-2022,2015.0,2021-08-16 06:26:00,3904.25,Motor Vehicle - Theft,Theft,CAPE TOWN CITY CENTRE,CAPE TOWN CITY CENTRE,True,True,Cape Town
INC-15354,Theft,RONDEBOSCH,Vehicle,LAND ROVER,DEFENDER 90 2.5 TD5-2003-2003,2003.0,2021-08-12 12:40:00,4489.37,Motor Vehicle - Theft,Theft,RONDEBOSCH,RONDEBOSCH,True,True,Cape Town
INC-15368,Theft,RONDEBOSCH,Contents,,,,2021-08-11 05:40:00,36000.0,Home contents - Theft,Theft,RONDEBOSCH,RONDEBOSCH,True,True,Cape Town
INC-15378,Theft,NEWLANDS,Vehicle,TOYOTA,FORTUNER 3.0D-4D R/B-2011-2017,2014.0,2021-08-10 12:45:00,2892.8,Motor Vehicle - Theft,Theft,NEWLANDS,NEWLANDS,True,True,Cape Town
INC-15425,Theft,NEWLANDS,Contents,,,,2021-08-05 09:41:00,10985.38,Home contents - Theft,Theft,NEWLANDS,NEWLANDS,True,True,Cape Town
INC-15429,Theft,RONDEBOSCH,Contents,,,,2021-08-05 00:00:00,74133.66,Home contents - Theft,Theft,RONDEBOSCH,RONDEBOSCH,True,False,Cape Town
INC-15455,Burglary,WATERKLOOF RIDGE,Contents,,,,2021-08-01 11:23:00,32584.0,Home contents - Theft,Theft,WATERKLOOF RIDGE,WATERKLOOF RIDGE,True,True,Gauteng
INC-15473,Theft,CAPE TOWN CITY CENTRE,Vehicle,FIAT,500X 1.4T CROSS-2015-2022,2015.0,2021-07-31 07:00:00,9786.25,Motor Vehicle - Theft,Theft,CAPE TOWN CITY CENTRE,CAPE TOWN CITY CENTRE,True,True,Cape Town
INC-15529,Theft,CENTURION CENTRAL,Vehicle,VOLKSWAGEN,AMAROK 2.0 BiTDi HIGHLINE 132KW 4MOT A/T D/C P/U-2013-2020,2015.0,2021-07-25 13:00:00,21892.76,Motor Vehicle - Theft,Theft,CENTURION CENTRAL,CENTURION CENTRAL,True,True,Gauteng
INC-15530,Theft,TABLE VIEW,Contents,,,,2021-07-25 07:06:00,79814.01,Home contents - Theft,Theft,TABLE VIEW,TABLE VIEW,True,True,Cape Town
INC-15535,Theft,CAPE TOWN CITY CENTRE,Vehicle,VOLKSWAGEN,CADDY4 CREWBUS 1.6i  (7 SEAT)-2017-2022,2018.0,2021-07-24 23:00:00,3938.75,Motor Vehicle - Theft,Theft,CAPE TOWN CITY CENTRE,CAPE TOWN CITY CENTRE,True,True,Cape Town
INC-15540,Theft,CLAREMONT,Vehicle,KIA,PICANTO 1.0 START-2017-,2018.0,2021-07-24 18:00:00,3154.25,Motor Vehicle - Theft,Theft,CLAREMONT,CLAREMONT,True,True,Cape Town
INC-15542,Theft,BRYANSTON,Vehicle,TOYOTA,HILUX 3.0D-4D RAIDER XTRA CAB P/U S/C-2011-2014,2013.0,2021-07-24 17:20:00,183748.09,Motor Vehicle - Theft,Theft,BRYANSTON,BRYANSTON,True,True,Gauteng
INC-15557,Theft,CLAREMONT,Contents,,,,2021-07-23 00:00:00,22149.18,Home contents - Theft,Theft,CLAREMONT,CLAREMONT,True,False,Cape Town
INC-15561,Theft,RONDEBOSCH,Vehicle,FORD,ECOSPORT 1.0 ECOBOOST TREND A/T-2018-,2018.0,2021-07-22 17:00:00,3904.25,Motor Vehicle - Theft,Theft,RONDEBOSCH,RONDEBOSCH,True,True,Cape Town
INC-15564,Theft,GARSFONTEIN,Contents,,,,2021-07-22 02:37:00,30447.82,Home contents - Theft,Theft,GARSFONTEIN,GARSFONTEIN,True,True,Gauteng
INC-15573,Theft,SEA POINT,Vehicle,LAND ROVER,FREELANDER II 2.2 SD4 SE A/T-2010-2012,2011.0,2021-07-21 07:30:00,7963.76,Motor Vehicle - Theft,Theft,SEA POINT,SEA POINT,True,True,Cape Town
INC-15576,Theft,BRYANSTON,Contents,,,,2021-07-21 03:00:00,36946.0,Home contents - Theft,Theft,BRYANSTON,BRYANSTON,True,True,Gauteng
INC-15582,Armed Robbery,SEA POINT,Vehicle,AUDI,A1 SPORTBACK 1.2T FSi ATTRACTION-2012-2015,2015.0,2021-07-20 11:35:00,20000.0,,Armed Robbery,SEA POINT,SEA POINT,True,True,Cape Town
INC-15583,Theft,SEA POINT,Contents,,,,2021-07-20 11:14:00,26999.0,Home contents - Theft,Theft,SEA POINT,SEA POINT,True,True,Cape Town
INC-15588,Theft,CLAREMONT,Contents,,,,2021-07-19 00:00:00,104396.21,Home contents - Theft,Theft,CLAREMONT,CLAREMONT,True,False,Cape Town
INC-15612,Theft,CAPE TOWN CITY CENTRE,Vehicle,LAND ROVER,DISCOVERY 4 3.0 TD/SD V6 SE-2009-2018,2011.0,2021-07-15 14:30:00,4453.35,Motor Vehicle - Theft,Theft,CAPE TOWN CITY CENTRE,CAPE TOWN CITY CENTRE,True,True,Cape Town
INC-15631,Theft,FOURWAYS,Contents,,,,2021-07-13 05:00:00,28048.0,Home contents - Theft,Theft,FOURWAYS,FOURWAYS,True,True,Gauteng
INC-15646,Theft,CLAREMONT,Vehicle,TOYOTA,FORTUNER 2.8GD-6 R/B A/T-2016-2020,2017.0,2021-07-11 05:00:00,3938.75,Motor Vehicle - Theft,Theft,CLAREMONT,CLAREMONT,True,True,Cape Town
INC-15684,Theft,SOMERSET WEST,Contents,,,,2021-07-07 13:11:00,12921.6,Home contents - Theft,Theft,SOMERSET WEST,SOMERSET WEST,True,True,Cape Town
INC-15692,Theft,CENTURION CENTRAL,Vehicle,TOYOTA,COROLLA 1.3 L FWD-1984-1988,1986.0,2021-07-06 15:20:00,45424.46,Motor Vehicle - Theft,Theft,CENTURION CENTRAL,CENTURION CENTRAL,True,True,Gauteng
INC-15700,Theft,MENLO PARK,Vehicle,TOYOTA,ETIOS 1.5 Xs/SPRINT 5Dr-2012-,2016.0,2021-07-05 14:00:00,124090.44,Motor Vehicle - Theft,Theft,MENLO PARK,MENLO PARK,True,True,Gauteng
