row_index,incident_id,split,high_value_target
0,INC-001,train,0
1,INC-002,train,1
2,INC-003,test,0
3,INC-004,train,0
4,INC-005,train,0
5,INC-006,test,0
6,INC-007,test,0
7,INC-008,train,0
8,INC-009,train,0
9,INC-010,train,0
10,INC-011,test,0
11,INC-012,train,0
12,INC-013,test,0
13,INC-014,train,0
14,INC-015,test,0
15,INC-016,train,0
16,INC-017,train,0
17,INC-018,test,0
18,INC-019,train,0
19,INC-020,train,1
20,INC-021,test,1
21,INC-022,train,0
22,INC-023,train,0
23,INC-024,train,0
24,INC-025,test,0
25,INC-026,train,0
26,INC-027,train,0
27,INC-028,train,0
28,INC-029,train,1
29,INC-030,train,0
30,INC-031,train,1
31,INC-032,train,0
32,INC-033,train,1
33,INC-034,train,0
34,INC-035,train,0
35,INC-036,train,0
36,INC-037,train,0
37,INC-038,train,0
38,INC-039,train,0
39,INC-040,train,0
40,INC-041,test,1
41,INC-042,train,0
42,INC-043,train,0
43,INC-044,train,0
44,INC-045,train,0
45,INC-046,test,0
46,INC-047,train,0
47,INC-048,train,0
48,INC-049,train,0
49,INC-050,train,0
50,INC-051,train,0
51,INC-052,train,0
52,INC-053,train,1
53,INC-054,train,0
54,INC-055,train,0
55,INC-056,train,0
56,INC-057,train,0
57,INC-058,train,1
58,INC-059,train,1
59,INC-060,test,1
60,INC-061,train,0
61,INC-062,train,0
62,INC-063,train,0
63,INC-064,train,0
64,INC-065,train,1
65,INC-066,train,0
66,INC-067,test,0
67,INC-068,test,1
68,INC-069,test,0
69,INC-070,train,0
70,INC-071,train,0
71,INC-072,train,0
72,INC-073,train,0
73,INC-074,train,1
74,INC-075,test,0
75,INC-076,train,0
76,INC-077,train,0
77,INC-078,train,0
78,INC-079,test,0
79,INC-080,train,0
80,INC-081,train,1
81,INC-082,train,1
82,INC-083,train,0
83,INC-084,train,1
84,INC-085,train,1
85,INC-086,train,1
86,INC-087,train,0
87,INC-088,train,1
88,INC-089,train,1
89,INC-090,train,0
90,INC-091,train,0
91,INC-092,train,0
92,INC-093,train,0
93,INC-094,train,1
94,INC-095,train,1
95,INC-096,test,0
96,INC-097,train,0
97,INC-098,test,0
98,INC-099,train,0
99,INC-100,train,0
100,INC-101,train,1
101,INC-102,test,0
102,INC-103,train,1
103,INC-104,test,0
104,INC-105,train,0
105,INC-106,test,1
106,INC-107,train,0
107,INC-108,test,1
108,INC-109,train,0
109,INC-110,train,1
110,INC-111,train,0
111,INC-112,train,0
112,INC-113,train,0
113,INC-114,train,1
114,INC-115,train,0
115,INC-116,train,1
116,INC-117,train,1
117,INC-118,train,0
118,INC-119,train,0
119,INC-120,train,0
120,INC-121,test,0
121,INC-122,train,0
122,INC-123,train,1
123,INC-124,train,0
124,INC-125,train,0
125,INC-126,train,0
126,INC-127,test,0
127,INC-128,train,0
128,INC-129,train,1
129,INC-130,train,0
130,INC-131,train,0
131,INC-132,test,0
132,INC-133,train,1
133,INC-134,train,0
134,INC-135,train,0
135,INC-136,train,1
136,INC-137,train,0
137,INC-138,train,0
138,INC-139,train,1
139,INC-140,train,1
140,INC-141,train,0
141,INC-142,train,0
142,INC-143,test,0
143,INC-144,train,0
144,INC-145,train,0
145,INC-146,train,1
146,INC-147,train,1
147,INC-148,test,1
148,INC-149,train,0
149,INC-150,train,0
150,INC-151,train,0
151,INC-152,train,0
152,INC-153,train,0
153,INC-154,train,0
154,INC-155,train,0
155,INC-156,train,0
156,INC-157,test,0
157,INC-158,train,1
158,INC-159,test,0
159,INC-160,train,0
160,INC-161,train,0
161,INC-162,train,0
162,INC-163,train,0
163,INC-164,train,1
164,INC-165,train,0
165,INC-166,train,0
166,INC-167,train,1
167,INC-168,test,1
168,INC-169,train,1
169,INC-170,train,1
170,INC-171,train,0
171,INC-172,test,0
172,INC-173,train,1
173,INC-174,train,1
174,INC-175,train,1
175,INC-176,test,0
176,INC-177,train,0
177,INC-178,train,0
178,INC-179,train,0
179,INC-180,test,0
180,INC-181,train,0
181,INC-182,train,1
182,INC-183,train,0
183,INC-184,test,0
184,INC-185,train,0
185,INC-186,train,0
186,INC-187,train,0
187,INC-188,test,0
188,INC-189,train,0
189,INC-190,train,1
190,INC-191,train,0
191,INC-192,test,1
192,INC-193,test,0
193,INC-194,train,0
194,INC-195,train,0
195,INC-196,train,0
196,INC-197,train,1
197,INC-198,train,1
198,INC-199,train,0
199,INC-200,test,0
200,INC-201,train,0
201,INC-202,test,0
202,INC-203,test,0
203,INC-204,train,0
204,INC-205,train,0
205,INC-206,train,0
206,INC-207,train,0
207,INC-208,test,0
208,INC-209,test,1
209,INC-210,test,0
210,INC-211,train,0
211,INC-212,train,0
212,INC-213,train,0
213,INC-214,test,0
214,INC-215,train,0
215,INC-216,train,1
216,INC-217,train,0
217,INC-218,test,0
218,INC-219,train,0
219,INC-220,test,0
220,INC-221,train,0
221,INC-222,train,0
222,INC-223,train,0
223,INC-224,train,0
224,INC-225,test,1
225,INC-226,train,0
226,INC-227,train,0
227,INC-228,train,0
228,INC-229,train,1
229,INC-230,train,1
230,INC-231,train,0
231,INC-232,train,0
232,INC-233,train,0
233,INC-234,train,0
234,INC-235,train,0
235,INC-236,train,0
236,INC-237,train,0
237,INC-238,train,0
238,INC-239,train,0
239,INC-240,train,0
240,INC-241,test,1
241,INC-242,train,0
242,INC-243,train,1
243,INC-244,train,0
244,INC-245,train,0
245,INC-246,train,0
246,INC-247,train,0
247,INC-248,train,1
248,INC-249,train,0
249,INC-250,train,0
250,INC-251,train,0
251,INC-252,test,0
252,INC-253,train,1
253,INC-254,train,1
254,INC-255,test,0
255,INC-256,train,0
256,INC-257,train,0
257,INC-258,train,0
258,INC-259,train,0
259,INC-260,train,0
260,INC-261,train,0
261,INC-262,test,0
262,INC-263,train,1
263,INC-264,train,0
264,INC-265,train,1
265,INC-266,train,1
266,INC-267,train,0
267,INC-268,train,0
268,INC-269,train,0
269,INC-270,train,1
270,INC-271,test,0
271,INC-272,train,0
272,INC-273,train,0
273,INC-274,train,1
274,INC-275,train,0
275,INC-276,test,0
276,INC-277,test,0
277,INC-278,train,0
278,INC-279,train,0
279,INC-280,train,0
280,INC-281,train,0
281,INC-282,train,0
282,INC-283,train,1
283,INC-284,test,0
284,INC-285,train,0
285,INC-286,train,1
286,INC-287,train,0
287,INC-288,train,0
288,INC-289,train,0
289,INC-290,train,0
290,INC-291,train,1
291,INC-292,train,0
292,INC-293,train,1
293,INC-294,train,0
294,INC-295,train,0
295,INC-296,train,0
296,INC-297,train,0
297,INC-298,test,0
298,INC-299,test,0
299,INC-300,train,0
300,INC-301,train,0
301,INC-302,train,1
302,INC-303,train,0
303,INC-304,train,0
304,INC-305,train,0
305,INC-306,train,1
306,INC-307,train,0
307,INC-308,test,0
308,INC-309,train,0
309,INC-310,train,0
310,INC-311,test,0
311,INC-312,test,0
312,INC-313,train,0
313,INC-314,train,1
314,INC-315,train,0
315,INC-316,train,0
316,INC-317,train,0
317,INC-318,train,0
318,INC-319,train,1
319,INC-320,train,0
320,INC-321,test,1
321,INC-322,train,0
322,INC-323,train,0
323,INC-324,train,0
324,INC-325,train,0
325,INC-326,train,0
326,INC-327,train,0
327,INC-328,test,0
328,INC-329,train,0
329,INC-330,train,0
330,INC-331,train,0
331,INC-332,train,0
332,INC-333,train,1
333,INC-334,train,1
334,INC-335,train,0
335,INC-336,test,0
336,INC-337,train,1
337,INC-338,train,0
338,INC-339,train,0
339,INC-340,train,0
340,INC-341,train,0
341,INC-342,train,1
342,INC-343,train,1
343,INC-344,train,1
344,INC-345,test,0
345,INC-346,train,0
346,INC-347,test,0
347,INC-348,train,0
348,INC-349,train,1
349,INC-350,train,1
350,INC-351,train,0
351,INC-352,train,0
352,INC-353,train,0
353,INC-354,train,0
354,INC-355,train,0
355,INC-356,test,0
356,INC-357,train,0
357,INC-358,test,0
358,INC-359,train,0
359,INC-360,train,0
360,INC-361,train,0
361,INC-362,train,0
362,INC-363,train,1
363,INC-364,train,0
364,INC-365,train,1
365,INC-366,train,1
366,INC-367,test,0
367,INC-368,train,0
368,INC-369,test,1
369,INC-370,train,1
370,INC-371,train,0
371,INC-372,train,0
372,INC-373,train,1
373,INC-374,test,0
374,INC-375,train,0
375,INC-376,train,0
376,INC-377,train,1
377,INC-378,train,0
378,INC-379,test,0
379,INC-380,train,0
380,INC-381,train,0
381,INC-382,train,0
382,INC-383,train,0
383,INC-384,train,0
384,INC-385,train,0
385,INC-386,train,0
386,INC-387,train,0
387,INC-388,train,1
388,INC-389,train,1
389,INC-390,test,0
390,INC-391,train,0
391,INC-392,train,0
392,INC-393,train,0
393,INC-394,test,1
394,INC-395,train,0
395,INC-396,train,1
396,INC-397,train,0
397,INC-398,train,0
398,INC-399,test,0
399,INC-400,test,0
400,INC-401,test,1
401,INC-402,train,0
402,INC-403,train,1
403,INC-404,train,0
404,INC-405,train,0
405,INC-406,test,0
406,INC-407,train,0
407,INC-408,train,1
408,INC-409,train,0
409,INC-410,train,0
410,INC-411,train,0
411,INC-412,train,0
412,INC-413,train,0
413,INC-414,train,0
414,INC-415,train,0
415,INC-416,test,1
416,INC-417,train,0
417,INC-418,train,0
418,INC-419,train,1
419,INC-420,test,0
420,INC-421,train,0
421,INC-422,train,1
422,INC-423,train,0
423,INC-424,test,1
424,INC-425,train,0
425,INC-426,train,0
426,INC-427,train,0
427,INC-428,train,0
428,INC-429,train,0
429,INC-430,test,1
430,INC-431,train,0
431,INC-432,train,0
432,INC-433,train,0
433,INC-434,train,0
434,INC-435,test,0
435,INC-436,train,0
436,INC-437,train,0
437,INC-438,train,0
438,INC-439,train,0
439,INC-440,train,0
440,INC-441,train,0
441,INC-442,train,0
442,INC-443,train,0
443,INC-444,test,0
444,INC-445,train,0
445,INC-446,test,0
446,INC-447,test,0
447,INC-448,train,1
448,INC-449,train,0
449,INC-450,train,1
450,INC-451,train,0
451,INC-452,train,0
452,INC-453,test,0
453,INC-454,test,1
454,INC-455,train,0
455,INC-456,train,1
456,INC-457,test,1
457,INC-458,test,1
458,INC-459,train,0
459,INC-460,test,1
460,INC-461,train,1
461,INC-462,train,0
462,INC-463,train,0
463,INC-464,train,1
464,INC-465,train,0
465,INC-466,train,0
466,INC-467,test,0
467,INC-468,train,1
468,INC-469,train,0
469,INC-470,train,1
470,INC-471,train,0
471,INC-472,train,0
472,INC-473,train,0
473,INC-474,test,1
474,INC-475,train,0
475,INC-476,train,0
476,INC-477,train,0
477,INC-478,train,0
478,INC-479,train,0
479,INC-480,test,0
480,INC-481,train,1
481,INC-482,train,1
482,INC-483,train,0
483,INC-484,test,0
484,INC-485,test,0
485,INC-486,train,0
486,INC-487,train,1
487,INC-488,train,0
488,INC-489,train,0
489,INC-490,train,0
490,INC-491,train,0
491,INC-492,train,0
492,INC-493,train,0
493,INC-494,train,0
494,INC-495,test,0
495,INC-496,train,1
496,INC-497,train,0
497,INC-498,train,1
498,INC-499,train,0
499,INC-500,train,0
500,INC-501,train,0
501,INC-502,train,1
502,INC-503,train,0
503,INC-504,train,0
504,INC-505,train,0
505,INC-506,train,0
506,INC-507,train,1
507,INC-508,test,1
508,INC-509,train,0
509,INC-510,test,0
510,INC-511,train,0
511,INC-512,train,1
512,INC-513,train,0
513,INC-514,train,0
514,INC-515,train,0
515,INC-516,train,0
516,INC-517,train,1
517,INC-518,train,1
518,INC-519,train,1
519,INC-520,test,0
520,INC-521,test,0
521,INC-522,test,0
522,INC-523,train,1
523,INC-524,train,0
524,INC-525,train,1
525,INC-526,test,1
526,INC-527,train,0
527,INC-528,test,0
528,INC-529,train,0
529,INC-530,train,0
530,INC-531,train,0
531,INC-532,train,0
532,INC-533,train,0
533,INC-534,train,0
534,INC-535,train,0
535,INC-536,train,0
536,INC-537,test,0
537,INC-538,train,0
538,INC-539,test,0
539,INC-540,train,0
540,INC-541,train,0
541,INC-542,train,0
542,INC-543,train,1
543,INC-544,train,1
544,INC-545,train,0
545,INC-546,train,0
546,INC-547,test,0
547,INC-548,train,0
548,INC-549,train,0
549,INC-550,train,0
550,INC-551,train,1
551,INC-552,train,1
552,INC-553,train,1
553,INC-554,train,0
554,INC-555,test,0
555,INC-556,train,1
556,INC-557,train,0
557,INC-558,train,1
558,INC-559,test,0
559,INC-560,train,0
560,INC-561,train,0
561,INC-562,train,0
562,INC-563,train,0
563,INC-564,train,1
564,INC-565,train,0
565,INC-566,train,0
566,INC-567,train,0
567,INC-568,train,0
568,INC-569,train,0
569,INC-570,train,0
570,INC-571,train,0
571,INC-572,train,0
572,INC-573,train,0
573,INC-574,train,0
574,INC-575,train,1
575,INC-576,train,0
576,INC-577,train,0
577,INC-578,train,0
578,INC-579,train,1
579,INC-580,train,0
580,INC-581,train,1
581,INC-582,train,0
582,INC-583,train,1
583,INC-584,train,1
584,INC-585,train,0
585,INC-586,train,0
586,INC-587,train,0
587,INC-588,train,0
588,INC-589,train,1
589,INC-590,train,0
590,INC-591,train,0
591,INC-592,train,0
592,INC-593,train,0
593,INC-594,train,0
594,INC-595,train,1
595,INC-596,train,0
596,INC-597,train,1
597,INC-598,train,0
598,INC-599,train,1
599,INC-600,train,0
600,INC-601,train,0
601,INC-602,train,0
602,INC-603,train,0
603,INC-604,test,0
604,INC-605,train,1
605,INC-606,train,0
606,INC-607,train,0
607,INC-608,train,0
608,INC-609,test,0
609,INC-610,train,0
610,INC-611,train,1
611,INC-612,train,0
612,INC-613,train,0
613,INC-614,train,0
614,INC-615,train,0
615,INC-616,train,1
616,INC-617,train,0
617,INC-618,train,0
618,INC-619,test,0
619,INC-620,train,0
620,INC-621,train,0
621,INC-622,train,0
622,INC-623,train,1
623,INC-624,train,1
624,INC-625,train,0
625,INC-626,train,0
626,INC-627,train,0
627,INC-628,train,0
628,INC-629,train,0
629,INC-630,train,0
630,INC-631,train,0
631,INC-632,train,0
632,INC-633,train,0
633,INC-634,train,0
634,INC-635,train,0
635,INC-636,test,0
636,INC-637,train,1
637,INC-638,test,0
638,INC-639,train,1
639,INC-640,train,0
640,INC-641,train,0
641,INC-642,train,0
642,INC-643,train,0
643,INC-644,train,0
644,INC-645,test,0
645,INC-646,test,1
646,INC-647,train,0
647,INC-648,train,1
648,INC-649,train,1
649,INC-650,train,0
650,INC-651,train,0
651,INC-652,train,0
652,INC-653,train,0
653,INC-654,train,1
654,INC-655,train,1
655,INC-656,train,0
656,INC-657,train,0
657,INC-658,train,0
658,INC-659,train,0
659,INC-660,train,0
660,INC-661,train,1
661,INC-662,train,0
662,INC-663,train,0
663,INC-664,train,0
664,INC-665,test,0
665,INC-666,train,1
666,INC-667,train,0
667,INC-668,test,0
668,INC-669,train,0
669,INC-670,train,0
670,INC-671,train,0
671,INC-672,train,0
672,INC-673,train,0
673,INC-674,train,1
674,INC-675,train,0
675,INC-676,train,0
676,INC-677,test,0
677,INC-678,train,0
678,INC-679,test,0
679,INC-680,train,0
680,INC-681,train,1
681,INC-682,train,0
682,INC-683,train,0
683,INC-684,train,1
684,INC-685,train,0
685,INC-686,train,0
686,INC-687,train,0
687,INC-688,train,0
688,INC-689,train,1
689,INC-690,train,0
690,INC-691,train,1
691,INC-692,train,1
692,INC-693,test,0
693,INC-694,train,0
694,INC-695,train,1
695,INC-696,train,1
696,INC-697,test,1
697,INC-698,test,0
698,INC-699,test,0
699,INC-700,train,0
700,INC-701,train,0
701,INC-702,test,0
702,INC-703,train,0
703,INC-704,train,0
704,INC-705,train,1
705,INC-706,train,1
706,INC-707,train,0
707,INC-708,test,1
708,INC-709,train,0
709,INC-710,train,0
710,INC-711,train,0
711,INC-712,train,1
712,INC-713,test,0
713,INC-714,test,0
714,INC-715,train,0
715,INC-716,test,0
716,INC-717,train,0
717,INC-718,train,0
718,INC-719,train,0
719,INC-720,train,0
720,INC-721,train,0
721,INC-722,test,0
722,INC-723,train,0
723,INC-724,train,1
724,INC-725,train,0
725,INC-726,train,0
726,INC-727,train,0
727,INC-728,train,0
728,INC-729,train,0
729,INC-730,test,0
730,INC-731,train,1
731,INC-732,train,1
732,INC-733,train,0
733,INC-734,train,0
734,INC-735,train,0
735,INC-736,test,1
736,INC-737,test,0
737,INC-738,train,0
738,INC-739,train,0
739,INC-740,test,0
740,INC-741,test,0
741,INC-742,train,0
742,INC-743,train,0
743,INC-744,train,0
744,INC-745,train,0
745,INC-746,train,0
746,INC-747,train,0
747,INC-748,train,0
748,INC-749,train,0
749,INC-750,test,0
750,INC-751,train,0
751,INC-752,train,1
752,INC-753,test,0
753,INC-754,train,0
754,INC-755,train,0
755,INC-756,test,0
756,INC-757,train,1
757,INC-758,train,1
758,INC-759,test,0
759,INC-760,train,0
760,INC-761,train,1
761,INC-762,train,1
762,INC-763,test,1
763,INC-764,train,0
764,INC-765,train,0
765,INC-766,train,0
766,INC-767,test,0
767,INC-768,test,1
768,INC-769,train,0
769,INC-770,train,0
770,INC-771,test,0
771,INC-772,train,1
772,INC-773,train,0
773,INC-774,train,0
774,INC-775,train,0
775,INC-776,train,1
776,INC-777,train,0
777,INC-778,train,0
778,INC-779,train,0
779,INC-780,train,0
780,INC-781,train,0
781,INC-782,train,0
782,INC-783,test,0
783,INC-784,train,0
784,INC-785,train,0
785,INC-786,train,0
786,INC-787,train,0
787,INC-788,train,1
788,INC-789,train,0
789,INC-790,train,0
790,INC-791,test,0
791,INC-792,train,0
792,INC-793,train,1
793,INC-794,train,0
794,INC-795,train,0
795,INC-796,train,0
796,INC-797,train,0
797,INC-798,test,0
798,INC-799,train,0
799,INC-800,train,0
800,INC-801,train,0
801,INC-802,train,0
802,INC-803,train,0
803,INC-804,train,1
804,INC-805,train,0
805,INC-806,train,0
806,INC-807,train,1
807,INC-808,test,0
808,INC-809,train,0
809,INC-810,train,0
810,INC-811,train,0
811,INC-812,train,0
812,INC-813,train,1
813,INC-814,test,0
814,INC-815,train,0
815,INC-816,train,1
816,INC-817,train,1
817,INC-818,train,1
818,INC-819,train,0
819,INC-820,train,0
820,INC-821,train,0
821,INC-822,train,1
822,INC-823,train,0
823,INC-824,train,0
824,INC-825,train,1
825,INC-826,test,1
826,INC-827,train,0
827,INC-828,train,1
828,INC-829,train,0
829,INC-830,train,1
830,INC-831,train,0
831,INC-832,test,0
832,INC-833,test,0
833,INC-834,train,0
834,INC-835,test,0
835,INC-836,train,0
836,INC-837,test,0
837,INC-838,test,0
838,INC-839,train,0
839,INC-840,train,0
840,INC-841,test,0
841,INC-842,train,1
842,INC-843,train,0
843,INC-844,train,0
844,INC-845,train,1
845,INC-846,train,1
846,INC-847,train,1
847,INC-848,train,0
848,INC-849,train,1
849,INC-850,train,0
850,INC-851,train,1
851,INC-852,train,0
852,INC-853,train,0
853,INC-854,test,0
854,INC-855,train,1
855,INC-856,train,0
856,INC-857,train,0
857,INC-858,test,1
858,INC-859,train,0
859,INC-860,train,0
860,INC-861,train,0
861,INC-862,train,0
862,INC-863,train,0
863,INC-864,train,0
864,INC-865,train,1
865,INC-866,train,1
866,INC-867,train,0
867,INC-868,train,0
868,INC-869,train,0
869,INC-870,train,1
870,INC-871,train,0
871,INC-872,train,0
872,INC-873,train,1
873,INC-874,test,0
874,INC-875,train,0
875,INC-876,test,0
876,INC-877,train,1
877,INC-878,train,1
878,INC-879,train,0
879,INC-880,test,0
880,INC-881,train,0
881,INC-882,train,0
882,INC-883,test,1
883,INC-884,test,0
884,INC-885,train,1
885,INC-886,test,0
886,INC-887,train,1
887,INC-888,train,0
888,INC-889,train,0
889,INC-890,train,0
890,INC-891,test,0
891,INC-892,train,0
892,INC-893,test,1
893,INC-894,train,1
894,INC-895,train,0
895,INC-896,train,0
896,INC-897,train,0
897,INC-898,train,0
898,INC-899,train,0
899,INC-900,test,1
900,INC-901,train,0
901,INC-902,train,0
902,INC-903,train,1
903,INC-904,test,1
904,INC-905,train,0
905,INC-906,train,1
906,INC-907,train,0
907,INC-908,train,0
908,INC-909,train,0
909,INC-910,train,1
910,INC-911,train,0
911,INC-912,train,0
912,INC-913,test,0
913,INC-914,train,1
914,INC-915,train,0
915,INC-916,test,0
916,INC-917,test,0
917,INC-918,train,0
918,INC-919,train,0
919,INC-920,train,0
920,INC-921,train,0
921,INC-922,train,0
922,INC-923,train,0
923,INC-924,train,0
924,INC-925,train,0
925,INC-926,test,0
926,INC-927,train,1
927,INC-928,test,0
928,INC-929,train,0
929,INC-930,train,0
930,INC-931,train,1
931,INC-932,train,0
932,INC-933,test,0
933,INC-934,train,0
934,INC-935,train,0
935,INC-936,train,0
936,INC-937,train,1
937,INC-938,test,0
938,INC-939,train,1
939,INC-940,train,0
940,INC-941,test,1
941,INC-942,train,0
942,INC-943,train,0
943,INC-944,train,1
944,INC-945,test,1
945,INC-946,train,1
946,INC-947,train,1
947,INC-948,train,0
948,INC-949,train,0
949,INC-950,train,1
950,INC-951,train,1
951,INC-952,train,0
952,INC-953,train,0
953,INC-954,train,0
954,INC-955,test,0
955,INC-956,train,1
956,INC-957,test,0
957,INC-958,train,0
958,INC-959,train,0
959,INC-960,train,0
960,INC-961,train,0
961,INC-962,test,1
962,INC-963,train,0
963,INC-964,train,0
964,INC-965,train,0
965,INC-966,train,0
966,INC-967,test,0
967,INC-968,train,1
968,INC-969,train,0
969,INC-970,train,1
970,INC-971,test,0
971,INC-972,train,1
972,INC-973,train,0
973,INC-974,train,1
974,INC-975,train,0
975,INC-976,train,0
976,INC-977,train,0
977,INC-978,test,1
978,INC-979,test,1
979,INC-980,train,0
980,INC-981,train,1
981,INC-982,train,0
982,INC-983,train,1
983,INC-984,train,0
984,INC-985,train,1
985,INC-986,train,0
986,INC-987,train,0
987,INC-988,train,1
988,INC-989,train,0
989,INC-990,train,1
990,INC-991,train,0
991,INC-992,train,0
992,INC-993,train,0
993,INC-994,train,0
994,INC-995,train,0
995,INC-996,train,0
996,INC-997,train,1
997,INC-998,train,0
998,INC-999,train,0
999,INC-1000,test,1
1000,INC-1001,train,0
1001,INC-1002,train,0
1002,INC-1003,train,0
1003,INC-1004,train,0
1004,INC-1005,train,0
1005,INC-1006,train,0
1006,INC-1007,train,0
1007,INC-1008,train,0
1008,INC-1009,train,0
1009,INC-1010,train,0
1010,INC-1011,train,0
1011,INC-1012,train,0
1012,INC-1013,test,1
1013,INC-1014,train,0
1014,INC-1015,test,0
1015,INC-1016,train,0
1016,INC-1017,train,0
1017,INC-1018,train,1
1018,INC-1019,train,1
1019,INC-1020,train,1
1020,INC-1021,train,1
1021,INC-1022,train,1
1022,INC-1023,train,1
1023,INC-1024,test,1
1024,INC-1025,train,1
1025,INC-1026,train,0
1026,INC-1027,train,1
1027,INC-1028,train,0
1028,INC-1029,test,1
1029,INC-1030,test,1
1030,INC-1031,train,1
1031,INC-1032,train,0
1032,INC-1033,train,0
1033,INC-1034,train,1
1034,INC-1035,test,0
1035,INC-1036,test,0
1036,INC-1037,train,1
1037,INC-1038,test,1
1038,INC-1039,test,0
1039,INC-1040,test,0
1040,INC-1041,train,1
1041,INC-1042,train,0
1042,INC-1043,train,0
1043,INC-1044,test,1
1044,INC-1045,train,0
1045,INC-1046,train,0
1046,INC-1047,test,0
1047,INC-1048,train,0
1048,INC-1049,train,1
1049,INC-1050,train,0
1050,INC-1051,test,0
1051,INC-1052,train,0
1052,INC-1053,train,1
1053,INC-1054,train,1
1054,INC-1055,train,0
1055,INC-1056,train,0
1056,INC-1057,train,0
1057,INC-1058,train,0
1058,INC-1059,test,0
1059,INC-1060,train,0
1060,INC-1061,train,1
1061,INC-1062,train,0
1062,INC-1063,train,1
1063,INC-1064,train,1
1064,INC-1065,train,0
1065,INC-1066,train,0
1066,INC-1067,train,0
1067,INC-1068,train,0
1068,INC-1069,train,1
1069,INC-1070,test,0
1070,INC-1071,train,1
1071,INC-1072,train,0
1072,INC-1073,train,1
1073,INC-1074,train,1
1074,INC-1075,test,0
1075,INC-1076,train,0
1076,INC-1077,train,0
1077,INC-1078,train,0
1078,INC-1079,train,0
1079,INC-1080,train,0
1080,INC-1081,train,0
1081,INC-1082,train,0
1082,INC-1083,train,0
1083,INC-1084,train,0
1084,INC-1085,train,0
1085,INC-1086,test,1
1086,INC-1087,test,0
1087,INC-1088,train,0
1088,INC-1089,test,0
1089,INC-1090,train,0
1090,INC-1091,train,0
1091,INC-1092,train,0
1092,INC-1093,train,1
1093,INC-1094,train,0
1094,INC-1095,train,1
1095,INC-1096,train,0
1096,INC-1097,train,0
1097,INC-1098,train,0
1098,INC-1099,train,1
1099,INC-1100,test,0
1100,INC-1101,train,0
1101,INC-1102,train,0
1102,INC-1103,train,0
1103,INC-1104,train,0
1104,INC-1105,train,0
1105,INC-1106,train,0
1106,INC-1107,train,0
1107,INC-1108,train,1
1108,INC-1109,test,0
1109,INC-1110,test,0
1110,INC-1111,test,0
1111,INC-1112,test,0
1112,INC-1113,train,0
1113,INC-1114,test,0
1114,INC-1115,train,0
1115,INC-1116,train,0
1116,INC-1117,test,0
1117,INC-1118,train,0
1118,INC-1119,test,0
1119,INC-1120,train,0
1120,INC-1121,train,0
1121,INC-1122,train,1
1122,INC-1123,train,1
1123,INC-1124,test,1
1124,INC-1125,train,0
1125,INC-1126,train,0
1126,INC-1127,train,0
1127,INC-1128,train,0
1128,INC-1129,train,1
1129,INC-1130,train,1
1130,INC-1131,train,0
1131,INC-1132,train,0
1132,INC-1133,train,0
1133,INC-1134,train,0
1134,INC-1135,train,1
1135,INC-1136,test,1
1136,INC-1137,train,0
1137,INC-1138,train,0
1138,INC-1139,test,0
1139,INC-1140,train,1
1140,INC-1141,train,1
1141,INC-1142,test,0
1142,INC-1143,train,0
1143,INC-1144,train,0
1144,INC-1145,train,0
1145,INC-1146,train,0
1146,INC-1147,train,1
1147,INC-1148,test,0
1148,INC-1149,train,0
1149,INC-1150,test,0
1150,INC-1151,test,0
1151,INC-1152,train,0
1152,INC-1153,train,0
1153,INC-1154,train,0
1154,INC-1155,train,0
1155,INC-1156,train,0
1156,INC-1157,test,0
1157,INC-1158,train,0
1158,INC-1159,train,0
1159,INC-1160,train,1
1160,INC-1161,test,0
1161,INC-1162,train,0
1162,INC-1163,train,0
1163,INC-1164,train,1
1164,INC-1165,train,1
1165,INC-1166,train,0
1166,INC-1167,train,0
1167,INC-1168,train,0
1168,INC-1169,train,0
1169,INC-1170,train,0
1170,INC-1171,train,0
1171,INC-1172,train,1
1172,INC-1173,train,0
1173,INC-1174,train,0
1174,INC-1175,train,0
1175,INC-1176,train,0
1176,INC-1177,test,0
1177,INC-1178,train,0
1178,INC-1179,test,0
1179,INC-1180,train,0
1180,INC-1181,train,1
1181,INC-1182,train,0
1182,INC-1183,train,0
1183,INC-1184,train,1
1184,INC-1185,train,0
1185,INC-1186,train,0
1186,INC-1187,train,0
1187,INC-1188,train,0
1188,INC-1189,train,0
1189,INC-1190,train,0
1190,INC-1191,train,0
1191,INC-1192,train,0
1192,INC-1193,train,0
1193,INC-1194,test,0
1194,INC-1195,test,0
1195,INC-1196,train,0
1196,INC-1197,test,0
1197,INC-1198,train,0
1198,INC-1199,train,0
1199,INC-1200,train,0
1200,INC-1201,train,0
1201,INC-1202,test,0
1202,INC-1203,train,1
1203,INC-1204,train,0
1204,INC-1205,train,1
1205,INC-1206,train,0
1206,INC-1207,train,1
1207,INC-1208,train,0
1208,INC-1209,train,0
1209,INC-1210,train,1
1210,INC-1211,train,0
1211,INC-1212,train,0
1212,INC-1213,train,0
1213,INC-1214,train,0
1214,INC-1215,train,1
1215,INC-1216,train,0
1216,INC-1217,train,1
1217,INC-1218,train,0
1218,INC-1219,train,0
1219,INC-1220,train,1
1220,INC-1221,train,0
1221,INC-1222,train,0
1222,INC-1223,train,0
1223,INC-1224,train,1
1224,INC-1225,train,0
1225,INC-1226,train,0
1226,INC-1227,train,0
1227,INC-1228,test,0
1228,INC-1229,test,0
1229,INC-1230,train,0
1230,INC-1231,test,0
1231,INC-1232,train,0
1232,INC-1233,test,0
1233,INC-1234,train,1
1234,INC-1235,train,1
1235,INC-1236,train,0
1236,INC-1237,test,0
1237,INC-1238,train,0
1238,INC-1239,train,0
1239,INC-1240,train,1
1240,INC-1241,train,0
1241,INC-1242,test,0
1242,INC-1243,train,0
1243,INC-1244,train,0
1244,INC-1245,train,0
1245,INC-1246,train,0
1246,INC-1247,test,0
1247,INC-1248,train,0
1248,INC-1249,train,0
1249,INC-1250,test,0
1250,INC-1251,train,1
1251,INC-1252,train,0
1252,INC-1253,train,1
1253,INC-1254,train,1
1254,INC-1255,train,1
1255,INC-1256,train,1
1256,INC-1257,train,1
1257,INC-1258,train,0
1258,INC-1259,test,1
1259,INC-1260,train,0
1260,INC-1261,train,0
1261,INC-1262,train,0
1262,INC-1263,train,0
1263,INC-1264,train,1
1264,INC-1265,test,1
1265,INC-1266,test,0
1266,INC-1267,train,0
1267,INC-1268,train,1
1268,INC-1269,train,0
1269,INC-1270,train,0
1270,INC-1271,train,1
1271,INC-1272,train,0
1272,INC-1273,test,1
1273,INC-1274,train,0
1274,INC-1275,train,0
1275,INC-1276,test,0
1276,INC-1277,test,0
1277,INC-1278,train,0
1278,INC-1279,train,1
1279,INC-1280,test,0
1280,INC-1281,test,0
1281,INC-1282,test,0
1282,INC-1283,test,0
1283,INC-1284,train,0
1284,INC-1285,train,0
1285,INC-1286,test,0
1286,INC-1287,train,0
1287,INC-1288,train,0
1288,INC-1289,train,0
1289,INC-1290,train,1
1290,INC-1291,test,0
1291,INC-1292,train,0
1292,INC-1293,train,0
1293,INC-1294,train,1
1294,INC-1295,train,1
1295,INC-1296,test,0
1296,INC-1297,test,1
1297,INC-1298,train,0
1298,INC-1299,test,0
1299,INC-1300,train,0
1300,INC-1301,train,0
1301,INC-1302,test,1
1302,INC-1303,train,1
1303,INC-1304,train,0
1304,INC-1305,train,0
1305,INC-1306,test,1
1306,INC-1307,train,0
1307,INC-1308,test,0
1308,INC-1309,train,0
1309,INC-1310,train,0
1310,INC-1311,test,1
1311,INC-1312,train,0
1312,INC-1313,train,0
1313,INC-1314,train,1
1314,INC-1315,train,1
1315,INC-1316,train,0
1316,INC-1317,test,0
1317,INC-1318,train,1
1318,INC-1319,train,0
1319,INC-1320,train,1
1320,INC-1321,train,1
1321,INC-1322,train,1
1322,INC-1323,train,0
1323,INC-1324,train,0
1324,INC-1325,test,0
1325,INC-1326,train,0
1326,INC-1327,test,0
1327,INC-1328,test,0
1328,INC-1329,test,0
1329,INC-1330,train,0
1330,INC-1331,train,0
1331,INC-1332,train,0
1332,INC-1333,train,0
1333,INC-1334,train,0
1334,INC-1335,train,0
1335,INC-1336,train,1
1336,INC-1337,test,0
1337,INC-1338,train,0
1338,INC-1339,train,1
1339,INC-1340,test,1
1340,INC-1341,train,0
1341,INC-1342,train,0
1342,INC-1343,train,0
1343,INC-1344,test,0
1344,INC-1345,train,0
1345,INC-1346,train,1
1346,INC-1347,train,1
1347,INC-1348,train,1
1348,INC-1349,train,0
1349,INC-1350,train,0
1350,INC-1351,train,0
1351,INC-1352,train,1
1352,INC-1353,test,1
1353,INC-1354,train,0
1354,INC-1355,train,0
1355,INC-1356,test,0
1356,INC-1357,train,0
1357,INC-1358,train,0
1358,INC-1359,train,1
1359,INC-1360,train,0
1360,INC-1361,train,0
1361,INC-1362,train,1
1362,INC-1363,train,1
1363,INC-1364,test,0
1364,INC-1365,train,0
1365,INC-1366,train,0
1366,INC-1367,test,0
1367,INC-1368,test,0
1368,INC-1369,train,1
1369,INC-1370,train,0
1370,INC-1371,train,0
1371,INC-1372,train,0
1372,INC-1373,train,0
1373,INC-1374,test,0
1374,INC-1375,train,0
1375,INC-1376,train,0
1376,INC-1377,test,1
1377,INC-1378,train,0
1378,INC-1379,train,0
1379,INC-1380,train,1
1380,INC-1381,train,1
1381,INC-1382,train,0
1382,INC-1383,train,0
1383,INC-1384,test,0
1384,INC-1385,train,0
1385,INC-1386,train,0
1386,INC-1387,train,1
1387,INC-1388,train,0
1388,INC-1389,train,0
1389,INC-1390,train,0
1390,INC-1391,train,0
1391,INC-1392,train,0
1392,INC-1393,train,0
1393,INC-1394,train,0
1394,INC-1395,train,1
1395,INC-1396,train,0
1396,INC-1397,train,0
1397,INC-1398,test,0
1398,INC-1399,train,0
1399,INC-1400,train,1
1400,INC-1401,train,0
1401,INC-1402,train,0
1402,INC-1403,train,0
1403,INC-1404,test,0
1404,INC-1405,train,0
1405,INC-1406,train,0
1406,INC-1407,test,0
1407,INC-1408,train,0
1408,INC-1409,train,1
1409,INC-1410,test,0
1410,INC-1411,train,1
1411,INC-1412,train,0
1412,INC-1413,train,0
1413,INC-1414,train,0
1414,INC-1415,train,0
1415,INC-1416,train,1
1416,INC-1417,test,1
1417,INC-1418,train,0
1418,INC-1419,train,0
1419,INC-1420,train,0
1420,INC-1421,test,0
1421,INC-1422,test,0
1422,INC-1423,test,0
1423,INC-1424,train,0
1424,INC-1425,test,0
1425,INC-1426,test,0
1426,INC-1427,train,0
1427,INC-1428,test,0
1428,INC-1429,train,1
1429,INC-1430,test,0
1430,INC-1431,train,0
1431,INC-1432,train,0
1432,INC-1433,test,0
1433,INC-1434,train,0
1434,INC-1435,train,0
1435,INC-1436,train,1
1436,INC-1437,test,0
1437,INC-1438,train,0
1438,INC-1439,train,0
1439,INC-1440,train,0
1440,INC-1441,train,0
1441,INC-1442,test,0
1442,INC-1443,train,0
1443,INC-1444,train,0
1444,INC-1445,train,0
1445,INC-1446,test,0
1446,INC-1447,train,0
1447,INC-1448,train,1
1448,INC-1449,train,1
1449,INC-1450,train,0
1450,INC-1451,train,0
1451,INC-1452,train,0
1452,INC-1453,train,0
1453,INC-1454,train,0
1454,INC-1455,train,0
1455,INC-1456,train,0
1456,INC-1457,train,0
1457,INC-1458,train,0
1458,INC-1459,train,0
1459,INC-1460,train,0
1460,INC-1461,train,1
1461,INC-1462,train,0
1462,INC-1463,train,0
1463,INC-1464,train,0
1464,INC-1465,train,1
1465,INC-1466,train,0
1466,INC-1467,test,0
1467,INC-1468,train,0
1468,INC-1469,test,0
1469,INC-1470,train,0
1470,INC-1471,train,0
1471,INC-1472,train,1
1472,INC-1473,train,0
1473,INC-1474,train,0
1474,INC-1475,train,0
1475,INC-1476,train,0
1476,INC-1477,train,0
1477,INC-1478,train,0
1478,INC-1479,train,0
1479,INC-1480,train,0
1480,INC-1481,train,0
1481,INC-1482,train,0
1482,INC-1483,train,1
1483,INC-1484,train,0
1484,INC-1485,train,1
1485,INC-1486,train,1
1486,INC-1487,train,0
1487,INC-1488,train,0
1488,INC-1489,train,0
1489,INC-1490,train,0
1490,INC-1491,test,1
1491,INC-1492,train,0
1492,INC-1493,train,0
1493,INC-1494,test,0
1494,INC-1495,train,0
1495,INC-1496,train,1
1496,INC-1497,train,1
1497,INC-1498,test,1
1498,INC-1499,test,0
1499,INC-1500,train,0
1500,INC-1501,train,0
1501,INC-1502,test,0
1502,INC-1503,train,1
1503,INC-1504,train,0
1504,INC-1505,train,1
1505,INC-1506,train,1
1506,INC-1507,train,1
1507,INC-1508,train,1
1508,INC-1509,train,1
1509,INC-1510,train,0
1510,INC-1511,train,0
1511,INC-1512,train,0
1512,INC-1513,train,1
1513,INC-1514,train,1
1514,INC-1515,train,0
1515,INC-1516,train,0
1516,INC-1517,test,1
1517,INC-1518,train,1
1518,INC-1519,train,0
1519,INC-1520,train,0
1520,INC-1521,train,0
1521,INC-1522,test,1
1522,INC-1523,train,1
1523,INC-1524,train,0
1524,INC-1525,test,0
1525,INC-1526,train,0
1526,INC-1527,train,0
1527,INC-1528,train,0
1528,INC-1529,train,1
1529,INC-1530,train,0
1530,INC-1531,train,0
1531,INC-1532,test,1
1532,INC-1533,train,1
1533,INC-1534,train,0
1534,INC-1535,train,0
1535,INC-1536,train,1
1536,INC-1537,train,0
1537,INC-1538,train,0
1538,INC-1539,train,0
1539,INC-1540,train,0
1540,INC-1541,test,0
1541,INC-1542,train,0
1542,INC-1543,test,0
1543,INC-1544,train,1
1544,INC-1545,train,0
1545,INC-1546,train,0
1546,INC-1547,train,0
1547,INC-1548,train,1
1548,INC-1549,test,0
1549,INC-1550,train,0
1550,INC-1551,train,0
1551,INC-1552,train,1
1552,INC-1553,train,0
1553,INC-1554,train,0
1554,INC-1555,train,0
1555,INC-1556,train,0
1556,INC-1557,train,1
1557,INC-1558,train,0
1558,INC-1559,test,1
1559,INC-1560,train,0
1560,INC-1561,train,0
1561,INC-1562,train,0
1562,INC-1563,test,0
1563,INC-1564,train,0
1564,INC-1565,test,0
1565,INC-1566,train,0
1566,INC-1567,train,0
1567,INC-1568,train,0
1568,INC-1569,train,0
1569,INC-1570,train,1
1570,INC-1571,train,0
1571,INC-1572,train,0
1572,INC-1573,train,0
1573,INC-1574,train,0
1574,INC-1575,test,1
1575,INC-1576,train,0
1576,INC-1577,test,0
1577,INC-1578,train,0
1578,INC-1579,test,0
1579,INC-1580,train,0
1580,INC-1581,train,0
1581,INC-1582,train,0
1582,INC-1583,train,0
1583,INC-1584,test,0
1584,INC-1585,train,0
1585,INC-1586,train,0
1586,INC-1587,train,0
1587,INC-1588,train,1
1588,INC-1589,train,0
1589,INC-1590,train,0
1590,INC-1591,test,1
1591,INC-1592,train,1
1592,INC-1593,train,1
1593,INC-1594,train,0
1594,INC-1595,test,0
1595,INC-1596,train,0
1596,INC-1597,train,1
1597,INC-1598,train,0
1598,INC-1599,train,0
1599,INC-1600,test,1
1600,INC-1601,train,0
1601,INC-1602,train,0
1602,INC-1603,train,1
1603,INC-1604,train,0
1604,INC-1605,train,1
1605,INC-1606,train,1
1606,INC-1607,train,1
1607,INC-1608,train,1
1608,INC-1609,test,0
1609,INC-1610,train,0
1610,INC-1611,train,0
1611,INC-1612,train,0
1612,INC-1613,train,1
1613,INC-1614,test,0
1614,INC-1615,train,0
1615,INC-1616,train,0
1616,INC-1617,test,0
1617,INC-1618,train,0
1618,INC-1619,train,0
1619,INC-1620,train,0
1620,INC-1621,train,1
1621,INC-1622,train,0
1622,INC-1623,train,1
1623,INC-1624,train,1
1624,INC-1625,train,0
1625,INC-1626,train,0
1626,INC-1627,train,0
1627,INC-1628,train,0
1628,INC-1629,test,0
1629,INC-1630,train,1
1630,INC-1631,train,0
1631,INC-1632,train,0
1632,INC-1633,train,0
1633,INC-1634,train,1
1634,INC-1635,test,0
1635,INC-1636,train,1
1636,INC-1637,train,0
1637,INC-1638,train,0
1638,INC-1639,train,0
1639,INC-1640,test,1
1640,INC-1641,train,0
1641,INC-1642,test,1
1642,INC-1643,train,1
1643,INC-1644,train,0
1644,INC-1645,train,0
1645,INC-1646,train,0
1646,INC-1647,train,0
1647,INC-1648,train,0
1648,INC-1649,train,0
1649,INC-1650,test,0
1650,INC-1651,train,0
1651,INC-1652,train,1
1652,INC-1653,train,0
1653,INC-1654,train,0
1654,INC-1655,train,0
1655,INC-1656,train,0
1656,INC-1657,train,0
1657,INC-1658,train,0
1658,INC-1659,train,0
1659,INC-1660,train,0
1660,INC-1661,test,0
1661,INC-1662,test,0
1662,INC-1663,test,0
1663,INC-1664,train,0
1664,INC-1665,train,1
1665,INC-1666,train,0
1666,INC-1667,train,0
1667,INC-1668,train,0
1668,INC-1669,test,0
1669,INC-1670,train,0
1670,INC-1671,test,0
1671,INC-1672,test,0
1672,INC-1673,train,0
1673,INC-1674,train,0
1674,INC-1675,test,0
1675,INC-1676,train,0
1676,INC-1677,train,0
1677,INC-1678,train,0
1678,INC-1679,test,0
1679,INC-1680,train,1
1680,INC-1681,train,0
1681,INC-1682,train,0
1682,INC-1683,train,1
1683,INC-1684,train,0
1684,INC-1685,train,1
1685,INC-1686,train,0
1686,INC-1687,train,0
1687,INC-1688,train,0
1688,INC-1689,train,1
1689,INC-1690,train,0
1690,INC-1691,train,0
1691,INC-1692,test,0
1692,INC-1693,test,0
1693,INC-1694,test,0
1694,INC-1695,train,1
1695,INC-1696,train,0
1696,INC-1697,train,0
1697,INC-1698,train,1
1698,INC-1699,train,0
1699,INC-1700,train,1
1700,INC-1701,train,0
1701,INC-1702,train,0
1702,INC-1703,train,0
1703,INC-1704,test,0
1704,INC-1705,train,0
1705,INC-1706,train,1
1706,INC-1707,test,0
1707,INC-1708,train,0
1708,INC-1709,train,0
1709,INC-1710,test,0
1710,INC-1711,train,0
1711,INC-1712,train,1
1712,INC-1713,train,0
1713,INC-1714,train,0
1714,INC-1715,train,0
1715,INC-1716,train,1
1716,INC-1717,train,1
1717,INC-1718,train,0
1718,INC-1719,train,1
1719,INC-1720,train,1
1720,INC-1721,train,0
1721,INC-1722,test,0
1722,INC-1723,train,1
1723,INC-1724,train,0
1724,INC-1725,train,0
1725,INC-1726,train,1
1726,INC-1727,train,0
1727,INC-1728,train,1
1728,INC-1729,test,0
1729,INC-1730,train,1
1730,INC-1731,test,0
1731,INC-1732,train,1
1732,INC-1733,train,0
1733,INC-1734,train,0
1734,INC-1735,train,0
1735,INC-1736,train,0
1736,INC-1737,test,0
1737,INC-1738,train,0
1738,INC-1739,train,0
1739,INC-1740,train,0
1740,INC-1741,train,1
1741,INC-1742,test,0
1742,INC-1743,test,0
1743,INC-1744,train,0
1744,INC-1745,train,0
1745,INC-1746,test,0
1746,INC-1747,train,0
1747,INC-1748,test,0
1748,INC-1749,train,0
1749,INC-1750,test,0
1750,INC-1751,train,0
1751,INC-1752,train,1
1752,INC-1753,train,0
1753,INC-1754,train,0
1754,INC-1755,test,0
1755,INC-1756,train,0
1756,INC-1757,train,0
1757,INC-1758,train,1
1758,INC-1759,train,0
1759,INC-1760,train,1
1760,INC-1761,test,0
1761,INC-1762,train,0
1762,INC-1763,train,0
1763,INC-1764,train,0
1764,INC-1765,train,0
1765,INC-1766,train,0
1766,INC-1767,train,0
1767,INC-1768,train,0
1768,INC-1769,test,0
1769,INC-1770,train,0
1770,INC-1771,train,1
1771,INC-1772,train,1
1772,INC-1773,train,0
1773,INC-1774,train,0
1774,INC-1775,train,0
1775,INC-1776,train,1
1776,INC-1777,train,0
1777,INC-1778,train,0
1778,INC-1779,test,0
1779,INC-1780,test,1
1780,INC-1781,train,0
1781,INC-1782,test,0
1782,INC-1783,train,0
1783,INC-1784,train,0
1784,INC-1785,train,0
1785,INC-1786,train,1
1786,INC-1787,train,0
1787,INC-1788,train,0
1788,INC-1789,train,0
1789,INC-1790,train,1
1790,INC-1791,train,1
1791,INC-1792,train,0
1792,INC-1793,test,0
1793,INC-1794,test,0
1794,INC-1795,test,0
1795,INC-1796,train,0
1796,INC-1797,train,0
1797,INC-1798,train,0
1798,INC-1799,train,0
1799,INC-1800,train,0
1800,INC-1801,train,1
1801,INC-1802,train,0
1802,INC-1803,train,1
1803,INC-1804,train,0
1804,INC-1805,train,0
1805,INC-1806,train,0
1806,INC-1807,test,0
1807,INC-1808,train,0
1808,INC-1809,train,0
1809,INC-1810,train,0
1810,INC-1811,train,0
1811,INC-1812,train,0
1812,INC-1813,train,0
1813,INC-1814,train,1
1814,INC-1815,train,0
1815,INC-1816,train,0
1816,INC-1817,train,0
1817,INC-1818,train,1
1818,INC-1819,train,0
1819,INC-1820,train,0
1820,INC-1821,test,0
1821,INC-1822,train,0
1822,INC-1823,train,1
1823,INC-1824,test,0
1824,INC-1825,train,0
1825,INC-1826,train,1
1826,INC-1827,train,0
1827,INC-1828,train,0
1828,INC-1829,train,1
1829,INC-1830,train,0
1830,INC-1831,train,0
1831,INC-1832,train,0
1832,INC-1833,train,0
1833,INC-1834,train,0
1834,INC-1835,train,0
1835,INC-1836,train,0
1836,INC-1837,train,1
1837,INC-1838,test,1
1838,INC-1839,train,0
1839,INC-1840,train,0
1840,INC-1841,test,0
1841,INC-1842,train,1
1842,INC-1843,train,0
1843,INC-1844,test,0
1844,INC-1845,test,1
1845,INC-1846,train,0
1846,INC-1847,train,0
1847,INC-1848,train,0
1848,INC-1849,test,1
1849,INC-1850,train,1
1850,INC-1851,train,1
1851,INC-1852,train,1
1852,INC-1853,test,0
1853,INC-1854,test,0
1854,INC-1855,test,0
1855,INC-1856,test,0
1856,INC-1857,test,0
1857,INC-1858,train,0
1858,INC-1859,train,1
1859,INC-1860,train,1
1860,INC-1861,train,0
1861,INC-1862,train,0
1862,INC-1863,test,0
1863,INC-1864,train,0
1864,INC-1865,train,0
1865,INC-1866,train,0
1866,INC-1867,train,1
1867,INC-1868,train,0
1868,INC-1869,train,0
1869,INC-1870,train,0
1870,INC-1871,train,1
1871,INC-1872,train,0
1872,INC-1873,train,0
1873,INC-1874,test,0
1874,INC-1875,train,1
1875,INC-1876,train,1
1876,INC-1878,train,0
1877,INC-1879,train,0
1878,INC-1880,train,1
1879,INC-1881,train,1
1880,INC-1882,train,0
1881,INC-1883,train,0
1882,INC-1884,test,1
1883,INC-1885,train,0
1884,INC-1886,test,0
1885,INC-1887,train,0
1886,INC-1888,train,0
1887,INC-1889,train,1
1888,INC-1890,train,0
1889,INC-1891,train,0
1890,INC-1892,train,1
1891,INC-1893,train,0
1892,INC-1894,train,0
1893,INC-1895,train,0
1894,INC-1896,train,0
1895,INC-1897,train,1
1896,INC-1898,train,0
1897,INC-1899,train,0
1898,INC-1900,train,1
1899,INC-1901,test,1
1900,INC-1902,train,0
1901,INC-1903,test,1
1902,INC-1904,train,0
1903,INC-1905,train,0
1904,INC-1906,train,0
1905,INC-1907,train,1
1906,INC-1908,train,0
1907,INC-1909,train,0
1908,INC-1910,test,1
1909,INC-1911,train,0
1910,INC-1912,train,0
1911,INC-1913,train,1
1912,INC-1914,train,0
1913,INC-1915,train,1
1914,INC-1916,train,1
1915,INC-1917,train,0
1916,INC-1918,train,0
1917,INC-1919,train,0
1918,INC-1920,train,0
1919,INC-1921,train,0
1920,INC-1922,train,1
1921,INC-1923,train,0
1922,INC-1924,test,0
1923,INC-1925,train,0
1924,INC-1926,train,1
1925,INC-1927,train,0
1926,INC-1928,train,1
1927,INC-1929,train,0
1928,INC-1930,train,0
1929,INC-1931,train,1
1930,INC-1932,test,0
1931,INC-1933,train,1
1932,INC-1934,train,1
1933,INC-1935,train,1
1934,INC-1936,train,0
1935,INC-1937,train,1
1936,INC-1938,test,0
1937,INC-1939,train,1
1938,INC-1940,train,1
1939,INC-1941,train,0
1940,INC-1942,test,1
1941,INC-1943,train,0
1942,INC-1944,train,1
1943,INC-1945,train,0
1944,INC-1946,train,0
1945,INC-1947,train,1
1946,INC-1948,train,0
1947,INC-1949,train,0
1948,INC-1950,train,1
1949,INC-1951,train,0
1950,INC-1952,train,0
1951,INC-1953,train,0
1952,INC-1954,train,0
1953,INC-1955,train,0
1954,INC-1956,train,0
1955,INC-1957,train,0
1956,INC-1958,train,0
1957,INC-1959,train,1
1958,INC-1960,train,0
1959,INC-1961,train,0
1960,INC-1962,train,0
1961,INC-1963,test,0
1962,INC-1964,train,0
1963,INC-1965,train,1
1964,INC-1966,train,0
1965,INC-1967,train,1
1966,INC-1968,train,1
1967,INC-1969,train,0
1968,INC-1970,train,0
1969,INC-1971,test,1
1970,INC-1972,train,0
1971,INC-1973,test,0
1972,INC-1974,train,0
1973,INC-1975,train,1
1974,INC-1976,train,1
1975,INC-1977,train,1
1976,INC-1978,train,0
1977,INC-1979,train,0
1978,INC-1980,train,0
1979,INC-1981,test,1
1980,INC-1982,train,0
1981,INC-1983,train,0
1982,INC-1984,train,0
1983,INC-1985,train,1
1984,INC-1986,train,0
1985,INC-1987,train,0
1986,INC-1988,train,0
1987,INC-1989,train,0
1988,INC-1990,test,1
1989,INC-1991,train,1
1990,INC-1992,train,0
1991,INC-1993,train,0
1992,INC-1994,train,0
1993,INC-1995,test,0
1994,INC-1996,train,0
1995,INC-1997,train,0
1996,INC-1998,test,0
1997,INC-1999,train,0
1998,INC-2000,train,0
1999,INC-2001,train,0
2000,INC-2002,train,0
2001,INC-2003,train,0
2002,INC-2004,train,0
2003,INC-2005,train,0
2004,INC-2006,train,1
2005,INC-2007,train,0
2006,INC-2008,train,1
2007,INC-2009,train,0
2008,INC-2010,train,1
2009,INC-2011,train,1
2010,INC-2012,train,0
2011,INC-2013,test,0
2012,INC-2014,train,0
2013,INC-2015,train,0
2014,INC-2016,train,0
2015,INC-2017,train,1
2016,INC-2018,train,0
2017,INC-2019,test,0
2018,INC-2020,train,0
2019,INC-2021,train,0
2020,INC-2022,train,0
2021,INC-2023,train,0
2022,INC-2024,train,0
2023,INC-2025,train,1
2024,INC-2026,train,1
2025,INC-2027,train,0
2026,INC-2028,train,0
2027,INC-2029,train,0
2028,INC-2030,train,0
2029,INC-2031,train,0
2030,INC-2032,train,0
2031,INC-2033,train,0
2032,INC-2034,train,0
2033,INC-2035,train,0
2034,INC-2036,train,0
2035,INC-2037,test,1
2036,INC-2038,train,1
2037,INC-2039,test,1
2038,INC-2040,train,1
2039,INC-2041,train,0
2040,INC-2042,train,0
2041,INC-2043,train,0
2042,INC-2044,train,0
2043,INC-2045,train,0
2044,INC-2046,train,1
2045,INC-2047,train,1
2046,INC-2048,test,0
2047,INC-2049,test,1
2048,INC-2050,train,0
2049,INC-2051,train,0
2050,INC-2052,test,0
2051,INC-2053,test,0
2052,INC-2054,test,1
2053,INC-2055,train,1
2054,INC-2056,train,0
2055,INC-2057,train,0
2056,INC-2058,test,0
2057,INC-2059,train,0
2058,INC-2060,train,1
2059,INC-2061,train,0
2060,INC-2062,test,0
2061,INC-2063,train,1
2062,INC-2064,test,1
2063,INC-2065,train,0
2064,INC-2066,train,0
2065,INC-2067,train,0
2066,INC-2068,train,0
2067,INC-2069,train,0
2068,INC-2070,train,0
2069,INC-2071,train,0
2070,INC-2072,train,0
2071,INC-2073,test,0
2072,INC-2074,train,0
2073,INC-2075,test,0
2074,INC-2076,train,0
2075,INC-2077,train,0
2076,INC-2078,test,1
2077,INC-2079,train,1
2078,INC-2080,train,0
2079,INC-2081,train,1
2080,INC-2082,train,0
2081,INC-2083,test,1
2082,INC-2084,train,0
2083,INC-2085,train,0
2084,INC-2086,test,0
2085,INC-2087,train,0
2086,INC-2088,train,0
2087,INC-2089,train,0
2088,INC-2090,train,0
2089,INC-2091,train,0
2090,INC-2092,train,1
2091,INC-2093,test,0
2092,INC-2094,train,0
2093,INC-2095,test,1
2094,INC-2096,test,1
2095,INC-2097,train,0
2096,INC-2098,train,0
2097,INC-2099,train,0
2098,INC-2100,test,0
2099,INC-2101,train,1
2100,INC-2102,train,0
2101,INC-2103,train,0
2102,INC-2104,train,1
2103,INC-2105,train,0
2104,INC-2106,train,0
2105,INC-2107,train,0
2106,INC-2108,train,0
2107,INC-2109,train,0
2108,INC-2110,test,1
2109,INC-2111,train,1
2110,INC-2112,train,1
2111,INC-2113,train,0
2112,INC-2114,test,1
2113,INC-2115,train,0
2114,INC-2116,train,1
2115,INC-2117,test,1
2116,INC-2118,train,1
2117,INC-2119,train,0
2118,INC-2120,train,1
2119,INC-2121,train,1
2120,INC-2122,test,0
2121,INC-2123,train,0
2122,INC-2124,train,1
2123,INC-2125,train,0
2124,INC-2126,test,1
2125,INC-2127,train,0
2126,INC-2128,train,0
2127,INC-2129,train,0
2128,INC-2130,train,0
2129,INC-2131,train,1
2130,INC-2132,train,0
2131,INC-2133,train,0
2132,INC-2134,train,0
2133,INC-2135,test,0
2134,INC-2136,train,0
2135,INC-2137,test,1
2136,INC-2138,train,0
2137,INC-2139,train,0
2138,INC-2140,test,0
2139,INC-2141,train,1
2140,INC-2142,train,0
2141,INC-2143,train,0
2142,INC-2144,train,0
2143,INC-2145,train,0
2144,INC-2146,train,0
2145,INC-2147,test,0
2146,INC-2148,train,0
2147,INC-2149,train,1
2148,INC-2150,train,0
2149,INC-2151,train,1
2150,INC-2152,train,0
2151,INC-2153,train,0
2152,INC-2154,train,0
2153,INC-2155,train,1
2154,INC-2156,train,0
2155,INC-2157,train,0
2156,INC-2158,train,0
2157,INC-2159,train,0
2158,INC-2160,train,0
2159,INC-2161,test,1
2160,INC-2162,train,0
2161,INC-2163,train,0
2162,INC-2164,test,0
2163,INC-2165,test,0
2164,INC-2166,train,0
2165,INC-2167,test,1
2166,INC-2168,test,0
2167,INC-2169,test,1
2168,INC-2170,train,0
2169,INC-2171,train,1
2170,INC-2172,train,0
2171,INC-2173,train,0
2172,INC-2174,train,0
2173,INC-2175,train,0
2174,INC-2176,test,1
2175,INC-2177,train,0
2176,INC-2178,train,0
2177,INC-2179,train,0
2178,INC-2180,train,0
2179,INC-2181,train,0
2180,INC-2182,train,1
2181,INC-2183,train,0
2182,INC-2184,test,0
2183,INC-2185,train,0
2184,INC-2186,train,1
2185,INC-2187,train,0
2186,INC-2188,test,0
2187,INC-2189,train,1
2188,INC-2190,train,0
2189,INC-2191,test,1
2190,INC-2192,train,0
2191,INC-2193,train,1
2192,INC-2194,test,0
2193,INC-2195,train,0
2194,INC-2196,train,0
2195,INC-2197,train,0
2196,INC-2198,test,1
2197,INC-2199,train,1
2198,INC-2200,train,0
2199,INC-2201,train,1
2200,INC-2202,train,0
2201,INC-2203,test,1
2202,INC-2204,train,0
2203,INC-2205,train,1
2204,INC-2206,train,1
2205,INC-2207,train,1
2206,INC-2208,train,0
2207,INC-2209,test,0
2208,INC-2210,test,1
2209,INC-2211,train,1
2210,INC-2212,train,0
2211,INC-2213,train,0
2212,INC-2214,test,0
2213,INC-2215,train,0
2214,INC-2216,test,0
2215,INC-2217,train,1
2216,INC-2218,test,0
2217,INC-2219,test,0
2218,INC-2220,train,0
2219,INC-2221,train,0
2220,INC-2222,train,0
2221,INC-2223,train,0
2222,INC-2224,test,0
2223,INC-2225,test,0
2224,INC-2226,train,0
2225,INC-2227,test,0
2226,INC-2228,train,1
2227,INC-2229,train,0
2228,INC-2230,train,0
2229,INC-2231,test,1
2230,INC-2232,test,1
2231,INC-2233,train,1
2232,INC-2234,train,0
2233,INC-2235,train,0
2234,INC-2236,train,0
2235,INC-2237,train,0
2236,INC-2238,train,0
2237,INC-2239,train,1
2238,INC-2240,test,1
2239,INC-2241,train,1
2240,INC-2242,test,1
2241,INC-2243,train,0
2242,INC-2244,train,0
2243,INC-2245,train,0
2244,INC-2246,train,1
2245,INC-2247,train,0
2246,INC-2248,train,0
2247,INC-2249,train,1
2248,INC-2250,train,0
2249,INC-2251,train,1
2250,INC-2252,train,0
2251,INC-2253,test,1
2252,INC-2254,test,0
2253,INC-2255,test,0
2254,INC-2256,train,0
2255,INC-2257,train,0
2256,INC-2258,test,0
2257,INC-2259,test,0
2258,INC-2260,train,0
2259,INC-2261,train,0
2260,INC-2262,train,0
2261,INC-2263,test,1
2262,INC-2264,train,0
2263,INC-2265,train,0
2264,INC-2266,train,1
2265,INC-2267,train,0
2266,INC-2268,train,0
2267,INC-2269,train,0
2268,INC-2270,train,0
2269,INC-2271,test,1
2270,INC-2272,train,1
2271,INC-2273,train,1
2272,INC-2274,test,0
2273,INC-2275,train,1
2274,INC-2276,test,1
2275,INC-2277,test,0
2276,INC-2278,train,0
2277,INC-2279,train,0
2278,INC-2280,test,0
2279,INC-2281,train,1
2280,INC-2282,train,0
2281,INC-2283,train,0
2282,INC-2284,test,0
2283,INC-2285,test,0
2284,INC-2286,test,1
2285,INC-2287,train,1
2286,INC-2288,test,0
2287,INC-2289,train,0
2288,INC-2290,test,0
2289,INC-2291,train,0
2290,INC-2292,train,0
2291,INC-2293,train,0
2292,INC-2294,test,0
2293,INC-2295,train,0
2294,INC-2296,train,1
2295,INC-2297,train,0
2296,INC-2298,train,0
2297,INC-2299,test,1
2298,INC-2300,train,1
2299,INC-2301,train,0
2300,INC-2302,train,0
2301,INC-2303,test,1
2302,INC-2304,train,0
2303,INC-2305,train,0
2304,INC-2306,train,0
2305,INC-2307,train,1
2306,INC-2308,train,0
2307,INC-2309,train,0
2308,INC-2310,train,1
2309,INC-2311,test,0
2310,INC-2312,train,0
2311,INC-2313,train,1
2312,INC-2314,train,0
2313,INC-2315,test,0
2314,INC-2316,test,1
2315,INC-2317,train,0
2316,INC-2318,test,0
2317,INC-2319,train,1
2318,INC-2320,train,0
2319,INC-2321,train,0
2320,INC-2322,test,0
2321,INC-2323,train,0
2322,INC-2324,train,0
2323,INC-2325,train,0
2324,INC-2326,train,0
2325,INC-2327,train,1
2326,INC-2328,train,0
2327,INC-2329,train,1
2328,INC-2330,train,0
2329,INC-2331,train,0
2330,INC-2332,train,0
2331,INC-2333,train,0
2332,INC-2334,train,0
2333,INC-2335,train,1
2334,INC-2336,train,0
2335,INC-2337,train,0
2336,INC-2338,test,1
2337,INC-2339,train,0
2338,INC-2340,train,0
2339,INC-2341,train,1
2340,INC-2342,train,0
2341,INC-2343,train,0
2342,INC-2344,train,1
2343,INC-2345,train,0
2344,INC-2346,train,0
2345,INC-2347,train,0
2346,INC-2348,test,1
2347,INC-2349,train,0
2348,INC-2350,test,0
2349,INC-2351,train,1
2350,INC-2352,test,0
2351,INC-2353,test,0
2352,INC-2354,train,0
2353,INC-2355,train,0
2354,INC-2356,train,0
2355,INC-2357,train,0
2356,INC-2358,train,1
2357,INC-2359,train,1
2358,INC-2360,train,1
2359,INC-2361,train,0
2360,INC-2362,train,0
2361,INC-2363,test,0
2362,INC-2364,train,0
2363,INC-2365,train,0
2364,INC-2366,train,1
2365,INC-2367,train,0
2366,INC-2368,train,0
2367,INC-2369,train,0
2368,INC-2370,train,0
2369,INC-2371,train,0
2370,INC-2372,test,0
2371,INC-2373,train,0
2372,INC-2374,train,1
2373,INC-2375,train,0
2374,INC-2376,test,1
2375,INC-2377,train,1
2376,INC-2378,train,1
2377,INC-2379,train,1
2378,INC-2380,train,0
2379,INC-2381,train,0
2380,INC-2382,train,1
2381,INC-2383,train,0
2382,INC-2384,train,0
2383,INC-2385,test,0
2384,INC-2386,train,0
2385,INC-2387,test,0
2386,INC-2388,train,0
2387,INC-2389,test,0
2388,INC-2390,test,0
2389,INC-2391,test,0
2390,INC-2392,train,0
2391,INC-2393,train,0
2392,INC-2394,train,0
2393,INC-2395,train,0
2394,INC-2396,train,1
2395,INC-2397,train,0
2396,INC-2398,train,0
2397,INC-2399,train,0
2398,INC-2400,train,1
2399,INC-2401,test,0
2400,INC-2402,train,0
2401,INC-2403,train,0
2402,INC-2404,train,0
2403,INC-2405,train,0
2404,INC-2406,train,0
2405,INC-2407,train,0
2406,INC-2408,train,1
2407,INC-2409,train,0
2408,INC-2410,train,0
2409,INC-2411,train,0
2410,INC-2412,train,0
2411,INC-2413,train,0
2412,INC-2414,train,0
2413,INC-2415,train,0
2414,INC-2416,train,1
2415,INC-2417,train,0
2416,INC-2418,train,0
2417,INC-2419,train,1
2418,INC-2420,train,0
2419,INC-2421,train,0
2420,INC-2422,test,1
2421,INC-2423,train,0
2422,INC-2424,train,0
2423,INC-2425,train,0
2424,INC-2426,test,0
2425,INC-2427,train,0
2426,INC-2428,train,0
2427,INC-2429,train,0
2428,INC-2430,train,1
2429,INC-2431,test,0
2430,INC-2432,train,1
2431,INC-2433,train,0
2432,INC-2434,test,0
2433,INC-2435,train,0
2434,INC-2436,train,0
2435,INC-2437,train,0
2436,INC-2438,test,0
2437,INC-2439,train,0
2438,INC-2440,test,0
2439,INC-2441,train,0
2440,INC-2442,train,0
2441,INC-2443,train,0
2442,INC-2444,train,1
2443,INC-2445,train,0
2444,INC-2446,train,0
2445,INC-2447,train,1
2446,INC-2448,train,1
2447,INC-2449,train,1
2448,INC-2450,test,0
2449,INC-2451,train,0
2450,INC-2452,train,0
2451,INC-2453,train,0
2452,INC-2454,train,0
2453,INC-2455,train,0
2454,INC-2456,test,0
2455,INC-2457,train,0
2456,INC-2458,train,0
2457,INC-2459,train,0
2458,INC-2460,train,0
2459,INC-2461,train,0
2460,INC-2462,train,1
2461,INC-2463,train,1
2462,INC-2464,train,0
2463,INC-2465,test,0
2464,INC-2466,train,0
2465,INC-2467,train,0
2466,INC-2468,train,1
2467,INC-2469,test,0
2468,INC-2470,test,0
2469,INC-2471,test,0
2470,INC-2472,train,0
2471,INC-2473,train,0
2472,INC-2474,train,0
2473,INC-2475,train,1
2474,INC-2476,train,0
2475,INC-2477,train,0
2476,INC-2478,train,1
2477,INC-2479,train,0
2478,INC-2480,train,0
2479,INC-2481,train,1
2480,INC-2482,train,0
2481,INC-2483,train,0
2482,INC-2484,test,0
2483,INC-2485,train,0
2484,INC-2486,train,0
2485,INC-2487,test,0
2486,INC-2488,train,0
2487,INC-2489,test,1
2488,INC-2490,test,0
2489,INC-2491,train,0
2490,INC-2492,train,0
2491,INC-2493,train,1
2492,INC-2494,train,1
2493,INC-2495,train,0
2494,INC-2496,train,0
2495,INC-2497,train,0
2496,INC-2498,test,1
2497,INC-2499,train,0
2498,INC-2500,train,0
2499,INC-2501,train,1
2500,INC-2502,train,0
2501,INC-2503,test,0
2502,INC-2504,test,0
2503,INC-2505,test,0
2504,INC-2506,train,0
2505,INC-2507,train,0
2506,INC-2508,test,1
2507,INC-2509,train,0
2508,INC-2510,train,1
2509,INC-2511,test,1
2510,INC-2512,train,0
2511,INC-2513,train,0
2512,INC-2514,train,0
2513,INC-2515,train,0
2514,INC-2516,train,0
2515,INC-2517,train,0
2516,INC-2518,train,1
2517,INC-2519,train,0
2518,INC-2520,test,0
2519,INC-2521,train,0
2520,INC-2522,train,0
2521,INC-2523,test,0
2522,INC-2524,train,0
2523,INC-2525,train,0
2524,INC-2526,train,0
2525,INC-2527,train,0
2526,INC-2528,train,0
2527,INC-2529,train,0
2528,INC-2530,test,0
2529,INC-2531,train,0
2530,INC-2532,train,0
2531,INC-2533,test,1
2532,INC-2534,train,0
2533,INC-2535,test,1
2534,INC-2536,train,0
2535,INC-2537,train,1
2536,INC-2538,train,1
2537,INC-2539,train,1
2538,INC-2540,train,0
2539,INC-2541,train,0
2540,INC-2542,train,1
2541,INC-2543,train,0
2542,INC-2544,train,0
2543,INC-2545,test,1
2544,INC-2546,test,0
2545,INC-2547,train,0
2546,INC-2548,train,0
2547,INC-2549,test,0
2548,INC-2550,train,0
2549,INC-2551,train,0
2550,INC-2552,train,0
2551,INC-2553,test,1
2552,INC-2554,test,1
2553,INC-2555,train,1
2554,INC-2556,train,0
2555,INC-2557,train,0
2556,INC-2558,train,0
2557,INC-2559,train,0
2558,INC-2560,train,1
2559,INC-2561,test,0
2560,INC-2562,train,0
2561,INC-2563,train,0
2562,INC-2564,train,1
2563,INC-2565,train,1
2564,INC-2566,train,0
2565,INC-2567,train,1
2566,INC-2568,test,0
2567,INC-2569,train,0
2568,INC-2570,train,1
2569,INC-2571,train,0
2570,INC-2572,train,0
2571,INC-2573,train,1
2572,INC-2574,train,1
2573,INC-2575,train,0
2574,INC-2576,train,1
2575,INC-2577,train,1
2576,INC-2578,train,0
2577,INC-2579,train,0
2578,INC-2580,test,0
2579,INC-2581,train,0
2580,INC-2582,train,1
2581,INC-2583,test,0
2582,INC-2584,train,0
2583,INC-2585,train,0
2584,INC-2586,train,0
2585,INC-2587,train,0
2586,INC-2588,train,1
2587,INC-2589,train,1
2588,INC-2590,test,0
2589,INC-2591,train,0
2590,INC-2592,train,0
2591,INC-2593,train,0
2592,INC-2594,test,0
2593,INC-2595,train,0
2594,INC-2596,train,0
2595,INC-2597,train,0
2596,INC-2598,train,1
2597,INC-2599,train,0
2598,INC-2600,train,0
2599,INC-2601,train,0
2600,INC-2602,test,1
2601,INC-2603,train,1
2602,INC-2604,train,1
2603,INC-2605,train,0
2604,INC-2606,test,0
2605,INC-2607,train,0
2606,INC-2608,test,0
2607,INC-2609,train,1
2608,INC-2610,train,0
2609,INC-2611,train,0
2610,INC-2612,train,1
2611,INC-2613,test,0
2612,INC-2614,test,0
2613,INC-2615,train,0
2614,INC-2616,test,0
2615,INC-2617,train,0
2616,INC-2618,train,0
2617,INC-2619,train,0
2618,INC-2620,train,0
2619,INC-2621,train,0
2620,INC-2622,test,0
2621,INC-2623,train,1
2622,INC-2624,train,0
2623,INC-2625,train,1
2624,INC-2626,train,0
2625,INC-2627,train,0
2626,INC-2628,train,1
2627,INC-2629,train,0
2628,INC-2630,train,0
2629,INC-2631,train,1
2630,INC-2632,train,1
2631,INC-2633,train,0
2632,INC-2634,test,1
2633,INC-2635,train,0
2634,INC-2636,train,0
2635,INC-2637,train,0
2636,INC-2638,test,0
2637,INC-2639,train,0
2638,INC-2640,train,0
2639,INC-2641,train,1
2640,INC-2642,train,0
2641,INC-2643,train,0
2642,INC-2644,train,0
2643,INC-2645,train,0
2644,INC-2646,train,0
2645,INC-2647,train,0
2646,INC-2648,train,0
2647,INC-2649,test,0
2648,INC-2650,test,0
2649,INC-2651,train,0
2650,INC-2652,train,0
2651,INC-2653,train,0
2652,INC-2654,train,1
2653,INC-2655,train,0
2654,INC-2656,train,1
2655,INC-2657,train,0
2656,INC-2658,test,1
2657,INC-2659,train,0
2658,INC-2660,train,1
2659,INC-2661,train,1
2660,INC-2662,train,0
2661,INC-2663,train,0
2662,INC-2664,train,1
2663,INC-2665,test,0
2664,INC-2666,train,1
2665,INC-2667,test,1
2666,INC-2668,test,0
2667,INC-2669,train,1
2668,INC-2670,train,0
2669,INC-2671,train,0
2670,INC-2672,train,1
2671,INC-2673,train,0
2672,INC-2674,train,0
2673,INC-2675,train,0
2674,INC-2676,test,0
2675,INC-2677,train,0
2676,INC-2678,train,1
2677,INC-2679,train,0
2678,INC-2680,train,1
2679,INC-2681,train,1
2680,INC-2682,train,0
2681,INC-2683,train,1
2682,INC-2684,test,0
2683,INC-2685,test,1
2684,INC-2686,train,0
2685,INC-2687,test,1
2686,INC-2688,train,0
2687,INC-2689,train,0
2688,INC-2690,train,0
2689,INC-2691,train,0
2690,INC-2692,test,0
2691,INC-2693,train,0
2692,INC-2694,train,0
2693,INC-2695,train,0
2694,INC-2696,test,0
2695,INC-2697,train,0
2696,INC-2698,train,0
2697,INC-2699,train,0
2698,INC-2700,train,1
2699,INC-2701,test,0
2700,INC-2702,train,0
2701,INC-2703,train,0
2702,INC-2704,test,0
2703,INC-2705,train,1
2704,INC-2706,test,0
2705,INC-2707,train,1
2706,INC-2708,train,1
2707,INC-2709,train,0
2708,INC-2710,train,1
2709,INC-2711,test,0
2710,INC-2712,train,0
2711,INC-2713,train,0
2712,INC-2714,train,0
2713,INC-2715,train,0
2714,INC-2716,train,1
2715,INC-2717,train,0
2716,INC-2718,train,0
2717,INC-2719,test,1
2718,INC-2720,train,1
2719,INC-2721,train,0
2720,INC-2722,train,0
2721,INC-2723,train,0
2722,INC-2724,train,1
2723,INC-2725,train,0
2724,INC-2726,train,0
2725,INC-2727,train,0
2726,INC-2728,train,0
2727,INC-2729,train,0
2728,INC-2730,train,0
2729,INC-2731,train,0
2730,INC-2732,train,0
2731,INC-2733,train,1
2732,INC-2734,train,0
2733,INC-2735,train,0
2734,INC-2736,train,0
2735,INC-2737,train,0
2736,INC-2738,train,0
2737,INC-2739,train,0
2738,INC-2740,train,0
2739,INC-2741,train,0
2740,INC-2742,test,0
2741,INC-2743,test,0
2742,INC-2744,train,0
2743,INC-2745,train,0
2744,INC-2746,train,0
2745,INC-2747,train,0
2746,INC-2748,test,0
2747,INC-2749,test,0
2748,INC-2750,train,0
2749,INC-2751,test,1
2750,INC-2752,train,1
2751,INC-2753,train,0
2752,INC-2754,train,0
2753,INC-2755,train,0
2754,INC-2756,train,0
2755,INC-2757,train,0
2756,INC-2758,train,0
2757,INC-2759,train,0
2758,INC-2760,train,1
2759,INC-2761,train,0
2760,INC-2762,test,0
2761,INC-2763,test,0
2762,INC-2764,test,1
2763,INC-2765,train,0
2764,INC-2766,train,1
2765,INC-2767,train,0
2766,INC-2768,test,0
2767,INC-2769,test,0
2768,INC-2770,train,1
2769,INC-2771,train,1
2770,INC-2772,train,1
2771,INC-2773,train,1
2772,INC-2774,test,0
2773,INC-2775,test,0
2774,INC-2776,test,0
2775,INC-2777,train,0
2776,INC-2778,train,0
2777,INC-2779,train,0
2778,INC-2780,train,0
2779,INC-2781,train,1
2780,INC-2782,test,1
2781,INC-2783,train,1
2782,INC-2784,test,0
2783,INC-2785,train,0
2784,INC-2786,train,0
2785,INC-2787,train,0
2786,INC-2788,test,0
2787,INC-2789,train,1
2788,INC-2790,train,0
2789,INC-2791,test,0
2790,INC-2792,train,0
2791,INC-2793,test,0
2792,INC-2794,test,0
2793,INC-2795,train,0
2794,INC-2796,train,0
2795,INC-2797,train,0
2796,INC-2798,train,1
2797,INC-2799,train,0
2798,INC-2800,train,0
2799,INC-2801,test,0
2800,INC-2802,train,0
2801,INC-2803,train,0
2802,INC-2804,test,0
2803,INC-2805,train,1
2804,INC-2806,train,0
2805,INC-2807,train,0
2806,INC-2808,train,1
2807,INC-2809,test,1
2808,INC-2810,train,0
2809,INC-2811,train,1
2810,INC-2812,train,0
2811,INC-2813,test,0
2812,INC-2814,train,0
2813,INC-2815,train,0
2814,INC-2816,test,0
2815,INC-2817,train,0
2816,INC-2818,train,0
2817,INC-2819,train,0
2818,INC-2820,train,0
2819,INC-2821,train,0
2820,INC-2822,train,1
2821,INC-2823,train,1
2822,INC-2824,test,1
2823,INC-2825,train,0
2824,INC-2826,train,0
2825,INC-2827,train,1
2826,INC-2828,train,1
2827,INC-2829,train,0
2828,INC-2830,train,0
2829,INC-2831,train,1
2830,INC-2832,test,1
2831,INC-2833,train,0
2832,INC-2834,train,1
2833,INC-2835,train,0
2834,INC-2836,train,1
2835,INC-2837,test,1
2836,INC-2838,train,0
2837,INC-2839,train,0
2838,INC-2840,train,1
2839,INC-2841,train,0
2840,INC-2842,train,0
2841,INC-2843,test,1
2842,INC-2844,test,1
2843,INC-2845,train,1
2844,INC-2846,train,0
2845,INC-2847,train,0
2846,INC-2848,train,1
2847,INC-2849,train,0
2848,INC-2850,train,0
2849,INC-2851,train,1
2850,INC-2852,train,0
2851,INC-2853,train,0
2852,INC-2854,train,0
2853,INC-2855,test,0
2854,INC-2856,test,0
2855,INC-2857,train,0
2856,INC-2858,train,0
2857,INC-2859,train,1
2858,INC-2860,train,0
2859,INC-2861,train,0
2860,INC-2862,train,0
2861,INC-2863,train,0
2862,INC-2864,test,0
2863,INC-2865,train,0
2864,INC-2866,train,0
2865,INC-2867,test,0
2866,INC-2868,train,0
2867,INC-2869,train,1
2868,INC-2870,train,0
2869,INC-2871,train,0
2870,INC-2872,test,0
2871,INC-2873,train,0
2872,INC-2874,train,0
2873,INC-2875,train,1
2874,INC-2876,train,0
2875,INC-2877,train,0
2876,INC-2878,train,1
2877,INC-2879,train,1
2878,INC-2880,train,1
2879,INC-2881,train,1
2880,INC-2882,train,1
2881,INC-2883,test,0
2882,INC-2884,train,1
2883,INC-2885,train,0
2884,INC-2886,train,0
2885,INC-2887,train,0
2886,INC-2888,test,1
2887,INC-2889,train,0
2888,INC-2890,train,0
2889,INC-2891,train,1
2890,INC-2892,train,1
2891,INC-2893,train,1
2892,INC-2894,train,0
2893,INC-2895,train,0
2894,INC-2896,test,1
2895,INC-2897,train,0
2896,INC-2898,train,0
2897,INC-2899,train,0
2898,INC-2900,test,0
2899,INC-2901,test,1
2900,INC-2902,test,0
2901,INC-2903,train,0
2902,INC-2904,test,0
2903,INC-2905,train,0
2904,INC-2906,test,1
2905,INC-2907,train,1
2906,INC-2908,test,1
2907,INC-2909,test,0
2908,INC-2910,train,0
2909,INC-2911,test,0
2910,INC-2912,train,0
2911,INC-2913,train,0
2912,INC-2914,train,0
2913,INC-2915,train,0
2914,INC-2916,train,0
2915,INC-2917,train,1
2916,INC-2918,train,0
2917,INC-2919,train,0
2918,INC-2920,train,1
2919,INC-2921,train,1
2920,INC-2922,train,1
2921,INC-2923,train,0
2922,INC-2924,train,0
2923,INC-2925,train,0
2924,INC-2926,train,0
2925,INC-2927,train,0
2926,INC-2928,train,1
2927,INC-2929,test,0
2928,INC-2930,train,0
2929,INC-2931,train,0
2930,INC-2932,train,0
2931,INC-2933,train,0
2932,INC-2934,train,0
2933,INC-2935,test,0
2934,INC-2936,train,0
2935,INC-2937,train,1
2936,INC-2938,train,0
2937,INC-2939,train,0
2938,INC-2940,train,0
2939,INC-2941,train,0
2940,INC-2942,train,0
2941,INC-2943,train,1
2942,INC-2944,train,0
2943,INC-2945,train,1
2944,INC-2946,train,0
2945,INC-2947,train,0
2946,INC-2948,train,1
2947,INC-2949,train,0
2948,INC-2950,train,0
2949,INC-2951,train,0
2950,INC-2952,train,0
2951,INC-2953,train,0
2952,INC-2954,train,1
2953,INC-2955,train,0
2954,INC-2956,train,0
2955,INC-2957,train,1
2956,INC-2958,train,0
2957,INC-2959,test,0
2958,INC-2960,train,0
2959,INC-2961,train,0
2960,INC-2962,train,1
2961,INC-2963,train,1
2962,INC-2964,train,0
2963,INC-2965,train,0
2964,INC-2966,train,0
2965,INC-2967,train,1
2966,INC-2968,train,0
2967,INC-2969,train,0
2968,INC-2970,train,0
2969,INC-2971,train,0
2970,INC-2972,test,0
2971,INC-2973,train,0
2972,INC-2974,test,0
2973,INC-2975,test,0
2974,INC-2976,train,0
2975,INC-2977,train,1
2976,INC-2978,train,0
2977,INC-2979,train,0
2978,INC-2980,train,1
2979,INC-2981,train,0
2980,INC-2982,test,0
2981,INC-2983,test,1
2982,INC-2984,train,0
2983,INC-2985,test,0
2984,INC-2986,train,0
2985,INC-2987,train,0
2986,INC-2988,test,0
2987,INC-2989,test,0
2988,INC-2990,test,0
2989,INC-2991,train,0
2990,INC-2992,train,0
2991,INC-2993,train,0
2992,INC-2994,train,0
2993,INC-2995,train,0
2994,INC-2996,train,0
2995,INC-2997,test,1
2996,INC-2998,train,0
2997,INC-2999,train,0
2998,INC-3000,train,0
2999,INC-3001,test,1
3000,INC-3002,train,1
3001,INC-3003,train,0
3002,INC-3004,train,1
3003,INC-3005,train,0
3004,INC-3006,train,0
3005,INC-3007,train,0
3006,INC-3008,test,0
3007,INC-3009,train,1
3008,INC-3010,train,0
3009,INC-3011,train,0
3010,INC-3012,train,1
3011,INC-3013,train,0
3012,INC-3014,test,1
3013,INC-3015,train,1
3014,INC-3016,train,1
3015,INC-3017,train,1
3016,INC-3018,train,0
3017,INC-3019,train,0
3018,INC-3020,train,0
3019,INC-3021,test,1
3020,INC-3022,train,0
3021,INC-3023,train,0
3022,INC-3024,train,0
3023,INC-3025,train,1
3024,INC-3026,train,0
3025,INC-3027,train,1
3026,INC-3028,train,0
3027,INC-3029,train,0
3028,INC-3030,train,0
3029,INC-3031,train,0
3030,INC-3032,train,0
3031,INC-3033,train,0
3032,INC-3034,train,0
3033,INC-3035,train,0
3034,INC-3036,train,0
3035,INC-3037,train,0
3036,INC-3038,train,0
3037,INC-3039,train,0
3038,INC-3040,train,0
3039,INC-3041,test,0
3040,INC-3042,train,1
3041,INC-3043,train,0
3042,INC-3044,train,0
3043,INC-3045,train,0
3044,INC-3046,test,0
3045,INC-3047,train,0
3046,INC-3048,train,0
3047,INC-3049,train,0
3048,INC-3050,train,0
3049,INC-3051,train,0
3050,INC-3052,train,0
3051,INC-3053,train,0
3052,INC-3054,test,0
3053,INC-3055,train,0
3054,INC-3056,train,0
3055,INC-3057,train,0
3056,INC-3058,train,0
3057,INC-3059,train,0
3058,INC-3060,train,0
3059,INC-3061,train,0
3060,INC-3062,train,0
3061,INC-3063,train,0
3062,INC-3064,test,0
3063,INC-3065,train,0
3064,INC-3066,train,0
3065,INC-3067,train,0
3066,INC-3068,train,0
3067,INC-3069,train,0
3068,INC-3070,train,0
3069,INC-3071,train,1
3070,INC-3072,train,0
3071,INC-3073,train,0
3072,INC-3074,train,0
3073,INC-3075,train,0
3074,INC-3076,train,0
3075,INC-3077,train,0
3076,INC-3078,test,0
3077,INC-3079,test,0
3078,INC-3080,train,0
3079,INC-3081,train,0
3080,INC-3082,train,0
3081,INC-3083,test,1
3082,INC-3084,train,0
3083,INC-3085,train,0
3084,INC-3086,train,0
3085,INC-3087,train,0
3086,INC-3088,train,0
3087,INC-3089,train,0
3088,INC-3090,train,1
3089,INC-3091,test,0
3090,INC-3092,train,1
3091,INC-3093,train,0
3092,INC-3094,train,1
3093,INC-3095,train,0
3094,INC-3096,train,0
3095,INC-3097,test,0
3096,INC-3098,test,1
3097,INC-3099,train,1
3098,INC-3100,train,0
3099,INC-3101,train,0
3100,INC-3102,train,0
3101,INC-3103,train,0
3102,INC-3104,train,0
3103,INC-3105,train,0
3104,INC-3106,train,0
3105,INC-3107,train,0
3106,INC-3108,train,1
3107,INC-3109,train,1
3108,INC-3110,train,1
3109,INC-3111,train,0
3110,INC-3112,train,0
3111,INC-3113,train,0
3112,INC-3114,train,0
3113,INC-3115,train,0
3114,INC-3116,train,0
3115,INC-3117,train,0
3116,INC-3118,train,0
3117,INC-3119,train,0
3118,INC-3120,train,0
3119,INC-3121,train,0
3120,INC-3122,train,0
3121,INC-3123,train,0
3122,INC-3124,train,0
3123,INC-3125,train,0
3124,INC-3126,train,1
3125,INC-3127,train,0
3126,INC-3128,train,0
3127,INC-3129,train,0
3128,INC-3130,train,0
3129,INC-3131,train,0
3130,INC-3132,test,0
3131,INC-3133,train,0
3132,INC-3134,train,0
3133,INC-3135,train,0
3134,INC-3136,train,0
3135,INC-3137,test,0
3136,INC-3138,train,0
3137,INC-3139,train,0
3138,INC-3140,train,1
3139,INC-3141,train,0
3140,INC-3142,train,1
3141,INC-3143,train,0
3142,INC-3144,train,0
3143,INC-3145,train,1
3144,INC-3146,train,0
3145,INC-3147,train,0
3146,INC-3148,train,0
3147,INC-3149,train,1
3148,INC-3150,test,0
3149,INC-3151,train,0
3150,INC-3152,train,0
3151,INC-3153,test,1
3152,INC-3154,train,0
3153,INC-3155,train,1
3154,INC-3156,train,0
3155,INC-3157,train,0
3156,INC-3158,train,0
3157,INC-3159,test,0
3158,INC-3160,train,0
3159,INC-3161,test,1
3160,INC-3162,train,1
3161,INC-3163,train,0
3162,INC-3164,train,1
3163,INC-3165,train,0
3164,INC-3166,train,0
3165,INC-3167,train,0
3166,INC-3168,test,0
3167,INC-3169,train,0
3168,INC-3170,test,1
3169,INC-3171,train,0
3170,INC-3172,train,0
3171,INC-3173,test,0
3172,INC-3174,train,0
3173,INC-3175,test,0
3174,INC-3176,test,0
3175,INC-3177,test,1
3176,INC-3178,train,0
3177,INC-3179,train,0
3178,INC-3180,train,1
3179,INC-3181,test,0
3180,INC-3182,train,0
3181,INC-3183,test,1
3182,INC-3184,train,0
3183,INC-3185,train,0
3184,INC-3186,train,0
3185,INC-3187,train,0
3186,INC-3188,train,1
3187,INC-3189,test,0
3188,INC-3190,train,0
3189,INC-3191,train,0
3190,INC-3192,train,1
3191,INC-3193,test,1
3192,INC-3194,test,0
3193,INC-3195,train,1
3194,INC-3196,train,0
3195,INC-3197,train,0
3196,INC-3198,test,0
3197,INC-3199,train,0
3198,INC-3200,train,0
3199,INC-3201,train,0
3200,INC-3202,train,1
3201,INC-3203,train,0
3202,INC-3204,test,0
3203,INC-3205,train,0
3204,INC-3206,train,0
3205,INC-3207,train,0
3206,INC-3208,train,0
3207,INC-3209,train,0
3208,INC-3210,test,0
3209,INC-3211,test,0
3210,INC-3212,train,0
3211,INC-3213,test,0
3212,INC-3214,train,1
3213,INC-3215,train,1
3214,INC-3216,train,1
3215,INC-3217,train,1
3216,INC-3218,train,0
3217,INC-3219,train,0
3218,INC-3220,train,0
3219,INC-3221,train,0
3220,INC-3222,train,1
3221,INC-3223,train,0
3222,INC-3224,train,1
3223,INC-3225,train,0
3224,INC-3226,train,1
3225,INC-3227,train,1
3226,INC-3228,train,0
3227,INC-3229,train,1
3228,INC-3230,test,0
3229,INC-3231,train,1
3230,INC-3232,train,0
3231,INC-3233,train,0
3232,INC-3234,train,1
3233,INC-3235,test,0
3234,INC-3236,train,1
3235,INC-3237,train,0
3236,INC-3238,train,0
3237,INC-3239,train,0
3238,INC-3240,train,0
3239,INC-3241,train,0
3240,INC-3242,train,0
3241,INC-3243,test,0
3242,INC-3244,train,0
3243,INC-3245,train,0
3244,INC-3246,train,0
3245,INC-3247,train,0
3246,INC-3248,train,1
3247,INC-3249,test,0
3248,INC-3250,train,0
3249,INC-3251,test,1
3250,INC-3252,test,1
3251,INC-3253,train,0
3252,INC-3254,train,0
3253,INC-3255,train,0
3254,INC-3256,train,0
3255,INC-3257,train,0
3256,INC-3258,train,1
3257,INC-3259,train,1
3258,INC-3260,train,0
3259,INC-3261,train,1
3260,INC-3262,train,1
3261,INC-3263,train,0
3262,INC-3264,train,1
3263,INC-3265,train,0
3264,INC-3266,train,0
3265,INC-3267,test,0
3266,INC-3268,train,1
3267,INC-3269,test,1
3268,INC-3270,train,0
3269,INC-3271,test,0
3270,INC-3272,train,0
3271,INC-3273,train,0
3272,INC-3274,test,1
3273,INC-3275,train,1
3274,INC-3276,train,0
3275,INC-3277,train,0
3276,INC-3278,train,0
3277,INC-3279,test,0
3278,INC-3280,test,0
3279,INC-3281,train,0
3280,INC-3282,test,0
3281,INC-3283,train,0
3282,INC-3284,train,0
3283,INC-3285,test,0
3284,INC-3286,train,0
3285,INC-3287,train,0
3286,INC-3288,train,0
3287,INC-3289,train,0
3288,INC-3290,train,1
3289,INC-3291,train,0
3290,INC-3292,train,0
3291,INC-3293,train,0
3292,INC-3294,train,0
3293,INC-3295,train,0
3294,INC-3296,test,0
3295,INC-3297,train,0
3296,INC-3298,train,0
3297,INC-3299,train,1
3298,INC-3300,train,0
3299,INC-3301,train,0
3300,INC-3302,train,0
3301,INC-3303,train,0
3302,INC-3304,train,0
3303,INC-3305,train,0
3304,INC-3306,train,0
3305,INC-3307,train,1
3306,INC-3308,train,0
3307,INC-3309,test,0
3308,INC-3310,train,0
3309,INC-3311,train,0
3310,INC-3312,train,0
3311,INC-3313,train,1
3312,INC-3314,train,1
3313,INC-3315,train,1
3314,INC-3316,train,0
3315,INC-3317,train,0
3316,INC-3318,train,0
3317,INC-3319,train,0
3318,INC-3320,train,0
3319,INC-3321,train,0
3320,INC-3322,train,0
3321,INC-3323,train,1
3322,INC-3324,train,0
3323,INC-3325,test,0
3324,INC-3326,test,1
3325,INC-3327,train,1
3326,INC-3328,train,0
3327,INC-3329,train,0
3328,INC-3330,test,0
3329,INC-3331,train,0
3330,INC-3332,train,0
3331,INC-3333,train,1
3332,INC-3334,test,0
3333,INC-3335,train,0
3334,INC-3336,train,0
3335,INC-3337,train,1
3336,INC-3338,test,0
3337,INC-3339,train,1
3338,INC-3340,train,1
3339,INC-3341,test,1
3340,INC-3342,train,0
3341,INC-3343,test,1
3342,INC-3344,train,0
3343,INC-3345,train,0
3344,INC-3346,test,0
3345,INC-3347,train,0
3346,INC-3348,train,0
3347,INC-3349,test,0
3348,INC-3350,train,0
3349,INC-3351,train,0
3350,INC-3352,train,0
3351,INC-3353,train,0
3352,INC-3354,train,0
3353,INC-3355,train,0
3354,INC-3356,test,0
3355,INC-3357,train,1
3356,INC-3358,train,0
3357,INC-3359,train,1
3358,INC-3360,train,1
3359,INC-3361,train,1
3360,INC-3362,test,0
3361,INC-3363,train,0
3362,INC-3364,test,0
3363,INC-3365,test,0
3364,INC-3366,train,1
3365,INC-3367,train,0
3366,INC-3368,test,0
3367,INC-3369,train,0
3368,INC-3370,train,1
3369,INC-3371,train,0
3370,INC-3372,train,0
3371,INC-3373,train,0
3372,INC-3374,train,0
3373,INC-3375,test,0
3374,INC-3376,train,0
3375,INC-3377,test,0
3376,INC-3378,train,0
3377,INC-3379,train,0
3378,INC-3380,train,0
3379,INC-3381,train,0
3380,INC-3382,train,0
3381,INC-3383,train,0
3382,INC-3384,test,0
3383,INC-3385,train,0
3384,INC-3386,train,1
3385,INC-3387,train,1
3386,INC-3388,test,1
3387,INC-3389,train,0
3388,INC-3390,train,0
3389,INC-3391,train,0
3390,INC-3392,train,0
3391,INC-3393,train,0
3392,INC-3394,train,0
3393,INC-3395,train,0
3394,INC-3396,train,0
3395,INC-3397,train,0
3396,INC-3398,train,0
3397,INC-3399,train,0
3398,INC-3400,train,0
3399,INC-3401,test,1
3400,INC-3402,train,0
3401,INC-3403,train,0
3402,INC-3404,test,1
3403,INC-3405,train,0
3404,INC-3406,train,0
3405,INC-3407,test,0
3406,INC-3408,train,1
3407,INC-3409,test,0
3408,INC-3410,train,0
3409,INC-3411,train,0
3410,INC-3412,train,0
3411,INC-3413,train,0
3412,INC-3414,train,0
3413,INC-3415,train,0
3414,INC-3416,train,0
3415,INC-3417,test,0
3416,INC-3418,test,0
3417,INC-3419,train,1
3418,INC-3420,train,0
3419,INC-3421,test,0
3420,INC-3422,train,1
3421,INC-3423,train,0
3422,INC-3424,train,0
3423,INC-3425,train,1
3424,INC-3426,train,0
3425,INC-3427,train,0
3426,INC-3428,train,0
3427,INC-3429,train,1
3428,INC-3430,train,1
3429,INC-3431,train,1
3430,INC-3432,train,0
3431,INC-3433,train,0
3432,INC-3434,train,0
3433,INC-3435,train,0
3434,INC-3436,test,0
3435,INC-3437,test,1
3436,INC-3438,train,0
3437,INC-3439,train,1
3438,INC-3440,train,1
3439,INC-3441,train,0
3440,INC-3442,train,0
3441,INC-3443,train,0
3442,INC-3444,train,1
3443,INC-3445,train,0
3444,INC-3446,train,1
3445,INC-3447,test,0
3446,INC-3448,test,1
3447,INC-3449,test,0
3448,INC-3450,train,0
3449,INC-3451,test,0
3450,INC-3452,train,0
3451,INC-3453,train,1
3452,INC-3454,train,0
3453,INC-3455,train,0
3454,INC-3456,train,0
3455,INC-3457,train,0
3456,INC-3458,train,0
3457,INC-3459,train,0
3458,INC-3460,test,0
3459,INC-3461,train,0
3460,INC-3462,train,1
3461,INC-3463,train,1
3462,INC-3464,train,1
3463,INC-3465,train,0
3464,INC-3466,train,0
3465,INC-3467,train,0
3466,INC-3468,test,0
3467,INC-3469,train,1
3468,INC-3470,train,1
3469,INC-3471,train,0
3470,INC-3472,train,0
3471,INC-3473,train,1
3472,INC-3474,train,1
3473,INC-3475,train,1
3474,INC-3476,train,1
3475,INC-3477,train,0
3476,INC-3478,train,1
3477,INC-3479,train,1
3478,INC-3480,train,0
3479,INC-3481,train,1
3480,INC-3482,train,1
3481,INC-3483,train,1
3482,INC-3484,train,0
3483,INC-3485,train,1
3484,INC-3486,train,0
3485,INC-3487,train,0
3486,INC-3488,train,0
3487,INC-3489,train,1
3488,INC-3490,train,0
3489,INC-3491,train,0
3490,INC-3492,train,0
3491,INC-3493,train,0
3492,INC-3494,train,0
3493,INC-3495,train,0
3494,INC-3496,train,0
3495,INC-3497,test,1
3496,INC-3498,train,1
3497,INC-3499,train,0
3498,INC-3500,test,0
3499,INC-3501,test,1
3500,INC-3502,train,1
3501,INC-3503,test,1
3502,INC-3504,train,0
3503,INC-3505,train,0
3504,INC-3506,test,0
3505,INC-3507,train,0
3506,INC-3508,train,0
3507,INC-3509,train,0
3508,INC-3510,train,0
3509,INC-3511,train,0
3510,INC-3512,test,0
3511,INC-3513,train,0
3512,INC-3514,train,0
3513,INC-3515,train,1
3514,INC-3516,train,0
3515,INC-3517,train,0
3516,INC-3518,test,0
3517,INC-3519,train,0
3518,INC-3520,train,0
3519,INC-3521,train,0
3520,INC-3522,train,0
3521,INC-3523,train,0
3522,INC-3524,train,0
3523,INC-3525,train,1
3524,INC-3526,train,1
3525,INC-3527,train,0
3526,INC-3528,train,1
3527,INC-3529,train,1
3528,INC-3530,test,1
3529,INC-3531,test,0
3530,INC-3532,train,0
3531,INC-3533,train,1
3532,INC-3534,train,1
3533,INC-3535,train,0
3534,INC-3536,train,0
3535,INC-3537,train,0
3536,INC-3538,train,1
3537,INC-3539,train,0
3538,INC-3540,train,0
3539,INC-3541,train,0
3540,INC-3542,train,1
3541,INC-3543,train,0
3542,INC-3544,train,0
3543,INC-3545,train,0
3544,INC-3546,test,1
3545,INC-3547,train,1
3546,INC-3548,train,0
3547,INC-3549,train,0
3548,INC-3550,train,0
3549,INC-3551,train,0
3550,INC-3552,train,0
3551,INC-3553,train,1
3552,INC-3554,train,1
3553,INC-3555,train,0
3554,INC-3556,train,0
3555,INC-3557,train,0
3556,INC-3558,train,0
3557,INC-3559,train,1
3558,INC-3560,test,0
3559,INC-3561,train,0
3560,INC-3562,train,0
3561,INC-3563,train,1
3562,INC-3564,train,1
3563,INC-3565,train,1
3564,INC-3566,test,0
3565,INC-3567,train,0
3566,INC-3568,train,0
3567,INC-3569,train,0
3568,INC-3570,train,0
3569,INC-3571,train,0
3570,INC-3572,train,1
3571,INC-3573,train,0
3572,INC-3574,train,0
3573,INC-3575,train,1
3574,INC-3576,test,1
3575,INC-3577,train,1
3576,INC-3578,train,0
3577,INC-3579,train,0
3578,INC-3580,train,1
3579,INC-3581,test,0
3580,INC-3582,train,0
3581,INC-3583,train,0
3582,INC-3584,train,0
3583,INC-3585,train,0
3584,INC-3586,train,1
3585,INC-3587,train,0
3586,INC-3588,train,0
3587,INC-3589,train,0
3588,INC-3590,train,0
3589,INC-3591,train,0
3590,INC-3592,train,0
3591,INC-3593,train,1
3592,INC-3594,train,0
3593,INC-3595,train,0
3594,INC-3596,train,0
3595,INC-3597,train,0
3596,INC-3598,train,1
3597,INC-3599,train,0
3598,INC-3600,train,1
3599,INC-3601,test,1
3600,INC-3602,train,0
3601,INC-3603,train,0
3602,INC-3604,train,0
3603,INC-3605,train,0
3604,INC-3606,train,1
3605,INC-3607,test,0
3606,INC-3608,train,0
3607,INC-3609,test,0
3608,INC-3610,train,0
3609,INC-3611,train,0
3610,INC-3612,train,0
3611,INC-3613,train,0
3612,INC-3614,test,0
3613,INC-3615,train,0
3614,INC-3616,test,0
3615,INC-3617,train,0
3616,INC-3618,train,0
3617,INC-3619,train,1
3618,INC-3620,train,0
3619,INC-3621,train,1
3620,INC-3622,train,0
3621,INC-3623,test,0
3622,INC-3624,train,0
3623,INC-3625,test,0
3624,INC-3626,train,0
3625,INC-3627,train,0
3626,INC-3628,train,1
3627,INC-3629,train,0
3628,INC-3630,train,1
3629,INC-3631,train,0
3630,INC-3632,train,0
3631,INC-3633,train,0
3632,INC-3634,train,0
3633,INC-3635,train,0
3634,INC-3636,test,1
3635,INC-3637,train,0
3636,INC-3638,train,0
3637,INC-3639,train,1
3638,INC-3640,train,1
3639,INC-3641,train,0
3640,INC-3642,test,0
3641,INC-3643,test,1
3642,INC-3644,train,0
3643,INC-3645,test,0
3644,INC-3646,test,1
3645,INC-3647,train,0
3646,INC-3648,train,0
3647,INC-3649,test,1
3648,INC-3650,train,0
3649,INC-3651,train,0
3650,INC-3652,train,1
3651,INC-3653,train,0
3652,INC-3654,train,0
3653,INC-3655,train,0
3654,INC-3656,train,1
3655,INC-3657,test,0
3656,INC-3658,train,0
3657,INC-3659,train,0
3658,INC-3660,train,0
3659,INC-3661,train,0
3660,INC-3662,test,0
3661,INC-3663,test,1
3662,INC-3664,train,0
3663,INC-3665,train,1
3664,INC-3666,train,0
3665,INC-3667,test,0
3666,INC-3668,test,0
3667,INC-3669,test,0
3668,INC-3670,train,0
3669,INC-3671,train,0
3670,INC-3672,train,0
3671,INC-3673,test,0
3672,INC-3674,train,0
3673,INC-3675,test,0
3674,INC-3676,test,0
3675,INC-3677,train,0
3676,INC-3678,train,0
3677,INC-3679,train,1
3678,INC-3680,train,0
3679,INC-3681,train,0
3680,INC-3682,train,0
3681,INC-3683,train,0
3682,INC-3684,train,0
3683,INC-3685,train,1
3684,INC-3686,train,1
3685,INC-3687,train,1
3686,INC-3688,train,0
3687,INC-3689,train,0
3688,INC-3690,train,0
3689,INC-3691,test,0
3690,INC-3692,train,0
3691,INC-3693,test,0
3692,INC-3694,train,1
3693,INC-3695,test,0
3694,INC-3696,train,0
3695,INC-3697,test,0
3696,INC-3698,train,0
3697,INC-3699,test,0
3698,INC-3700,test,1
3699,INC-3701,train,1
3700,INC-3702,test,0
3701,INC-3703,test,0
3702,INC-3704,train,0
3703,INC-3705,train,0
3704,INC-3706,train,1
3705,INC-3707,train,0
3706,INC-3708,test,0
3707,INC-3709,test,0
3708,INC-3710,train,0
3709,INC-3711,test,0
3710,INC-3712,train,0
3711,INC-3713,train,1
3712,INC-3714,train,0
3713,INC-3715,train,0
3714,INC-3716,train,0
3715,INC-3717,train,1
3716,INC-3718,test,0
3717,INC-3719,train,0
3718,INC-3720,train,0
3719,INC-3721,train,0
3720,INC-3722,train,0
3721,INC-3723,train,0
3722,INC-3724,train,0
3723,INC-3725,train,1
3724,INC-3726,train,1
3725,INC-3727,train,0
3726,INC-3728,train,0
3727,INC-3729,test,1
3728,INC-3730,test,1
3729,INC-3731,train,1
3730,INC-3732,train,1
3731,INC-3733,train,0
3732,INC-3734,train,0
3733,INC-3735,train,0
3734,INC-3736,train,0
3735,INC-3737,train,1
3736,INC-3738,train,1
3737,INC-3739,train,0
3738,INC-3740,train,0
3739,INC-3741,train,0
3740,INC-3742,test,0
3741,INC-3743,train,0
3742,INC-3744,train,0
3743,INC-3745,train,0
3744,INC-3746,test,1
3745,INC-3747,train,1
3746,INC-3748,test,0
3747,INC-3749,train,0
3748,INC-3750,train,1
3749,INC-3751,train,0
3750,INC-3752,train,0
3751,INC-3753,train,0
3752,INC-3754,train,0
3753,INC-3755,train,0
3754,INC-3756,test,0
3755,INC-3757,train,0
3756,INC-3758,train,0
3757,INC-3759,test,0
3758,INC-3760,train,1
3759,INC-3761,test,1
3760,INC-3762,train,1
3761,INC-3763,train,0
3762,INC-3764,train,0
3763,INC-3765,test,0
3764,INC-3766,test,0
3765,INC-3767,test,1
3766,INC-3768,train,0
3767,INC-3769,test,1
3768,INC-3770,train,0
3769,INC-3771,train,0
3770,INC-3772,test,1
3771,INC-3773,test,0
3772,INC-3774,test,1
3773,INC-3775,train,0
3774,INC-3776,train,0
3775,INC-3777,train,0
3776,INC-3778,train,0
3777,INC-3779,train,1
3778,INC-3780,train,1
3779,INC-3781,train,1
3780,INC-3782,train,0
3781,INC-3783,train,0
3782,INC-3784,test,0
3783,INC-3785,train,0
3784,INC-3786,train,0
3785,INC-3787,train,1
3786,INC-3788,train,0
3787,INC-3789,train,0
3788,INC-3790,train,1
3789,INC-3791,train,0
3790,INC-3792,train,0
3791,INC-3793,test,1
3792,INC-3794,train,0
3793,INC-3795,train,0
3794,INC-3796,test,0
3795,INC-3797,test,1
3796,INC-3798,train,1
3797,INC-3799,train,0
3798,INC-3800,test,1
3799,INC-3801,train,1
3800,INC-3802,test,1
3801,INC-3803,test,0
3802,INC-3804,train,0
3803,INC-3805,train,0
3804,INC-3806,train,1
3805,INC-3807,test,0
3806,INC-3808,train,0
3807,INC-3809,train,0
3808,INC-3810,test,0
3809,INC-3811,train,0
3810,INC-3812,train,1
3811,INC-3813,train,0
3812,INC-3814,train,1
3813,INC-3815,test,0
3814,INC-3816,train,1
3815,INC-3817,test,1
3816,INC-3818,train,0
3817,INC-3819,train,0
3818,INC-3820,train,1
3819,INC-3821,train,0
3820,INC-3822,train,1
3821,INC-3823,train,0
3822,INC-3824,train,0
3823,INC-3825,train,0
3824,INC-3826,test,0
3825,INC-3827,train,1
3826,INC-3828,train,1
3827,INC-3829,train,0
3828,INC-3830,train,1
3829,INC-3831,train,1
3830,INC-3832,train,1
3831,INC-3833,train,0
3832,INC-3834,train,0
3833,INC-3835,train,0
3834,INC-3836,train,0
3835,INC-3837,train,0
3836,INC-3838,train,0
3837,INC-3839,test,0
3838,INC-3840,train,1
3839,INC-3841,train,0
3840,INC-3842,train,0
3841,INC-3843,train,0
3842,INC-3844,train,0
3843,INC-3845,train,1
3844,INC-3846,train,0
3845,INC-3847,test,0
3846,INC-3848,train,1
3847,INC-3849,test,0
3848,INC-3850,train,1
3849,INC-3851,train,0
3850,INC-3852,train,0
3851,INC-3853,train,0
3852,INC-3854,train,0
3853,INC-3855,test,0
3854,INC-3856,train,0
3855,INC-3857,train,0
3856,INC-3858,train,0
3857,INC-3859,train,1
3858,INC-3860,train,1
3859,INC-3861,train,0
3860,INC-3862,test,0
3861,INC-3863,train,0
3862,INC-3864,train,0
3863,INC-3865,test,0
3864,INC-3866,train,0
3865,INC-3867,train,0
3866,INC-3868,train,0
3867,INC-3869,train,0
3868,INC-3870,train,0
3869,INC-3871,train,1
3870,INC-3872,train,0
3871,INC-3873,train,0
3872,INC-3874,train,0
3873,INC-3875,train,0
3874,INC-3876,train,0
3875,INC-3877,train,1
3876,INC-3878,test,0
3877,INC-3879,train,0
3878,INC-3880,train,0
3879,INC-3881,test,0
3880,INC-3882,test,1
3881,INC-3883,train,1
3882,INC-3884,train,1
3883,INC-3885,train,1
3884,INC-3886,train,0
3885,INC-3887,train,0
3886,INC-3888,train,1
3887,INC-3889,test,0
3888,INC-3890,train,0
3889,INC-3891,test,0
3890,INC-3892,test,0
3891,INC-3893,train,0
3892,INC-3894,train,0
3893,INC-3895,test,0
3894,INC-3896,train,0
3895,INC-3897,train,0
3896,INC-3898,test,1
3897,INC-3899,test,0
3898,INC-3900,train,1
3899,INC-3901,train,0
3900,INC-3902,train,0
3901,INC-3903,train,1
3902,INC-3904,train,0
3903,INC-3905,train,0
3904,INC-3906,train,0
3905,INC-3907,train,1
3906,INC-3908,train,0
3907,INC-3909,train,0
3908,INC-3910,train,0
3909,INC-3911,train,0
3910,INC-3912,train,1
3911,INC-3913,train,0
3912,INC-3914,train,0
3913,INC-3915,train,1
3914,INC-3916,train,0
3915,INC-3917,test,0
3916,INC-3918,train,0
3917,INC-3919,train,0
3918,INC-3920,train,0
3919,INC-3921,test,1
3920,INC-3922,train,0
3921,INC-3923,train,1
3922,INC-3924,test,0
3923,INC-3925,train,0
3924,INC-3926,test,0
3925,INC-3927,train,0
3926,INC-3928,train,0
3927,INC-3929,train,0
3928,INC-3930,train,0
3929,INC-3931,train,0
3930,INC-3932,train,1
3931,INC-3933,train,0
3932,INC-3934,train,0
3933,INC-3935,train,1
3934,INC-3936,train,1
3935,INC-3937,train,0
3936,INC-3938,train,0
3937,INC-3939,train,0
3938,INC-3940,train,0
3939,INC-3941,train,0
3940,INC-3942,train,1
3941,INC-3943,test,0
3942,INC-3944,train,1
3943,INC-3945,train,1
3944,INC-3946,train,0
3945,INC-3947,train,0
3946,INC-3948,test,0
3947,INC-3949,train,1
3948,INC-3950,train,0
3949,INC-3951,train,0
3950,INC-3952,train,0
3951,INC-3953,train,0
3952,INC-3954,train,0
3953,INC-3955,train,1
3954,INC-3956,test,0
3955,INC-3957,train,0
3956,INC-3958,train,0
3957,INC-3959,test,0
3958,INC-3960,train,0
3959,INC-3961,train,1
3960,INC-3962,train,1
3961,INC-3963,test,1
3962,INC-3964,train,0
3963,INC-3965,train,0
3964,INC-3966,train,1
3965,INC-3967,train,1
3966,INC-3968,train,1
3967,INC-3969,train,1
3968,INC-3970,train,0
3969,INC-3971,train,1
3970,INC-3972,train,0
3971,INC-3973,train,0
3972,INC-3974,train,0
3973,INC-3975,test,0
3974,INC-3976,train,0
3975,INC-3977,train,0
3976,INC-3978,train,0
3977,INC-3979,train,0
3978,INC-3980,test,1
3979,INC-3981,train,1
3980,INC-3982,train,0
3981,INC-3983,train,0
3982,INC-3984,train,0
3983,INC-3985,train,0
3984,INC-3986,train,0
3985,INC-3987,train,0
3986,INC-3988,train,0
3987,INC-3989,train,1
3988,INC-3990,train,0
3989,INC-3991,train,1
3990,INC-3992,train,0
3991,INC-3993,train,0
3992,INC-3994,test,0
3993,INC-3995,train,0
3994,INC-3996,train,1
3995,INC-3997,train,1
3996,INC-3998,train,0
3997,INC-3999,train,0
3998,INC-4000,test,0
3999,INC-4001,train,1
4000,INC-4002,train,0
4001,INC-4003,train,0
4002,INC-4004,train,0
4003,INC-4005,train,0
4004,INC-4006,train,0
4005,INC-4007,train,1
4006,INC-4008,train,1
4007,INC-4009,test,1
4008,INC-4010,train,0
4009,INC-4011,train,0
4010,INC-4012,test,0
4011,INC-4013,train,0
4012,INC-4014,train,0
4013,INC-4015,test,0
4014,INC-4016,train,1
4015,INC-4017,train,1
4016,INC-4018,train,1
4017,INC-4019,train,0
4018,INC-4020,train,1
4019,INC-4021,train,0
4020,INC-4022,train,1
4021,INC-4023,test,0
4022,INC-4024,train,0
4023,INC-4025,train,0
4024,INC-4026,test,0
4025,INC-4027,train,0
4026,INC-4028,test,0
4027,INC-4029,test,1
4028,INC-4030,test,1
4029,INC-4031,train,1
4030,INC-4032,test,1
4031,INC-4033,train,0
4032,INC-4034,train,1
4033,INC-4035,train,0
4034,INC-4036,train,0
4035,INC-4037,train,1
4036,INC-4038,train,1
4037,INC-4039,train,1
4038,INC-4040,train,0
4039,INC-4041,train,0
4040,INC-4042,test,0
4041,INC-4043,test,0
4042,INC-4044,train,0
4043,INC-4045,test,0
4044,INC-4046,train,0
4045,INC-4047,train,1
4046,INC-4048,train,0
4047,INC-4049,train,0
4048,INC-4050,train,0
4049,INC-4051,test,0
4050,INC-4052,train,0
4051,INC-4053,train,0
4052,INC-4054,train,0
4053,INC-4055,train,1
4054,INC-4056,test,1
4055,INC-4057,train,0
4056,INC-4058,train,0
4057,INC-4059,test,0
4058,INC-4060,train,1
4059,INC-4061,train,0
4060,INC-4062,train,0
4061,INC-4063,train,0
4062,INC-4064,train,0
4063,INC-4065,train,0
4064,INC-4066,train,0
4065,INC-4067,test,1
4066,INC-4068,train,0
4067,INC-4069,train,0
4068,INC-4070,train,1
4069,INC-4071,train,0
4070,INC-4072,train,0
4071,INC-4073,train,0
4072,INC-4074,train,0
4073,INC-4075,train,0
4074,INC-4076,train,0
4075,INC-4077,test,0
4076,INC-4078,test,0
4077,INC-4079,train,0
4078,INC-4080,train,0
4079,INC-4081,train,0
4080,INC-4082,test,0
4081,INC-4083,train,0
4082,INC-4084,train,0
4083,INC-4085,train,1
4084,INC-4086,train,1
4085,INC-4087,train,1
4086,INC-4088,train,0
4087,INC-4089,train,1
4088,INC-4090,train,0
4089,INC-4091,train,0
4090,INC-4092,train,0
4091,INC-4093,train,0
4092,INC-4094,train,1
4093,INC-4095,train,0
4094,INC-4096,train,1
4095,INC-4097,train,0
4096,INC-4098,train,0
4097,INC-4099,test,0
4098,INC-4100,train,0
4099,INC-4101,test,1
4100,INC-4102,train,0
4101,INC-4103,train,0
4102,INC-4104,train,1
4103,INC-4105,train,0
4104,INC-4106,train,0
4105,INC-4107,train,0
4106,INC-4108,train,0
4107,INC-4109,test,0
4108,INC-4110,train,0
4109,INC-4111,test,0
4110,INC-4112,train,0
4111,INC-4113,train,0
4112,INC-4114,train,0
4113,INC-4115,train,1
4114,INC-4116,train,1
4115,INC-4117,test,1
4116,INC-4118,train,0
4117,INC-4119,train,0
4118,INC-4120,test,0
4119,INC-4121,train,0
4120,INC-4122,train,0
4121,INC-4123,train,1
4122,INC-4124,train,0
4123,INC-4125,test,0
4124,INC-4126,test,0
4125,INC-4127,test,0
4126,INC-4128,train,0
4127,INC-4129,train,0
4128,INC-4130,train,1
4129,INC-4131,train,0
4130,INC-4132,train,0
4131,INC-4133,train,1
4132,INC-4134,train,0
4133,INC-4135,train,0
4134,INC-4136,train,0
4135,INC-4137,train,0
4136,INC-4138,test,0
4137,INC-4139,train,0
4138,INC-4140,train,1
4139,INC-4141,train,0
4140,INC-4142,train,1
4141,INC-4143,test,0
4142,INC-4144,train,0
4143,INC-4145,test,0
4144,INC-4146,train,0
4145,INC-4147,train,0
4146,INC-4148,train,0
4147,INC-4149,train,0
4148,INC-4150,train,0
4149,INC-4151,train,0
4150,INC-4152,train,0
4151,INC-4153,train,0
4152,INC-4154,train,0
4153,INC-4155,train,0
4154,INC-4156,test,0
4155,INC-4157,train,0
4156,INC-4158,train,0
4157,INC-4159,train,1
4158,INC-4160,train,0
4159,INC-4161,train,0
4160,INC-4162,test,0
4161,INC-4163,test,0
4162,INC-4164,train,0
4163,INC-4165,train,1
4164,INC-4166,train,0
4165,INC-4167,train,0
4166,INC-4168,train,0
4167,INC-4169,train,0
4168,INC-4170,train,0
4169,INC-4171,train,0
4170,INC-4172,test,0
4171,INC-4173,train,0
4172,INC-4174,test,0
4173,INC-4175,train,1
4174,INC-4176,train,0
4175,INC-4177,train,0
4176,INC-4178,test,0
4177,INC-4179,train,1
4178,INC-4180,train,0
4179,INC-4181,train,0
4180,INC-4182,train,1
4181,INC-4183,train,0
4182,INC-4184,train,0
4183,INC-4185,test,1
4184,INC-4186,train,0
4185,INC-4187,train,0
4186,INC-4188,test,0
4187,INC-4189,train,0
4188,INC-4190,train,1
4189,INC-4191,train,0
4190,INC-4192,train,0
4191,INC-4193,train,1
4192,INC-4194,test,0
4193,INC-4195,train,0
4194,INC-4196,test,0
4195,INC-4197,train,0
4196,INC-4198,train,1
4197,INC-4199,train,0
4198,INC-4200,train,0
4199,INC-4201,train,0
4200,INC-4202,test,0
4201,INC-4203,train,0
4202,INC-4204,train,0
4203,INC-4205,train,0
4204,INC-4206,test,0
4205,INC-4207,train,1
4206,INC-4208,train,0
4207,INC-4209,test,1
4208,INC-4210,train,0
4209,INC-4211,train,0
4210,INC-4212,train,0
4211,INC-4213,train,0
4212,INC-4214,train,0
4213,INC-4215,train,0
4214,INC-4216,train,0
4215,INC-4217,test,0
4216,INC-4218,train,0
4217,INC-4219,train,1
4218,INC-4220,train,0
4219,INC-4221,train,0
4220,INC-4222,train,1
4221,INC-4223,train,0
4222,INC-4224,train,0
4223,INC-4225,train,0
4224,INC-4226,test,0
4225,INC-4227,train,0
4226,INC-4228,test,1
4227,INC-4229,train,0
4228,INC-4230,train,0
4229,INC-4231,train,0
4230,INC-4232,train,0
4231,INC-4233,test,1
4232,INC-4234,train,0
4233,INC-4235,train,0
4234,INC-4236,train,0
4235,INC-4237,train,1
4236,INC-4238,train,0
4237,INC-4239,train,0
4238,INC-4240,train,0
4239,INC-4241,train,1
4240,INC-4242,test,1
4241,INC-4243,train,0
4242,INC-4244,train,0
4243,INC-4245,test,0
4244,INC-4246,train,0
4245,INC-4247,train,0
4246,INC-4248,train,1
4247,INC-4249,train,1
4248,INC-4250,test,0
4249,INC-4251,train,0
4250,INC-4252,train,1
4251,INC-4253,train,0
4252,INC-4254,train,1
4253,INC-4255,train,1
4254,INC-4256,test,0
4255,INC-4257,train,0
4256,INC-4258,train,0
4257,INC-4259,test,0
4258,INC-4260,train,0
4259,INC-4261,test,1
4260,INC-4262,train,0
4261,INC-4263,train,0
4262,INC-4264,train,0
4263,INC-4265,test,0
4264,INC-4266,train,0
4265,INC-4267,train,0
4266,INC-4268,train,1
4267,INC-4269,test,1
4268,INC-4270,test,0
4269,INC-4271,train,0
4270,INC-4272,test,0
4271,INC-4273,train,0
4272,INC-4274,train,1
4273,INC-4275,train,0
4274,INC-4276,train,0
4275,INC-4277,train,1
4276,INC-4278,train,0
4277,INC-4279,train,0
4278,INC-4280,train,1
4279,INC-4281,train,0
4280,INC-4282,train,1
4281,INC-4283,train,1
4282,INC-4284,train,0
4283,INC-4285,train,0
4284,INC-4286,train,0
4285,INC-4287,train,1
4286,INC-4288,train,0
4287,INC-4289,train,1
4288,INC-4290,train,1
4289,INC-4291,train,0
4290,INC-4292,train,0
4291,INC-4293,test,0
4292,INC-4294,train,1
4293,INC-4295,train,0
4294,INC-4296,train,0
4295,INC-4297,test,0
4296,INC-4298,test,0
4297,INC-4299,train,0
4298,INC-4300,train,1
4299,INC-4301,train,0
4300,INC-4302,test,0
4301,INC-4303,test,0
4302,INC-4304,test,0
4303,INC-4305,train,0
4304,INC-4306,train,0
4305,INC-4307,train,1
4306,INC-4308,train,0
4307,INC-4309,train,1
4308,INC-4310,train,0
4309,INC-4311,train,0
4310,INC-4312,train,1
4311,INC-4313,test,1
4312,INC-4314,train,0
4313,INC-4315,train,1
4314,INC-4316,test,0
4315,INC-4317,train,0
4316,INC-4318,train,1
4317,INC-4319,train,0
4318,INC-4320,train,0
4319,INC-4321,train,0
4320,INC-4322,test,0
4321,INC-4323,train,1
4322,INC-4324,test,0
4323,INC-4325,train,0
4324,INC-4326,train,0
4325,INC-4327,test,1
4326,INC-4328,train,0
4327,INC-4329,train,0
4328,INC-4330,train,0
4329,INC-4331,train,0
4330,INC-4332,train,0
4331,INC-4333,train,0
4332,INC-4334,train,1
4333,INC-4335,train,0
4334,INC-4336,train,0
4335,INC-4337,test,1
4336,INC-4338,train,0
4337,INC-4339,train,0
4338,INC-4340,train,0
4339,INC-4341,train,0
4340,INC-4342,train,0
4341,INC-4343,train,0
4342,INC-4344,train,0
4343,INC-4345,train,0
4344,INC-4346,train,0
4345,INC-4347,train,0
4346,INC-4348,train,1
4347,INC-4349,train,0
4348,INC-4350,train,1
4349,INC-4351,train,1
4350,INC-4352,train,0
4351,INC-4353,train,0
4352,INC-4354,train,1
4353,INC-4355,test,0
4354,INC-4356,test,1
4355,INC-4357,train,0
4356,INC-4358,train,0
4357,INC-4359,test,1
4358,INC-4360,train,0
4359,INC-4361,train,1
4360,INC-4362,train,0
4361,INC-4363,train,0
4362,INC-4364,train,1
4363,INC-4365,train,0
4364,INC-4366,test,0
4365,INC-4367,test,0
4366,INC-4368,train,1
4367,INC-4369,test,0
4368,INC-4370,test,1
4369,INC-4371,train,0
4370,INC-4372,test,1
4371,INC-4373,train,0
4372,INC-4374,test,0
4373,INC-4375,train,1
4374,INC-4376,train,1
4375,INC-4377,train,0
4376,INC-4378,train,1
4377,INC-4379,test,0
4378,INC-4380,train,0
4379,INC-4381,train,0
4380,INC-4382,train,1
4381,INC-4383,train,0
4382,INC-4384,train,0
4383,INC-4385,train,0
4384,INC-4386,train,0
4385,INC-4387,train,0
4386,INC-4388,train,0
4387,INC-4389,train,1
4388,INC-4390,train,1
4389,INC-4391,train,1
4390,INC-4392,test,0
4391,INC-4393,train,0
4392,INC-4394,test,0
4393,INC-4395,test,0
4394,INC-4396,train,0
4395,INC-4397,train,0
4396,INC-4398,train,0
4397,INC-4399,test,1
4398,INC-4400,train,0
4399,INC-4401,train,0
4400,INC-4402,train,0
4401,INC-4403,test,0
4402,INC-4404,train,0
4403,INC-4405,train,0
4404,INC-4406,train,0
4405,INC-4407,train,1
4406,INC-4408,train,0
4407,INC-4409,test,1
4408,INC-4410,train,1
4409,INC-4411,train,0
4410,INC-4412,train,0
4411,INC-4413,train,0
4412,INC-4414,train,0
4413,INC-4415,test,1
4414,INC-4416,train,0
4415,INC-4417,train,0
4416,INC-4418,train,0
4417,INC-4419,train,1
4418,INC-4420,test,1
4419,INC-4421,train,0
4420,INC-4422,train,0
4421,INC-4423,train,0
4422,INC-4424,train,0
4423,INC-4425,train,0
4424,INC-4426,test,0
4425,INC-4427,test,0
4426,INC-4428,train,0
4427,INC-4429,train,0
4428,INC-4430,train,0
4429,INC-4431,test,1
4430,INC-4432,test,0
4431,INC-4433,train,1
4432,INC-4434,train,0
4433,INC-4435,train,1
4434,INC-4436,test,0
4435,INC-4437,train,1
4436,INC-4438,train,1
4437,INC-4439,train,1
4438,INC-4440,train,0
4439,INC-4441,train,0
4440,INC-4442,train,1
4441,INC-4443,train,1
4442,INC-4444,train,0
4443,INC-4445,train,0
4444,INC-4446,train,1
4445,INC-4447,train,1
4446,INC-4448,train,1
4447,INC-4449,train,0
4448,INC-4450,train,0
4449,INC-4451,train,0
4450,INC-4452,train,0
4451,INC-4453,train,1
4452,INC-4454,train,0
4453,INC-4455,train,0
4454,INC-4456,train,0
4455,INC-4457,train,1
4456,INC-4458,train,0
4457,INC-4459,train,0
4458,INC-4460,train,0
4459,INC-4461,train,0
4460,INC-4462,train,0
4461,INC-4463,train,0
4462,INC-4464,train,1
4463,INC-4465,test,0
4464,INC-4466,test,0
4465,INC-4467,train,0
4466,INC-4468,test,0
4467,INC-4469,train,0
4468,INC-4470,train,0
4469,INC-4471,train,0
4470,INC-4472,train,0
4471,INC-4473,train,1
4472,INC-4474,train,0
4473,INC-4475,train,1
4474,INC-4476,test,0
4475,INC-4477,train,0
4476,INC-4478,train,1
4477,INC-4479,test,0
4478,INC-4480,train,1
4479,INC-4481,train,0
4480,INC-4482,test,0
4481,INC-4483,train,0
4482,INC-4484,train,0
4483,INC-4485,train,0
4484,INC-4486,train,0
4485,INC-4487,train,1
4486,INC-4488,train,0
4487,INC-4489,test,0
4488,INC-4490,train,0
4489,INC-4491,train,0
4490,INC-4492,train,1
4491,INC-4493,train,0
4492,INC-4494,train,0
4493,INC-4495,train,0
4494,INC-4496,train,1
4495,INC-4497,train,0
4496,INC-4498,train,0
4497,INC-4499,train,0
4498,INC-4500,test,1
4499,INC-4501,train,0
4500,INC-4502,train,0
4501,INC-4503,train,0
4502,INC-4504,train,0
4503,INC-4505,train,0
4504,INC-4506,train,1
4505,INC-4507,test,0
4506,INC-4508,train,1
4507,INC-4509,train,0
4508,INC-4510,test,1
4509,INC-4511,train,0
4510,INC-4512,test,1
4511,INC-4513,test,0
4512,INC-4514,train,0
4513,INC-4515,train,0
4514,INC-4516,test,0
4515,INC-4517,train,0
4516,INC-4518,train,0
4517,INC-4519,train,0
4518,INC-4520,train,1
4519,INC-4521,train,1
4520,INC-4522,train,1
4521,INC-4523,train,0
4522,INC-4524,test,0
4523,INC-4525,train,0
4524,INC-4526,train,0
4525,INC-4527,train,0
4526,INC-4528,train,0
4527,INC-4529,train,0
4528,INC-4530,train,0
4529,INC-4531,train,1
4530,INC-4532,test,0
4531,INC-4533,test,0
4532,INC-4534,train,0
4533,INC-4535,test,0
4534,INC-4536,train,0
4535,INC-4537,train,0
4536,INC-4538,train,0
4537,INC-4539,train,0
4538,INC-4540,train,0
4539,INC-4541,train,0
4540,INC-4542,train,0
4541,INC-4543,train,0
4542,INC-4544,test,1
4543,INC-4545,test,1
4544,INC-4546,test,0
4545,INC-4547,train,1
4546,INC-4548,train,0
4547,INC-4549,test,0
4548,INC-4550,train,0
4549,INC-4551,train,0
4550,INC-4552,train,0
4551,INC-4553,train,0
4552,INC-4554,train,0
4553,INC-4555,train,0
4554,INC-4556,train,0
4555,INC-4557,train,1
4556,INC-4558,train,0
4557,INC-4559,train,1
4558,INC-4560,train,0
4559,INC-4561,test,1
4560,INC-4562,train,0
4561,INC-4563,train,0
4562,INC-4564,test,0
4563,INC-4565,train,1
4564,INC-4566,train,1
4565,INC-4567,test,1
4566,INC-4568,train,1
4567,INC-4569,train,0
4568,INC-4570,train,1
4569,INC-4571,train,1
4570,INC-4572,train,1
4571,INC-4573,test,1
4572,INC-4574,train,0
4573,INC-4575,train,0
4574,INC-4576,test,1
4575,INC-4577,test,1
4576,INC-4578,train,0
4577,INC-4579,train,1
4578,INC-4580,train,1
4579,INC-4582,test,0
4580,INC-4583,test,0
4581,INC-4584,train,0
4582,INC-4585,test,0
4583,INC-4586,train,0
4584,INC-4587,train,0
4585,INC-4588,train,0
4586,INC-4589,test,0
4587,INC-4590,test,1
4588,INC-4591,train,0
4589,INC-4592,train,0
4590,INC-4593,train,0
4591,INC-4594,train,0
4592,INC-4595,test,0
4593,INC-4596,train,0
4594,INC-4597,train,0
4595,INC-4598,train,0
4596,INC-4599,train,1
4597,INC-4600,test,0
4598,INC-4601,train,0
4599,INC-4602,test,0
4600,INC-4603,train,0
4601,INC-4604,train,0
4602,INC-4605,test,0
4603,INC-4606,train,0
4604,INC-4607,train,0
4605,INC-4608,train,1
4606,INC-4609,train,0
4607,INC-4610,train,1
4608,INC-4611,train,1
4609,INC-4612,train,0
4610,INC-4613,train,1
4611,INC-4614,train,0
4612,INC-4615,train,0
4613,INC-4616,train,0
4614,INC-4617,train,0
4615,INC-4618,train,0
4616,INC-4619,train,1
4617,INC-4620,train,1
4618,INC-4621,train,0
4619,INC-4622,train,0
4620,INC-4623,train,0
4621,INC-4624,train,0
4622,INC-4625,train,1
4623,INC-4626,train,0
4624,INC-4627,train,0
4625,INC-4628,train,0
4626,INC-4629,train,0
4627,INC-4630,train,0
4628,INC-4631,train,0
4629,INC-4632,train,1
4630,INC-4633,train,0
4631,INC-4634,train,0
4632,INC-4635,test,1
4633,INC-4636,train,0
4634,INC-4637,test,0
4635,INC-4638,train,0
4636,INC-4639,test,0
4637,INC-4640,train,1
4638,INC-4641,test,0
4639,INC-4642,train,0
4640,INC-4643,train,1
4641,INC-4644,train,0
4642,INC-4645,train,1
4643,INC-4646,train,0
4644,INC-4647,train,1
4645,INC-4648,train,0
4646,INC-4649,train,0
4647,INC-4650,train,0
4648,INC-4651,test,0
4649,INC-4652,train,0
4650,INC-4653,train,0
4651,INC-4654,test,0
4652,INC-4655,train,0
4653,INC-4656,test,0
4654,INC-4657,train,1
4655,INC-4658,train,1
4656,INC-4659,train,0
4657,INC-4660,test,1
4658,INC-4661,train,0
4659,INC-4662,train,0
4660,INC-4663,train,1
4661,INC-4664,test,0
4662,INC-4665,train,0
4663,INC-4666,train,0
4664,INC-4667,train,1
4665,INC-4668,train,0
4666,INC-4669,train,1
4667,INC-4670,test,0
4668,INC-4671,train,0
4669,INC-4672,train,1
4670,INC-4673,train,0
4671,INC-4674,train,1
4672,INC-4675,train,0
4673,INC-4676,test,0
4674,INC-4677,train,0
4675,INC-4678,test,0
4676,INC-4679,train,1
4677,INC-4680,train,0
4678,INC-4681,train,0
4679,INC-4682,train,0
4680,INC-4683,train,0
4681,INC-4684,test,0
4682,INC-4685,train,1
4683,INC-4686,test,0
4684,INC-4687,test,0
4685,INC-4688,train,0
4686,INC-4689,train,0
4687,INC-4690,test,0
4688,INC-4691,train,0
4689,INC-4692,train,0
4690,INC-4693,train,1
4691,INC-4694,train,0
4692,INC-4695,train,0
4693,INC-4696,train,0
4694,INC-4697,train,1
4695,INC-4698,test,0
4696,INC-4699,train,0
4697,INC-4700,train,1
4698,INC-4701,train,1
4699,INC-4702,train,0
4700,INC-4703,train,1
4701,INC-4704,train,0
4702,INC-4705,test,0
4703,INC-4706,train,0
4704,INC-4707,train,0
4705,INC-4708,train,0
4706,INC-4709,train,0
4707,INC-4710,train,1
4708,INC-4711,test,1
4709,INC-4712,train,0
4710,INC-4713,test,0
4711,INC-4714,train,1
4712,INC-4715,test,1
4713,INC-4716,test,1
4714,INC-4717,train,0
4715,INC-4718,train,0
4716,INC-4719,train,0
4717,INC-4720,test,0
4718,INC-4721,train,0
4719,INC-4722,train,0
4720,INC-4723,train,0
4721,INC-4724,train,0
4722,INC-4725,train,0
4723,INC-4726,train,0
4724,INC-4727,train,0
4725,INC-4728,train,0
4726,INC-4729,train,1
4727,INC-4730,train,0
4728,INC-4731,train,1
4729,INC-4732,test,0
4730,INC-4733,train,0
4731,INC-4734,train,1
4732,INC-4735,train,0
4733,INC-4736,train,0
4734,INC-4737,train,1
4735,INC-4738,test,1
4736,INC-4739,test,0
4737,INC-4740,train,0
4738,INC-4741,train,1
4739,INC-4742,train,0
4740,INC-4743,test,0
4741,INC-4744,train,0
4742,INC-4745,train,0
4743,INC-4746,test,0
4744,INC-4747,train,1
4745,INC-4748,train,1
4746,INC-4749,train,1
4747,INC-4750,train,1
4748,INC-4751,test,1
4749,INC-4752,train,0
4750,INC-4753,train,0
4751,INC-4754,train,0
4752,INC-4755,train,1
4753,INC-4756,train,0
4754,INC-4757,train,0
4755,INC-4758,train,0
4756,INC-4759,train,0
4757,INC-4760,train,0
4758,INC-4761,train,1
4759,INC-4762,train,1
4760,INC-4763,train,0
4761,INC-4764,test,0
4762,INC-4765,train,1
4763,INC-4766,train,1
4764,INC-4767,test,0
4765,INC-4768,train,0
4766,INC-4769,train,0
4767,INC-4770,train,1
4768,INC-4771,test,0
4769,INC-4772,test,0
4770,INC-4773,test,1
4771,INC-4774,train,0
4772,INC-4775,train,0
4773,INC-4776,train,0
4774,INC-4777,train,0
4775,INC-4778,train,0
4776,INC-4779,test,0
4777,INC-4780,train,1
4778,INC-4781,test,1
4779,INC-4782,train,0
4780,INC-4783,train,0
4781,INC-4784,train,0
4782,INC-4785,train,0
4783,INC-4786,train,0
4784,INC-4787,train,0
4785,INC-4788,train,0
4786,INC-4789,train,0
4787,INC-4790,train,0
4788,INC-4791,train,1
4789,INC-4792,train,0
4790,INC-4793,train,1
4791,INC-4794,train,0
4792,INC-4795,train,0
4793,INC-4796,train,1
4794,INC-4797,test,0
4795,INC-4798,train,1
4796,INC-4799,test,0
4797,INC-4800,train,1
4798,INC-4801,train,0
4799,INC-4802,train,1
4800,INC-4803,train,0
4801,INC-4804,train,0
4802,INC-4805,train,1
4803,INC-4806,train,0
4804,INC-4807,train,0
4805,INC-4808,train,1
4806,INC-4809,train,0
4807,INC-4810,train,0
4808,INC-4811,train,0
4809,INC-4812,train,0
4810,INC-4813,train,1
4811,INC-4814,train,1
4812,INC-4815,train,0
4813,INC-4816,train,1
4814,INC-4817,train,1
4815,INC-4818,test,1
4816,INC-4819,train,1
4817,INC-4820,train,0
4818,INC-4821,train,0
4819,INC-4822,train,1
4820,INC-4823,train,0
4821,INC-4824,train,1
4822,INC-4825,train,0
4823,INC-4826,test,1
4824,INC-4827,train,1
4825,INC-4828,train,0
4826,INC-4829,test,1
4827,INC-4830,train,0
4828,INC-4831,test,1
4829,INC-4832,test,1
4830,INC-4833,train,0
4831,INC-4834,test,0
4832,INC-4835,train,1
4833,INC-4836,train,0
4834,INC-4837,train,1
4835,INC-4838,test,1
4836,INC-4839,train,0
4837,INC-4840,train,1
4838,INC-4841,train,0
4839,INC-4842,test,0
4840,INC-4843,train,0
4841,INC-4844,test,1
4842,INC-4845,train,0
4843,INC-4846,train,1
4844,INC-4847,test,0
4845,INC-4848,train,0
4846,INC-4849,train,0
4847,INC-4850,train,0
4848,INC-4851,train,0
4849,INC-4852,train,1
4850,INC-4853,train,1
4851,INC-4854,test,0
4852,INC-4855,train,0
4853,INC-4856,train,1
4854,INC-4857,train,0
4855,INC-4858,train,1
4856,INC-4859,train,1
4857,INC-4860,train,1
4858,INC-4861,test,0
4859,INC-4862,train,1
4860,INC-4863,train,0
4861,INC-4864,test,1
4862,INC-4865,train,0
4863,INC-4866,train,0
4864,INC-4867,test,0
4865,INC-4868,test,1
4866,INC-4869,test,1
4867,INC-4870,train,1
4868,INC-4871,train,0
4869,INC-4872,train,0
4870,INC-4873,train,0
4871,INC-4874,test,0
4872,INC-4875,train,0
4873,INC-4876,train,0
4874,INC-4877,train,0
4875,INC-4878,train,0
4876,INC-4879,train,0
4877,INC-4880,train,0
4878,INC-4881,test,0
4879,INC-4882,train,0
4880,INC-4883,test,0
4881,INC-4884,train,0
4882,INC-4885,train,0
4883,INC-4886,test,0
4884,INC-4887,train,1
4885,INC-4888,train,0
4886,INC-4889,train,0
4887,INC-4890,train,0
4888,INC-4891,train,0
4889,INC-4892,train,0
4890,INC-4893,train,0
4891,INC-4894,test,0
4892,INC-4895,train,0
4893,INC-4896,train,0
4894,INC-4897,test,0
4895,INC-4898,train,0
4896,INC-4899,test,0
4897,INC-4900,train,0
4898,INC-4901,test,0
4899,INC-4902,train,0
4900,INC-4903,test,0
4901,INC-4904,train,0
4902,INC-4905,train,1
4903,INC-4906,train,0
4904,INC-4907,train,1
4905,INC-4908,train,0
4906,INC-4909,train,0
4907,INC-4910,train,0
4908,INC-4911,train,0
4909,INC-4912,train,0
4910,INC-4913,train,1
4911,INC-4914,train,0
4912,INC-4915,train,0
4913,INC-4916,test,1
4914,INC-4917,test,0
4915,INC-4918,train,1
4916,INC-4919,train,1
4917,INC-4920,train,0
4918,INC-4921,train,0
4919,INC-4922,train,0
4920,INC-4923,train,0
4921,INC-4924,train,0
4922,INC-4925,train,1
4923,INC-4926,train,1
4924,INC-4927,train,0
4925,INC-4928,train,0
4926,INC-4929,test,1
4927,INC-4930,train,0
4928,INC-4931,train,0
4929,INC-4932,train,0
4930,INC-4933,train,0
4931,INC-4934,train,0
4932,INC-4935,train,0
4933,INC-4936,train,0
4934,INC-4937,train,1
4935,INC-4938,train,0
4936,INC-4939,train,0
4937,INC-4940,test,0
4938,INC-4941,train,0
4939,INC-4942,test,0
4940,INC-4943,train,1
4941,INC-4944,train,0
4942,INC-4945,test,0
4943,INC-4946,train,0
4944,INC-4947,test,0
4945,INC-4948,train,0
4946,INC-4949,train,0
4947,INC-4950,test,0
4948,INC-4951,train,0
4949,INC-4952,test,0
4950,INC-4953,train,0
4951,INC-4954,test,0
4952,INC-4955,train,0
4953,INC-4956,train,0
4954,INC-4957,train,0
4955,INC-4958,test,1
4956,INC-4959,test,0
4957,INC-4960,train,1
4958,INC-4961,train,0
4959,INC-4962,train,0
4960,INC-4963,train,0
4961,INC-4964,train,0
4962,INC-4965,train,0
4963,INC-4966,train,0
4964,INC-4967,train,0
4965,INC-4968,train,1
4966,INC-4969,train,1
4967,INC-4970,train,0
4968,INC-4971,test,1
4969,INC-4972,train,0
4970,INC-4973,test,0
4971,INC-4974,train,0
4972,INC-4975,train,0
4973,INC-4976,train,1
4974,INC-4977,train,1
4975,INC-4978,train,0
4976,INC-4979,train,0
4977,INC-4980,train,0
4978,INC-4981,train,0
4979,INC-4982,train,0
4980,INC-4983,train,1
4981,INC-4984,train,0
4982,INC-4985,train,0
4983,INC-4986,train,0
4984,INC-4987,test,0
4985,INC-4988,train,0
4986,INC-4989,train,0
4987,INC-4990,train,0
4988,INC-4991,train,0
4989,INC-4992,train,0
4990,INC-4993,train,0
4991,INC-4994,test,0
4992,INC-4995,train,0
4993,INC-4996,train,0
4994,INC-4997,test,0
4995,INC-4998,test,0
4996,INC-4999,train,0
4997,INC-5000,train,0
4998,INC-5001,train,0
4999,INC-5002,train,0
5000,INC-5003,train,1
5001,INC-5004,train,1
5002,INC-5005,train,0
5003,INC-5006,train,0
5004,INC-5007,train,1
5005,INC-5008,test,0
5006,INC-5009,train,0
5007,INC-5010,train,0
5008,INC-5011,train,0
5009,INC-5012,train,1
5010,INC-5013,test,0
5011,INC-5014,train,1
5012,INC-5015,train,1
5013,INC-5016,train,0
5014,INC-5017,train,0
5015,INC-5018,train,1
5016,INC-5019,train,0
5017,INC-5020,train,0
5018,INC-5021,train,0
5019,INC-5022,train,1
5020,INC-5023,test,1
5021,INC-5024,train,0
5022,INC-5025,train,0
5023,INC-5026,train,1
5024,INC-5027,test,0
5025,INC-5028,test,0
5026,INC-5029,train,0
5027,INC-5030,train,0
5028,INC-5031,train,0
5029,INC-5032,test,1
5030,INC-5033,train,1
5031,INC-5034,train,0
5032,INC-5035,test,0
5033,INC-5036,train,1
5034,INC-5037,test,1
5035,INC-5038,train,0
5036,INC-5039,train,1
5037,INC-5040,train,0
5038,INC-5041,test,1
5039,INC-5042,train,0
5040,INC-5043,train,0
5041,INC-5044,train,0
5042,INC-5045,train,1
5043,INC-5046,train,1
5044,INC-5047,train,0
5045,INC-5048,train,0
5046,INC-5049,test,0
5047,INC-5050,train,0
5048,INC-5051,train,0
5049,INC-5052,test,0
5050,INC-5054,test,0
5051,INC-5055,train,1
5052,INC-5056,test,0
5053,INC-5057,train,0
5054,INC-5058,test,0
5055,INC-5059,test,1
5056,INC-5060,train,0
5057,INC-5061,train,1
5058,INC-5062,train,1
5059,INC-5063,train,0
5060,INC-5064,test,0
5061,INC-5065,train,0
5062,INC-5066,train,0
5063,INC-5067,train,0
5064,INC-5068,train,0
5065,INC-5069,train,0
5066,INC-5070,test,0
5067,INC-5071,test,0
5068,INC-5072,train,0
5069,INC-5073,train,0
5070,INC-5074,train,1
5071,INC-5075,train,0
5072,INC-5076,train,1
5073,INC-5077,train,0
5074,INC-5078,train,0
5075,INC-5079,train,0
5076,INC-5080,train,0
5077,INC-5081,train,0
5078,INC-5082,test,0
5079,INC-5083,train,0
5080,INC-5084,train,0
5081,INC-5085,test,0
5082,INC-5086,train,0
5083,INC-5087,train,0
5084,INC-5088,test,0
5085,INC-5089,train,0
5086,INC-5090,train,0
5087,INC-5091,test,0
5088,INC-5092,train,0
5089,INC-5093,train,0
5090,INC-5094,train,0
5091,INC-5095,test,0
5092,INC-5096,train,1
5093,INC-5097,train,0
5094,INC-5098,train,0
5095,INC-5099,train,0
5096,INC-5100,train,0
5097,INC-5101,train,0
5098,INC-5102,train,0
5099,INC-5103,train,0
5100,INC-5104,test,0
5101,INC-5105,train,0
5102,INC-5106,train,0
5103,INC-5107,train,0
5104,INC-5108,test,0
5105,INC-5109,train,1
5106,INC-5110,train,0
5107,INC-5111,test,0
5108,INC-5112,train,1
5109,INC-5113,test,0
5110,INC-5114,train,0
5111,INC-5115,train,0
5112,INC-5116,test,0
5113,INC-5117,train,0
5114,INC-5118,train,0
5115,INC-5119,test,0
5116,INC-5120,train,0
5117,INC-5121,train,0
5118,INC-5122,train,0
5119,INC-5123,train,0
5120,INC-5124,train,0
5121,INC-5125,train,1
5122,INC-5126,test,0
5123,INC-5127,train,0
5124,INC-5128,train,0
5125,INC-5129,test,0
5126,INC-5130,train,0
5127,INC-5131,train,0
5128,INC-5132,train,1
5129,INC-5133,train,0
5130,INC-5134,train,0
5131,INC-5135,train,1
5132,INC-5136,train,1
5133,INC-5137,train,1
5134,INC-5138,train,0
5135,INC-5139,train,0
5136,INC-5140,train,1
5137,INC-5141,train,0
5138,INC-5142,train,1
5139,INC-5143,train,0
5140,INC-5144,train,1
5141,INC-5145,train,0
5142,INC-5146,test,0
5143,INC-5147,train,0
5144,INC-5148,train,0
5145,INC-5149,train,1
5146,INC-5150,test,1
5147,INC-5151,test,1
5148,INC-5152,train,0
5149,INC-5153,train,1
5150,INC-5154,train,0
5151,INC-5155,train,1
5152,INC-5156,train,1
5153,INC-5157,train,0
5154,INC-5158,train,0
5155,INC-5159,train,0
5156,INC-5160,train,0
5157,INC-5161,train,1
5158,INC-5162,test,0
5159,INC-5163,train,1
5160,INC-5164,train,1
5161,INC-5165,train,0
5162,INC-5166,train,0
5163,INC-5167,train,0
5164,INC-5168,train,0
5165,INC-5169,train,0
5166,INC-5170,train,1
5167,INC-5171,train,0
5168,INC-5172,train,0
5169,INC-5173,train,0
5170,INC-5174,train,0
5171,INC-5175,train,1
5172,INC-5176,train,0
5173,INC-5177,train,0
5174,INC-5178,train,0
5175,INC-5179,test,0
5176,INC-5180,test,1
5177,INC-5181,train,0
5178,INC-5182,test,0
5179,INC-5183,train,1
5180,INC-5184,train,1
5181,INC-5185,train,0
5182,INC-5186,train,1
5183,INC-5187,train,1
5184,INC-5188,test,0
5185,INC-5189,train,0
5186,INC-5190,train,0
5187,INC-5191,train,0
5188,INC-5192,test,0
5189,INC-5193,train,0
5190,INC-5194,train,1
5191,INC-5195,test,1
5192,INC-5196,train,0
5193,INC-5197,train,0
5194,INC-5198,train,0
5195,INC-5199,train,0
5196,INC-5200,train,0
5197,INC-5201,train,0
5198,INC-5202,train,0
5199,INC-5203,train,0
5200,INC-5204,test,0
5201,INC-5205,train,0
5202,INC-5206,train,1
5203,INC-5207,train,0
5204,INC-5208,train,0
5205,INC-5209,train,0
5206,INC-5210,train,1
5207,INC-5211,train,0
5208,INC-5212,train,0
5209,INC-5213,train,0
5210,INC-5214,train,0
5211,INC-5215,train,0
5212,INC-5216,train,0
5213,INC-5217,train,1
5214,INC-5218,train,1
5215,INC-5219,test,0
5216,INC-5220,test,0
5217,INC-5221,train,1
5218,INC-5222,train,1
5219,INC-5223,train,0
5220,INC-5224,train,0
5221,INC-5225,test,0
5222,INC-5226,train,1
5223,INC-5227,train,0
5224,INC-5228,train,1
5225,INC-5229,test,0
5226,INC-5230,train,0
5227,INC-5231,train,0
5228,INC-5232,train,0
5229,INC-5233,train,0
5230,INC-5234,test,0
5231,INC-5235,train,0
5232,INC-5236,train,1
5233,INC-5237,train,0
5234,INC-5238,train,0
5235,INC-5239,test,0
5236,INC-5240,train,1
5237,INC-5241,train,0
5238,INC-5242,train,0
5239,INC-5243,train,0
5240,INC-5244,train,0
5241,INC-5245,train,1
5242,INC-5246,train,0
5243,INC-5247,test,1
5244,INC-5248,train,0
5245,INC-5249,train,0
5246,INC-5250,train,1
5247,INC-5251,train,0
5248,INC-5252,test,0
5249,INC-5253,train,0
5250,INC-5254,train,0
5251,INC-5255,train,1
5252,INC-5256,train,0
5253,INC-5257,train,0
5254,INC-5258,train,0
5255,INC-5259,train,0
5256,INC-5260,train,0
5257,INC-5261,train,0
5258,INC-5262,train,0
5259,INC-5263,train,1
5260,INC-5264,train,1
5261,INC-5265,train,1
5262,INC-5266,train,0
5263,INC-5267,test,0
5264,INC-5268,train,0
5265,INC-5269,train,1
5266,INC-5270,test,0
5267,INC-5271,train,0
5268,INC-5272,train,0
5269,INC-5273,train,0
5270,INC-5274,train,0
5271,INC-5275,train,0
5272,INC-5276,train,0
5273,INC-5277,train,1
5274,INC-5278,train,0
5275,INC-5279,train,1
5276,INC-5280,train,1
5277,INC-5281,train,0
5278,INC-5282,train,0
5279,INC-5283,train,0
5280,INC-5284,train,1
5281,INC-5285,train,1
5282,INC-5286,train,0
5283,INC-5287,train,0
5284,INC-5288,train,1
5285,INC-5289,train,0
5286,INC-5290,test,0
5287,INC-5291,train,1
5288,INC-5292,train,0
5289,INC-5293,train,0
5290,INC-5294,train,0
5291,INC-5295,train,0
5292,INC-5296,train,0
5293,INC-5297,train,0
5294,INC-5298,test,0
5295,INC-5299,train,0
5296,INC-5300,train,0
5297,INC-5301,test,0
5298,INC-5302,train,0
5299,INC-5303,train,0
5300,INC-5304,train,0
5301,INC-5305,test,1
5302,INC-5306,train,0
5303,INC-5307,train,0
5304,INC-5308,train,0
5305,INC-5309,train,0
5306,INC-5310,train,1
5307,INC-5311,train,0
5308,INC-5312,train,0
5309,INC-5313,train,0
5310,INC-5314,test,0
5311,INC-5315,train,0
5312,INC-5316,train,1
5313,INC-5317,test,0
5314,INC-5318,train,0
5315,INC-5319,train,1
5316,INC-5320,train,0
5317,INC-5321,train,0
5318,INC-5322,train,0
5319,INC-5323,train,1
5320,INC-5324,train,0
5321,INC-5325,train,0
5322,INC-5326,train,0
5323,INC-5327,train,0
5324,INC-5328,train,0
5325,INC-5329,train,0
5326,INC-5330,train,0
5327,INC-5331,train,1
5328,INC-5332,test,0
5329,INC-5333,test,0
5330,INC-5334,train,0
5331,INC-5335,train,0
5332,INC-5336,train,1
5333,INC-5337,train,0
5334,INC-5338,test,0
5335,INC-5340,train,0
5336,INC-5341,train,0
5337,INC-5342,train,0
5338,INC-5343,train,0
5339,INC-5344,test,1
5340,INC-5345,train,0
5341,INC-5346,train,1
5342,INC-5347,train,1
5343,INC-5348,train,1
5344,INC-5349,test,1
5345,INC-5350,train,0
5346,INC-5351,train,0
5347,INC-5352,train,1
5348,INC-5353,train,0
5349,INC-5354,train,0
5350,INC-5355,train,0
5351,INC-5356,train,0
5352,INC-5357,train,0
5353,INC-5358,train,1
5354,INC-5359,test,0
5355,INC-5360,train,0
5356,INC-5361,train,0
5357,INC-5362,train,1
5358,INC-5363,train,0
5359,INC-5364,train,0
5360,INC-5365,train,0
5361,INC-5366,train,0
5362,INC-5367,train,0
5363,INC-5368,train,0
5364,INC-5369,train,0
5365,INC-5370,test,0
5366,INC-5371,test,1
5367,INC-5372,train,0
5368,INC-5373,train,1
5369,INC-5374,train,0
5370,INC-5375,train,0
5371,INC-5376,train,0
5372,INC-5377,train,0
5373,INC-5378,train,0
5374,INC-5379,train,1
5375,INC-5380,train,0
5376,INC-5381,train,0
5377,INC-5382,train,0
5378,INC-5383,train,0
5379,INC-5384,train,0
5380,INC-5385,train,0
5381,INC-5386,test,1
5382,INC-5387,train,0
5383,INC-5388,train,0
5384,INC-5389,train,0
5385,INC-5390,train,0
5386,INC-5391,train,0
5387,INC-5392,train,0
5388,INC-5393,test,0
5389,INC-5394,train,0
5390,INC-5395,test,0
5391,INC-5396,train,1
5392,INC-5397,test,1
5393,INC-5398,train,0
5394,INC-5399,train,1
5395,INC-5400,train,1
5396,INC-5401,train,1
5397,INC-5402,train,0
5398,INC-5403,train,0
5399,INC-5404,train,0
5400,INC-5405,train,1
5401,INC-5406,train,1
5402,INC-5407,train,0
5403,INC-5408,train,0
5404,INC-5409,train,1
5405,INC-5410,train,0
5406,INC-5411,train,0
5407,INC-5412,train,0
5408,INC-5413,train,0
5409,INC-5414,train,0
5410,INC-5415,train,0
5411,INC-5416,test,0
5412,INC-5417,train,0
5413,INC-5418,train,0
5414,INC-5419,train,0
5415,INC-5420,train,0
5416,INC-5421,train,1
5417,INC-5422,test,1
5418,INC-5423,train,0
5419,INC-5424,test,0
5420,INC-5425,train,0
5421,INC-5426,train,0
5422,INC-5427,train,0
5423,INC-5428,train,0
5424,INC-5429,train,1
5425,INC-5430,test,0
5426,INC-5431,train,0
5427,INC-5432,train,1
5428,INC-5433,test,0
5429,INC-5434,train,0
5430,INC-5435,train,1
5431,INC-5436,train,1
5432,INC-5437,train,0
5433,INC-5438,train,1
5434,INC-5439,train,1
5435,INC-5440,train,0
5436,INC-5441,train,0
5437,INC-5442,train,0
5438,INC-5443,train,0
5439,INC-5444,train,0
5440,INC-5445,train,0
5441,INC-5446,train,0
5442,INC-5447,train,0
5443,INC-5448,train,0
5444,INC-5449,train,0
5445,INC-5450,train,1
5446,INC-5451,train,1
5447,INC-5452,train,0
5448,INC-5453,test,0
5449,INC-5454,train,0
5450,INC-5455,train,0
5451,INC-5456,train,1
5452,INC-5457,test,1
5453,INC-5458,train,0
5454,INC-5459,train,1
5455,INC-5460,test,0
5456,INC-5461,train,1
5457,INC-5462,train,0
5458,INC-5463,train,1
5459,INC-5464,train,0
5460,INC-5465,test,0
5461,INC-5466,train,0
5462,INC-5467,train,0
5463,INC-5468,train,0
5464,INC-5469,train,0
5465,INC-5470,train,1
5466,INC-5471,train,1
5467,INC-5472,train,0
5468,INC-5473,train,1
5469,INC-5474,train,1
5470,INC-5475,test,1
5471,INC-5476,train,0
5472,INC-5477,train,0
5473,INC-5478,train,1
5474,INC-5479,train,1
5475,INC-5480,train,0
5476,INC-5481,train,0
5477,INC-5482,train,0
5478,INC-5483,train,0
5479,INC-5484,test,0
5480,INC-5485,test,1
5481,INC-5486,train,0
5482,INC-5487,train,0
5483,INC-5488,test,0
5484,INC-5489,test,1
5485,INC-5490,test,0
5486,INC-5491,train,0
5487,INC-5492,train,0
5488,INC-5493,train,0
5489,INC-5494,train,0
5490,INC-5495,train,0
5491,INC-5496,train,0
5492,INC-5497,train,0
5493,INC-5498,train,1
5494,INC-5499,train,0
5495,INC-5500,train,0
5496,INC-5501,train,1
5497,INC-5502,train,0
5498,INC-5503,train,0
5499,INC-5504,train,1
5500,INC-5505,train,0
5501,INC-5506,train,1
5502,INC-5507,train,0
5503,INC-5508,train,1
5504,INC-5509,train,1
5505,INC-5510,train,0
5506,INC-5511,train,0
5507,INC-5512,train,0
5508,INC-5513,train,0
5509,INC-5514,train,0
5510,INC-5515,train,0
5511,INC-5516,train,0
5512,INC-5517,train,1
5513,INC-5518,train,1
5514,INC-5519,train,1
5515,INC-5520,train,0
5516,INC-5521,train,0
5517,INC-5522,train,0
5518,INC-5523,test,0
5519,INC-5524,train,0
5520,INC-5525,train,0
5521,INC-5526,test,1
5522,INC-5527,train,0
5523,INC-5528,train,0
5524,INC-5529,train,0
5525,INC-5530,train,0
5526,INC-5531,train,0
5527,INC-5532,train,1
5528,INC-5533,train,0
5529,INC-5534,test,0
5530,INC-5535,train,0
5531,INC-5536,train,0
5532,INC-5537,train,0
5533,INC-5538,train,0
5534,INC-5539,train,0
5535,INC-5540,train,0
5536,INC-5541,train,0
5537,INC-5542,train,0
5538,INC-5543,test,0
5539,INC-5544,train,0
5540,INC-5545,train,0
5541,INC-5546,train,1
5542,INC-5547,train,0
5543,INC-5548,train,1
5544,INC-5549,train,0
5545,INC-5550,train,0
5546,INC-5551,train,0
5547,INC-5552,train,0
5548,INC-5553,train,0
5549,INC-5554,train,0
5550,INC-5555,train,0
5551,INC-5556,test,0
5552,INC-5557,train,0
5553,INC-5558,train,0
5554,INC-5559,train,0
5555,INC-5560,train,1
5556,INC-5561,train,0
5557,INC-5562,test,1
5558,INC-5563,train,0
5559,INC-5564,train,0
5560,INC-5565,train,0
5561,INC-5566,train,0
5562,INC-5567,train,0
5563,INC-5568,train,0
5564,INC-5569,train,1
5565,INC-5570,train,0
5566,INC-5571,test,1
5567,INC-5572,train,1
5568,INC-5573,train,0
5569,INC-5574,train,0
5570,INC-5575,train,1
5571,INC-5576,train,0
5572,INC-5577,train,0
5573,INC-5578,train,0
5574,INC-5579,test,0
5575,INC-5580,train,0
5576,INC-5581,test,0
5577,INC-5582,train,0
5578,INC-5583,train,1
5579,INC-5584,train,0
5580,INC-5585,train,1
5581,INC-5586,train,0
5582,INC-5587,train,0
5583,INC-5588,train,1
5584,INC-5589,test,0
5585,INC-5590,train,0
5586,INC-5591,test,0
5587,INC-5592,train,0
5588,INC-5593,train,0
5589,INC-5594,train,0
5590,INC-5595,train,0
5591,INC-5596,train,0
5592,INC-5597,train,0
5593,INC-5598,train,0
5594,INC-5599,test,0
5595,INC-5600,train,0
5596,INC-5601,train,0
5597,INC-5602,train,0
5598,INC-5603,train,0
5599,INC-5604,train,0
5600,INC-5605,train,0
5601,INC-5606,train,1
5602,INC-5607,train,1
5603,INC-5608,train,0
5604,INC-5609,train,0
5605,INC-5610,test,0
5606,INC-5611,train,0
5607,INC-5612,train,1
5608,INC-5613,train,0
5609,INC-5614,train,1
5610,INC-5615,train,1
5611,INC-5616,train,0
5612,INC-5617,train,0
5613,INC-5618,train,0
5614,INC-5619,train,0
5615,INC-5620,train,1
5616,INC-5621,train,0
5617,INC-5622,train,0
5618,INC-5623,test,0
5619,INC-5624,train,1
5620,INC-5625,test,0
5621,INC-5626,test,1
5622,INC-5627,train,0
5623,INC-5628,train,0
5624,INC-5629,test,0
5625,INC-5630,train,0
5626,INC-5631,train,1
5627,INC-5632,train,1
5628,INC-5633,train,1
5629,INC-5634,train,0
5630,INC-5635,train,0
5631,INC-5636,test,0
5632,INC-5637,train,0
5633,INC-5638,train,0
5634,INC-5639,train,0
5635,INC-5640,test,1
5636,INC-5641,train,1
5637,INC-5642,train,1
5638,INC-5643,train,0
5639,INC-5644,train,1
5640,INC-5645,train,0
5641,INC-5646,train,1
5642,INC-5647,train,0
5643,INC-5648,train,1
5644,INC-5649,train,0
5645,INC-5650,train,1
5646,INC-5651,test,0
5647,INC-5652,train,1
5648,INC-5653,train,1
5649,INC-5654,train,0
5650,INC-5655,train,0
5651,INC-5656,train,0
5652,INC-5657,train,1
5653,INC-5658,train,0
5654,INC-5659,train,0
5655,INC-5660,test,0
5656,INC-5661,train,0
5657,INC-5662,train,1
5658,INC-5663,train,0
5659,INC-5664,test,0
5660,INC-5665,train,0
5661,INC-5666,train,0
5662,INC-5667,train,0
5663,INC-5668,train,1
5664,INC-5669,test,0
5665,INC-5670,train,0
5666,INC-5671,train,0
5667,INC-5672,train,0
5668,INC-5673,test,0
5669,INC-5674,train,0
5670,INC-5675,train,1
5671,INC-5676,test,0
5672,INC-5677,test,0
5673,INC-5678,test,0
5674,INC-5679,train,0
5675,INC-5680,train,0
5676,INC-5681,train,0
5677,INC-5682,train,0
5678,INC-5683,train,0
5679,INC-5684,train,0
5680,INC-5685,test,0
5681,INC-5686,train,0
5682,INC-5687,test,0
5683,INC-5688,train,0
5684,INC-5689,train,0
5685,INC-5690,train,1
5686,INC-5691,train,0
5687,INC-5692,train,0
5688,INC-5693,train,0
5689,INC-5694,train,1
5690,INC-5695,train,0
5691,INC-5696,train,1
5692,INC-5697,train,1
5693,INC-5698,train,0
5694,INC-5699,train,0
5695,INC-5700,test,0
5696,INC-5701,train,1
5697,INC-5702,train,0
5698,INC-5703,test,1
5699,INC-5704,test,0
5700,INC-5705,test,0
5701,INC-5706,train,1
5702,INC-5707,train,1
5703,INC-5708,train,0
5704,INC-5709,train,0
5705,INC-5710,test,0
5706,INC-5711,train,0
5707,INC-5712,train,0
5708,INC-5713,test,0
5709,INC-5714,train,1
5710,INC-5715,train,0
5711,INC-5716,test,1
5712,INC-5717,test,0
5713,INC-5718,train,0
5714,INC-5719,test,1
5715,INC-5720,train,0
5716,INC-5721,test,0
5717,INC-5722,train,1
5718,INC-5723,test,0
5719,INC-5724,train,0
5720,INC-5725,train,0
5721,INC-5726,train,1
5722,INC-5727,train,1
5723,INC-5728,train,0
5724,INC-5729,train,0
5725,INC-5730,test,1
5726,INC-5731,train,0
5727,INC-5732,test,0
5728,INC-5733,train,0
5729,INC-5734,train,0
5730,INC-5735,train,0
5731,INC-5736,train,1
5732,INC-5737,train,0
5733,INC-5738,test,0
5734,INC-5739,train,0
5735,INC-5740,test,0
5736,INC-5741,test,1
5737,INC-5742,train,1
5738,INC-5743,train,0
5739,INC-5744,test,0
5740,INC-5745,train,0
5741,INC-5746,train,0
5742,INC-5747,train,0
5743,INC-5748,test,1
5744,INC-5749,train,1
5745,INC-5750,train,1
5746,INC-5751,train,0
5747,INC-5752,test,0
5748,INC-5753,train,0
5749,INC-5754,test,1
5750,INC-5755,test,0
5751,INC-5756,train,0
5752,INC-5757,train,0
5753,INC-5758,train,0
5754,INC-5759,train,0
5755,INC-5760,train,0
5756,INC-5761,train,0
5757,INC-5762,train,0
5758,INC-5763,train,1
5759,INC-5764,test,0
5760,INC-5765,test,0
5761,INC-5766,train,0
5762,INC-5767,train,0
5763,INC-5768,train,0
5764,INC-5769,train,0
5765,INC-5770,train,1
5766,INC-5771,test,1
5767,INC-5772,train,1
5768,INC-5773,train,0
5769,INC-5774,test,0
5770,INC-5775,train,1
5771,INC-5776,train,0
5772,INC-5777,train,0
5773,INC-5778,train,0
5774,INC-5779,train,0
5775,INC-5780,train,0
5776,INC-5781,test,0
5777,INC-5782,train,0
5778,INC-5783,train,0
5779,INC-5784,train,0
5780,INC-5785,test,0
5781,INC-5786,train,0
5782,INC-5787,train,1
5783,INC-5788,test,0
5784,INC-5789,train,1
5785,INC-5790,train,1
5786,INC-5791,train,0
5787,INC-5792,test,0
5788,INC-5793,train,0
5789,INC-5794,train,0
5790,INC-5795,train,1
5791,INC-5796,train,0
5792,INC-5797,train,0
5793,INC-5798,train,1
5794,INC-5799,test,0
5795,INC-5800,train,0
5796,INC-5801,train,0
5797,INC-5802,train,0
5798,INC-5803,test,1
5799,INC-5804,train,0
5800,INC-5805,train,0
5801,INC-5806,train,0
5802,INC-5807,train,0
5803,INC-5808,train,0
5804,INC-5809,train,1
5805,INC-5810,train,0
5806,INC-5811,test,0
5807,INC-5812,test,1
5808,INC-5813,train,0
5809,INC-5814,train,0
5810,INC-5815,train,1
5811,INC-5816,train,1
5812,INC-5817,train,0
5813,INC-5818,test,0
5814,INC-5819,train,0
5815,INC-5820,test,1
5816,INC-5821,test,1
5817,INC-5822,train,0
5818,INC-5823,train,1
5819,INC-5824,train,0
5820,INC-5825,test,0
5821,INC-5826,train,0
5822,INC-5827,train,0
5823,INC-5828,test,0
5824,INC-5829,train,1
5825,INC-5830,train,0
5826,INC-5831,train,1
5827,INC-5832,train,0
5828,INC-5833,train,0
5829,INC-5834,test,1
5830,INC-5835,test,0
5831,INC-5836,test,1
5832,INC-5837,train,1
5833,INC-5838,test,1
5834,INC-5839,train,0
5835,INC-5840,train,0
5836,INC-5841,train,0
5837,INC-5842,test,1
5838,INC-5843,test,0
5839,INC-5844,train,0
5840,INC-5845,train,0
5841,INC-5846,test,0
5842,INC-5847,train,0
5843,INC-5848,train,0
5844,INC-5849,train,0
5845,INC-5850,test,1
5846,INC-5851,train,1
5847,INC-5852,train,0
5848,INC-5853,train,0
5849,INC-5854,train,0
5850,INC-5855,train,0
5851,INC-5856,train,0
5852,INC-5857,train,0
5853,INC-5858,train,0
5854,INC-5859,train,1
5855,INC-5860,test,0
5856,INC-5861,test,1
5857,INC-5862,test,0
5858,INC-5863,train,1
5859,INC-5864,train,0
5860,INC-5865,train,0
5861,INC-5866,train,0
5862,INC-5867,train,0
5863,INC-5868,train,0
5864,INC-5869,train,0
5865,INC-5870,train,0
5866,INC-5871,train,0
5867,INC-5872,train,0
5868,INC-5873,train,0
5869,INC-5874,train,0
5870,INC-5875,train,1
5871,INC-5876,test,0
5872,INC-5877,train,0
5873,INC-5878,train,0
5874,INC-5879,train,0
5875,INC-5880,train,0
5876,INC-5881,train,0
5877,INC-5882,train,1
5878,INC-5883,test,0
5879,INC-5884,train,0
5880,INC-5885,train,0
5881,INC-5886,train,0
5882,INC-5887,train,0
5883,INC-5888,train,1
5884,INC-5889,train,0
5885,INC-5890,train,0
5886,INC-5891,train,0
5887,INC-5892,train,1
5888,INC-5893,train,0
5889,INC-5894,train,0
5890,INC-5895,train,1
5891,INC-5896,train,0
5892,INC-5897,train,0
5893,INC-5898,test,1
5894,INC-5899,train,1
5895,INC-5900,train,0
5896,INC-5901,train,1
5897,INC-5902,train,0
5898,INC-5903,train,0
5899,INC-5904,train,0
5900,INC-5905,test,1
5901,INC-5906,test,0
5902,INC-5907,train,0
5903,INC-5908,train,0
5904,INC-5909,test,1
5905,INC-5910,test,1
5906,INC-5911,test,0
5907,INC-5912,train,0
5908,INC-5913,train,0
5909,INC-5914,train,1
5910,INC-5915,train,1
5911,INC-5916,train,1
5912,INC-5917,train,0
5913,INC-5918,train,1
5914,INC-5919,train,0
5915,INC-5920,train,0
5916,INC-5921,train,0
5917,INC-5922,test,0
5918,INC-5923,train,1
5919,INC-5924,train,0
5920,INC-5925,test,0
5921,INC-5926,train,1
5922,INC-5927,test,1
5923,INC-5928,test,1
5924,INC-5929,train,0
5925,INC-5930,test,0
5926,INC-5931,train,1
5927,INC-5932,test,0
5928,INC-5933,test,1
5929,INC-5934,train,1
5930,INC-5935,train,0
5931,INC-5936,test,0
5932,INC-5937,train,0
5933,INC-5938,train,0
5934,INC-5939,test,1
5935,INC-5940,train,0
5936,INC-5941,train,0
5937,INC-5942,train,0
5938,INC-5943,train,0
5939,INC-5944,train,0
5940,INC-5945,train,0
5941,INC-5946,train,0
5942,INC-5947,train,0
5943,INC-5948,train,0
5944,INC-5949,train,0
5945,INC-5950,train,0
5946,INC-5951,train,0
5947,INC-5952,train,1
5948,INC-5953,train,0
5949,INC-5954,train,0
5950,INC-5955,train,1
5951,INC-5956,train,1
5952,INC-5957,test,0
5953,INC-5958,train,0
5954,INC-5959,train,1
5955,INC-5960,train,0
5956,INC-5961,train,0
5957,INC-5962,train,0
5958,INC-5963,train,1
5959,INC-5964,train,0
5960,INC-5965,train,1
5961,INC-5966,train,0
5962,INC-5967,train,0
5963,INC-5968,test,0
5964,INC-5969,test,0
5965,INC-5970,train,1
5966,INC-5971,train,0
5967,INC-5972,train,0
5968,INC-5973,train,0
5969,INC-5974,train,1
5970,INC-5975,train,0
5971,INC-5976,train,0
5972,INC-5977,train,0
5973,INC-5978,train,0
5974,INC-5979,train,0
5975,INC-5980,train,0
5976,INC-5981,test,0
5977,INC-5982,train,0
5978,INC-5983,train,1
5979,INC-5984,train,0
5980,INC-5985,test,1
5981,INC-5986,train,0
5982,INC-5987,train,0
5983,INC-5988,train,0
5984,INC-5989,train,1
5985,INC-5990,train,0
5986,INC-5991,test,0
5987,INC-5992,train,0
5988,INC-5993,train,1
5989,INC-5994,train,0
5990,INC-5995,train,0
5991,INC-5996,train,0
5992,INC-5997,train,0
5993,INC-5998,train,0
5994,INC-5999,test,0
5995,INC-6000,train,0
5996,INC-6001,train,0
5997,INC-6002,train,0
5998,INC-6003,train,0
5999,INC-6004,train,0
6000,INC-6005,train,0
6001,INC-6006,train,0
6002,INC-6007,train,0
6003,INC-6008,test,0
6004,INC-6010,train,0
6005,INC-6011,train,0
6006,INC-6012,train,1
6007,INC-6013,test,0
6008,INC-6014,test,0
6009,INC-6015,train,0
6010,INC-6016,train,1
6011,INC-6017,test,1
6012,INC-6018,train,0
6013,INC-6019,train,1
6014,INC-6020,train,0
6015,INC-6021,test,0
6016,INC-6022,test,0
6017,INC-6023,train,1
6018,INC-6024,test,0
6019,INC-6025,test,0
6020,INC-6026,train,0
6021,INC-6027,test,0
6022,INC-6028,train,0
6023,INC-6029,test,0
6024,INC-6030,train,1
6025,INC-6031,train,0
6026,INC-6032,train,0
6027,INC-6033,test,0
6028,INC-6034,train,0
6029,INC-6035,train,0
6030,INC-6036,train,1
6031,INC-6037,test,0
6032,INC-6038,train,0
6033,INC-6039,train,1
6034,INC-6040,test,0
6035,INC-6041,train,0
6036,INC-6042,train,0
6037,INC-6043,train,0
6038,INC-6044,train,1
6039,INC-6045,train,0
6040,INC-6046,train,0
6041,INC-6047,train,1
6042,INC-6048,test,0
6043,INC-6049,test,0
6044,INC-6050,train,0
6045,INC-6051,train,0
6046,INC-6052,train,0
6047,INC-6053,train,0
6048,INC-6054,train,0
6049,INC-6055,train,1
6050,INC-6056,train,0
6051,INC-6057,train,0
6052,INC-6058,train,0
6053,INC-6059,train,0
6054,INC-6060,train,0
6055,INC-6061,test,1
6056,INC-6062,train,1
6057,INC-6063,train,0
6058,INC-6064,train,0
6059,INC-6065,test,1
6060,INC-6066,test,1
6061,INC-6067,test,0
6062,INC-6068,test,1
6063,INC-6069,train,0
6064,INC-6070,train,0
6065,INC-6071,test,0
6066,INC-6072,train,0
6067,INC-6073,train,1
6068,INC-6074,train,1
6069,INC-6075,test,1
6070,INC-6076,test,0
6071,INC-6077,train,0
6072,INC-6078,train,1
6073,INC-6079,train,1
6074,INC-6080,train,0
6075,INC-6081,test,0
6076,INC-6082,train,0
6077,INC-6083,train,0
6078,INC-6084,train,0
6079,INC-6085,train,0
6080,INC-6086,test,1
6081,INC-6087,train,0
6082,INC-6088,test,1
6083,INC-6089,train,0
6084,INC-6090,train,0
6085,INC-6091,test,0
6086,INC-6092,train,1
6087,INC-6093,train,1
6088,INC-6094,train,0
6089,INC-6095,train,1
6090,INC-6096,train,0
6091,INC-6097,train,0
6092,INC-6098,train,0
6093,INC-6099,train,0
6094,INC-6100,train,0
6095,INC-6101,test,0
6096,INC-6102,train,0
6097,INC-6103,train,0
6098,INC-6104,test,0
6099,INC-6105,test,0
6100,INC-6106,test,0
6101,INC-6107,test,1
6102,INC-6108,train,1
6103,INC-6109,test,1
6104,INC-6110,test,0
6105,INC-6111,test,0
6106,INC-6112,test,0
6107,INC-6113,test,0
6108,INC-6114,train,0
6109,INC-6115,test,0
6110,INC-6116,train,0
6111,INC-6117,train,0
6112,INC-6118,train,1
6113,INC-6119,train,0
6114,INC-6120,train,0
6115,INC-6121,train,0
6116,INC-6122,train,0
6117,INC-6123,train,0
6118,INC-6124,train,1
6119,INC-6125,train,1
6120,INC-6126,test,1
6121,INC-6127,train,0
6122,INC-6128,train,0
6123,INC-6129,train,0
6124,INC-6130,train,0
6125,INC-6131,test,1
6126,INC-6132,train,0
6127,INC-6133,train,0
6128,INC-6134,train,1
6129,INC-6135,train,0
6130,INC-6136,train,0
6131,INC-6137,train,0
6132,INC-6138,train,0
6133,INC-6139,test,0
6134,INC-6140,train,1
6135,INC-6141,train,1
6136,INC-6142,train,0
6137,INC-6143,train,0
6138,INC-6144,train,0
6139,INC-6145,train,0
6140,INC-6146,train,0
6141,INC-6147,train,0
6142,INC-6148,test,0
6143,INC-6149,train,1
6144,INC-6150,train,0
6145,INC-6151,train,0
6146,INC-6152,train,0
6147,INC-6153,test,1
6148,INC-6154,train,0
6149,INC-6155,test,1
6150,INC-6156,train,0
6151,INC-6157,test,0
6152,INC-6158,test,0
6153,INC-6159,train,0
6154,INC-6160,test,1
6155,INC-6161,train,0
6156,INC-6162,train,0
6157,INC-6163,test,1
6158,INC-6164,train,0
6159,INC-6165,train,0
6160,INC-6166,train,0
6161,INC-6167,train,0
6162,INC-6168,train,0
6163,INC-6169,train,0
6164,INC-6170,train,0
6165,INC-6171,train,0
6166,INC-6172,test,0
6167,INC-6173,test,0
6168,INC-6174,train,0
6169,INC-6175,train,1
6170,INC-6176,train,0
6171,INC-6177,test,0
6172,INC-6178,test,0
6173,INC-6179,train,1
6174,INC-6180,train,0
6175,INC-6181,train,0
6176,INC-6182,train,0
6177,INC-6183,train,0
6178,INC-6184,train,0
6179,INC-6185,train,0
6180,INC-6186,test,0
6181,INC-6187,train,1
6182,INC-6188,train,0
6183,INC-6189,train,0
6184,INC-6190,test,1
6185,INC-6191,train,1
6186,INC-6192,train,0
6187,INC-6193,train,1
6188,INC-6194,train,0
6189,INC-6195,train,0
6190,INC-6196,train,0
6191,INC-6197,test,1
6192,INC-6198,train,0
6193,INC-6199,train,1
6194,INC-6200,train,1
6195,INC-6201,train,0
6196,INC-6202,train,0
6197,INC-6203,train,1
6198,INC-6204,train,0
6199,INC-6205,test,0
6200,INC-6206,train,0
6201,INC-6207,train,0
6202,INC-6208,test,0
6203,INC-6209,train,0
6204,INC-6210,train,0
6205,INC-6211,train,0
6206,INC-6212,train,0
6207,INC-6213,train,0
6208,INC-6214,train,0
6209,INC-6215,train,1
6210,INC-6216,train,1
6211,INC-6217,test,0
6212,INC-6218,test,1
6213,INC-6219,train,0
6214,INC-6220,train,1
6215,INC-6221,train,0
6216,INC-6222,test,1
6217,INC-6223,train,1
6218,INC-6224,train,0
6219,INC-6225,train,0
6220,INC-6226,train,0
6221,INC-6227,train,0
6222,INC-6228,train,0
6223,INC-6229,train,0
6224,INC-6230,test,0
6225,INC-6231,train,0
6226,INC-6232,train,0
6227,INC-6233,test,1
6228,INC-6234,train,0
6229,INC-6235,train,0
6230,INC-6236,train,0
6231,INC-6237,train,0
6232,INC-6238,test,0
6233,INC-6239,train,0
6234,INC-6240,train,1
6235,INC-6241,train,0
6236,INC-6242,train,0
6237,INC-6243,train,0
6238,INC-6244,train,0
6239,INC-6245,train,0
6240,INC-6246,test,0
6241,INC-6247,train,1
6242,INC-6248,test,1
6243,INC-6249,train,0
6244,INC-6250,train,0
6245,INC-6251,train,1
6246,INC-6252,train,0
6247,INC-6253,test,1
6248,INC-6254,train,0
6249,INC-6255,train,0
6250,INC-6256,train,0
6251,INC-6257,train,0
6252,INC-6258,train,0
6253,INC-6259,train,0
6254,INC-6260,train,0
6255,INC-6261,train,0
6256,INC-6262,test,0
6257,INC-6263,train,1
6258,INC-6264,test,0
6259,INC-6265,train,0
6260,INC-6266,train,0
6261,INC-6267,train,1
6262,INC-6268,test,1
6263,INC-6269,train,0
6264,INC-6270,test,0
6265,INC-6271,train,0
6266,INC-6272,train,0
6267,INC-6273,train,0
6268,INC-6274,train,0
6269,INC-6275,test,0
6270,INC-6276,train,0
6271,INC-6277,train,0
6272,INC-6278,train,0
6273,INC-6279,train,0
6274,INC-6280,train,0
6275,INC-6281,train,0
6276,INC-6282,train,0
6277,INC-6283,train,0
6278,INC-6284,train,0
6279,INC-6285,train,1
6280,INC-6286,train,1
6281,INC-6287,train,1
6282,INC-6288,train,0
6283,INC-6289,train,1
6284,INC-6290,test,0
6285,INC-6291,train,0
6286,INC-6292,train,0
6287,INC-6293,train,0
6288,INC-6294,test,0
6289,INC-6295,test,0
6290,INC-6296,train,0
6291,INC-6297,test,1
6292,INC-6298,train,0
6293,INC-6299,train,1
6294,INC-6300,train,0
6295,INC-6301,train,0
6296,INC-6302,train,1
6297,INC-6303,test,0
6298,INC-6304,train,0
6299,INC-6305,test,0
6300,INC-6306,train,1
6301,INC-6307,train,0
6302,INC-6308,train,0
6303,INC-6309,train,0
6304,INC-6310,test,0
6305,INC-6311,train,0
6306,INC-6312,train,0
6307,INC-6313,train,0
6308,INC-6314,train,0
6309,INC-6315,train,0
6310,INC-6316,train,1
6311,INC-6317,train,0
6312,INC-6318,train,0
6313,INC-6319,train,0
6314,INC-6320,train,0
6315,INC-6321,test,0
6316,INC-6322,train,0
6317,INC-6323,train,0
6318,INC-6324,train,1
6319,INC-6325,train,0
6320,INC-6326,test,0
6321,INC-6327,train,0
6322,INC-6328,train,1
6323,INC-6329,train,1
6324,INC-6330,train,0
6325,INC-6331,train,0
6326,INC-6332,train,0
6327,INC-6333,train,0
6328,INC-6334,train,0
6329,INC-6335,train,1
6330,INC-6336,train,1
6331,INC-6337,train,0
6332,INC-6338,test,0
6333,INC-6339,train,1
6334,INC-6340,train,0
6335,INC-6341,train,1
6336,INC-6342,train,1
6337,INC-6343,train,0
6338,INC-6344,test,1
6339,INC-6345,test,0
6340,INC-6346,train,0
6341,INC-6347,test,0
6342,INC-6348,train,0
6343,INC-6349,train,0
6344,INC-6350,train,0
6345,INC-6351,train,0
6346,INC-6352,train,0
6347,INC-6353,train,1
6348,INC-6354,train,1
6349,INC-6355,train,1
6350,INC-6356,test,1
6351,INC-6357,train,0
6352,INC-6358,test,1
6353,INC-6359,train,0
6354,INC-6360,train,0
6355,INC-6361,train,0
6356,INC-6362,train,0
6357,INC-6363,train,0
6358,INC-6364,train,0
6359,INC-6365,train,0
6360,INC-6366,train,0
6361,INC-6367,train,1
6362,INC-6368,train,1
6363,INC-6369,train,1
6364,INC-6370,train,0
6365,INC-6371,train,0
6366,INC-6372,train,0
6367,INC-6373,train,0
6368,INC-6374,train,1
6369,INC-6375,train,0
6370,INC-6376,train,0
6371,INC-6377,train,0
6372,INC-6378,train,0
6373,INC-6379,train,0
6374,INC-6380,test,1
6375,INC-6381,train,0
6376,INC-6382,test,1
6377,INC-6383,train,0
6378,INC-6384,train,0
6379,INC-6385,train,0
6380,INC-6386,test,0
6381,INC-6387,train,1
6382,INC-6388,train,0
6383,INC-6389,train,0
6384,INC-6390,train,0
6385,INC-6391,train,1
6386,INC-6392,train,0
6387,INC-6393,train,0
6388,INC-6394,train,0
6389,INC-6395,train,0
6390,INC-6396,train,0
6391,INC-6397,train,0
6392,INC-6398,train,0
6393,INC-6399,train,0
6394,INC-6400,train,0
6395,INC-6401,test,1
6396,INC-6402,train,1
6397,INC-6403,train,0
6398,INC-6404,train,0
6399,INC-6405,train,0
6400,INC-6406,test,0
6401,INC-6407,train,0
6402,INC-6408,train,0
6403,INC-6409,train,0
6404,INC-6410,train,0
6405,INC-6411,train,0
6406,INC-6412,train,0
6407,INC-6413,train,0
6408,INC-6414,train,1
6409,INC-6415,train,1
6410,INC-6416,train,0
6411,INC-6417,train,0
6412,INC-6418,test,0
6413,INC-6419,train,0
6414,INC-6420,train,0
6415,INC-6421,test,0
6416,INC-6422,train,0
6417,INC-6423,train,1
6418,INC-6424,train,0
6419,INC-6425,test,0
6420,INC-6426,train,1
6421,INC-6427,test,0
6422,INC-6428,test,0
6423,INC-6429,train,1
6424,INC-6430,train,0
6425,INC-6431,train,0
6426,INC-6432,train,1
6427,INC-6433,train,0
6428,INC-6434,train,0
6429,INC-6435,train,0
6430,INC-6436,train,0
6431,INC-6437,train,0
6432,INC-6438,train,0
6433,INC-6439,train,1
6434,INC-6440,train,0
6435,INC-6441,train,0
6436,INC-6442,train,1
6437,INC-6443,test,0
6438,INC-6444,train,0
6439,INC-6445,train,0
6440,INC-6446,train,0
6441,INC-6447,test,0
6442,INC-6448,train,0
6443,INC-6449,train,0
6444,INC-6450,train,0
6445,INC-6451,train,0
6446,INC-6452,train,1
6447,INC-6453,test,0
6448,INC-6454,train,1
6449,INC-6455,train,0
6450,INC-6456,train,1
6451,INC-6457,train,1
6452,INC-6458,train,0
6453,INC-6459,test,0
6454,INC-6460,train,1
6455,INC-6461,train,0
6456,INC-6462,test,1
6457,INC-6463,train,0
6458,INC-6464,train,0
6459,INC-6465,train,1
6460,INC-6466,train,0
6461,INC-6467,train,0
6462,INC-6468,train,0
6463,INC-6469,train,0
6464,INC-6470,train,0
6465,INC-6471,train,0
6466,INC-6472,train,1
6467,INC-6473,train,0
6468,INC-6474,train,1
6469,INC-6475,train,0
6470,INC-6476,train,0
6471,INC-6477,train,0
6472,INC-6478,train,0
6473,INC-6479,train,0
6474,INC-6480,train,0
6475,INC-6481,test,0
6476,INC-6482,train,0
6477,INC-6483,train,1
6478,INC-6484,train,0
6479,INC-6485,train,1
6480,INC-6486,test,0
6481,INC-6487,train,0
6482,INC-6488,train,0
6483,INC-6489,train,0
6484,INC-6490,test,0
6485,INC-6491,train,1
6486,INC-6492,train,0
6487,INC-6493,train,0
6488,INC-6494,test,1
6489,INC-6495,train,0
6490,INC-6496,test,0
6491,INC-6497,train,0
6492,INC-6498,test,0
6493,INC-6499,train,1
6494,INC-6500,train,0
6495,INC-6501,train,0
6496,INC-6502,train,1
6497,INC-6503,train,0
6498,INC-6504,train,0
6499,INC-6505,test,0
6500,INC-6506,train,0
6501,INC-6507,train,1
6502,INC-6508,train,0
6503,INC-6509,test,0
6504,INC-6510,test,1
6505,INC-6511,train,1
6506,INC-6512,test,0
6507,INC-6513,train,0
6508,INC-6514,train,0
6509,INC-6515,train,1
6510,INC-6516,train,0
6511,INC-6517,train,0
6512,INC-6518,test,0
6513,INC-6519,train,1
6514,INC-6520,test,0
6515,INC-6521,train,1
6516,INC-6522,train,1
6517,INC-6523,train,1
6518,INC-6524,test,0
6519,INC-6525,train,1
6520,INC-6526,train,0
6521,INC-6527,train,0
6522,INC-6528,test,0
6523,INC-6529,train,0
6524,INC-6530,test,0
6525,INC-6531,train,1
6526,INC-6532,train,0
6527,INC-6533,train,0
6528,INC-6534,train,0
6529,INC-6535,test,0
6530,INC-6536,train,1
6531,INC-6537,train,0
6532,INC-6538,train,0
6533,INC-6539,train,0
6534,INC-6540,train,0
6535,INC-6541,train,1
6536,INC-6542,train,1
6537,INC-6543,test,0
6538,INC-6544,train,1
6539,INC-6545,train,0
6540,INC-6546,train,1
6541,INC-6547,train,1
6542,INC-6548,train,0
6543,INC-6549,train,0
6544,INC-6550,train,0
6545,INC-6551,train,0
6546,INC-6552,train,1
6547,INC-6553,test,1
6548,INC-6554,train,1
6549,INC-6555,train,1
6550,INC-6556,train,0
6551,INC-6557,train,0
6552,INC-6558,train,0
6553,INC-6559,train,0
6554,INC-6560,train,0
6555,INC-6561,test,0
6556,INC-6562,train,0
6557,INC-6563,train,1
6558,INC-6564,train,0
6559,INC-6565,train,1
6560,INC-6566,train,1
6561,INC-6567,train,0
6562,INC-6568,test,0
6563,INC-6569,train,0
6564,INC-6570,test,0
6565,INC-6571,train,0
6566,INC-6572,test,0
6567,INC-6573,train,1
6568,INC-6574,train,1
6569,INC-6575,train,0
6570,INC-6576,test,0
6571,INC-6577,train,0
6572,INC-6578,train,0
6573,INC-6579,test,1
6574,INC-6580,train,0
6575,INC-6581,train,0
6576,INC-6582,test,0
6577,INC-6583,train,0
6578,INC-6584,train,1
6579,INC-6585,train,0
6580,INC-6586,train,1
6581,INC-6587,train,1
6582,INC-6588,test,0
6583,INC-6589,train,0
6584,INC-6590,train,0
6585,INC-6591,train,0
6586,INC-6592,test,0
6587,INC-6593,test,0
6588,INC-6594,train,0
6589,INC-6595,train,1
6590,INC-6596,train,0
6591,INC-6597,train,0
6592,INC-6598,test,0
6593,INC-6599,test,0
6594,INC-6600,train,0
6595,INC-6601,train,0
6596,INC-6602,train,0
6597,INC-6603,test,1
6598,INC-6604,train,0
6599,INC-6605,train,1
6600,INC-6606,train,0
6601,INC-6607,train,1
6602,INC-6608,train,0
6603,INC-6609,train,1
6604,INC-6610,train,0
6605,INC-6611,train,1
6606,INC-6612,train,0
6607,INC-6613,train,0
6608,INC-6614,test,0
6609,INC-6615,train,1
6610,INC-6616,train,0
6611,INC-6617,train,1
6612,INC-6618,train,1
6613,INC-6619,train,0
6614,INC-6620,train,0
6615,INC-6621,test,0
6616,INC-6622,train,0
6617,INC-6623,train,0
6618,INC-6624,train,1
6619,INC-6625,test,0
6620,INC-6626,train,1
6621,INC-6627,train,1
6622,INC-6628,train,0
6623,INC-6629,train,0
6624,INC-6630,train,1
6625,INC-6631,train,0
6626,INC-6632,train,0
6627,INC-6633,train,0
6628,INC-6634,test,0
6629,INC-6635,train,0
6630,INC-6636,train,0
6631,INC-6637,train,0
6632,INC-6638,train,1
6633,INC-6639,train,0
6634,INC-6640,test,0
6635,INC-6641,train,1
6636,INC-6642,train,0
6637,INC-6643,train,0
6638,INC-6644,train,0
6639,INC-6645,train,0
6640,INC-6646,train,1
6641,INC-6647,test,0
6642,INC-6648,test,0
6643,INC-6649,train,0
6644,INC-6650,test,0
6645,INC-6651,train,0
6646,INC-6652,train,0
6647,INC-6653,test,1
6648,INC-6654,train,1
6649,INC-6655,train,0
6650,INC-6656,train,1
6651,INC-6657,train,1
6652,INC-6658,train,1
6653,INC-6659,train,0
6654,INC-6660,train,1
6655,INC-6661,test,1
6656,INC-6662,train,0
6657,INC-6663,train,1
6658,INC-6664,train,0
6659,INC-6665,train,0
6660,INC-6666,train,0
6661,INC-6667,train,1
6662,INC-6668,test,0
6663,INC-6669,train,0
6664,INC-6670,train,0
6665,INC-6671,train,1
6666,INC-6672,train,0
6667,INC-6673,train,0
6668,INC-6674,test,0
6669,INC-6675,test,0
6670,INC-6676,test,1
6671,INC-6677,test,1
6672,INC-6678,train,1
6673,INC-6679,test,0
6674,INC-6680,train,0
6675,INC-6681,train,1
6676,INC-6682,train,0
6677,INC-6683,train,0
6678,INC-6684,train,0
6679,INC-6685,train,1
6680,INC-6686,train,0
6681,INC-6687,test,0
6682,INC-6688,train,0
6683,INC-6689,train,0
6684,INC-6690,train,0
6685,INC-6691,train,1
6686,INC-6692,train,0
6687,INC-6693,train,0
6688,INC-6694,train,0
6689,INC-6695,train,1
6690,INC-6696,train,1
6691,INC-6697,train,0
6692,INC-6698,train,0
6693,INC-6699,test,0
6694,INC-6700,train,1
6695,INC-6701,train,0
6696,INC-6702,train,0
6697,INC-6703,train,0
6698,INC-6704,train,0
6699,INC-6705,test,0
6700,INC-6706,train,0
6701,INC-6707,train,1
6702,INC-6708,train,0
6703,INC-6709,train,0
6704,INC-6710,train,1
6705,INC-6711,train,0
6706,INC-6712,train,0
6707,INC-6713,train,0
6708,INC-6714,train,0
6709,INC-6715,train,0
6710,INC-6716,test,0
6711,INC-6717,train,1
6712,INC-6718,train,0
6713,INC-6719,train,0
6714,INC-6720,train,1
6715,INC-6721,train,1
6716,INC-6722,train,1
6717,INC-6723,train,0
6718,INC-6724,test,0
6719,INC-6725,train,1
6720,INC-6726,train,0
6721,INC-6727,test,0
6722,INC-6728,train,0
6723,INC-6729,train,1
6724,INC-6730,train,1
6725,INC-6731,train,0
6726,INC-6732,train,1
6727,INC-6733,train,0
6728,INC-6734,train,0
6729,INC-6735,train,0
6730,INC-6736,train,0
6731,INC-6737,train,0
6732,INC-6738,train,0
6733,INC-6739,train,0
6734,INC-6740,train,1
6735,INC-6741,train,0
6736,INC-6742,train,0
6737,INC-6743,train,0
6738,INC-6744,train,0
6739,INC-6745,train,1
6740,INC-6746,train,0
6741,INC-6747,train,0
6742,INC-6748,train,0
6743,INC-6749,train,1
6744,INC-6750,train,0
6745,INC-6751,test,0
6746,INC-6752,train,0
6747,INC-6753,train,0
6748,INC-6754,train,0
6749,INC-6755,test,0
6750,INC-6756,train,0
6751,INC-6757,train,1
6752,INC-6758,test,1
6753,INC-6759,train,0
6754,INC-6760,test,1
6755,INC-6761,test,0
6756,INC-6762,train,0
6757,INC-6763,test,0
6758,INC-6764,train,0
6759,INC-6765,train,0
6760,INC-6766,test,0
6761,INC-6767,train,1
6762,INC-6768,train,0
6763,INC-6769,train,0
6764,INC-6770,train,1
6765,INC-6771,test,1
6766,INC-6772,train,1
6767,INC-6773,train,1
6768,INC-6774,train,0
6769,INC-6775,train,1
6770,INC-6776,test,0
6771,INC-6777,train,0
6772,INC-6778,train,0
6773,INC-6779,train,0
6774,INC-6780,train,0
6775,INC-6781,train,0
6776,INC-6782,train,1
6777,INC-6783,train,0
6778,INC-6784,train,0
6779,INC-6785,test,1
6780,INC-6786,train,0
6781,INC-6787,train,0
6782,INC-6788,train,0
6783,INC-6789,train,0
6784,INC-6790,train,1
6785,INC-6791,train,0
6786,INC-6792,test,1
6787,INC-6793,train,0
6788,INC-6794,train,0
6789,INC-6795,train,0
6790,INC-6796,train,0
6791,INC-6797,train,0
6792,INC-6798,train,0
6793,INC-6799,train,0
6794,INC-6800,train,1
6795,INC-6801,train,0
6796,INC-6802,train,1
6797,INC-6803,train,0
6798,INC-6804,train,0
6799,INC-6805,train,1
6800,INC-6806,train,0
6801,INC-6807,train,0
6802,INC-6808,test,0
6803,INC-6809,train,1
6804,INC-6810,train,0
6805,INC-6811,train,1
6806,INC-6812,train,0
6807,INC-6813,train,1
6808,INC-6814,test,1
6809,INC-6815,train,0
6810,INC-6816,train,0
6811,INC-6817,test,0
6812,INC-6818,train,0
6813,INC-6819,test,1
6814,INC-6820,train,0
6815,INC-6821,train,1
6816,INC-6822,train,0
6817,INC-6823,train,0
6818,INC-6824,train,0
6819,INC-6825,test,0
6820,INC-6826,train,0
6821,INC-6827,train,1
6822,INC-6828,train,0
6823,INC-6829,train,0
6824,INC-6830,train,0
6825,INC-6831,train,1
6826,INC-6832,train,0
6827,INC-6833,train,0
6828,INC-6834,train,0
6829,INC-6835,train,1
6830,INC-6836,train,0
6831,INC-6837,train,1
6832,INC-6838,train,0
6833,INC-6839,train,0
6834,INC-6840,train,0
6835,INC-6841,train,1
6836,INC-6842,train,1
6837,INC-6843,train,0
6838,INC-6844,test,0
6839,INC-6845,train,1
6840,INC-6846,train,0
6841,INC-6847,train,1
6842,INC-6848,test,0
6843,INC-6849,test,1
6844,INC-6850,train,1
6845,INC-6851,train,0
6846,INC-6852,train,0
6847,INC-6853,train,1
6848,INC-6854,test,1
6849,INC-6855,train,0
6850,INC-6856,train,0
6851,INC-6857,train,0
6852,INC-6858,train,0
6853,INC-6859,train,0
6854,INC-6860,train,1
6855,INC-6861,train,0
6856,INC-6862,test,1
6857,INC-6863,test,1
6858,INC-6864,train,0
6859,INC-6865,train,1
6860,INC-6866,train,0
6861,INC-6867,train,0
6862,INC-6868,train,1
6863,INC-6869,test,0
6864,INC-6870,train,0
6865,INC-6871,train,1
6866,INC-6872,train,1
6867,INC-6873,train,0
6868,INC-6874,train,1
6869,INC-6875,train,0
6870,INC-6876,train,1
6871,INC-6877,test,0
6872,INC-6878,train,0
6873,INC-6879,train,0
6874,INC-6880,train,0
6875,INC-6881,test,0
6876,INC-6882,test,0
6877,INC-6883,train,0
6878,INC-6884,train,0
6879,INC-6885,train,0
6880,INC-6886,test,0
6881,INC-6887,train,0
6882,INC-6888,train,1
6883,INC-6889,train,0
6884,INC-6890,train,0
6885,INC-6891,train,0
6886,INC-6892,train,1
6887,INC-6893,train,0
6888,INC-6894,train,1
6889,INC-6895,train,0
6890,INC-6896,train,1
6891,INC-6897,test,0
6892,INC-6898,train,0
6893,INC-6899,train,0
6894,INC-6900,train,0
6895,INC-6901,train,0
6896,INC-6902,test,0
6897,INC-6903,train,0
6898,INC-6904,train,0
6899,INC-6905,train,1
6900,INC-6906,train,0
6901,INC-6907,train,1
6902,INC-6908,train,0
6903,INC-6909,train,1
6904,INC-6910,test,0
6905,INC-6911,train,1
6906,INC-6912,train,0
6907,INC-6913,train,1
6908,INC-6914,train,1
6909,INC-6915,train,1
6910,INC-6916,train,0
6911,INC-6917,train,0
6912,INC-6918,train,1
6913,INC-6919,train,0
6914,INC-6920,test,0
6915,INC-6921,train,0
6916,INC-6922,train,0
6917,INC-6923,train,1
6918,INC-6924,train,0
6919,INC-6925,train,1
6920,INC-6926,train,1
6921,INC-6927,train,0
6922,INC-6928,test,0
6923,INC-6929,test,0
6924,INC-6930,test,0
6925,INC-6931,train,0
6926,INC-6932,train,0
6927,INC-6933,test,0
6928,INC-6934,test,1
6929,INC-6935,train,0
6930,INC-6936,train,0
6931,INC-6937,train,0
6932,INC-6938,test,1
6933,INC-6939,train,0
6934,INC-6940,test,1
6935,INC-6941,train,0
6936,INC-6942,train,0
6937,INC-6943,train,0
6938,INC-6944,train,0
6939,INC-6945,train,0
6940,INC-6946,train,1
6941,INC-6947,train,0
6942,INC-6948,train,0
6943,INC-6949,train,0
6944,INC-6950,test,0
6945,INC-6951,train,1
6946,INC-6952,train,0
6947,INC-6953,train,0
6948,INC-6954,test,0
6949,INC-6955,test,0
6950,INC-6956,train,0
6951,INC-6957,train,1
6952,INC-6958,train,1
6953,INC-6959,train,0
6954,INC-6960,test,1
6955,INC-6961,train,0
6956,INC-6962,test,0
6957,INC-6963,train,0
6958,INC-6964,train,0
6959,INC-6965,train,0
6960,INC-6966,train,1
6961,INC-6967,test,1
6962,INC-6968,train,0
6963,INC-6969,train,0
6964,INC-6970,test,0
6965,INC-6971,test,0
6966,INC-6972,train,0
6967,INC-6973,train,0
6968,INC-6974,train,0
6969,INC-6975,train,0
6970,INC-6976,train,0
6971,INC-6977,train,1
6972,INC-6978,train,1
6973,INC-6979,test,0
6974,INC-6980,train,0
6975,INC-6981,train,1
6976,INC-6982,test,0
6977,INC-6983,train,0
6978,INC-6984,train,1
6979,INC-6985,test,0
6980,INC-6986,train,0
6981,INC-6987,train,1
6982,INC-6988,train,0
6983,INC-6989,train,0
6984,INC-6990,train,0
6985,INC-6991,train,0
6986,INC-6992,train,0
6987,INC-6993,train,0
6988,INC-6994,test,0
6989,INC-6995,train,1
6990,INC-6996,train,0
6991,INC-6997,train,1
6992,INC-6998,test,1
6993,INC-6999,test,0
6994,INC-7000,train,0
6995,INC-7001,train,1
6996,INC-7002,train,0
6997,INC-7003,train,0
6998,INC-7004,train,1
6999,INC-7005,train,1
7000,INC-7006,train,0
7001,INC-7007,train,0
7002,INC-7008,test,0
7003,INC-7009,train,0
7004,INC-7010,train,0
7005,INC-7011,train,0
7006,INC-7012,train,0
7007,INC-7013,train,1
7008,INC-7014,train,1
7009,INC-7015,train,0
7010,INC-7016,train,0
7011,INC-7017,train,0
7012,INC-7018,train,1
7013,INC-7019,test,0
7014,INC-7020,train,0
7015,INC-7021,train,0
7016,INC-7022,train,0
7017,INC-7023,train,0
7018,INC-7024,train,0
7019,INC-7025,train,1
7020,INC-7026,train,1
7021,INC-7027,train,0
7022,INC-7028,train,0
7023,INC-7029,train,0
7024,INC-7030,train,0
7025,INC-7031,train,1
7026,INC-7032,train,1
7027,INC-7033,train,1
7028,INC-7034,train,0
7029,INC-7035,test,1
7030,INC-7036,train,1
7031,INC-7037,test,0
7032,INC-7038,train,1
7033,INC-7039,train,0
7034,INC-7040,train,0
7035,INC-7041,train,0
7036,INC-7042,train,0
7037,INC-7043,train,0
7038,INC-7044,train,0
7039,INC-7045,train,0
7040,INC-7046,train,0
7041,INC-7047,train,0
7042,INC-7048,train,0
7043,INC-7049,test,0
7044,INC-7050,train,0
7045,INC-7051,train,1
7046,INC-7052,train,0
7047,INC-7053,test,0
7048,INC-7054,train,0
7049,INC-7055,test,1
7050,INC-7056,test,0
7051,INC-7057,test,0
7052,INC-7058,test,0
7053,INC-7059,train,0
7054,INC-7060,train,0
7055,INC-7061,test,0
7056,INC-7062,train,1
7057,INC-7063,train,1
7058,INC-7064,train,1
7059,INC-7065,test,1
7060,INC-7066,train,0
7061,INC-7067,train,0
7062,INC-7068,train,0
7063,INC-7069,train,0
7064,INC-7070,train,0
7065,INC-7071,test,0
7066,INC-7072,test,0
7067,INC-7073,train,1
7068,INC-7074,train,1
7069,INC-7075,train,0
7070,INC-7076,test,0
7071,INC-7077,test,1
7072,INC-7078,train,0
7073,INC-7079,train,0
7074,INC-7080,test,1
7075,INC-7081,train,0
7076,INC-7082,train,0
7077,INC-7083,train,0
7078,INC-7084,train,0
7079,INC-7085,train,0
7080,INC-7086,train,1
7081,INC-7087,train,0
7082,INC-7088,train,0
7083,INC-7089,train,0
7084,INC-7090,train,0
7085,INC-7091,test,0
7086,INC-7092,train,1
7087,INC-7093,train,0
7088,INC-7094,train,1
7089,INC-7095,train,1
7090,INC-7096,train,1
7091,INC-7097,train,0
7092,INC-7098,train,1
7093,INC-7099,train,0
7094,INC-7100,test,0
7095,INC-7101,test,0
7096,INC-7102,train,0
7097,INC-7103,train,0
7098,INC-7104,train,0
7099,INC-7105,train,0
7100,INC-7106,train,0
7101,INC-7107,train,0
7102,INC-7108,train,0
7103,INC-7109,train,0
7104,INC-7110,train,1
7105,INC-7111,train,0
7106,INC-7112,train,0
7107,INC-7113,train,0
7108,INC-7114,train,0
7109,INC-7115,train,0
7110,INC-7116,train,1
7111,INC-7117,train,1
7112,INC-7118,test,0
7113,INC-7119,train,0
7114,INC-7120,train,0
7115,INC-7121,train,0
7116,INC-7122,train,0
7117,INC-7123,train,1
7118,INC-7124,train,0
7119,INC-7125,train,1
7120,INC-7126,train,0
7121,INC-7127,train,1
7122,INC-7128,train,0
7123,INC-7129,train,0
7124,INC-7130,train,0
7125,INC-7131,train,1
7126,INC-7132,test,0
7127,INC-7133,train,1
7128,INC-7134,test,0
7129,INC-7135,train,0
7130,INC-7136,train,1
7131,INC-7137,train,0
7132,INC-7138,train,1
7133,INC-7139,train,1
7134,INC-7140,train,1
7135,INC-7141,train,0
7136,INC-7142,test,0
7137,INC-7143,test,0
7138,INC-7144,train,1
7139,INC-7145,train,0
7140,INC-7146,test,0
7141,INC-7147,train,0
7142,INC-7148,train,0
7143,INC-7149,test,0
7144,INC-7150,train,0
7145,INC-7151,train,0
7146,INC-7153,train,1
7147,INC-7154,train,0
7148,INC-7155,train,0
7149,INC-7156,train,0
7150,INC-7157,train,1
7151,INC-7158,test,0
7152,INC-7159,train,0
7153,INC-7160,train,0
7154,INC-7161,train,1
7155,INC-7162,test,1
7156,INC-7163,train,1
7157,INC-7164,test,0
7158,INC-7165,train,1
7159,INC-7166,train,0
7160,INC-7167,test,1
7161,INC-7168,train,0
7162,INC-7169,train,0
7163,INC-7170,test,0
7164,INC-7171,train,0
7165,INC-7172,test,0
7166,INC-7173,test,1
7167,INC-7174,train,0
7168,INC-7175,train,0
7169,INC-7176,train,0
7170,INC-7177,train,0
7171,INC-7178,train,0
7172,INC-7179,train,0
7173,INC-7180,train,1
7174,INC-7181,train,0
7175,INC-7182,train,0
7176,INC-7183,train,0
7177,INC-7184,train,0
7178,INC-7185,train,0
7179,INC-7186,train,0
7180,INC-7187,train,0
7181,INC-7188,train,0
7182,INC-7189,train,0
7183,INC-7190,train,0
7184,INC-7191,train,0
7185,INC-7192,test,0
7186,INC-7193,train,0
7187,INC-7194,train,1
7188,INC-7195,train,0
7189,INC-7196,test,1
7190,INC-7197,train,1
7191,INC-7198,train,1
7192,INC-7199,train,0
7193,INC-7200,test,0
7194,INC-7201,train,0
7195,INC-7202,train,0
7196,INC-7203,train,0
7197,INC-7204,train,0
7198,INC-7205,train,0
7199,INC-7206,train,0
7200,INC-7207,train,1
7201,INC-7208,test,0
7202,INC-7209,train,0
7203,INC-7210,train,0
7204,INC-7211,train,0
7205,INC-7212,test,0
7206,INC-7213,test,1
7207,INC-7214,train,0
7208,INC-7215,test,0
7209,INC-7216,train,0
7210,INC-7217,train,1
7211,INC-7218,train,1
7212,INC-7219,train,1
7213,INC-7220,test,0
7214,INC-7221,train,0
7215,INC-7222,train,0
7216,INC-7223,train,1
7217,INC-7224,test,1
7218,INC-7225,train,0
7219,INC-7226,test,0
7220,INC-7227,train,1
7221,INC-7228,train,0
7222,INC-7229,train,1
7223,INC-7230,test,0
7224,INC-7231,train,0
7225,INC-7232,train,0
7226,INC-7233,train,0
7227,INC-7234,test,0
7228,INC-7235,train,0
7229,INC-7236,train,0
7230,INC-7237,train,1
7231,INC-7238,train,0
7232,INC-7239,train,0
7233,INC-7240,train,0
7234,INC-7241,test,0
7235,INC-7242,train,0
7236,INC-7243,train,0
7237,INC-7244,train,0
7238,INC-7245,train,1
7239,INC-7246,train,1
7240,INC-7247,test,0
7241,INC-7248,train,0
7242,INC-7249,train,0
7243,INC-7250,train,0
7244,INC-7251,test,0
7245,INC-7252,test,0
7246,INC-7253,train,0
7247,INC-7254,test,1
7248,INC-7255,train,0
7249,INC-7256,train,0
7250,INC-7257,train,1
7251,INC-7258,train,0
7252,INC-7259,train,1
7253,INC-7260,train,0
7254,INC-7261,train,0
7255,INC-7262,train,0
7256,INC-7263,train,0
7257,INC-7264,train,1
7258,INC-7265,train,1
7259,INC-7266,train,0
7260,INC-7267,test,0
7261,INC-7268,train,0
7262,INC-7269,train,0
7263,INC-7270,train,0
7264,INC-7271,test,0
7265,INC-7272,train,0
7266,INC-7273,train,1
7267,INC-7274,test,1
7268,INC-7275,train,1
7269,INC-7276,train,0
7270,INC-7277,train,0
7271,INC-7278,train,0
7272,INC-7279,train,0
7273,INC-7280,train,0
7274,INC-7281,train,0
7275,INC-7282,test,0
7276,INC-7283,train,1
7277,INC-7284,test,0
7278,INC-7285,train,0
7279,INC-7286,train,0
7280,INC-7287,test,0
7281,INC-7288,train,0
7282,INC-7289,test,0
7283,INC-7290,train,0
7284,INC-7291,train,0
7285,INC-7292,train,0
7286,INC-7293,test,0
7287,INC-7294,train,0
7288,INC-7295,train,1
7289,INC-7296,train,1
7290,INC-7297,train,0
7291,INC-7298,train,0
7292,INC-7299,train,1
7293,INC-7300,test,1
7294,INC-7301,train,0
7295,INC-7302,train,0
7296,INC-7303,train,1
7297,INC-7304,train,0
7298,INC-7305,train,0
7299,INC-7306,train,1
7300,INC-7307,train,1
7301,INC-7308,train,0
7302,INC-7309,train,0
7303,INC-7310,train,0
7304,INC-7311,train,1
7305,INC-7312,train,0
7306,INC-7313,train,0
7307,INC-7314,train,0
7308,INC-7315,train,1
7309,INC-7316,train,0
7310,INC-7317,train,0
7311,INC-7318,train,0
7312,INC-7319,train,0
7313,INC-7320,test,0
7314,INC-7321,train,0
7315,INC-7322,train,0
7316,INC-7323,test,0
7317,INC-7324,train,0
7318,INC-7325,train,0
7319,INC-7326,train,0
7320,INC-7327,train,0
7321,INC-7328,train,0
7322,INC-7329,train,1
7323,INC-7330,train,1
7324,INC-7331,train,0
7325,INC-7332,train,0
7326,INC-7333,test,1
7327,INC-7334,test,1
7328,INC-7335,train,0
7329,INC-7336,test,1
7330,INC-7337,train,0
7331,INC-7338,test,0
7332,INC-7339,train,1
7333,INC-7340,train,0
7334,INC-7341,test,1
7335,INC-7342,train,0
7336,INC-7343,train,0
7337,INC-7344,train,1
7338,INC-7345,test,0
7339,INC-7346,train,1
7340,INC-7347,train,1
7341,INC-7348,train,0
7342,INC-7349,train,0
7343,INC-7350,test,0
7344,INC-7351,train,1
7345,INC-7352,train,0
7346,INC-7353,test,0
7347,INC-7354,test,0
7348,INC-7355,train,0
7349,INC-7356,train,0
7350,INC-7357,test,1
7351,INC-7358,train,1
7352,INC-7359,train,0
7353,INC-7360,train,0
7354,INC-7361,train,1
7355,INC-7362,train,0
7356,INC-7363,train,1
7357,INC-7364,train,0
7358,INC-7365,train,0
7359,INC-7366,test,0
7360,INC-7367,train,0
7361,INC-7368,test,1
7362,INC-7369,train,0
7363,INC-7370,train,0
7364,INC-7371,train,0
7365,INC-7372,train,0
7366,INC-7373,train,0
7367,INC-7374,test,0
7368,INC-7375,train,0
7369,INC-7376,train,0
7370,INC-7377,train,0
7371,INC-7378,train,0
7372,INC-7379,train,0
7373,INC-7380,train,0
7374,INC-7381,test,0
7375,INC-7382,train,0
7376,INC-7383,train,1
7377,INC-7384,test,1
7378,INC-7385,train,0
7379,INC-7386,train,0
7380,INC-7387,train,0
7381,INC-7388,train,1
7382,INC-7389,train,1
7383,INC-7390,test,1
7384,INC-7391,train,1
7385,INC-7392,test,0
7386,INC-7393,test,1
7387,INC-7394,train,1
7388,INC-7395,train,1
7389,INC-7396,train,0
7390,INC-7397,train,0
7391,INC-7398,test,0
7392,INC-7399,train,1
7393,INC-7400,train,1
7394,INC-7401,train,1
7395,INC-7402,train,0
7396,INC-7403,train,1
7397,INC-7404,test,1
7398,INC-7405,train,0
7399,INC-7406,train,0
7400,INC-7407,train,1
7401,INC-7408,train,1
7402,INC-7409,train,0
7403,INC-7410,train,0
7404,INC-7411,test,0
7405,INC-7412,train,1
7406,INC-7413,train,1
7407,INC-7414,train,0
7408,INC-7415,train,0
7409,INC-7416,train,0
7410,INC-7417,train,0
7411,INC-7418,train,0
7412,INC-7419,test,0
7413,INC-7420,test,1
7414,INC-7421,train,0
7415,INC-7422,test,1
7416,INC-7423,train,0
7417,INC-7424,train,0
7418,INC-7425,test,0
7419,INC-7426,train,0
7420,INC-7427,train,1
7421,INC-7428,train,1
7422,INC-7429,train,0
7423,INC-7430,test,1
7424,INC-7431,train,1
7425,INC-7432,test,0
7426,INC-7433,train,1
7427,INC-7434,train,0
7428,INC-7435,train,0
7429,INC-7436,test,0
7430,INC-7437,train,0
7431,INC-7438,train,1
7432,INC-7439,train,0
7433,INC-7440,test,0
7434,INC-7441,test,0
7435,INC-7442,test,0
7436,INC-7443,train,0
7437,INC-7444,train,1
7438,INC-7445,train,0
7439,INC-7446,train,0
7440,INC-7447,train,0
7441,INC-7448,train,0
7442,INC-7449,train,0
7443,INC-7450,train,0
7444,INC-7451,test,1
7445,INC-7452,train,1
7446,INC-7453,train,0
7447,INC-7454,train,0
7448,INC-7455,train,1
7449,INC-7456,train,0
7450,INC-7457,train,0
7451,INC-7458,train,0
7452,INC-7459,train,1
7453,INC-7460,test,0
7454,INC-7461,train,0
7455,INC-7462,train,0
7456,INC-7463,train,1
7457,INC-7464,train,0
7458,INC-7465,train,0
7459,INC-7466,test,0
7460,INC-7467,train,0
7461,INC-7468,train,1
7462,INC-7469,train,0
7463,INC-7470,train,1
7464,INC-7471,train,1
7465,INC-7472,train,0
7466,INC-7473,test,1
7467,INC-7474,test,0
7468,INC-7475,train,0
7469,INC-7476,train,0
7470,INC-7477,test,0
7471,INC-7478,train,1
7472,INC-7479,train,0
7473,INC-7480,train,0
7474,INC-7481,train,0
7475,INC-7482,train,1
7476,INC-7483,train,0
7477,INC-7484,train,0
7478,INC-7485,test,1
7479,INC-7486,train,0
7480,INC-7487,train,0
7481,INC-7488,train,0
7482,INC-7489,train,1
7483,INC-7490,train,0
7484,INC-7491,train,0
7485,INC-7492,test,0
7486,INC-7493,train,0
7487,INC-7494,train,0
7488,INC-7495,train,0
7489,INC-7496,test,0
7490,INC-7497,train,0
7491,INC-7498,train,1
7492,INC-7499,train,0
7493,INC-7500,train,0
7494,INC-7501,train,0
7495,INC-7502,test,1
7496,INC-7503,train,1
7497,INC-7504,test,0
7498,INC-7505,train,1
7499,INC-7506,train,0
7500,INC-7507,train,0
7501,INC-7508,train,1
7502,INC-7509,train,0
7503,INC-7510,train,1
7504,INC-7511,train,0
7505,INC-7512,train,0
7506,INC-7513,train,0
7507,INC-7514,test,1
7508,INC-7515,train,1
7509,INC-7516,train,1
7510,INC-7517,train,0
7511,INC-7518,train,1
7512,INC-7519,train,0
7513,INC-7520,train,0
7514,INC-7521,train,1
7515,INC-7522,train,0
7516,INC-7523,train,0
7517,INC-7524,train,0
7518,INC-7525,train,0
7519,INC-7526,train,0
7520,INC-7527,test,0
7521,INC-7528,train,0
7522,INC-7529,train,0
7523,INC-7530,train,0
7524,INC-7531,train,0
7525,INC-7532,train,0
7526,INC-7533,train,1
7527,INC-7534,test,1
7528,INC-7535,train,0
7529,INC-7536,train,1
7530,INC-7537,train,1
7531,INC-7538,train,0
7532,INC-7539,train,0
7533,INC-7540,train,1
7534,INC-7541,train,1
7535,INC-7542,train,0
7536,INC-7543,train,1
7537,INC-7544,train,0
7538,INC-7545,train,0
7539,INC-7546,train,0
7540,INC-7547,train,0
7541,INC-7548,train,0
7542,INC-7549,train,1
7543,INC-7550,train,0
7544,INC-7551,train,0
7545,INC-7552,train,0
7546,INC-7553,train,0
7547,INC-7554,train,0
7548,INC-7555,test,0
7549,INC-7556,train,0
7550,INC-7557,train,1
7551,INC-7558,train,1
7552,INC-7559,train,0
7553,INC-7560,train,0
7554,INC-7561,test,0
7555,INC-7562,test,0
7556,INC-7563,test,0
7557,INC-7564,train,0
7558,INC-7565,train,0
7559,INC-7566,test,0
7560,INC-7567,train,0
7561,INC-7568,test,0
7562,INC-7569,test,0
7563,INC-7570,train,1
7564,INC-7571,train,1
7565,INC-7572,train,1
7566,INC-7573,train,1
7567,INC-7574,train,1
7568,INC-7575,test,0
7569,INC-7576,train,1
7570,INC-7577,train,0
7571,INC-7578,train,1
7572,INC-7579,train,1
7573,INC-7580,train,0
7574,INC-7581,train,0
7575,INC-7582,train,0
7576,INC-7583,test,0
7577,INC-7584,train,0
7578,INC-7585,train,0
7579,INC-7586,train,1
7580,INC-7587,train,1
7581,INC-7588,train,0
7582,INC-7589,train,0
7583,INC-7590,train,1
7584,INC-7591,train,0
7585,INC-7592,train,0
7586,INC-7593,train,1
7587,INC-7594,train,1
7588,INC-7595,train,0
7589,INC-7596,test,1
7590,INC-7597,train,1
7591,INC-7598,train,0
7592,INC-7599,train,0
7593,INC-7600,train,0
7594,INC-7601,train,0
7595,INC-7602,test,0
7596,INC-7603,train,0
7597,INC-7604,train,0
7598,INC-7605,train,0
7599,INC-7606,train,0
7600,INC-7607,test,0
7601,INC-7608,train,1
7602,INC-7609,train,0
7603,INC-7610,test,0
7604,INC-7611,train,0
7605,INC-7612,train,1
7606,INC-7613,test,0
7607,INC-7614,train,0
7608,INC-7615,train,0
7609,INC-7616,train,0
7610,INC-7617,train,0
7611,INC-7618,train,0
7612,INC-7619,test,0
7613,INC-7620,train,0
7614,INC-7621,train,0
7615,INC-7622,test,0
7616,INC-7623,train,0
7617,INC-7624,train,0
7618,INC-7625,train,0
7619,INC-7626,train,0
7620,INC-7627,train,0
7621,INC-7628,train,0
7622,INC-7629,test,0
7623,INC-7630,train,1
7624,INC-7631,train,1
7625,INC-7632,train,0
7626,INC-7633,train,0
7627,INC-7634,train,1
7628,INC-7635,train,1
7629,INC-7636,train,1
7630,INC-7637,test,0
7631,INC-7638,train,0
7632,INC-7639,train,1
7633,INC-7640,train,0
7634,INC-7641,train,0
7635,INC-7642,test,0
7636,INC-7643,train,0
7637,INC-7644,train,0
7638,INC-7645,train,1
7639,INC-7646,train,0
7640,INC-7647,test,0
7641,INC-7648,train,0
7642,INC-7649,train,0
7643,INC-7650,train,0
7644,INC-7651,train,1
7645,INC-7652,test,0
7646,INC-7653,train,0
7647,INC-7654,train,1
7648,INC-7655,train,1
7649,INC-7656,train,1
7650,INC-7657,train,1
7651,INC-7658,train,0
7652,INC-7659,train,0
7653,INC-7660,test,0
7654,INC-7661,train,1
7655,INC-7662,train,0
7656,INC-7663,train,0
7657,INC-7664,train,1
7658,INC-7665,train,0
7659,INC-7666,train,0
7660,INC-7667,train,1
7661,INC-7668,train,1
7662,INC-7669,train,1
7663,INC-7670,train,0
7664,INC-7671,train,0
7665,INC-7672,train,1
7666,INC-7673,train,0
7667,INC-7674,train,0
7668,INC-7675,train,1
7669,INC-7676,train,0
7670,INC-7677,train,0
7671,INC-7678,train,0
7672,INC-7679,train,0
7673,INC-7680,train,0
7674,INC-7681,train,1
7675,INC-7682,train,1
7676,INC-7683,test,0
7677,INC-7684,train,1
7678,INC-7685,test,0
7679,INC-7686,train,1
7680,INC-7687,train,0
7681,INC-7688,train,0
7682,INC-7689,test,1
7683,INC-7690,test,0
7684,INC-7691,train,0
7685,INC-7692,train,0
7686,INC-7693,test,1
7687,INC-7694,test,0
7688,INC-7695,test,0
7689,INC-7696,train,0
7690,INC-7697,train,1
7691,INC-7698,test,1
7692,INC-7699,train,0
7693,INC-7700,train,0
7694,INC-7701,train,0
7695,INC-7702,test,0
7696,INC-7703,train,0
7697,INC-7704,train,0
7698,INC-7705,train,1
7699,INC-7706,train,0
7700,INC-7707,train,1
7701,INC-7708,train,0
7702,INC-7709,train,1
7703,INC-7710,test,1
7704,INC-7711,train,0
7705,INC-7712,train,0
7706,INC-7713,train,0
7707,INC-7714,train,0
7708,INC-7715,train,0
7709,INC-7716,test,1
7710,INC-7717,train,0
7711,INC-7718,train,0
7712,INC-7719,train,1
7713,INC-7720,train,1
7714,INC-7721,train,0
7715,INC-7722,test,0
7716,INC-7723,test,0
7717,INC-7724,train,0
7718,INC-7725,train,1
7719,INC-7726,test,1
7720,INC-7727,train,0
7721,INC-7728,train,0
7722,INC-7729,train,1
7723,INC-7730,train,0
7724,INC-7731,test,1
7725,INC-7732,test,1
7726,INC-7733,train,0
7727,INC-7734,train,1
7728,INC-7735,train,1
7729,INC-7736,train,1
7730,INC-7737,train,0
7731,INC-7738,train,1
7732,INC-7739,train,1
7733,INC-7740,train,0
7734,INC-7741,train,0
7735,INC-7742,train,0
7736,INC-7743,train,1
7737,INC-7744,test,0
7738,INC-7745,test,0
7739,INC-7746,train,0
7740,INC-7747,test,0
7741,INC-7748,train,0
7742,INC-7749,train,1
7743,INC-7750,train,0
7744,INC-7751,train,0
7745,INC-7752,train,0
7746,INC-7753,train,0
7747,INC-7754,train,0
7748,INC-7755,train,0
7749,INC-7756,train,1
7750,INC-7757,train,0
7751,INC-7758,train,0
7752,INC-7759,train,0
7753,INC-7760,train,0
7754,INC-7761,train,1
7755,INC-7762,train,0
7756,INC-7763,train,1
7757,INC-7764,train,1
7758,INC-7765,test,0
7759,INC-7766,train,0
7760,INC-7767,train,0
7761,INC-7768,train,0
7762,INC-7769,test,0
7763,INC-7770,train,1
7764,INC-7771,train,0
7765,INC-7772,train,0
7766,INC-7773,train,0
7767,INC-7774,train,1
7768,INC-7775,train,0
7769,INC-7776,train,0
7770,INC-7777,train,0
7771,INC-7778,train,0
7772,INC-7779,train,1
7773,INC-7780,train,0
7774,INC-7781,train,0
7775,INC-7782,train,0
7776,INC-7783,train,0
7777,INC-7784,train,0
7778,INC-7785,train,0
7779,INC-7786,train,0
7780,INC-7787,test,0
7781,INC-7788,test,0
7782,INC-7789,test,1
7783,INC-7790,test,1
7784,INC-7791,train,0
7785,INC-7792,test,0
7786,INC-7793,train,0
7787,INC-7794,train,0
7788,INC-7795,train,0
7789,INC-7796,train,0
7790,INC-7797,train,0
7791,INC-7798,test,0
7792,INC-7799,train,0
7793,INC-7800,train,0
7794,INC-7801,train,0
7795,INC-7802,test,1
7796,INC-7803,test,1
7797,INC-7804,train,1
7798,INC-7805,train,0
7799,INC-7806,train,1
7800,INC-7807,train,1
7801,INC-7808,train,1
7802,INC-7809,test,0
7803,INC-7810,train,0
7804,INC-7811,test,1
7805,INC-7812,train,0
7806,INC-7813,train,0
7807,INC-7814,train,0
7808,INC-7815,train,0
7809,INC-7816,train,1
7810,INC-7817,train,1
7811,INC-7818,train,0
7812,INC-7819,train,0
7813,INC-7820,train,0
7814,INC-7821,train,1
7815,INC-7822,test,0
7816,INC-7823,train,1
7817,INC-7824,train,0
7818,INC-7825,train,0
7819,INC-7826,train,1
7820,INC-7827,train,0
7821,INC-7828,train,0
7822,INC-7829,train,0
7823,INC-7830,train,0
7824,INC-7831,train,1
7825,INC-7832,train,0
7826,INC-7833,test,1
7827,INC-7834,train,1
7828,INC-7835,train,0
7829,INC-7836,train,0
7830,INC-7837,train,0
7831,INC-7838,test,1
7832,INC-7839,test,1
7833,INC-7840,test,0
7834,INC-7841,train,1
7835,INC-7842,train,0
7836,INC-7843,train,1
7837,INC-7844,test,0
7838,INC-7845,train,0
7839,INC-7846,train,0
7840,INC-7847,train,0
7841,INC-7848,train,1
7842,INC-7849,train,0
7843,INC-7850,train,1
7844,INC-7851,train,1
7845,INC-7852,train,1
7846,INC-7853,train,0
7847,INC-7854,test,0
7848,INC-7855,train,0
7849,INC-7856,test,0
7850,INC-7857,train,0
7851,INC-7858,train,0
7852,INC-7859,train,0
7853,INC-7860,train,1
7854,INC-7861,train,1
7855,INC-7862,train,0
7856,INC-7863,train,0
7857,INC-7864,train,0
7858,INC-7865,train,0
7859,INC-7866,test,0
7860,INC-7867,train,0
7861,INC-7868,train,0
7862,INC-7869,test,0
7863,INC-7870,train,0
7864,INC-7871,test,1
7865,INC-7872,train,1
7866,INC-7873,train,0
7867,INC-7874,train,0
7868,INC-7875,train,0
7869,INC-7876,test,0
7870,INC-7877,train,0
7871,INC-7878,test,0
7872,INC-7879,train,1
7873,INC-7880,train,0
7874,INC-7881,train,0
7875,INC-7882,train,1
7876,INC-7883,train,0
7877,INC-7884,train,0
7878,INC-7885,test,0
7879,INC-7886,train,0
7880,INC-7887,test,0
7881,INC-7888,test,0
7882,INC-7889,train,0
7883,INC-7890,train,0
7884,INC-7891,train,0
7885,INC-7892,train,0
7886,INC-7893,test,0
7887,INC-7894,train,0
7888,INC-7895,train,0
7889,INC-7896,train,0
7890,INC-7897,train,0
7891,INC-7898,train,0
7892,INC-7899,train,0
7893,INC-7900,test,0
7894,INC-7901,train,0
7895,INC-7902,train,0
7896,INC-7903,train,0
7897,INC-7904,train,1
7898,INC-7905,train,1
7899,INC-7906,test,0
7900,INC-7907,train,1
7901,INC-7908,test,0
7902,INC-7909,train,0
7903,INC-7910,test,0
7904,INC-7911,train,0
7905,INC-7912,train,1
7906,INC-7913,train,0
7907,INC-7914,test,0
7908,INC-7915,train,1
7909,INC-7916,train,0
7910,INC-7917,train,0
7911,INC-7918,train,0
7912,INC-7919,train,0
7913,INC-7920,train,0
7914,INC-7921,train,1
7915,INC-7922,test,0
7916,INC-7923,train,0
7917,INC-7924,train,1
7918,INC-7925,train,1
7919,INC-7926,train,0
7920,INC-7927,test,0
7921,INC-7928,train,1
7922,INC-7929,train,0
7923,INC-7930,train,0
7924,INC-7931,train,0
7925,INC-7932,train,0
7926,INC-7933,train,1
7927,INC-7934,test,0
7928,INC-7935,test,1
7929,INC-7936,train,1
7930,INC-7937,test,0
7931,INC-7938,train,0
7932,INC-7939,test,1
7933,INC-7940,train,1
7934,INC-7941,test,1
7935,INC-7942,train,0
7936,INC-7943,train,0
7937,INC-7944,test,0
7938,INC-7945,train,0
7939,INC-7946,train,1
7940,INC-7947,train,0
7941,INC-7948,train,0
7942,INC-7949,train,0
7943,INC-7950,train,0
7944,INC-7951,train,1
7945,INC-7952,train,0
7946,INC-7953,train,1
7947,INC-7954,train,1
7948,INC-7955,train,0
7949,INC-7956,train,0
7950,INC-7957,train,0
7951,INC-7958,test,0
7952,INC-7959,train,0
7953,INC-7960,train,0
7954,INC-7961,train,0
7955,INC-7962,train,0
7956,INC-7963,train,1
7957,INC-7964,train,0
7958,INC-7965,train,1
7959,INC-7966,train,0
7960,INC-7967,train,0
7961,INC-7968,train,0
7962,INC-7969,train,0
7963,INC-7970,train,0
7964,INC-7971,train,0
7965,INC-7972,test,1
7966,INC-7973,train,0
7967,INC-7974,train,0
7968,INC-7975,train,0
7969,INC-7976,train,1
7970,INC-7977,train,0
7971,INC-7978,test,0
7972,INC-7979,train,0
7973,INC-7980,train,0
7974,INC-7981,train,0
7975,INC-7982,train,0
7976,INC-7983,train,0
7977,INC-7984,train,0
7978,INC-7985,test,1
7979,INC-7986,train,0
7980,INC-7987,train,0
7981,INC-7988,train,0
7982,INC-7989,train,0
7983,INC-7990,train,0
7984,INC-7991,train,0
7985,INC-7992,train,1
7986,INC-7993,train,0
7987,INC-7994,train,0
7988,INC-7995,train,0
7989,INC-7996,train,0
7990,INC-7997,train,1
7991,INC-7998,train,0
7992,INC-7999,train,1
7993,INC-8000,train,0
7994,INC-8001,train,0
7995,INC-8002,train,1
7996,INC-8003,train,0
7997,INC-8004,train,0
7998,INC-8005,train,0
7999,INC-8006,test,1
8000,INC-8007,train,0
8001,INC-8008,train,0
8002,INC-8009,train,1
8003,INC-8010,train,0
8004,INC-8011,train,0
8005,INC-8012,test,0
8006,INC-8013,test,0
8007,INC-8014,train,0
8008,INC-8015,train,0
8009,INC-8016,train,1
8010,INC-8017,train,0
8011,INC-8018,train,1
8012,INC-8019,train,1
8013,INC-8020,train,0
8014,INC-8021,train,0
8015,INC-8022,train,0
8016,INC-8023,train,1
8017,INC-8024,train,0
8018,INC-8025,train,0
8019,INC-8026,test,0
8020,INC-8027,train,0
8021,INC-8028,train,1
8022,INC-8029,train,0
8023,INC-8030,train,0
8024,INC-8031,train,1
8025,INC-8032,train,1
8026,INC-8033,train,0
8027,INC-8034,train,0
8028,INC-8035,test,0
8029,INC-8036,train,0
8030,INC-8037,train,0
8031,INC-8038,train,0
8032,INC-8039,train,0
8033,INC-8040,train,0
8034,INC-8041,train,0
8035,INC-8042,test,1
8036,INC-8043,test,0
8037,INC-8044,train,1
8038,INC-8045,test,0
8039,INC-8046,train,0
8040,INC-8047,train,0
8041,INC-8048,test,0
8042,INC-8049,test,1
8043,INC-8050,train,0
8044,INC-8051,train,0
8045,INC-8052,train,0
8046,INC-8053,train,0
8047,INC-8054,train,0
8048,INC-8055,test,0
8049,INC-8056,train,0
8050,INC-8057,train,0
8051,INC-8058,train,0
8052,INC-8059,train,0
8053,INC-8060,train,1
8054,INC-8061,test,0
8055,INC-8062,train,0
8056,INC-8063,train,0
8057,INC-8064,test,0
8058,INC-8065,train,0
8059,INC-8066,test,0
8060,INC-8067,train,0
8061,INC-8068,train,0
8062,INC-8069,train,0
8063,INC-8070,test,0
8064,INC-8071,train,0
8065,INC-8072,train,1
8066,INC-8073,train,0
8067,INC-8074,test,1
8068,INC-8075,train,0
8069,INC-8076,train,0
8070,INC-8077,train,0
8071,INC-8078,test,0
8072,INC-8079,train,0
8073,INC-8080,train,0
8074,INC-8081,train,0
8075,INC-8082,train,0
8076,INC-8083,train,0
8077,INC-8084,test,0
8078,INC-8085,train,0
8079,INC-8086,test,0
8080,INC-8087,train,0
8081,INC-8088,test,0
8082,INC-8089,train,0
8083,INC-8090,test,0
8084,INC-8091,train,0
8085,INC-8092,train,0
8086,INC-8093,train,0
8087,INC-8094,train,0
8088,INC-8095,train,0
8089,INC-8096,train,0
8090,INC-8097,train,1
8091,INC-8098,train,1
8092,INC-8099,train,1
8093,INC-8100,train,1
8094,INC-8101,train,0
8095,INC-8102,train,0
8096,INC-8103,train,0
8097,INC-8104,train,0
8098,INC-8105,test,1
8099,INC-8106,train,1
8100,INC-8107,train,0
8101,INC-8108,train,0
8102,INC-8109,train,0
8103,INC-8110,train,0
8104,INC-8111,train,0
8105,INC-8112,train,0
8106,INC-8113,train,0
8107,INC-8114,train,0
8108,INC-8115,train,1
8109,INC-8116,train,0
8110,INC-8117,train,0
8111,INC-8118,train,0
8112,INC-8119,test,0
8113,INC-8120,train,1
8114,INC-8121,test,1
8115,INC-8122,train,0
8116,INC-8123,train,1
8117,INC-8124,train,1
8118,INC-8125,train,0
8119,INC-8126,train,0
8120,INC-8127,train,0
8121,INC-8128,train,0
8122,INC-8129,test,0
8123,INC-8130,train,0
8124,INC-8131,test,0
8125,INC-8132,train,0
8126,INC-8133,train,1
8127,INC-8134,test,0
8128,INC-8135,train,0
8129,INC-8136,train,1
8130,INC-8137,train,0
8131,INC-8138,test,0
8132,INC-8139,train,0
8133,INC-8140,train,0
8134,INC-8141,train,0
8135,INC-8142,train,0
8136,INC-8143,test,0
8137,INC-8144,train,0
8138,INC-8145,train,1
8139,INC-8146,train,0
8140,INC-8147,test,0
8141,INC-8148,train,0
8142,INC-8149,train,0
8143,INC-8150,train,0
8144,INC-8151,test,0
8145,INC-8152,train,0
8146,INC-8153,train,0
8147,INC-8154,train,0
8148,INC-8155,train,0
8149,INC-8156,test,0
8150,INC-8157,train,0
8151,INC-8158,train,0
8152,INC-8159,train,1
8153,INC-8160,train,0
8154,INC-8161,test,0
8155,INC-8162,test,1
8156,INC-8163,test,1
8157,INC-8164,train,1
8158,INC-8165,train,1
8159,INC-8166,train,0
8160,INC-8167,test,0
8161,INC-8168,train,0
8162,INC-8169,train,0
8163,INC-8170,train,0
8164,INC-8171,train,0
8165,INC-8172,train,1
8166,INC-8173,train,1
8167,INC-8174,train,1
8168,INC-8175,train,0
8169,INC-8176,train,1
8170,INC-8178,train,0
8171,INC-8179,test,0
8172,INC-8180,train,0
8173,INC-8181,test,0
8174,INC-8182,test,1
8175,INC-8183,train,0
8176,INC-8184,test,0
8177,INC-8185,test,0
8178,INC-8186,train,0
8179,INC-8187,train,0
8180,INC-8188,train,0
8181,INC-8189,train,1
8182,INC-8190,train,0
8183,INC-8191,train,0
8184,INC-8192,train,0
8185,INC-8193,train,0
8186,INC-8194,train,1
8187,INC-8195,test,0
8188,INC-8196,train,1
8189,INC-8197,train,0
8190,INC-8198,train,0
8191,INC-8199,train,0
8192,INC-8200,train,0
8193,INC-8201,test,0
8194,INC-8202,train,0
8195,INC-8203,train,1
8196,INC-8204,train,0
8197,INC-8205,train,0
8198,INC-8206,train,0
8199,INC-8207,test,0
8200,INC-8208,train,0
8201,INC-8209,train,0
8202,INC-8210,train,0
8203,INC-8211,train,0
8204,INC-8212,train,1
8205,INC-8213,train,1
8206,INC-8214,test,0
8207,INC-8215,train,0
8208,INC-8216,train,0
8209,INC-8217,test,0
8210,INC-8218,test,0
8211,INC-8219,train,0
8212,INC-8220,train,0
8213,INC-8221,test,0
8214,INC-8222,train,0
8215,INC-8223,train,0
8216,INC-8224,test,1
8217,INC-8225,train,1
8218,INC-8226,test,1
8219,INC-8227,train,0
8220,INC-8229,train,0
8221,INC-8230,test,0
8222,INC-8231,train,0
8223,INC-8232,train,0
8224,INC-8233,train,0
8225,INC-8234,test,1
8226,INC-8235,train,1
8227,INC-8236,test,0
8228,INC-8237,train,1
8229,INC-8238,train,1
8230,INC-8239,train,0
8231,INC-8240,train,0
8232,INC-8241,test,0
8233,INC-8242,train,0
8234,INC-8243,train,0
8235,INC-8244,train,0
8236,INC-8245,test,0
8237,INC-8246,test,0
8238,INC-8247,train,0
8239,INC-8248,test,0
8240,INC-8249,train,1
8241,INC-8250,train,0
8242,INC-8252,train,0
8243,INC-8253,train,0
8244,INC-8254,train,1
8245,INC-8255,test,0
8246,INC-8256,train,0
8247,INC-8257,train,1
8248,INC-8258,train,0
8249,INC-8259,train,0
8250,INC-8260,train,0
8251,INC-8261,test,0
8252,INC-8262,train,1
8253,INC-8263,train,0
8254,INC-8264,test,1
8255,INC-8265,train,1
8256,INC-8266,train,0
8257,INC-8267,train,0
8258,INC-8268,test,1
8259,INC-8269,train,0
8260,INC-8270,test,1
8261,INC-8271,test,0
8262,INC-8272,train,0
8263,INC-8273,train,0
8264,INC-8274,train,0
8265,INC-8275,train,0
8266,INC-8276,train,0
8267,INC-8277,test,1
8268,INC-8278,train,0
8269,INC-8279,test,0
8270,INC-8280,train,0
8271,INC-8281,train,0
8272,INC-8282,train,1
8273,INC-8283,train,1
8274,INC-8284,train,0
8275,INC-8285,train,0
8276,INC-8286,train,0
8277,INC-8287,test,1
8278,INC-8288,train,0
8279,INC-8289,train,0
8280,INC-8290,train,0
8281,INC-8291,train,0
8282,INC-8292,train,0
8283,INC-8293,train,0
8284,INC-8294,train,0
8285,INC-8295,train,0
8286,INC-8296,train,0
8287,INC-8297,train,0
8288,INC-8298,train,0
8289,INC-8299,train,0
8290,INC-8300,train,0
8291,INC-8301,test,0
8292,INC-8302,train,0
8293,INC-8303,train,0
8294,INC-8304,train,0
8295,INC-8305,test,0
8296,INC-8306,train,0
8297,INC-8307,train,0
8298,INC-8308,train,0
8299,INC-8309,train,0
8300,INC-8310,train,1
8301,INC-8311,train,0
8302,INC-8312,train,1
8303,INC-8313,train,0
8304,INC-8314,test,0
8305,INC-8315,test,0
8306,INC-8316,train,0
8307,INC-8317,train,0
8308,INC-8318,train,0
8309,INC-8319,train,0
8310,INC-8320,train,0
8311,INC-8321,train,1
8312,INC-8323,train,0
8313,INC-8324,train,1
8314,INC-8325,train,1
8315,INC-8326,test,0
8316,INC-8327,train,0
8317,INC-8328,test,0
8318,INC-8329,train,0
8319,INC-8330,train,0
8320,INC-8331,train,1
8321,INC-8332,test,0
8322,INC-8333,train,1
8323,INC-8334,train,0
8324,INC-8335,train,0
8325,INC-8336,train,0
8326,INC-8337,train,0
8327,INC-8338,train,0
8328,INC-8339,test,1
8329,INC-8340,train,0
8330,INC-8341,train,0
8331,INC-8342,train,1
8332,INC-8343,train,1
8333,INC-8344,train,0
8334,INC-8345,train,0
8335,INC-8346,train,0
8336,INC-8347,train,1
8337,INC-8348,train,0
8338,INC-8349,train,0
8339,INC-8350,train,0
8340,INC-8351,test,0
8341,INC-8352,train,1
8342,INC-8353,train,0
8343,INC-8354,train,0
8344,INC-8355,train,0
8345,INC-8356,train,0
8346,INC-8357,train,1
8347,INC-8358,train,1
8348,INC-8359,train,0
8349,INC-8360,test,0
8350,INC-8361,train,1
8351,INC-8362,train,0
8352,INC-8363,train,1
8353,INC-8364,train,0
8354,INC-8365,train,0
8355,INC-8366,train,0
8356,INC-8367,train,0
8357,INC-8368,train,0
8358,INC-8369,train,0
8359,INC-8370,train,0
8360,INC-8371,train,0
8361,INC-8372,test,0
8362,INC-8373,train,0
8363,INC-8374,train,0
8364,INC-8375,train,0
8365,INC-8376,test,0
8366,INC-8377,train,0
8367,INC-8378,train,1
8368,INC-8379,train,0
8369,INC-8380,train,0
8370,INC-8381,train,1
8371,INC-8382,train,1
8372,INC-8383,test,0
8373,INC-8384,train,0
8374,INC-8385,train,0
8375,INC-8386,train,0
8376,INC-8387,train,0
8377,INC-8388,train,0
8378,INC-8389,train,0
8379,INC-8390,train,1
8380,INC-8391,train,0
8381,INC-8392,train,0
8382,INC-8393,train,1
8383,INC-8394,train,0
8384,INC-8395,test,0
8385,INC-8396,train,0
8386,INC-8397,train,0
8387,INC-8398,train,0
8388,INC-8399,test,0
8389,INC-8401,train,1
8390,INC-8402,train,1
8391,INC-8403,train,1
8392,INC-8404,train,0
8393,INC-8405,train,0
8394,INC-8406,train,0
8395,INC-8407,train,0
8396,INC-8408,train,1
8397,INC-8409,train,0
8398,INC-8410,train,0
8399,INC-8411,train,0
8400,INC-8412,train,0
8401,INC-8413,train,0
8402,INC-8414,test,0
8403,INC-8415,train,1
8404,INC-8416,train,0
8405,INC-8417,test,0
8406,INC-8418,train,0
8407,INC-8419,test,0
8408,INC-8420,train,0
8409,INC-8421,train,0
8410,INC-8422,train,0
8411,INC-8423,test,0
8412,INC-8424,train,0
8413,INC-8425,train,0
8414,INC-8426,train,0
8415,INC-8427,train,0
8416,INC-8428,train,0
8417,INC-8429,train,1
8418,INC-8430,train,0
8419,INC-8431,train,0
8420,INC-8432,train,0
8421,INC-8433,train,1
8422,INC-8434,train,1
8423,INC-8435,train,0
8424,INC-8436,train,1
8425,INC-8437,train,0
8426,INC-8438,test,0
8427,INC-8439,test,0
8428,INC-8440,test,0
8429,INC-8441,train,0
8430,INC-8442,train,0
8431,INC-8443,train,0
8432,INC-8444,train,0
8433,INC-8445,test,0
8434,INC-8446,test,1
8435,INC-8447,train,0
8436,INC-8448,train,1
8437,INC-8449,train,0
8438,INC-8450,train,0
8439,INC-8451,train,0
8440,INC-8452,test,1
8441,INC-8453,train,0
8442,INC-8454,train,0
8443,INC-8455,test,0
8444,INC-8456,train,0
8445,INC-8457,train,0
8446,INC-8458,train,0
8447,INC-8459,train,0
8448,INC-8460,train,0
8449,INC-8461,train,0
8450,INC-8462,train,0
8451,INC-8463,train,0
8452,INC-8464,train,0
8453,INC-8465,train,0
8454,INC-8466,train,1
8455,INC-8467,train,1
8456,INC-8468,train,0
8457,INC-8469,train,0
8458,INC-8470,train,0
8459,INC-8471,train,0
8460,INC-8472,test,0
8461,INC-8473,train,0
8462,INC-8474,train,0
8463,INC-8475,test,1
8464,INC-8476,train,1
8465,INC-8477,train,0
8466,INC-8478,train,0
8467,INC-8479,train,1
8468,INC-8480,train,0
8469,INC-8481,train,1
8470,INC-8482,train,0
8471,INC-8483,train,0
8472,INC-8484,train,0
8473,INC-8485,train,1
8474,INC-8486,train,0
8475,INC-8487,train,0
8476,INC-8488,train,0
8477,INC-8489,train,0
8478,INC-8490,train,0
8479,INC-8491,train,1
8480,INC-8492,train,0
8481,INC-8493,train,0
8482,INC-8494,train,1
8483,INC-8495,test,0
8484,INC-8496,test,0
8485,INC-8497,test,0
8486,INC-8498,train,1
8487,INC-8499,train,1
8488,INC-8500,train,0
8489,INC-8501,train,0
8490,INC-8502,train,1
8491,INC-8503,train,1
8492,INC-8504,test,0
8493,INC-8505,train,0
8494,INC-8506,train,1
8495,INC-8507,test,0
8496,INC-8508,test,0
8497,INC-8509,train,0
8498,INC-8510,test,0
8499,INC-8511,train,0
8500,INC-8512,train,1
8501,INC-8513,train,0
8502,INC-8514,train,1
8503,INC-8515,test,0
8504,INC-8516,train,0
8505,INC-8517,train,0
8506,INC-8518,train,0
8507,INC-8519,train,0
8508,INC-8520,train,0
8509,INC-8521,train,0
8510,INC-8522,train,0
8511,INC-8523,train,0
8512,INC-8524,train,0
8513,INC-8525,train,0
8514,INC-8526,train,1
8515,INC-8527,train,0
8516,INC-8528,train,0
8517,INC-8529,test,0
8518,INC-8530,train,0
8519,INC-8531,train,0
8520,INC-8532,test,0
8521,INC-8533,train,0
8522,INC-8534,train,0
8523,INC-8535,train,0
8524,INC-8536,test,1
8525,INC-8537,train,1
8526,INC-8538,train,0
8527,INC-8539,test,0
8528,INC-8540,train,0
8529,INC-8541,train,0
8530,INC-8542,train,1
8531,INC-8543,test,0
8532,INC-8544,train,0
8533,INC-8545,train,1
8534,INC-8546,train,0
8535,INC-8547,train,0
8536,INC-8548,test,0
8537,INC-8549,train,0
8538,INC-8550,train,1
8539,INC-8551,train,0
8540,INC-8552,test,0
8541,INC-8553,train,0
8542,INC-8554,train,0
8543,INC-8555,train,0
8544,INC-8556,test,0
8545,INC-8557,train,0
8546,INC-8558,train,1
8547,INC-8559,test,0
8548,INC-8560,train,0
8549,INC-8561,train,0
8550,INC-8562,train,0
8551,INC-8563,train,1
8552,INC-8564,train,0
8553,INC-8565,train,1
8554,INC-8566,train,1
8555,INC-8567,train,1
8556,INC-8568,test,0
8557,INC-8569,train,1
8558,INC-8570,train,1
8559,INC-8571,train,1
8560,INC-8572,test,0
8561,INC-8573,train,0
8562,INC-8574,train,0
8563,INC-8575,test,0
8564,INC-8576,test,0
8565,INC-8577,train,0
8566,INC-8578,train,0
8567,INC-8579,train,0
8568,INC-8580,train,0
8569,INC-8581,train,1
8570,INC-8582,train,1
8571,INC-8583,test,0
8572,INC-8584,test,1
8573,INC-8585,test,0
8574,INC-8586,test,0
8575,INC-8587,train,0
8576,INC-8588,train,1
8577,INC-8590,test,1
8578,INC-8591,train,0
8579,INC-8592,train,1
8580,INC-8593,train,0
8581,INC-8594,train,0
8582,INC-8595,train,0
8583,INC-8596,train,0
8584,INC-8597,train,0
8585,INC-8598,test,0
8586,INC-8599,train,0
8587,INC-8600,train,1
8588,INC-8601,test,0
8589,INC-8602,test,1
8590,INC-8603,train,0
8591,INC-8604,train,0
8592,INC-8605,train,0
8593,INC-8606,train,0
8594,INC-8607,train,0
8595,INC-8608,train,1
8596,INC-8609,train,0
8597,INC-8610,train,0
8598,INC-8611,test,0
8599,INC-8612,train,0
8600,INC-8613,train,0
8601,INC-8614,test,0
8602,INC-8615,train,1
8603,INC-8616,train,0
8604,INC-8617,test,1
8605,INC-8618,train,0
8606,INC-8619,train,1
8607,INC-8620,train,0
8608,INC-8621,test,0
8609,INC-8622,train,0
8610,INC-8623,train,1
8611,INC-8624,train,0
8612,INC-8625,train,1
8613,INC-8626,train,0
8614,INC-8627,train,0
8615,INC-8628,test,1
8616,INC-8629,train,0
8617,INC-8630,train,0
8618,INC-8631,train,1
8619,INC-8632,test,0
8620,INC-8633,train,0
8621,INC-8634,train,0
8622,INC-8635,train,0
8623,INC-8636,train,1
8624,INC-8637,test,1
8625,INC-8638,test,0
8626,INC-8639,train,0
8627,INC-8640,train,0
8628,INC-8641,train,0
8629,INC-8642,train,0
8630,INC-8643,train,1
8631,INC-8644,train,1
8632,INC-8645,train,0
8633,INC-8646,train,1
8634,INC-8647,train,0
8635,INC-8648,test,1
8636,INC-8649,train,0
8637,INC-8650,train,0
8638,INC-8651,train,0
8639,INC-8652,train,0
8640,INC-8653,test,0
8641,INC-8654,train,1
8642,INC-8655,train,0
8643,INC-8656,train,0
8644,INC-8657,train,0
8645,INC-8658,train,0
8646,INC-8659,test,1
8647,INC-8660,train,0
8648,INC-8661,train,0
8649,INC-8662,train,0
8650,INC-8663,train,0
8651,INC-8664,train,0
8652,INC-8665,train,1
8653,INC-8666,train,0
8654,INC-8667,test,0
8655,INC-8668,train,1
8656,INC-8669,train,0
8657,INC-8670,train,1
8658,INC-8671,train,0
8659,INC-8672,test,0
8660,INC-8673,train,0
8661,INC-8674,train,0
8662,INC-8676,train,1
8663,INC-8677,train,1
8664,INC-8678,test,0
8665,INC-8679,train,0
8666,INC-8680,train,1
8667,INC-8681,train,0
8668,INC-8682,train,0
8669,INC-8683,train,0
8670,INC-8684,train,0
8671,INC-8685,train,0
8672,INC-8686,train,0
8673,INC-8687,train,1
8674,INC-8688,train,0
8675,INC-8689,train,1
8676,INC-8690,train,1
8677,INC-8691,train,1
8678,INC-8692,test,0
8679,INC-8693,train,1
8680,INC-8694,train,0
8681,INC-8695,test,1
8682,INC-8696,train,0
8683,INC-8697,test,0
8684,INC-8698,train,0
8685,INC-8699,train,0
8686,INC-8700,test,0
8687,INC-8701,train,1
8688,INC-8702,train,0
8689,INC-8703,test,0
8690,INC-8704,train,1
8691,INC-8705,train,0
8692,INC-8706,train,0
8693,INC-8707,train,0
8694,INC-8708,train,0
8695,INC-8709,train,0
8696,INC-8710,train,1
8697,INC-8711,train,0
8698,INC-8712,train,0
8699,INC-8713,train,0
8700,INC-8714,train,1
8701,INC-8715,train,1
8702,INC-8716,train,0
8703,INC-8717,train,0
8704,INC-8718,train,0
8705,INC-8719,train,0
8706,INC-8720,train,0
8707,INC-8721,train,0
8708,INC-8722,test,1
8709,INC-8723,train,0
8710,INC-8724,train,0
8711,INC-8725,train,0
8712,INC-8726,train,0
8713,INC-8727,train,0
8714,INC-8728,test,0
8715,INC-8729,train,1
8716,INC-8730,train,0
8717,INC-8731,train,0
8718,INC-8732,train,0
8719,INC-8733,train,0
8720,INC-8734,train,0
8721,INC-8735,test,0
8722,INC-8736,train,1
8723,INC-8737,train,1
8724,INC-8738,train,0
8725,INC-8739,train,0
8726,INC-8740,train,0
8727,INC-8741,train,1
8728,INC-8742,test,0
8729,INC-8743,test,1
8730,INC-8744,train,0
8731,INC-8745,train,1
8732,INC-8746,train,0
8733,INC-8747,train,1
8734,INC-8748,train,1
8735,INC-8749,train,1
8736,INC-8750,train,0
8737,INC-8751,train,0
8738,INC-8752,train,0
8739,INC-8753,train,0
8740,INC-8754,test,0
8741,INC-8755,train,0
8742,INC-8756,train,1
8743,INC-8757,train,0
8744,INC-8758,train,0
8745,INC-8759,train,0
8746,INC-8760,train,0
8747,INC-8761,train,0
8748,INC-8762,test,0
8749,INC-8764,train,1
8750,INC-8765,train,0
8751,INC-8766,train,1
8752,INC-8767,train,1
8753,INC-8768,train,0
8754,INC-8769,train,0
8755,INC-8770,train,0
8756,INC-8771,train,0
8757,INC-8772,train,0
8758,INC-8773,train,0
8759,INC-8774,train,0
8760,INC-8775,train,0
8761,INC-8776,test,0
8762,INC-8777,test,1
8763,INC-8778,train,0
8764,INC-8779,train,0
8765,INC-8780,train,0
8766,INC-8781,train,0
8767,INC-8782,train,1
8768,INC-8783,train,0
8769,INC-8784,test,1
8770,INC-8785,train,1
8771,INC-8786,train,0
8772,INC-8787,train,0
8773,INC-8788,train,0
8774,INC-8789,test,0
8775,INC-8790,train,0
8776,INC-8791,test,0
8777,INC-8792,train,1
8778,INC-8793,train,0
8779,INC-8794,train,0
8780,INC-8795,train,0
8781,INC-8796,train,0
8782,INC-8797,test,0
8783,INC-8798,train,1
8784,INC-8799,train,1
8785,INC-8800,train,0
8786,INC-8801,train,0
8787,INC-8802,train,0
8788,INC-8803,train,0
8789,INC-8804,train,1
8790,INC-8805,train,0
8791,INC-8806,train,0
8792,INC-8807,train,0
8793,INC-8808,train,0
8794,INC-8809,train,0
8795,INC-8810,test,0
8796,INC-8811,test,0
8797,INC-8812,train,0
8798,INC-8813,train,0
8799,INC-8814,train,0
8800,INC-8815,train,0
8801,INC-8816,train,0
8802,INC-8817,train,0
8803,INC-8818,train,0
8804,INC-8819,train,0
8805,INC-8820,train,0
8806,INC-8821,train,1
8807,INC-8822,test,0
8808,INC-8823,train,0
8809,INC-8824,test,0
8810,INC-8825,train,0
8811,INC-8826,test,0
8812,INC-8827,test,1
8813,INC-8828,train,0
8814,INC-8829,test,1
8815,INC-8830,train,1
8816,INC-8831,train,0
8817,INC-8832,train,0
8818,INC-8833,train,0
8819,INC-8834,test,1
8820,INC-8835,train,0
8821,INC-8836,test,0
8822,INC-8837,train,0
8823,INC-8838,train,0
8824,INC-8839,train,0
8825,INC-8840,train,0
8826,INC-8841,train,0
8827,INC-8842,train,0
8828,INC-8843,test,0
8829,INC-8844,train,0
8830,INC-8845,train,0
8831,INC-8846,train,0
8832,INC-8847,test,0
8833,INC-8848,train,1
8834,INC-8849,train,1
8835,INC-8850,train,1
8836,INC-8851,train,1
8837,INC-8852,train,0
8838,INC-8853,test,0
8839,INC-8854,train,0
8840,INC-8855,train,0
8841,INC-8856,test,0
8842,INC-8857,train,0
8843,INC-8858,train,0
8844,INC-8859,train,0
8845,INC-8860,train,1
8846,INC-8861,train,0
8847,INC-8862,train,0
8848,INC-8863,train,0
8849,INC-8864,train,0
8850,INC-8865,train,0
8851,INC-8866,test,1
8852,INC-8867,train,0
8853,INC-8868,test,1
8854,INC-8869,train,0
8855,INC-8870,train,0
8856,INC-8871,train,1
8857,INC-8872,train,0
8858,INC-8873,train,1
8859,INC-8874,test,0
8860,INC-8875,train,0
8861,INC-8876,train,0
8862,INC-8877,train,0
8863,INC-8878,train,0
8864,INC-8879,test,0
8865,INC-8880,train,0
8866,INC-8881,train,1
8867,INC-8882,train,0
8868,INC-8883,test,0
8869,INC-8884,train,0
8870,INC-8885,train,0
8871,INC-8886,train,0
8872,INC-8887,train,0
8873,INC-8888,train,1
8874,INC-8889,train,1
8875,INC-8890,train,0
8876,INC-8891,test,1
8877,INC-8892,train,1
8878,INC-8893,train,0
8879,INC-8894,train,0
8880,INC-8895,train,0
8881,INC-8896,train,0
8882,INC-8897,train,0
8883,INC-8898,test,0
8884,INC-8899,train,1
8885,INC-8900,train,1
8886,INC-8901,train,0
8887,INC-8902,test,0
8888,INC-8903,train,1
8889,INC-8904,test,1
8890,INC-8905,test,0
8891,INC-8906,train,1
8892,INC-8907,train,0
8893,INC-8908,test,0
8894,INC-8909,train,0
8895,INC-8910,train,0
8896,INC-8911,train,0
8897,INC-8912,train,0
8898,INC-8913,train,0
8899,INC-8914,train,1
8900,INC-8915,train,0
8901,INC-8917,train,1
8902,INC-8918,train,0
8903,INC-8919,test,1
8904,INC-8920,test,1
8905,INC-8921,train,0
8906,INC-8922,train,0
8907,INC-8923,test,0
8908,INC-8924,test,0
8909,INC-8925,test,0
8910,INC-8926,train,0
8911,INC-8927,test,1
8912,INC-8928,test,1
8913,INC-8929,test,0
8914,INC-8930,train,1
8915,INC-8931,train,0
8916,INC-8932,test,0
8917,INC-8933,train,0
8918,INC-8934,test,0
8919,INC-8935,test,0
8920,INC-8936,train,0
8921,INC-8937,train,0
8922,INC-8938,train,1
8923,INC-8939,train,0
8924,INC-8940,train,0
8925,INC-8941,train,1
8926,INC-8942,train,1
8927,INC-8943,train,0
8928,INC-8944,train,0
8929,INC-8945,train,0
8930,INC-8946,train,0
8931,INC-8947,train,0
8932,INC-8948,train,0
8933,INC-8949,train,0
8934,INC-8950,train,0
8935,INC-8951,train,1
8936,INC-8952,train,0
8937,INC-8953,test,0
8938,INC-8954,train,0
8939,INC-8955,train,1
8940,INC-8956,test,0
8941,INC-8957,test,1
8942,INC-8958,train,1
8943,INC-8959,train,0
8944,INC-8960,train,0
8945,INC-8961,train,0
8946,INC-8962,test,1
8947,INC-8963,train,0
8948,INC-8964,test,0
8949,INC-8965,train,0
8950,INC-8966,train,0
8951,INC-8967,test,0
8952,INC-8968,train,0
8953,INC-8969,train,0
8954,INC-8970,train,1
8955,INC-8971,test,1
8956,INC-8972,train,1
8957,INC-8973,train,0
8958,INC-8974,train,0
8959,INC-8975,train,0
8960,INC-8976,train,0
8961,INC-8977,train,0
8962,INC-8978,test,1
8963,INC-8979,train,0
8964,INC-8980,train,0
8965,INC-8981,train,0
8966,INC-8982,train,0
8967,INC-8983,test,1
8968,INC-8984,test,0
8969,INC-8985,train,0
8970,INC-8986,train,0
8971,INC-8987,test,0
8972,INC-8988,train,0
8973,INC-8989,train,0
8974,INC-8990,train,1
8975,INC-8991,train,0
8976,INC-8992,train,0
8977,INC-8993,train,1
8978,INC-8994,train,1
8979,INC-8995,train,0
8980,INC-8996,train,0
8981,INC-8997,train,1
8982,INC-8998,train,0
8983,INC-8999,train,0
8984,INC-9000,train,1
8985,INC-9001,train,1
8986,INC-9002,train,1
8987,INC-9003,train,0
8988,INC-9004,train,0
8989,INC-9005,test,1
8990,INC-9006,train,0
8991,INC-9007,test,0
8992,INC-9008,train,0
8993,INC-9009,test,0
8994,INC-9010,train,0
8995,INC-9011,train,0
8996,INC-9012,train,0
8997,INC-9013,train,0
8998,INC-9014,train,1
8999,INC-9015,train,0
9000,INC-9016,train,0
9001,INC-9017,test,0
9002,INC-9018,test,0
9003,INC-9019,train,0
9004,INC-9021,test,0
9005,INC-9022,train,0
9006,INC-9023,test,0
9007,INC-9024,train,0
9008,INC-9026,train,1
9009,INC-9027,test,0
9010,INC-9028,test,0
9011,INC-9029,train,1
9012,INC-9030,train,0
9013,INC-9031,test,0
9014,INC-9032,train,1
9015,INC-9033,train,0
9016,INC-9034,train,0
9017,INC-9035,train,0
9018,INC-9036,train,0
9019,INC-9037,train,1
9020,INC-9038,train,0
9021,INC-9039,train,0
9022,INC-9040,train,0
9023,INC-9041,train,0
9024,INC-9042,train,1
9025,INC-9043,test,1
9026,INC-9044,train,0
9027,INC-9045,test,1
9028,INC-9046,train,0
9029,INC-9047,train,1
9030,INC-9048,test,1
9031,INC-9049,train,1
9032,INC-9050,train,0
9033,INC-9051,train,0
9034,INC-9052,train,1
9035,INC-9053,train,0
9036,INC-9054,train,0
9037,INC-9055,train,1
9038,INC-9056,train,0
9039,INC-9057,test,0
9040,INC-9058,train,1
9041,INC-9059,train,0
9042,INC-9060,train,0
9043,INC-9061,train,1
9044,INC-9062,test,0
9045,INC-9063,train,0
9046,INC-9064,test,0
9047,INC-9065,train,0
9048,INC-9066,train,0
9049,INC-9067,train,1
9050,INC-9068,train,0
9051,INC-9069,test,0
9052,INC-9070,test,0
9053,INC-9071,train,0
9054,INC-9072,train,0
9055,INC-9073,train,0
9056,INC-9074,train,0
9057,INC-9075,train,0
9058,INC-9076,train,1
9059,INC-9077,train,1
9060,INC-9078,train,0
9061,INC-9079,test,0
9062,INC-9080,train,0
9063,INC-9081,train,0
9064,INC-9082,test,0
9065,INC-9083,test,0
9066,INC-9084,train,0
9067,INC-9085,train,0
9068,INC-9086,train,0
9069,INC-9087,train,0
9070,INC-9088,train,1
9071,INC-9089,train,0
9072,INC-9090,train,0
9073,INC-9091,train,0
9074,INC-9092,train,0
9075,INC-9093,train,1
9076,INC-9094,test,0
9077,INC-9095,train,0
9078,INC-9096,test,0
9079,INC-9097,test,1
9080,INC-9098,test,1
9081,INC-9099,test,0
9082,INC-9100,train,0
9083,INC-9101,train,1
9084,INC-9102,train,0
9085,INC-9103,train,0
9086,INC-9104,train,0
9087,INC-9105,train,1
9088,INC-9106,train,1
9089,INC-9107,train,0
9090,INC-9108,test,1
9091,INC-9109,train,1
9092,INC-9110,test,1
9093,INC-9111,test,0
9094,INC-9112,train,1
9095,INC-9113,train,1
9096,INC-9114,test,1
9097,INC-9115,test,0
9098,INC-9116,train,1
9099,INC-9117,train,0
9100,INC-9118,test,0
9101,INC-9119,train,1
9102,INC-9120,train,0
9103,INC-9121,train,1
9104,INC-9122,train,1
9105,INC-9123,train,0
9106,INC-9124,train,0
9107,INC-9125,train,1
9108,INC-9126,train,0
9109,INC-9127,train,0
9110,INC-9128,train,0
9111,INC-9129,train,0
9112,INC-9130,train,0
9113,INC-9131,train,0
9114,INC-9132,train,0
9115,INC-9133,train,0
9116,INC-9134,train,1
9117,INC-9135,train,1
9118,INC-9136,train,0
9119,INC-9137,train,0
9120,INC-9138,train,1
9121,INC-9139,train,1
9122,INC-9140,train,0
9123,INC-9141,train,0
9124,INC-9142,train,0
9125,INC-9143,test,0
9126,INC-9144,train,0
9127,INC-9145,train,0
9128,INC-9146,train,0
9129,INC-9147,train,0
9130,INC-9148,train,1
9131,INC-9149,train,0
9132,INC-9150,train,1
9133,INC-9152,train,1
9134,INC-9153,train,0
9135,INC-9154,train,0
9136,INC-9155,train,0
9137,INC-9156,train,0
9138,INC-9157,test,0
9139,INC-9158,train,0
9140,INC-9159,train,0
9141,INC-9160,train,1
9142,INC-9161,train,0
9143,INC-9162,train,0
9144,INC-9163,test,0
9145,INC-9164,train,0
9146,INC-9165,train,1
9147,INC-9166,train,0
9148,INC-9167,train,0
9149,INC-9168,train,0
9150,INC-9169,train,1
9151,INC-9170,train,0
9152,INC-9171,train,0
9153,INC-9172,train,1
9154,INC-9173,train,0
9155,INC-9174,train,0
9156,INC-9175,train,0
9157,INC-9176,train,0
9158,INC-9177,train,1
9159,INC-9178,train,0
9160,INC-9179,test,0
9161,INC-9180,test,0
9162,INC-9181,train,0
9163,INC-9182,train,1
9164,INC-9183,train,0
9165,INC-9184,train,0
9166,INC-9185,train,0
9167,INC-9186,train,0
9168,INC-9187,train,0
9169,INC-9188,train,0
9170,INC-9189,train,0
9171,INC-9190,test,0
9172,INC-9191,test,0
9173,INC-9192,train,0
9174,INC-9193,train,0
9175,INC-9194,train,0
9176,INC-9195,train,1
9177,INC-9196,test,0
9178,INC-9197,test,0
9179,INC-9198,test,0
9180,INC-9199,train,0
9181,INC-9200,train,0
9182,INC-9201,train,0
9183,INC-9202,train,0
9184,INC-9203,train,0
9185,INC-9204,train,0
9186,INC-9205,train,0
9187,INC-9207,train,0
9188,INC-9208,train,0
9189,INC-9209,test,0
9190,INC-9210,train,0
9191,INC-9211,train,0
9192,INC-9212,train,1
9193,INC-9213,train,0
9194,INC-9214,train,0
9195,INC-9215,test,1
9196,INC-9216,train,0
9197,INC-9217,train,0
9198,INC-9218,train,0
9199,INC-9219,train,0
9200,INC-9220,train,0
9201,INC-9222,train,0
9202,INC-9223,train,0
9203,INC-9224,train,0
9204,INC-9225,train,0
9205,INC-9226,train,0
9206,INC-9227,train,0
9207,INC-9228,test,1
9208,INC-9229,test,0
9209,INC-9230,train,0
9210,INC-9231,test,0
9211,INC-9232,train,1
9212,INC-9233,test,0
9213,INC-9234,train,0
9214,INC-9235,train,0
9215,INC-9236,test,0
9216,INC-9237,train,0
9217,INC-9238,train,0
9218,INC-9239,train,0
9219,INC-9240,train,1
9220,INC-9241,train,0
9221,INC-9242,train,0
9222,INC-9243,train,1
9223,INC-9244,train,1
9224,INC-9245,test,0
9225,INC-9246,test,0
9226,INC-9247,train,0
9227,INC-9248,train,0
9228,INC-9249,test,0
9229,INC-9250,train,1
9230,INC-9251,train,0
9231,INC-9252,train,0
9232,INC-9253,test,0
9233,INC-9254,train,0
9234,INC-9255,train,1
9235,INC-9256,train,1
9236,INC-9257,train,0
9237,INC-9258,train,0
9238,INC-9260,test,0
9239,INC-9261,train,0
9240,INC-9262,train,1
9241,INC-9263,train,0
9242,INC-9264,train,0
9243,INC-9265,train,0
9244,INC-9266,train,0
9245,INC-9267,train,1
9246,INC-9268,test,0
9247,INC-9269,train,1
9248,INC-9270,train,0
9249,INC-9271,train,0
9250,INC-9272,train,0
9251,INC-9273,train,0
9252,INC-9274,train,0
9253,INC-9275,test,0
9254,INC-9276,train,0
9255,INC-9277,test,1
9256,INC-9278,test,0
9257,INC-9279,train,0
9258,INC-9280,train,0
9259,INC-9281,train,0
9260,INC-9282,train,1
9261,INC-9283,train,0
9262,INC-9284,test,0
9263,INC-9285,test,0
9264,INC-9286,train,0
9265,INC-9287,test,0
9266,INC-9288,train,0
9267,INC-9289,train,0
9268,INC-9290,test,0
9269,INC-9291,test,0
9270,INC-9292,test,1
9271,INC-9293,train,0
9272,INC-9294,train,0
9273,INC-9295,test,1
9274,INC-9296,train,1
9275,INC-9297,train,0
9276,INC-9298,train,1
9277,INC-9299,train,1
9278,INC-9300,train,0
9279,INC-9301,train,0
9280,INC-9302,test,0
9281,INC-9304,train,0
9282,INC-9305,train,0
9283,INC-9306,train,0
9284,INC-9307,train,0
9285,INC-9308,train,0
9286,INC-9309,train,0
9287,INC-9310,train,1
9288,INC-9311,train,0
9289,INC-9312,train,0
9290,INC-9313,train,1
9291,INC-9314,train,1
9292,INC-9315,test,1
9293,INC-9316,train,0
9294,INC-9317,train,0
9295,INC-9318,train,0
9296,INC-9319,train,0
9297,INC-9320,train,1
9298,INC-9321,train,0
9299,INC-9322,test,0
9300,INC-9323,train,0
9301,INC-9324,train,1
9302,INC-9325,train,0
9303,INC-9326,train,1
9304,INC-9327,train,0
9305,INC-9328,train,0
9306,INC-9329,train,1
9307,INC-9330,train,0
9308,INC-9331,train,0
9309,INC-9332,train,0
9310,INC-9333,train,0
9311,INC-9334,train,0
9312,INC-9335,train,0
9313,INC-9336,train,1
9314,INC-9337,train,1
9315,INC-9338,train,0
9316,INC-9339,train,0
9317,INC-9340,train,0
9318,INC-9341,train,0
9319,INC-9343,train,0
9320,INC-9344,train,0
9321,INC-9345,train,1
9322,INC-9346,train,0
9323,INC-9348,train,0
9324,INC-9349,train,1
9325,INC-9350,train,1
9326,INC-9351,test,0
9327,INC-9352,train,0
9328,INC-9353,train,0
9329,INC-9354,train,1
9330,INC-9355,train,0
9331,INC-9356,train,0
9332,INC-9357,train,0
9333,INC-9358,train,0
9334,INC-9359,train,0
9335,INC-9360,train,0
9336,INC-9361,train,0
9337,INC-9362,train,0
9338,INC-9363,test,0
9339,INC-9364,train,1
9340,INC-9365,train,0
9341,INC-9366,train,0
9342,INC-9367,train,0
9343,INC-9368,train,0
9344,INC-9369,train,1
9345,INC-9370,train,0
9346,INC-9371,test,1
9347,INC-9372,test,0
9348,INC-9373,train,1
9349,INC-9374,train,0
9350,INC-9375,train,0
9351,INC-9376,train,0
9352,INC-9377,test,0
9353,INC-9378,train,1
9354,INC-9379,train,0
9355,INC-9380,train,0
9356,INC-9381,train,1
9357,INC-9382,train,1
9358,INC-9383,train,0
9359,INC-9384,train,0
9360,INC-9385,train,0
9361,INC-9386,train,0
9362,INC-9387,train,0
9363,INC-9388,test,0
9364,INC-9389,test,1
9365,INC-9390,test,0
9366,INC-9391,train,0
9367,INC-9392,train,0
9368,INC-9393,train,0
9369,INC-9394,train,0
9370,INC-9395,train,0
9371,INC-9396,train,1
9372,INC-9397,train,0
9373,INC-9398,train,0
9374,INC-9399,train,0
9375,INC-9400,test,0
9376,INC-9401,test,0
9377,INC-9402,train,1
9378,INC-9403,train,1
9379,INC-9404,test,0
9380,INC-9405,test,0
9381,INC-9406,test,0
9382,INC-9407,train,0
9383,INC-9408,train,0
9384,INC-9409,test,0
9385,INC-9410,train,0
9386,INC-9411,train,0
9387,INC-9412,train,0
9388,INC-9413,train,1
9389,INC-9414,train,0
9390,INC-9415,train,0
9391,INC-9416,train,0
9392,INC-9417,test,0
9393,INC-9418,test,1
9394,INC-9419,train,0
9395,INC-9420,test,0
9396,INC-9421,train,0
9397,INC-9422,train,1
9398,INC-9423,train,0
9399,INC-9424,train,1
9400,INC-9425,test,0
9401,INC-9426,train,0
9402,INC-9427,train,1
9403,INC-9428,train,1
9404,INC-9429,train,0
9405,INC-9430,train,0
9406,INC-9431,train,0
9407,INC-9432,train,0
9408,INC-9433,train,0
9409,INC-9434,train,1
9410,INC-9435,train,1
9411,INC-9436,test,0
9412,INC-9437,train,1
9413,INC-9438,train,0
9414,INC-9439,train,0
9415,INC-9440,train,0
9416,INC-9441,train,0
9417,INC-9442,train,1
9418,INC-9443,train,0
9419,INC-9444,train,0
9420,INC-9445,test,0
9421,INC-9446,train,0
9422,INC-9447,train,0
9423,INC-9448,train,0
9424,INC-9449,test,0
9425,INC-9450,train,0
9426,INC-9451,train,0
9427,INC-9452,train,1
9428,INC-9453,train,0
9429,INC-9454,train,0
9430,INC-9455,train,0
9431,INC-9456,train,0
9432,INC-9457,train,0
9433,INC-9458,test,0
9434,INC-9459,test,0
9435,INC-9460,train,1
9436,INC-9461,test,0
9437,INC-9462,train,0
9438,INC-9463,train,0
9439,INC-9464,train,1
9440,INC-9465,test,0
9441,INC-9466,train,0
9442,INC-9467,test,0
9443,INC-9468,test,0
9444,INC-9469,train,0
9445,INC-9470,train,1
9446,INC-9471,train,0
9447,INC-9472,train,1
9448,INC-9473,train,0
9449,INC-9474,train,0
9450,INC-9475,train,1
9451,INC-9476,test,0
9452,INC-9477,train,0
9453,INC-9478,train,0
9454,INC-9479,train,0
9455,INC-9480,train,0
9456,INC-9481,train,0
9457,INC-9482,test,1
9458,INC-9483,train,0
9459,INC-9484,train,0
9460,INC-9485,train,0
9461,INC-9486,train,0
9462,INC-9487,train,0
9463,INC-9488,test,0
9464,INC-9489,train,1
9465,INC-9490,train,0
9466,INC-9491,test,1
9467,INC-9492,train,0
9468,INC-9493,train,0
9469,INC-9494,train,1
9470,INC-9495,train,0
9471,INC-9496,train,0
9472,INC-9497,test,0
9473,INC-9498,train,0
9474,INC-9499,train,0
9475,INC-9500,train,1
9476,INC-9501,train,0
9477,INC-9502,test,0
9478,INC-9503,train,1
9479,INC-9504,train,1
9480,INC-9505,train,1
9481,INC-9506,test,0
9482,INC-9507,train,1
9483,INC-9508,train,0
9484,INC-9509,train,0
9485,INC-9510,train,1
9486,INC-9511,train,1
9487,INC-9512,train,0
9488,INC-9513,train,0
9489,INC-9514,train,1
9490,INC-9515,train,0
9491,INC-9517,test,1
9492,INC-9518,train,0
9493,INC-9519,train,0
9494,INC-9520,train,0
9495,INC-9521,test,0
9496,INC-9522,train,1
9497,INC-9524,test,0
9498,INC-9525,train,0
9499,INC-9526,train,0
9500,INC-9527,train,1
9501,INC-9528,train,1
9502,INC-9529,train,0
9503,INC-9530,train,0
9504,INC-9531,test,0
9505,INC-9532,train,0
9506,INC-9533,test,0
9507,INC-9534,train,1
9508,INC-9535,train,0
9509,INC-9536,train,1
9510,INC-9537,train,1
9511,INC-9538,train,0
9512,INC-9539,train,0
9513,INC-9541,test,1
9514,INC-9542,train,0
9515,INC-9543,train,0
9516,INC-9544,train,0
9517,INC-9545,train,0
9518,INC-9546,test,1
9519,INC-9547,test,0
9520,INC-9549,train,0
9521,INC-9550,train,0
9522,INC-9551,train,0
9523,INC-9552,test,0
9524,INC-9553,train,0
9525,INC-9554,test,0
9526,INC-9555,train,0
9527,INC-9556,test,0
9528,INC-9557,test,0
9529,INC-9558,train,0
9530,INC-9559,train,0
9531,INC-9560,train,0
9532,INC-9561,test,0
9533,INC-9562,test,0
9534,INC-9563,train,0
9535,INC-9564,train,0
9536,INC-9565,train,1
9537,INC-9566,train,0
9538,INC-9567,test,0
9539,INC-9568,train,0
9540,INC-9569,train,0
9541,INC-9570,train,0
9542,INC-9571,train,1
9543,INC-9572,test,1
9544,INC-9573,train,0
9545,INC-9574,train,0
9546,INC-9575,train,0
9547,INC-9576,train,0
9548,INC-9577,test,0
9549,INC-9578,train,0
9550,INC-9579,train,0
9551,INC-9580,train,0
9552,INC-9581,test,1
9553,INC-9582,test,0
9554,INC-9583,train,1
9555,INC-9584,train,1
9556,INC-9585,train,1
9557,INC-9586,train,1
9558,INC-9587,test,0
9559,INC-9588,train,0
9560,INC-9589,train,1
9561,INC-9590,test,0
9562,INC-9591,train,1
9563,INC-9592,train,0
9564,INC-9593,test,1
9565,INC-9594,test,1
9566,INC-9595,train,0
9567,INC-9596,train,1
9568,INC-9597,train,0
9569,INC-9598,train,0
9570,INC-9599,train,0
9571,INC-9600,test,0
9572,INC-9601,train,1
9573,INC-9602,train,0
9574,INC-9603,train,1
9575,INC-9604,train,0
9576,INC-9605,train,0
9577,INC-9606,test,1
9578,INC-9607,train,0
9579,INC-9608,train,0
9580,INC-9609,test,1
9581,INC-9610,test,0
9582,INC-9611,train,0
9583,INC-9612,test,0
9584,INC-9613,train,0
9585,INC-9614,train,1
9586,INC-9617,test,0
9587,INC-9618,train,0
9588,INC-9619,train,0
9589,INC-9620,train,0
9590,INC-9621,train,0
9591,INC-9622,train,0
9592,INC-9623,train,1
9593,INC-9624,train,0
9594,INC-9625,train,1
9595,INC-9626,test,0
9596,INC-9627,train,0
9597,INC-9628,train,0
9598,INC-9629,test,1
9599,INC-9630,train,0
9600,INC-9631,test,0
9601,INC-9632,train,1
9602,INC-9633,test,0
9603,INC-9634,train,0
9604,INC-9635,test,0
9605,INC-9636,train,0
9606,INC-9637,train,1
9607,INC-9638,train,0
9608,INC-9639,train,1
9609,INC-9640,test,0
9610,INC-9641,train,0
9611,INC-9642,train,0
9612,INC-9643,train,1
9613,INC-9644,train,0
9614,INC-9645,train,0
9615,INC-9646,train,0
9616,INC-9647,train,0
9617,INC-9648,test,0
9618,INC-9649,train,0
9619,INC-9650,train,0
9620,INC-9651,test,1
9621,INC-9652,test,1
9622,INC-9653,train,0
9623,INC-9654,train,1
9624,INC-9655,train,0
9625,INC-9656,train,0
9626,INC-9657,train,0
9627,INC-9658,train,0
9628,INC-9659,train,0
9629,INC-9660,train,0
9630,INC-9661,test,0
9631,INC-9662,train,0
9632,INC-9663,train,1
9633,INC-9664,train,0
9634,INC-9665,train,0
9635,INC-9666,test,0
9636,INC-9667,train,0
9637,INC-9668,test,1
9638,INC-9669,train,0
9639,INC-9670,train,0
9640,INC-9671,train,0
9641,INC-9672,test,0
9642,INC-9673,train,0
9643,INC-9674,test,1
9644,INC-9675,train,0
9645,INC-9676,train,0
9646,INC-9677,train,1
9647,INC-9679,train,0
9648,INC-9680,train,0
9649,INC-9681,train,0
9650,INC-9682,train,0
9651,INC-9683,train,0
9652,INC-9684,train,0
9653,INC-9685,test,0
9654,INC-9686,train,1
9655,INC-9687,test,0
9656,INC-9688,train,1
9657,INC-9689,train,0
9658,INC-9690,test,0
9659,INC-9691,test,0
9660,INC-9692,train,0
9661,INC-9693,train,0
9662,INC-9694,train,0
9663,INC-9695,train,0
9664,INC-9696,train,0
9665,INC-9697,train,0
9666,INC-9698,train,0
9667,INC-9699,train,0
9668,INC-9700,train,1
9669,INC-9701,train,0
9670,INC-9702,test,0
9671,INC-9703,train,1
9672,INC-9704,train,1
9673,INC-9705,train,0
9674,INC-9706,train,1
9675,INC-9707,train,1
9676,INC-9708,train,1
9677,INC-9709,test,0
9678,INC-9710,test,0
9679,INC-9711,train,1
9680,INC-9712,train,0
9681,INC-9713,test,0
9682,INC-9714,train,0
9683,INC-9715,train,1
9684,INC-9716,test,0
9685,INC-9717,train,0
9686,INC-9718,test,0
9687,INC-9719,train,0
9688,INC-9720,test,0
9689,INC-9721,test,0
9690,INC-9722,train,1
9691,INC-9723,train,1
9692,INC-9724,train,1
9693,INC-9725,test,0
9694,INC-9726,test,0
9695,INC-9727,train,0
9696,INC-9728,train,0
9697,INC-9729,test,1
9698,INC-9730,train,0
9699,INC-9731,train,0
9700,INC-9732,train,0
9701,INC-9733,train,0
9702,INC-9734,train,1
9703,INC-9735,train,0
9704,INC-9736,train,0
9705,INC-9737,train,0
9706,INC-9738,train,0
9707,INC-9739,test,0
9708,INC-9740,test,0
9709,INC-9741,train,1
9710,INC-9742,test,1
9711,INC-9743,train,0
9712,INC-9744,test,0
9713,INC-9745,test,0
9714,INC-9746,train,0
9715,INC-9747,train,0
9716,INC-9748,train,0
9717,INC-9749,train,1
9718,INC-9750,train,1
9719,INC-9751,train,1
9720,INC-9752,train,0
9721,INC-9753,train,0
9722,INC-9754,train,1
9723,INC-9755,test,0
9724,INC-9756,train,0
9725,INC-9757,train,0
9726,INC-9758,train,0
9727,INC-9759,train,1
9728,INC-9760,test,0
9729,INC-9761,train,0
9730,INC-9762,train,0
9731,INC-9763,train,1
9732,INC-9764,test,1
9733,INC-9765,test,0
9734,INC-9766,train,1
9735,INC-9767,train,0
9736,INC-9768,train,0
9737,INC-9769,train,0
9738,INC-9770,test,0
9739,INC-9771,train,0
9740,INC-9772,train,0
9741,INC-9773,train,0
9742,INC-9774,train,0
9743,INC-9775,train,0
9744,INC-9776,test,0
9745,INC-9777,train,0
9746,INC-9778,train,1
9747,INC-9779,train,1
9748,INC-9780,train,0
9749,INC-9781,train,0
9750,INC-9782,train,0
9751,INC-9783,train,0
9752,INC-9785,train,0
9753,INC-9786,train,0
9754,INC-9787,test,1
9755,INC-9788,train,0
9756,INC-9789,train,0
9757,INC-9790,train,0
9758,INC-9791,test,0
9759,INC-9792,train,0
9760,INC-9793,test,0
9761,INC-9794,train,0
9762,INC-9795,test,0
9763,INC-9796,test,1
9764,INC-9797,train,0
9765,INC-9798,train,0
9766,INC-9799,train,0
9767,INC-9800,train,1
9768,INC-9801,train,0
9769,INC-9802,test,0
9770,INC-9803,train,1
9771,INC-9804,train,0
9772,INC-9805,test,0
9773,INC-9806,train,0
9774,INC-9807,train,0
9775,INC-9808,train,0
9776,INC-9810,test,0
9777,INC-9811,train,0
9778,INC-9812,test,0
9779,INC-9813,train,1
9780,INC-9814,train,0
9781,INC-9815,train,0
9782,INC-9816,train,0
9783,INC-9818,train,1
9784,INC-9819,test,0
9785,INC-9820,train,0
9786,INC-9821,train,0
9787,INC-9822,train,0
9788,INC-9823,train,1
9789,INC-9824,train,0
9790,INC-9825,train,0
9791,INC-9826,train,0
9792,INC-9827,train,1
9793,INC-9828,train,0
9794,INC-9829,train,0
9795,INC-9830,train,1
9796,INC-9831,train,0
9797,INC-9832,test,0
9798,INC-9833,train,1
9799,INC-9834,train,0
9800,INC-9835,test,0
9801,INC-9836,train,0
9802,INC-9837,train,1
9803,INC-9838,test,1
9804,INC-9839,train,1
9805,INC-9840,train,0
9806,INC-9841,train,0
9807,INC-9842,train,0
9808,INC-9843,train,0
9809,INC-9844,train,1
9810,INC-9845,test,0
9811,INC-9846,test,0
9812,INC-9847,train,0
9813,INC-9848,train,0
9814,INC-9849,test,0
9815,INC-9850,train,0
9816,INC-9851,train,1
9817,INC-9852,train,1
9818,INC-9853,train,0
9819,INC-9854,test,0
9820,INC-9855,train,0
9821,INC-9856,train,0
9822,INC-9857,train,0
9823,INC-9858,train,0
9824,INC-9859,train,0
9825,INC-9860,test,0
9826,INC-9861,train,0
9827,INC-9862,train,0
9828,INC-9863,train,0
9829,INC-9864,train,0
9830,INC-9865,test,0
9831,INC-9866,train,1
9832,INC-9867,train,0
9833,INC-9868,train,0
9834,INC-9869,train,0
9835,INC-9870,train,0
9836,INC-9871,train,1
9837,INC-9872,train,0
9838,INC-9873,train,0
9839,INC-9874,test,0
9840,INC-9875,test,0
9841,INC-9876,test,0
9842,INC-9877,train,1
9843,INC-9878,train,0
9844,INC-9879,train,1
9845,INC-9880,train,0
9846,INC-9881,train,0
9847,INC-9882,test,0
9848,INC-9883,train,1
9849,INC-9884,train,0
9850,INC-9885,train,0
9851,INC-9886,train,0
9852,INC-9887,train,0
9853,INC-9888,train,0
9854,INC-9889,train,0
9855,INC-9890,train,0
9856,INC-9891,test,0
9857,INC-9892,train,0
9858,INC-9893,train,0
9859,INC-9894,train,0
9860,INC-9895,train,0
9861,INC-9896,train,0
9862,INC-9897,train,0
9863,INC-9898,train,0
9864,INC-9899,train,0
9865,INC-9900,train,0
9866,INC-9901,train,0
9867,INC-9902,train,0
9868,INC-9903,train,0
9869,INC-9904,test,0
9870,INC-9905,train,0
9871,INC-9906,train,0
9872,INC-9907,test,1
9873,INC-9908,train,1
9874,INC-9909,train,0
9875,INC-9910,test,1
9876,INC-9911,train,1
9877,INC-9912,test,0
9878,INC-9913,train,0
9879,INC-9914,train,0
9880,INC-9915,train,0
9881,INC-9916,test,0
9882,INC-9917,train,0
9883,INC-9918,train,0
9884,INC-9919,train,0
9885,INC-9920,train,0
9886,INC-9921,train,0
9887,INC-9922,test,0
9888,INC-9923,train,0
9889,INC-9924,train,0
9890,INC-9925,train,0
9891,INC-9926,train,0
9892,INC-9927,test,0
9893,INC-9928,train,0
9894,INC-9929,test,0
9895,INC-9930,train,1
9896,INC-9931,train,1
9897,INC-9932,train,1
9898,INC-9933,train,0
9899,INC-9934,train,0
9900,INC-9935,train,0
9901,INC-9936,test,0
9902,INC-9937,train,0
9903,INC-9938,train,0
9904,INC-9939,train,1
9905,INC-9940,test,0
9906,INC-9941,train,0
9907,INC-9942,train,0
9908,INC-9943,train,0
9909,INC-9944,train,0
9910,INC-9945,test,1
9911,INC-9946,train,0
9912,INC-9947,train,1
9913,INC-9948,train,0
9914,INC-9949,train,0
9915,INC-9950,train,0
9916,INC-9951,train,0
9917,INC-9952,train,0
9918,INC-9953,train,0
9919,INC-9954,train,1
9920,INC-9955,train,0
9921,INC-9956,train,0
9922,INC-9957,train,1
9923,INC-9958,train,0
9924,INC-9959,train,1
9925,INC-9960,train,1
9926,INC-9961,train,0
9927,INC-9962,train,1
9928,INC-9963,train,0
9929,INC-9964,train,1
9930,INC-9965,test,0
9931,INC-9966,test,1
9932,INC-9967,train,1
9933,INC-9968,test,0
9934,INC-9969,train,1
9935,INC-9970,train,0
9936,INC-9971,test,0
9937,INC-9972,train,0
9938,INC-9973,train,1
9939,INC-9974,train,1
9940,INC-9975,train,1
9941,INC-9976,train,1
9942,INC-9977,train,1
9943,INC-9978,train,0
9944,INC-9979,train,0
9945,INC-9980,train,0
9946,INC-9981,train,0
9947,INC-9982,train,0
9948,INC-9983,train,0
9949,INC-9984,train,0
9950,INC-9985,train,0
9951,INC-9986,train,1
9952,INC-9987,train,1
9953,INC-9988,train,1
9954,INC-9989,train,0
9955,INC-9990,train,0
9956,INC-9991,test,0
9957,INC-9992,test,0
9958,INC-9993,train,1
9959,INC-9994,train,0
9960,INC-9995,train,1
9961,INC-9996,train,0
9962,INC-9997,test,0
9963,INC-9998,train,0
9964,INC-9999,train,0
9965,INC-10000,train,0
9966,INC-10001,train,0
9967,INC-10002,train,0
9968,INC-10003,train,0
9969,INC-10004,train,0
9970,INC-10005,train,0
9971,INC-10006,train,1
9972,INC-10007,test,0
9973,INC-10008,test,1
9974,INC-10009,test,0
9975,INC-10010,train,1
9976,INC-10011,train,0
9977,INC-10012,train,0
9978,INC-10013,test,0
9979,INC-10014,train,0
9980,INC-10015,train,0
9981,INC-10016,test,1
9982,INC-10017,train,0
9983,INC-10018,train,1
9984,INC-10019,train,0
9985,INC-10020,train,0
9986,INC-10021,train,1
9987,INC-10022,train,1
9988,INC-10023,train,1
9989,INC-10024,train,0
9990,INC-10025,train,1
9991,INC-10026,test,0
9992,INC-10027,test,0
9993,INC-10028,train,0
9994,INC-10029,train,0
9995,INC-10030,train,0
9996,INC-10031,train,1
9997,INC-10032,train,0
9998,INC-10033,train,0
9999,INC-10034,test,0
10000,INC-10035,train,0
10001,INC-10036,train,0
10002,INC-10037,train,1
10003,INC-10038,train,0
10004,INC-10039,train,0
10005,INC-10040,train,0
10006,INC-10041,train,1
10007,INC-10042,train,0
10008,INC-10043,train,0
10009,INC-10044,test,1
10010,INC-10045,train,0
10011,INC-10046,train,1
10012,INC-10047,train,0
10013,INC-10048,train,0
10014,INC-10049,test,1
10015,INC-10050,test,0
10016,INC-10051,train,0
10017,INC-10052,train,0
10018,INC-10053,train,0
10019,INC-10054,train,0
10020,INC-10055,test,0
10021,INC-10056,train,0
10022,INC-10057,train,0
10023,INC-10058,train,0
10024,INC-10059,train,0
10025,INC-10060,train,0
10026,INC-10061,train,0
10027,INC-10062,test,0
10028,INC-10064,train,0
10029,INC-10065,train,0
10030,INC-10066,train,1
10031,INC-10067,train,0
10032,INC-10068,test,1
10033,INC-10069,train,0
10034,INC-10070,test,0
10035,INC-10071,train,0
10036,INC-10072,train,0
10037,INC-10073,train,0
10038,INC-10074,train,0
10039,INC-10075,test,0
10040,INC-10076,train,1
10041,INC-10077,train,0
10042,INC-10078,test,0
10043,INC-10079,train,0
10044,INC-10080,test,0
10045,INC-10081,train,0
10046,INC-10082,train,0
10047,INC-10083,test,0
10048,INC-10084,train,0
10049,INC-10085,train,0
10050,INC-10086,train,1
10051,INC-10087,test,0
10052,INC-10088,train,0
10053,INC-10089,train,1
10054,INC-10090,train,0
10055,INC-10091,train,1
10056,INC-10092,train,0
10057,INC-10093,train,1
10058,INC-10094,test,1
10059,INC-10095,train,1
10060,INC-10096,test,0
10061,INC-10097,train,1
10062,INC-10098,train,0
10063,INC-10099,train,0
10064,INC-10100,train,0
10065,INC-10101,test,0
10066,INC-10102,test,0
10067,INC-10103,train,0
10068,INC-10104,train,0
10069,INC-10105,train,0
10070,INC-10106,train,0
10071,INC-10107,train,0
10072,INC-10108,train,0
10073,INC-10109,train,0
10074,INC-10110,train,0
10075,INC-10111,test,0
10076,INC-10112,test,0
10077,INC-10113,train,0
10078,INC-10114,test,0
10079,INC-10115,train,1
10080,INC-10116,train,0
10081,INC-10117,train,0
10082,INC-10118,test,0
10083,INC-10119,train,0
10084,INC-10120,test,0
10085,INC-10121,train,1
10086,INC-10122,train,0
10087,INC-10123,train,1
10088,INC-10124,train,0
10089,INC-10125,train,0
10090,INC-10126,train,0
10091,INC-10127,train,0
10092,INC-10128,train,0
10093,INC-10129,train,1
10094,INC-10130,train,0
10095,INC-10131,train,0
10096,INC-10132,train,0
10097,INC-10133,train,0
10098,INC-10134,test,0
10099,INC-10135,train,0
10100,INC-10136,train,1
10101,INC-10137,train,0
10102,INC-10138,train,0
10103,INC-10139,train,0
10104,INC-10140,train,0
10105,INC-10141,train,1
10106,INC-10142,train,0
10107,INC-10143,train,0
10108,INC-10144,train,0
10109,INC-10145,test,0
10110,INC-10146,train,0
10111,INC-10147,train,0
10112,INC-10148,train,1
10113,INC-10149,test,0
10114,INC-10150,train,0
10115,INC-10151,test,0
10116,INC-10152,train,0
10117,INC-10153,train,0
10118,INC-10154,train,1
10119,INC-10155,train,0
10120,INC-10156,test,0
10121,INC-10157,test,1
10122,INC-10158,train,0
10123,INC-10159,train,0
10124,INC-10160,train,0
10125,INC-10161,train,0
10126,INC-10162,train,0
10127,INC-10163,train,0
10128,INC-10164,train,0
10129,INC-10165,train,0
10130,INC-10166,test,1
10131,INC-10167,train,0
10132,INC-10168,train,0
10133,INC-10169,train,0
10134,INC-10170,train,0
10135,INC-10171,test,1
10136,INC-10172,train,0
10137,INC-10173,train,0
10138,INC-10174,test,1
10139,INC-10175,train,0
10140,INC-10176,train,0
10141,INC-10177,train,1
10142,INC-10178,test,1
10143,INC-10179,train,0
10144,INC-10180,train,1
10145,INC-10181,test,0
10146,INC-10182,train,0
10147,INC-10183,train,0
10148,INC-10184,train,1
10149,INC-10185,train,0
10150,INC-10186,train,0
10151,INC-10187,train,1
10152,INC-10188,train,0
10153,INC-10189,train,1
10154,INC-10190,test,0
10155,INC-10191,train,0
10156,INC-10192,train,0
10157,INC-10193,train,1
10158,INC-10194,train,0
10159,INC-10195,test,0
10160,INC-10196,train,0
10161,INC-10197,train,1
10162,INC-10198,train,1
10163,INC-10200,train,1
10164,INC-10201,train,0
10165,INC-10202,test,0
10166,INC-10203,train,1
10167,INC-10204,train,0
10168,INC-10205,train,0
10169,INC-10207,test,0
10170,INC-10208,test,0
10171,INC-10209,train,1
10172,INC-10210,test,0
10173,INC-10211,train,1
10174,INC-10212,train,0
10175,INC-10213,train,1
10176,INC-10214,train,0
10177,INC-10215,test,0
10178,INC-10216,train,1
10179,INC-10217,train,1
10180,INC-10218,train,0
10181,INC-10219,test,1
10182,INC-10220,train,0
10183,INC-10221,train,0
10184,INC-10222,train,0
10185,INC-10223,train,1
10186,INC-10224,train,1
10187,INC-10225,test,1
10188,INC-10226,train,0
10189,INC-10227,train,0
10190,INC-10228,train,1
10191,INC-10229,train,0
10192,INC-10230,train,0
10193,INC-10231,train,0
10194,INC-10232,train,1
10195,INC-10233,test,0
10196,INC-10234,train,0
10197,INC-10235,train,0
10198,INC-10236,train,1
10199,INC-10237,train,1
10200,INC-10238,train,0
10201,INC-10239,train,0
10202,INC-10241,test,0
10203,INC-10242,train,0
10204,INC-10243,test,0
10205,INC-10244,train,0
10206,INC-10245,test,0
10207,INC-10246,train,1
10208,INC-10247,train,0
10209,INC-10248,train,0
10210,INC-10249,train,0
10211,INC-10250,train,0
10212,INC-10251,train,1
10213,INC-10252,train,0
10214,INC-10253,test,0
10215,INC-10254,train,0
10216,INC-10255,train,0
10217,INC-10256,train,0
10218,INC-10257,train,0
10219,INC-10258,train,0
10220,INC-10259,train,0
10221,INC-10260,test,0
10222,INC-10261,train,0
10223,INC-10262,train,0
10224,INC-10263,train,0
10225,INC-10264,train,1
10226,INC-10265,train,1
10227,INC-10267,train,0
10228,INC-10269,train,0
10229,INC-10270,train,1
10230,INC-10271,train,0
10231,INC-10272,train,0
10232,INC-10273,train,0
10233,INC-10274,train,0
10234,INC-10275,train,0
10235,INC-10276,train,0
10236,INC-10277,train,0
10237,INC-10278,train,0
10238,INC-10279,train,0
10239,INC-10280,train,1
10240,INC-10281,train,0
10241,INC-10282,train,1
10242,INC-10283,train,1
10243,INC-10285,train,0
10244,INC-10286,test,0
10245,INC-10287,train,1
10246,INC-10288,train,0
10247,INC-10289,train,1
10248,INC-10290,train,0
10249,INC-10291,test,0
10250,INC-10292,train,0
10251,INC-10293,train,0
10252,INC-10294,train,0
10253,INC-10295,train,0
10254,INC-10296,train,1
10255,INC-10297,train,0
10256,INC-10298,train,0
10257,INC-10299,train,1
10258,INC-10300,train,0
10259,INC-10302,test,0
10260,INC-10303,test,0
10261,INC-10304,train,0
10262,INC-10305,train,1
10263,INC-10306,train,0
10264,INC-10307,train,0
10265,INC-10308,train,0
10266,INC-10309,train,1
10267,INC-10310,train,1
10268,INC-10311,train,1
10269,INC-10312,test,0
10270,INC-10313,test,0
10271,INC-10314,train,0
10272,INC-10315,test,1
10273,INC-10316,train,0
10274,INC-10317,test,0
10275,INC-10318,train,0
10276,INC-10319,train,0
10277,INC-10320,train,0
10278,INC-10321,train,1
10279,INC-10322,train,0
10280,INC-10323,train,0
10281,INC-10324,test,0
10282,INC-10325,train,0
10283,INC-10326,train,0
10284,INC-10327,train,0
10285,INC-10328,test,0
10286,INC-10329,test,0
10287,INC-10330,test,0
10288,INC-10331,test,0
10289,INC-10332,train,1
10290,INC-10333,train,0
10291,INC-10334,train,0
10292,INC-10335,train,0
10293,INC-10336,train,0
10294,INC-10337,train,1
10295,INC-10338,train,0
10296,INC-10339,train,0
10297,INC-10340,train,0
10298,INC-10341,train,0
10299,INC-10342,train,1
10300,INC-10343,train,0
10301,INC-10344,test,0
10302,INC-10345,train,0
10303,INC-10346,train,0
10304,INC-10347,train,1
10305,INC-10348,train,0
10306,INC-10349,train,0
10307,INC-10350,train,0
10308,INC-10351,train,0
10309,INC-10352,test,1
10310,INC-10353,train,0
10311,INC-10354,test,0
10312,INC-10355,train,0
10313,INC-10356,train,0
10314,INC-10357,train,0
10315,INC-10358,train,0
10316,INC-10359,train,0
10317,INC-10360,train,0
10318,INC-10361,train,0
10319,INC-10362,train,0
10320,INC-10363,train,0
10321,INC-10364,train,0
10322,INC-10365,train,0
10323,INC-10366,train,0
10324,INC-10367,train,0
10325,INC-10368,train,0
10326,INC-10369,train,0
10327,INC-10370,train,0
10328,INC-10371,train,1
10329,INC-10372,train,0
10330,INC-10373,train,0
10331,INC-10374,train,1
10332,INC-10375,train,0
10333,INC-10376,train,0
10334,INC-10377,train,0
10335,INC-10378,test,0
10336,INC-10380,train,0
10337,INC-10381,train,0
10338,INC-10382,train,1
10339,INC-10383,train,1
10340,INC-10384,train,0
10341,INC-10385,train,0
10342,INC-10386,test,0
10343,INC-10387,train,0
10344,INC-10388,test,1
10345,INC-10389,train,0
10346,INC-10390,train,0
10347,INC-10391,train,0
10348,INC-10392,train,1
10349,INC-10393,train,0
10350,INC-10394,train,1
10351,INC-10395,train,0
10352,INC-10396,test,0
10353,INC-10397,train,0
10354,INC-10398,train,0
10355,INC-10399,train,0
10356,INC-10400,train,0
10357,INC-10401,train,0
10358,INC-10402,train,1
10359,INC-10404,train,0
10360,INC-10405,train,0
10361,INC-10406,train,1
10362,INC-10407,train,0
10363,INC-10408,test,0
10364,INC-10409,train,0
10365,INC-10410,test,1
10366,INC-10411,train,0
10367,INC-10412,test,0
10368,INC-10413,train,1
10369,INC-10414,train,0
10370,INC-10415,train,1
10371,INC-10416,test,0
10372,INC-10417,train,0
10373,INC-10418,train,1
10374,INC-10419,train,0
10375,INC-10420,train,0
10376,INC-10421,train,1
10377,INC-10422,train,0
10378,INC-10423,test,0
10379,INC-10424,train,0
10380,INC-10425,test,0
10381,INC-10427,test,0
10382,INC-10428,train,0
10383,INC-10429,train,1
10384,INC-10430,test,1
10385,INC-10431,train,0
10386,INC-10432,train,0
10387,INC-10433,train,0
10388,INC-10434,train,1
10389,INC-10435,test,1
10390,INC-10436,train,1
10391,INC-10437,train,1
10392,INC-10438,train,0
10393,INC-10439,train,1
10394,INC-10440,test,1
10395,INC-10441,test,0
10396,INC-10442,train,0
10397,INC-10443,train,0
10398,INC-10444,train,1
10399,INC-10445,train,1
10400,INC-10446,train,1
10401,INC-10447,train,0
10402,INC-10448,train,1
10403,INC-10449,train,1
10404,INC-10450,train,0
10405,INC-10451,train,0
10406,INC-10453,train,0
10407,INC-10454,train,0
10408,INC-10455,train,0
10409,INC-10456,train,0
10410,INC-10457,test,0
10411,INC-10458,test,0
10412,INC-10459,train,0
10413,INC-10460,train,1
10414,INC-10461,train,1
10415,INC-10462,train,0
10416,INC-10463,train,0
10417,INC-10464,train,0
10418,INC-10465,test,0
10419,INC-10466,test,0
10420,INC-10467,train,0
10421,INC-10468,train,0
10422,INC-10469,train,0
10423,INC-10470,train,0
10424,INC-10471,test,0
10425,INC-10472,train,0
10426,INC-10473,train,0
10427,INC-10474,train,0
10428,INC-10475,train,1
10429,INC-10476,test,1
10430,INC-10477,test,0
10431,INC-10478,train,0
10432,INC-10479,train,1
10433,INC-10480,train,0
10434,INC-10481,test,0
10435,INC-10482,test,0
10436,INC-10483,train,0
10437,INC-10484,train,0
10438,INC-10485,train,0
10439,INC-10486,train,1
10440,INC-10487,train,0
10441,INC-10488,train,1
10442,INC-10489,train,1
10443,INC-10490,train,0
10444,INC-10491,test,0
10445,INC-10492,test,0
10446,INC-10493,train,1
10447,INC-10494,train,0
10448,INC-10496,train,0
10449,INC-10497,train,1
10450,INC-10498,train,0
10451,INC-10499,test,1
10452,INC-10500,train,0
10453,INC-10501,test,1
10454,INC-10502,train,0
10455,INC-10503,train,0
10456,INC-10504,train,0
10457,INC-10505,train,1
10458,INC-10506,train,0
10459,INC-10507,train,0
10460,INC-10508,train,1
10461,INC-10509,train,0
10462,INC-10510,train,1
10463,INC-10511,test,0
10464,INC-10512,train,1
10465,INC-10513,train,0
10466,INC-10514,train,0
10467,INC-10515,train,0
10468,INC-10516,train,0
10469,INC-10517,test,1
10470,INC-10518,train,0
10471,INC-10519,train,0
10472,INC-10520,train,0
10473,INC-10521,train,0
10474,INC-10522,test,0
10475,INC-10523,test,0
10476,INC-10524,train,0
10477,INC-10525,train,0
10478,INC-10526,train,1
10479,INC-10527,train,0
10480,INC-10528,train,1
10481,INC-10529,train,0
10482,INC-10530,train,0
10483,INC-10531,test,0
10484,INC-10532,train,0
10485,INC-10533,train,1
10486,INC-10535,test,0
10487,INC-10536,train,0
10488,INC-10537,test,0
10489,INC-10538,train,0
10490,INC-10539,train,0
10491,INC-10540,train,0
10492,INC-10541,train,0
10493,INC-10542,test,0
10494,INC-10543,train,0
10495,INC-10544,train,1
10496,INC-10545,train,1
10497,INC-10546,train,0
10498,INC-10547,train,0
10499,INC-10548,test,0
10500,INC-10549,train,0
10501,INC-10550,train,0
10502,INC-10551,train,0
10503,INC-10552,train,0
10504,INC-10553,train,0
10505,INC-10554,train,1
10506,INC-10555,train,0
10507,INC-10556,test,1
10508,INC-10557,train,0
10509,INC-10558,train,1
10510,INC-10560,train,0
10511,INC-10561,train,0
10512,INC-10562,train,0
10513,INC-10563,train,1
10514,INC-10564,train,0
10515,INC-10565,train,0
10516,INC-10566,train,0
10517,INC-10567,train,0
10518,INC-10568,train,0
10519,INC-10569,train,0
10520,INC-10570,train,0
10521,INC-10571,train,0
10522,INC-10572,train,0
10523,INC-10573,train,1
10524,INC-10574,train,0
10525,INC-10575,train,0
10526,INC-10576,test,1
10527,INC-10577,train,0
10528,INC-10578,train,0
10529,INC-10579,test,0
10530,INC-10580,train,0
10531,INC-10581,train,1
10532,INC-10582,train,1
10533,INC-10583,train,1
10534,INC-10584,train,0
10535,INC-10585,test,0
10536,INC-10586,train,0
10537,INC-10587,train,1
10538,INC-10588,train,0
10539,INC-10589,train,1
10540,INC-10591,train,0
10541,INC-10592,train,0
10542,INC-10593,train,0
10543,INC-10594,test,1
10544,INC-10595,train,0
10545,INC-10596,train,1
10546,INC-10597,train,0
10547,INC-10598,train,1
10548,INC-10599,train,0
10549,INC-10600,train,1
10550,INC-10601,train,1
10551,INC-10602,test,1
10552,INC-10603,train,0
10553,INC-10604,train,0
10554,INC-10605,train,0
10555,INC-10606,train,0
10556,INC-10607,train,0
10557,INC-10608,train,0
10558,INC-10609,test,0
10559,INC-10610,test,0
10560,INC-10611,train,0
10561,INC-10612,train,1
10562,INC-10613,train,0
10563,INC-10614,train,0
10564,INC-10615,train,0
10565,INC-10616,train,0
10566,INC-10617,test,0
10567,INC-10618,train,1
10568,INC-10619,train,0
10569,INC-10620,train,0
10570,INC-10621,train,0
10571,INC-10622,train,1
10572,INC-10623,train,0
10573,INC-10624,test,1
10574,INC-10625,train,1
10575,INC-10626,train,1
10576,INC-10627,test,0
10577,INC-10628,train,1
10578,INC-10629,train,0
10579,INC-10630,train,1
10580,INC-10631,test,0
10581,INC-10632,train,0
10582,INC-10633,train,0
10583,INC-10634,train,0
10584,INC-10635,train,0
10585,INC-10636,train,0
10586,INC-10637,train,1
10587,INC-10638,train,0
10588,INC-10639,train,0
10589,INC-10640,train,0
10590,INC-10641,train,0
10591,INC-10642,train,0
10592,INC-10643,train,0
10593,INC-10644,train,1
10594,INC-10646,train,0
10595,INC-10647,train,0
10596,INC-10648,test,0
10597,INC-10649,test,0
10598,INC-10650,test,0
10599,INC-10651,train,0
10600,INC-10652,train,0
10601,INC-10653,train,1
10602,INC-10654,train,0
10603,INC-10655,train,0
10604,INC-10656,test,1
10605,INC-10657,train,0
10606,INC-10658,train,0
10607,INC-10659,test,0
10608,INC-10660,train,0
10609,INC-10661,train,0
10610,INC-10662,train,1
10611,INC-10663,train,0
10612,INC-10664,train,0
10613,INC-10665,train,0
10614,INC-10666,train,1
10615,INC-10667,train,0
10616,INC-10668,train,0
10617,INC-10669,train,0
10618,INC-10670,train,0
10619,INC-10671,train,0
10620,INC-10672,train,0
10621,INC-10673,test,1
10622,INC-10674,train,0
10623,INC-10675,train,0
10624,INC-10676,train,1
10625,INC-10677,train,1
10626,INC-10678,train,1
10627,INC-10679,test,0
10628,INC-10680,train,0
10629,INC-10681,train,1
10630,INC-10682,train,0
10631,INC-10683,train,1
10632,INC-10684,test,0
10633,INC-10685,train,1
10634,INC-10686,train,0
10635,INC-10687,train,1
10636,INC-10688,test,0
10637,INC-10689,test,0
10638,INC-10690,train,1
10639,INC-10691,train,1
10640,INC-10692,train,0
10641,INC-10693,train,0
10642,INC-10694,train,1
10643,INC-10695,train,0
10644,INC-10696,train,0
10645,INC-10697,train,0
10646,INC-10698,train,0
10647,INC-10699,train,0
10648,INC-10700,train,1
10649,INC-10701,train,0
10650,INC-10702,test,0
10651,INC-10703,test,0
10652,INC-10704,train,0
10653,INC-10705,test,1
10654,INC-10706,test,1
10655,INC-10707,train,0
10656,INC-10708,train,0
10657,INC-10709,train,0
10658,INC-10710,test,0
10659,INC-10711,test,0
10660,INC-10712,train,0
10661,INC-10713,train,0
10662,INC-10714,train,1
10663,INC-10715,train,0
10664,INC-10716,train,0
10665,INC-10717,train,0
10666,INC-10718,train,0
10667,INC-10720,train,0
10668,INC-10721,train,1
10669,INC-10722,test,0
10670,INC-10723,test,0
10671,INC-10724,train,0
10672,INC-10725,test,1
10673,INC-10726,test,0
10674,INC-10727,train,0
10675,INC-10728,train,1
10676,INC-10729,train,0
10677,INC-10730,test,0
10678,INC-10731,train,0
10679,INC-10732,train,0
10680,INC-10733,train,0
10681,INC-10734,train,1
10682,INC-10735,test,0
10683,INC-10736,train,0
10684,INC-10737,test,0
10685,INC-10738,test,0
10686,INC-10739,train,0
10687,INC-10740,train,0
10688,INC-10741,train,0
10689,INC-10742,train,0
10690,INC-10743,train,0
10691,INC-10744,train,0
10692,INC-10745,train,0
10693,INC-10746,test,0
10694,INC-10747,train,0
10695,INC-10748,train,1
10696,INC-10749,train,0
10697,INC-10750,train,0
10698,INC-10751,train,1
10699,INC-10752,train,0
10700,INC-10753,train,0
10701,INC-10754,train,0
10702,INC-10755,train,0
10703,INC-10756,train,0
10704,INC-10757,train,0
10705,INC-10758,train,0
10706,INC-10759,train,0
10707,INC-10760,train,1
10708,INC-10761,test,1
10709,INC-10762,train,1
10710,INC-10763,train,0
10711,INC-10764,test,0
10712,INC-10765,train,1
10713,INC-10766,test,0
10714,INC-10767,train,1
10715,INC-10768,train,1
10716,INC-10769,train,0
10717,INC-10770,train,0
10718,INC-10771,train,0
10719,INC-10772,train,0
10720,INC-10773,test,1
10721,INC-10775,train,0
10722,INC-10776,test,0
10723,INC-10777,train,0
10724,INC-10778,train,1
10725,INC-10779,train,0
10726,INC-10780,train,1
10727,INC-10781,test,0
10728,INC-10782,train,0
10729,INC-10783,train,1
10730,INC-10784,train,0
10731,INC-10785,test,0
10732,INC-10786,test,1
10733,INC-10787,train,1
10734,INC-10788,train,0
10735,INC-10789,test,0
10736,INC-10791,train,0
10737,INC-10792,train,1
10738,INC-10793,train,0
10739,INC-10794,train,0
10740,INC-10795,train,0
10741,INC-10796,train,1
10742,INC-10797,train,1
10743,INC-10798,train,0
10744,INC-10799,train,0
10745,INC-10800,train,0
10746,INC-10801,train,0
10747,INC-10802,train,1
10748,INC-10803,train,0
10749,INC-10804,test,0
10750,INC-10805,train,0
10751,INC-10806,test,1
10752,INC-10807,train,0
10753,INC-10808,train,0
10754,INC-10809,train,0
10755,INC-10810,train,1
10756,INC-10811,train,0
10757,INC-10812,train,0
10758,INC-10813,train,1
10759,INC-10814,train,0
10760,INC-10815,train,0
10761,INC-10816,train,0
10762,INC-10817,train,0
10763,INC-10818,train,0
10764,INC-10819,train,0
10765,INC-10820,train,0
10766,INC-10822,train,0
10767,INC-10823,train,0
10768,INC-10824,train,0
10769,INC-10825,train,0
10770,INC-10826,train,0
10771,INC-10827,train,0
10772,INC-10828,train,1
10773,INC-10829,train,0
10774,INC-10830,train,0
10775,INC-10831,train,0
10776,INC-10832,train,1
10777,INC-10833,test,1
10778,INC-10834,test,0
10779,INC-10835,train,0
10780,INC-10836,test,0
10781,INC-10837,train,0
10782,INC-10838,test,0
10783,INC-10839,train,0
10784,INC-10840,train,0
10785,INC-10841,train,0
10786,INC-10842,train,0
10787,INC-10843,train,0
10788,INC-10844,train,0
10789,INC-10846,train,0
10790,INC-10847,train,0
10791,INC-10848,train,1
10792,INC-10849,train,1
10793,INC-10850,train,0
10794,INC-10851,train,1
10795,INC-10852,train,0
10796,INC-10853,train,0
10797,INC-10854,train,1
10798,INC-10855,train,0
10799,INC-10856,test,0
10800,INC-10857,train,0
10801,INC-10858,train,1
10802,INC-10859,train,0
10803,INC-10860,train,0
10804,INC-10861,train,0
10805,INC-10862,test,0
10806,INC-10863,train,1
10807,INC-10864,train,0
10808,INC-10865,train,0
10809,INC-10866,train,1
10810,INC-10867,train,0
10811,INC-10870,train,0
10812,INC-10871,train,1
10813,INC-10872,train,1
10814,INC-10873,train,0
10815,INC-10874,test,0
10816,INC-10875,train,0
10817,INC-10876,train,0
10818,INC-10877,test,0
10819,INC-10878,train,0
10820,INC-10880,test,1
10821,INC-10881,train,0
10822,INC-10882,test,1
10823,INC-10883,test,0
10824,INC-10884,train,1
10825,INC-10885,train,0
10826,INC-10886,train,0
10827,INC-10887,train,0
10828,INC-10888,train,0
10829,INC-10889,train,0
10830,INC-10890,test,0
10831,INC-10891,train,1
10832,INC-10892,test,0
10833,INC-10893,train,0
10834,INC-10894,test,0
10835,INC-10895,train,0
10836,INC-10896,test,0
10837,INC-10897,train,0
10838,INC-10898,train,0
10839,INC-10899,test,0
10840,INC-10900,train,0
10841,INC-10901,test,0
10842,INC-10902,train,0
10843,INC-10903,train,0
10844,INC-10904,test,0
10845,INC-10905,test,0
10846,INC-10906,test,0
10847,INC-10907,train,0
10848,INC-10908,test,0
10849,INC-10910,train,1
10850,INC-10911,train,0
10851,INC-10912,train,0
10852,INC-10913,train,0
10853,INC-10914,train,0
10854,INC-10915,test,1
10855,INC-10916,train,0
10856,INC-10917,test,0
10857,INC-10918,train,0
10858,INC-10919,test,0
10859,INC-10920,train,0
10860,INC-10921,test,0
10861,INC-10922,test,0
10862,INC-10923,train,0
10863,INC-10924,train,0
10864,INC-10925,train,1
10865,INC-10926,test,0
10866,INC-10927,train,0
10867,INC-10928,train,1
10868,INC-10929,train,0
10869,INC-10930,train,1
10870,INC-10931,train,0
10871,INC-10932,train,0
10872,INC-10933,train,1
10873,INC-10934,train,0
10874,INC-10935,train,0
10875,INC-10936,test,0
10876,INC-10937,train,0
10877,INC-10938,train,1
10878,INC-10939,train,1
10879,INC-10940,train,1
10880,INC-10942,train,0
10881,INC-10943,train,0
10882,INC-10944,train,0
10883,INC-10946,train,0
10884,INC-10947,train,0
10885,INC-10948,train,1
10886,INC-10949,train,1
10887,INC-10950,train,0
10888,INC-10951,train,0
10889,INC-10952,train,1
10890,INC-10953,train,1
10891,INC-10954,train,0
10892,INC-10955,train,0
10893,INC-10956,train,0
10894,INC-10957,train,1
10895,INC-10958,train,0
10896,INC-10959,train,0
10897,INC-10960,train,0
10898,INC-10961,test,0
10899,INC-10962,train,0
10900,INC-10963,train,0
10901,INC-10964,train,0
10902,INC-10965,train,1
10903,INC-10966,train,0
10904,INC-10967,train,0
10905,INC-10968,test,0
10906,INC-10969,train,0
10907,INC-10970,train,0
10908,INC-10971,train,1
10909,INC-10972,test,1
10910,INC-10973,test,1
10911,INC-10974,train,1
10912,INC-10975,test,0
10913,INC-10976,train,0
10914,INC-10977,train,0
10915,INC-10978,test,0
10916,INC-10979,train,0
10917,INC-10980,train,0
10918,INC-10981,train,0
10919,INC-10982,train,0
10920,INC-10983,train,0
10921,INC-10984,test,0
10922,INC-10985,train,0
10923,INC-10986,train,0
10924,INC-10987,test,0
10925,INC-10988,train,0
10926,INC-10989,train,0
10927,INC-10990,test,0
10928,INC-10991,train,1
10929,INC-10992,train,0
10930,INC-10993,train,1
10931,INC-10994,test,0
10932,INC-10996,train,0
10933,INC-10997,train,0
10934,INC-10998,train,0
10935,INC-10999,train,0
10936,INC-11000,train,0
10937,INC-11001,train,0
10938,INC-11003,train,0
10939,INC-11004,train,1
10940,INC-11005,train,0
10941,INC-11006,train,0
10942,INC-11007,train,0
10943,INC-11008,train,0
10944,INC-11009,test,0
10945,INC-11010,train,1
10946,INC-11011,test,1
10947,INC-11013,test,1
10948,INC-11014,train,0
10949,INC-11015,test,1
10950,INC-11016,train,0
10951,INC-11017,test,0
10952,INC-11018,train,0
10953,INC-11019,train,0
10954,INC-11020,train,0
10955,INC-11021,train,0
10956,INC-11022,train,0
10957,INC-11023,train,0
10958,INC-11024,train,1
10959,INC-11025,test,1
10960,INC-11027,test,0
10961,INC-11028,train,0
10962,INC-11029,test,0
10963,INC-11030,train,0
10964,INC-11031,train,0
10965,INC-11032,train,0
10966,INC-11033,train,1
10967,INC-11034,train,1
10968,INC-11035,train,0
10969,INC-11036,train,0
10970,INC-11038,train,0
10971,INC-11039,train,0
10972,INC-11040,train,1
10973,INC-11041,train,0
10974,INC-11042,train,0
10975,INC-11043,train,0
10976,INC-11044,train,1
10977,INC-11045,train,0
10978,INC-11046,train,0
10979,INC-11047,train,0
10980,INC-11048,train,1
10981,INC-11049,test,0
10982,INC-11050,train,0
10983,INC-11051,train,1
10984,INC-11052,train,1
10985,INC-11053,train,0
10986,INC-11054,train,0
10987,INC-11055,train,0
10988,INC-11056,train,0
10989,INC-11057,train,1
10990,INC-11058,train,0
10991,INC-11059,train,0
10992,INC-11061,train,1
10993,INC-11062,train,0
10994,INC-11063,train,1
10995,INC-11064,test,0
10996,INC-11065,train,0
10997,INC-11066,train,0
10998,INC-11067,train,0
10999,INC-11068,train,0
11000,INC-11069,test,0
11001,INC-11070,train,0
11002,INC-11071,train,0
11003,INC-11072,train,0
11004,INC-11073,train,0
11005,INC-11074,train,0
11006,INC-11075,train,0
11007,INC-11076,train,0
11008,INC-11077,train,0
11009,INC-11078,train,0
11010,INC-11079,test,0
11011,INC-11080,train,1
11012,INC-11081,train,0
11013,INC-11082,train,0
11014,INC-11083,test,0
11015,INC-11084,train,0
11016,INC-11085,test,0
11017,INC-11086,train,0
11018,INC-11087,train,0
11019,INC-11088,train,0
11020,INC-11089,train,0
11021,INC-11090,test,0
11022,INC-11091,train,0
11023,INC-11092,train,0
11024,INC-11093,test,0
11025,INC-11094,train,0
11026,INC-11095,test,0
11027,INC-11096,train,0
11028,INC-11097,train,0
11029,INC-11098,train,0
11030,INC-11099,train,0
11031,INC-11100,train,0
11032,INC-11101,test,1
11033,INC-11102,train,0
11034,INC-11103,train,1
11035,INC-11104,train,0
11036,INC-11105,train,0
11037,INC-11106,train,0
11038,INC-11107,train,0
11039,INC-11108,test,1
11040,INC-11109,train,1
11041,INC-11110,train,0
11042,INC-11111,train,0
11043,INC-11112,train,0
11044,INC-11113,train,0
11045,INC-11114,test,0
11046,INC-11115,train,0
11047,INC-11116,test,0
11048,INC-11117,train,0
11049,INC-11118,test,0
11050,INC-11119,test,0
11051,INC-11120,train,0
11052,INC-11121,train,0
11053,INC-11122,train,1
11054,INC-11123,train,0
11055,INC-11124,train,0
11056,INC-11125,train,0
11057,INC-11126,train,0
11058,INC-11127,test,0
11059,INC-11128,train,0
11060,INC-11129,test,0
11061,INC-11130,train,0
11062,INC-11131,train,1
11063,INC-11132,train,0
11064,INC-11133,train,1
11065,INC-11134,train,0
11066,INC-11136,test,1
11067,INC-11137,train,0
11068,INC-11138,train,0
11069,INC-11139,train,0
11070,INC-11140,train,0
11071,INC-11141,test,0
11072,INC-11142,test,0
11073,INC-11143,train,0
11074,INC-11144,test,0
11075,INC-11145,train,0
11076,INC-11146,train,0
11077,INC-11147,train,0
11078,INC-11148,train,0
11079,INC-11149,train,0
11080,INC-11150,train,0
11081,INC-11151,train,0
11082,INC-11152,train,0
11083,INC-11153,train,1
11084,INC-11154,train,1
11085,INC-11155,train,0
11086,INC-11156,train,0
11087,INC-11157,train,0
11088,INC-11158,train,0
11089,INC-11159,train,1
11090,INC-11160,test,1
11091,INC-11161,train,0
11092,INC-11162,test,0
11093,INC-11163,train,1
11094,INC-11164,test,0
11095,INC-11165,train,0
11096,INC-11166,train,1
11097,INC-11167,train,1
11098,INC-11168,train,0
11099,INC-11169,train,0
11100,INC-11170,train,1
11101,INC-11171,test,0
11102,INC-11172,test,0
11103,INC-11173,train,0
11104,INC-11174,train,0
11105,INC-11175,train,1
11106,INC-11176,train,0
11107,INC-11177,train,0
11108,INC-11178,train,0
11109,INC-11179,train,0
11110,INC-11181,test,0
11111,INC-11182,test,1
11112,INC-11184,train,0
11113,INC-11185,train,1
11114,INC-11186,train,0
11115,INC-11187,train,0
11116,INC-11188,train,0
11117,INC-11189,train,0
11118,INC-11190,test,0
11119,INC-11191,train,0
11120,INC-11192,train,0
11121,INC-11193,train,0
11122,INC-11194,test,0
11123,INC-11195,test,0
11124,INC-11196,train,1
11125,INC-11197,train,0
11126,INC-11198,train,1
11127,INC-11199,train,0
11128,INC-11200,train,0
11129,INC-11201,train,0
11130,INC-11202,train,0
11131,INC-11203,test,0
11132,INC-11204,test,0
11133,INC-11205,train,0
11134,INC-11206,train,0
11135,INC-11207,train,1
11136,INC-11208,train,0
11137,INC-11209,train,0
11138,INC-11210,train,0
11139,INC-11211,test,0
11140,INC-11212,test,0
11141,INC-11213,test,0
11142,INC-11214,train,0
11143,INC-11215,test,1
11144,INC-11216,test,0
11145,INC-11217,train,0
11146,INC-11218,train,1
11147,INC-11219,test,0
11148,INC-11220,train,0
11149,INC-11221,train,1
11150,INC-11222,train,1
11151,INC-11223,test,1
11152,INC-11224,train,1
11153,INC-11225,test,0
11154,INC-11226,train,1
11155,INC-11227,train,0
11156,INC-11228,train,1
11157,INC-11229,train,0
11158,INC-11230,test,1
11159,INC-11231,train,0
11160,INC-11232,test,0
11161,INC-11234,train,0
11162,INC-11235,train,0
11163,INC-11236,train,0
11164,INC-11237,train,0
11165,INC-11238,train,0
11166,INC-11239,train,0
11167,INC-11240,test,0
11168,INC-11241,train,0
11169,INC-11242,train,0
11170,INC-11243,train,0
11171,INC-11244,train,0
11172,INC-11245,train,0
11173,INC-11246,train,0
11174,INC-11247,train,0
11175,INC-11248,train,0
11176,INC-11249,train,0
11177,INC-11250,train,0
11178,INC-11251,train,0
11179,INC-11252,train,0
11180,INC-11253,test,0
11181,INC-11254,train,0
11182,INC-11255,train,0
11183,INC-11256,test,1
11184,INC-11257,train,0
11185,INC-11258,train,0
11186,INC-11259,train,0
11187,INC-11260,train,1
11188,INC-11261,test,0
11189,INC-11262,train,0
11190,INC-11263,train,0
11191,INC-11264,train,0
11192,INC-11265,train,0
11193,INC-11266,train,0
11194,INC-11267,train,0
11195,INC-11268,train,0
11196,INC-11269,train,0
11197,INC-11270,train,0
11198,INC-11271,train,1
11199,INC-11272,train,0
11200,INC-11273,train,0
11201,INC-11274,train,1
11202,INC-11275,train,0
11203,INC-11276,train,0
11204,INC-11277,train,0
11205,INC-11278,train,0
11206,INC-11279,test,1
11207,INC-11280,train,0
11208,INC-11281,train,0
11209,INC-11282,train,0
11210,INC-11283,train,0
11211,INC-11284,train,1
11212,INC-11285,train,1
11213,INC-11286,train,1
11214,INC-11287,train,0
11215,INC-11288,train,0
11216,INC-11289,test,0
11217,INC-11290,train,0
11218,INC-11291,train,0
11219,INC-11292,train,1
11220,INC-11293,train,0
11221,INC-11294,train,0
11222,INC-11295,train,1
11223,INC-11296,train,1
11224,INC-11297,train,1
11225,INC-11298,train,0
11226,INC-11299,train,0
11227,INC-11300,train,0
11228,INC-11301,train,1
11229,INC-11302,train,0
11230,INC-11303,train,0
11231,INC-11304,train,0
11232,INC-11305,train,0
11233,INC-11306,train,0
11234,INC-11307,train,0
11235,INC-11308,train,0
11236,INC-11309,train,0
11237,INC-11310,train,1
11238,INC-11311,train,0
11239,INC-11312,test,1
11240,INC-11313,train,0
11241,INC-11314,train,0
11242,INC-11315,train,0
11243,INC-11316,test,0
11244,INC-11317,train,0
11245,INC-11318,train,1
11246,INC-11319,train,1
11247,INC-11320,test,0
11248,INC-11321,train,0
11249,INC-11322,train,0
11250,INC-11323,test,1
11251,INC-11324,train,1
11252,INC-11325,test,0
11253,INC-11326,train,0
11254,INC-11327,train,0
11255,INC-11328,train,0
11256,INC-11329,train,0
11257,INC-11330,train,0
11258,INC-11331,train,0
11259,INC-11332,train,0
11260,INC-11333,train,1
11261,INC-11334,train,1
11262,INC-11335,test,0
11263,INC-11336,test,0
11264,INC-11337,test,0
11265,INC-11338,test,0
11266,INC-11339,train,0
11267,INC-11340,train,0
11268,INC-11341,test,0
11269,INC-11342,train,0
11270,INC-11343,test,1
11271,INC-11344,train,0
11272,INC-11345,train,1
11273,INC-11346,train,0
11274,INC-11347,train,0
11275,INC-11348,test,1
11276,INC-11349,train,0
11277,INC-11350,train,0
11278,INC-11351,train,1
11279,INC-11352,train,0
11280,INC-11353,train,1
11281,INC-11354,train,0
11282,INC-11355,train,0
11283,INC-11356,test,0
11284,INC-11357,train,0
11285,INC-11358,train,0
11286,INC-11359,train,1
11287,INC-11360,train,1
11288,INC-11361,test,0
11289,INC-11362,train,1
11290,INC-11363,train,1
11291,INC-11364,train,0
11292,INC-11365,test,0
11293,INC-11366,train,0
11294,INC-11367,train,0
11295,INC-11368,train,0
11296,INC-11369,test,1
11297,INC-11370,train,0
11298,INC-11371,train,0
11299,INC-11372,train,0
11300,INC-11373,train,0
11301,INC-11374,train,0
11302,INC-11375,train,0
11303,INC-11376,train,1
11304,INC-11377,train,0
11305,INC-11378,train,0
11306,INC-11379,test,0
11307,INC-11380,train,0
11308,INC-11381,train,0
11309,INC-11382,train,0
11310,INC-11383,train,1
11311,INC-11384,test,0
11312,INC-11385,test,1
11313,INC-11386,test,0
11314,INC-11387,train,0
11315,INC-11388,train,0
11316,INC-11389,train,0
11317,INC-11390,train,0
11318,INC-11391,train,0
11319,INC-11392,test,0
11320,INC-11393,train,0
11321,INC-11394,train,1
11322,INC-11395,train,0
11323,INC-11396,train,0
11324,INC-11397,train,0
11325,INC-11398,train,0
11326,INC-11399,train,0
11327,INC-11400,train,0
11328,INC-11401,train,0
11329,INC-11402,train,1
11330,INC-11403,train,0
11331,INC-11404,train,0
11332,INC-11405,train,1
11333,INC-11406,train,0
11334,INC-11407,train,1
11335,INC-11408,train,0
11336,INC-11409,train,0
11337,INC-11410,train,0
11338,INC-11411,train,1
11339,INC-11412,test,0
11340,INC-11413,train,0
11341,INC-11414,train,0
11342,INC-11415,train,1
11343,INC-11416,train,0
11344,INC-11417,train,0
11345,INC-11418,train,0
11346,INC-11419,test,1
11347,INC-11420,train,0
11348,INC-11421,train,0
11349,INC-11422,train,1
11350,INC-11423,train,0
11351,INC-11424,train,0
11352,INC-11425,train,0
11353,INC-11426,test,0
11354,INC-11427,train,0
11355,INC-11428,train,0
11356,INC-11429,test,0
11357,INC-11430,test,0
11358,INC-11431,train,1
11359,INC-11432,train,0
11360,INC-11433,train,0
11361,INC-11434,train,0
11362,INC-11435,train,0
11363,INC-11436,train,0
11364,INC-11437,train,0
11365,INC-11438,train,0
11366,INC-11439,train,1
11367,INC-11440,train,1
11368,INC-11441,train,0
11369,INC-11442,train,0
11370,INC-11443,train,0
11371,INC-11444,train,0
11372,INC-11445,train,0
11373,INC-11446,train,1
11374,INC-11447,train,0
11375,INC-11448,test,0
11376,INC-11449,train,0
11377,INC-11450,train,0
11378,INC-11451,train,0
11379,INC-11452,train,0
11380,INC-11453,train,1
11381,INC-11454,train,0
11382,INC-11455,train,0
11383,INC-11456,train,0
11384,INC-11457,test,0
11385,INC-11458,train,0
11386,INC-11459,train,1
11387,INC-11460,train,0
11388,INC-11461,train,1
11389,INC-11462,train,0
11390,INC-11463,train,1
11391,INC-11464,train,1
11392,INC-11465,train,0
11393,INC-11466,train,0
11394,INC-11467,train,0
11395,INC-11468,train,0
11396,INC-11469,train,0
11397,INC-11470,test,1
11398,INC-11471,train,0
11399,INC-11472,train,1
11400,INC-11473,train,0
11401,INC-11474,train,0
11402,INC-11475,test,0
11403,INC-11476,test,0
11404,INC-11477,test,0
11405,INC-11478,train,0
11406,INC-11479,train,0
11407,INC-11480,train,0
11408,INC-11481,train,1
11409,INC-11482,test,0
11410,INC-11483,train,1
11411,INC-11484,test,0
11412,INC-11485,test,0
11413,INC-11486,train,1
11414,INC-11487,test,0
11415,INC-11488,test,1
11416,INC-11489,train,0
11417,INC-11490,train,0
11418,INC-11491,train,1
11419,INC-11492,train,0
11420,INC-11493,test,1
11421,INC-11494,train,0
11422,INC-11495,train,0
11423,INC-11496,train,1
11424,INC-11497,test,0
11425,INC-11498,train,1
11426,INC-11499,train,1
11427,INC-11500,train,0
11428,INC-11501,train,0
11429,INC-11502,test,0
11430,INC-11503,train,0
11431,INC-11504,train,0
11432,INC-11505,train,0
11433,INC-11506,train,0
11434,INC-11507,train,0
11435,INC-11508,train,0
11436,INC-11509,train,0
11437,INC-11510,train,1
11438,INC-11511,test,0
11439,INC-11512,train,1
11440,INC-11513,train,0
11441,INC-11514,train,1
11442,INC-11515,test,1
11443,INC-11516,train,1
11444,INC-11517,train,0
11445,INC-11518,train,0
11446,INC-11519,train,1
11447,INC-11520,train,0
11448,INC-11521,train,0
11449,INC-11522,train,0
11450,INC-11524,train,0
11451,INC-11525,train,0
11452,INC-11526,train,0
11453,INC-11527,train,0
11454,INC-11528,train,1
11455,INC-11529,test,1
11456,INC-11530,train,0
11457,INC-11531,test,0
11458,INC-11532,train,0
11459,INC-11533,train,1
11460,INC-11534,test,0
11461,INC-11535,train,0
11462,INC-11536,train,0
11463,INC-11537,train,0
11464,INC-11538,train,1
11465,INC-11539,train,0
11466,INC-11540,test,0
11467,INC-11541,train,0
11468,INC-11542,train,0
11469,INC-11543,train,0
11470,INC-11544,test,0
11471,INC-11545,train,1
11472,INC-11546,test,0
11473,INC-11547,train,0
11474,INC-11548,train,0
11475,INC-11549,train,1
11476,INC-11550,train,1
11477,INC-11551,train,0
11478,INC-11552,train,0
11479,INC-11553,train,0
11480,INC-11555,train,1
11481,INC-11556,train,1
11482,INC-11557,train,0
11483,INC-11558,train,1
11484,INC-11559,train,0
11485,INC-11560,train,0
11486,INC-11561,train,0
11487,INC-11562,train,0
11488,INC-11563,train,0
11489,INC-11564,train,0
11490,INC-11565,train,0
11491,INC-11566,train,0
11492,INC-11567,train,0
11493,INC-11568,train,0
11494,INC-11569,train,0
11495,INC-11570,train,0
11496,INC-11571,train,1
11497,INC-11572,train,0
11498,INC-11573,train,0
11499,INC-11574,train,1
11500,INC-11575,train,0
11501,INC-11576,train,0
11502,INC-11577,train,1
11503,INC-11578,train,0
11504,INC-11579,train,0
11505,INC-11580,test,0
11506,INC-11581,train,1
11507,INC-11582,test,0
11508,INC-11583,train,1
11509,INC-11584,train,1
11510,INC-11585,train,0
11511,INC-11586,train,0
11512,INC-11587,train,0
11513,INC-11588,train,0
11514,INC-11589,test,0
11515,INC-11590,train,1
11516,INC-11591,train,0
11517,INC-11592,train,0
11518,INC-11593,train,0
11519,INC-11594,test,0
11520,INC-11595,test,1
11521,INC-11596,train,1
11522,INC-11597,train,0
11523,INC-11598,train,0
11524,INC-11599,train,0
11525,INC-11600,train,0
11526,INC-11601,train,1
11527,INC-11602,train,0
11528,INC-11603,train,0
11529,INC-11604,test,0
11530,INC-11605,train,0
11531,INC-11606,test,1
11532,INC-11607,train,0
11533,INC-11608,train,0
11534,INC-11609,train,1
11535,INC-11610,train,0
11536,INC-11611,train,1
11537,INC-11612,train,0
11538,INC-11613,train,0
11539,INC-11614,train,0
11540,INC-11615,train,1
11541,INC-11616,test,0
11542,INC-11617,train,1
11543,INC-11618,train,0
11544,INC-11619,test,0
11545,INC-11620,train,0
11546,INC-11621,train,0
11547,INC-11622,train,0
11548,INC-11623,test,0
11549,INC-11624,train,0
11550,INC-11625,train,0
11551,INC-11626,train,0
11552,INC-11627,train,0
11553,INC-11628,train,0
11554,INC-11629,train,1
11555,INC-11630,test,1
11556,INC-11631,train,0
11557,INC-11632,train,0
11558,INC-11633,train,0
11559,INC-11634,train,0
11560,INC-11635,train,0
11561,INC-11636,train,0
11562,INC-11637,train,0
11563,INC-11638,train,0
11564,INC-11639,train,0
11565,INC-11640,train,0
11566,INC-11641,test,0
11567,INC-11642,train,0
11568,INC-11643,test,0
11569,INC-11644,train,1
11570,INC-11645,train,1
11571,INC-11646,train,1
11572,INC-11647,train,0
11573,INC-11648,train,0
11574,INC-11649,train,1
11575,INC-11650,test,0
11576,INC-11651,test,0
11577,INC-11652,train,0
11578,INC-11653,train,1
11579,INC-11654,train,1
11580,INC-11655,train,0
11581,INC-11656,train,1
11582,INC-11657,train,1
11583,INC-11658,train,1
11584,INC-11659,train,0
11585,INC-11660,train,0
11586,INC-11661,train,0
11587,INC-11662,train,1
11588,INC-11663,train,1
11589,INC-11664,train,0
11590,INC-11665,train,1
11591,INC-11666,train,0
11592,INC-11667,train,0
11593,INC-11668,test,0
11594,INC-11669,train,0
11595,INC-11670,train,0
11596,INC-11671,test,0
11597,INC-11672,test,1
11598,INC-11673,train,1
11599,INC-11674,train,1
11600,INC-11675,train,0
11601,INC-11676,train,0
11602,INC-11677,test,1
11603,INC-11678,train,0
11604,INC-11679,test,0
11605,INC-11680,train,0
11606,INC-11681,train,0
11607,INC-11682,train,0
11608,INC-11683,train,0
11609,INC-11684,train,1
11610,INC-11685,train,0
11611,INC-11686,train,1
11612,INC-11687,test,0
11613,INC-11688,train,1
11614,INC-11689,train,0
11615,INC-11690,train,0
11616,INC-11691,test,0
11617,INC-11692,train,1
11618,INC-11693,train,1
11619,INC-11694,train,0
11620,INC-11695,train,0
11621,INC-11696,train,0
11622,INC-11697,train,1
11623,INC-11698,train,0
11624,INC-11699,train,0
11625,INC-11700,test,0
11626,INC-11701,train,0
11627,INC-11702,train,1
11628,INC-11703,test,1
11629,INC-11704,train,0
11630,INC-11705,train,0
11631,INC-11706,train,0
11632,INC-11708,test,0
11633,INC-11709,test,0
11634,INC-11710,train,1
11635,INC-11711,train,0
11636,INC-11712,train,1
11637,INC-11713,train,0
11638,INC-11714,test,0
11639,INC-11715,train,1
11640,INC-11716,train,0
11641,INC-11717,train,1
11642,INC-11718,test,0
11643,INC-11719,train,0
11644,INC-11720,train,1
11645,INC-11721,test,0
11646,INC-11722,train,0
11647,INC-11723,test,0
11648,INC-11724,train,0
11649,INC-11725,test,1
11650,INC-11726,train,1
11651,INC-11727,train,0
11652,INC-11728,train,0
11653,INC-11729,train,0
11654,INC-11730,train,1
11655,INC-11731,test,1
11656,INC-11732,train,0
11657,INC-11733,train,1
11658,INC-11734,train,0
11659,INC-11735,train,0
11660,INC-11736,test,0
11661,INC-11737,train,0
11662,INC-11738,train,0
11663,INC-11739,train,1
11664,INC-11740,train,0
11665,INC-11741,train,1
11666,INC-11742,train,1
11667,INC-11743,train,0
11668,INC-11744,train,1
11669,INC-11745,train,0
11670,INC-11746,train,0
11671,INC-11747,train,1
11672,INC-11748,test,0
11673,INC-11749,train,0
11674,INC-11750,train,1
11675,INC-11751,train,1
11676,INC-11752,train,0
11677,INC-11753,train,1
11678,INC-11754,test,0
11679,INC-11755,train,0
11680,INC-11756,train,0
11681,INC-11757,train,0
11682,INC-11758,test,0
11683,INC-11759,train,0
11684,INC-11760,train,0
11685,INC-11761,train,0
11686,INC-11762,train,1
11687,INC-11763,test,1
11688,INC-11764,train,0
11689,INC-11765,train,1
11690,INC-11766,train,0
11691,INC-11767,train,0
11692,INC-11768,train,0
11693,INC-11769,train,0
11694,INC-11770,train,1
11695,INC-11771,test,0
11696,INC-11772,test,0
11697,INC-11773,train,0
11698,INC-11774,train,0
11699,INC-11775,train,1
11700,INC-11776,test,0
11701,INC-11777,train,0
11702,INC-11778,train,0
11703,INC-11779,test,1
11704,INC-11780,train,0
11705,INC-11781,train,0
11706,INC-11782,train,0
11707,INC-11783,train,0
11708,INC-11784,train,0
11709,INC-11785,test,1
11710,INC-11786,train,0
11711,INC-11787,train,0
11712,INC-11788,train,1
11713,INC-11789,test,0
11714,INC-11790,test,0
11715,INC-11791,test,0
11716,INC-11792,train,0
11717,INC-11793,train,1
11718,INC-11794,train,1
11719,INC-11795,train,0
11720,INC-11796,train,0
11721,INC-11797,train,0
11722,INC-11798,train,0
11723,INC-11799,train,0
11724,INC-11800,train,0
11725,INC-11801,test,0
11726,INC-11802,train,0
11727,INC-11803,train,1
11728,INC-11804,train,0
11729,INC-11805,test,0
11730,INC-11806,train,0
11731,INC-11807,train,0
11732,INC-11808,test,0
11733,INC-11809,train,0
11734,INC-11810,train,0
11735,INC-11811,train,0
11736,INC-11812,test,0
11737,INC-11813,train,0
11738,INC-11814,train,0
11739,INC-11815,train,1
11740,INC-11816,test,1
11741,INC-11817,test,0
11742,INC-11818,train,0
11743,INC-11819,train,0
11744,INC-11820,train,0
11745,INC-11821,train,0
11746,INC-11822,train,1
11747,INC-11823,train,0
11748,INC-11824,train,0
11749,INC-11825,train,0
11750,INC-11826,train,0
11751,INC-11827,train,0
11752,INC-11828,train,0
11753,INC-11829,test,0
11754,INC-11830,train,0
11755,INC-11831,train,0
11756,INC-11832,train,0
11757,INC-11833,test,0
11758,INC-11834,train,0
11759,INC-11835,train,0
11760,INC-11836,train,0
11761,INC-11837,train,0
11762,INC-11838,train,1
11763,INC-11839,train,0
11764,INC-11840,train,0
11765,INC-11841,test,0
11766,INC-11842,train,1
11767,INC-11843,train,1
11768,INC-11844,train,0
11769,INC-11845,train,0
11770,INC-11846,train,0
11771,INC-11847,train,0
11772,INC-11848,train,0
11773,INC-11849,train,1
11774,INC-11850,train,0
11775,INC-11851,test,1
11776,INC-11852,train,0
11777,INC-11853,train,1
11778,INC-11854,train,0
11779,INC-11855,train,0
11780,INC-11856,train,0
11781,INC-11857,train,1
11782,INC-11858,test,0
11783,INC-11859,train,0
11784,INC-11860,train,0
11785,INC-11861,train,1
11786,INC-11862,test,0
11787,INC-11863,train,1
11788,INC-11864,train,1
11789,INC-11865,train,0
11790,INC-11866,test,0
11791,INC-11867,train,0
11792,INC-11868,test,1
11793,INC-11869,train,0
11794,INC-11870,train,0
11795,INC-11871,test,0
11796,INC-11872,test,0
11797,INC-11873,train,0
11798,INC-11874,train,0
11799,INC-11875,train,0
11800,INC-11876,test,0
11801,INC-11877,train,1
11802,INC-11878,test,0
11803,INC-11879,train,0
11804,INC-11880,train,0
11805,INC-11881,train,1
11806,INC-11882,train,0
11807,INC-11883,train,0
11808,INC-11884,train,0
11809,INC-11885,train,1
11810,INC-11886,train,0
11811,INC-11887,train,0
11812,INC-11888,train,0
11813,INC-11889,train,0
11814,INC-11890,train,0
11815,INC-11891,train,0
11816,INC-11892,train,0
11817,INC-11893,train,1
11818,INC-11894,train,0
11819,INC-11895,train,0
11820,INC-11896,train,0
11821,INC-11897,train,0
11822,INC-11898,test,1
11823,INC-11899,test,0
11824,INC-11900,train,0
11825,INC-11901,train,0
11826,INC-11902,test,0
11827,INC-11903,train,0
11828,INC-11904,train,0
11829,INC-11905,train,0
11830,INC-11906,train,0
11831,INC-11907,train,0
11832,INC-11908,train,0
11833,INC-11909,train,0
11834,INC-11910,train,0
11835,INC-11911,train,0
11836,INC-11912,train,0
11837,INC-11913,train,0
11838,INC-11914,train,0
11839,INC-11915,train,0
11840,INC-11916,train,0
11841,INC-11917,train,1
11842,INC-11918,train,1
11843,INC-11919,train,0
11844,INC-11920,train,0
11845,INC-11921,test,1
11846,INC-11922,test,0
11847,INC-11923,test,0
11848,INC-11924,train,1
11849,INC-11925,train,0
11850,INC-11926,test,1
11851,INC-11927,train,0
11852,INC-11928,train,0
11853,INC-11929,train,0
11854,INC-11930,train,0
11855,INC-11931,train,0
11856,INC-11932,train,1
11857,INC-11933,train,0
11858,INC-11935,train,0
11859,INC-11936,train,0
11860,INC-11937,train,0
11861,INC-11939,test,0
11862,INC-11940,train,1
11863,INC-11941,train,1
11864,INC-11942,train,1
11865,INC-11943,train,0
11866,INC-11944,train,0
11867,INC-11945,train,0
11868,INC-11946,train,1
11869,INC-11947,train,0
11870,INC-11948,train,1
11871,INC-11949,train,0
11872,INC-11950,test,1
11873,INC-11951,train,0
11874,INC-11952,train,0
11875,INC-11953,train,0
11876,INC-11954,test,1
11877,INC-11955,train,0
11878,INC-11956,train,0
11879,INC-11957,train,0
11880,INC-11958,train,1
11881,INC-11959,train,0
11882,INC-11960,train,0
11883,INC-11961,test,1
11884,INC-11962,test,0
11885,INC-11963,train,0
11886,INC-11964,test,0
11887,INC-11965,test,0
11888,INC-11966,train,0
11889,INC-11967,train,1
11890,INC-11968,test,0
11891,INC-11969,train,0
11892,INC-11970,test,0
11893,INC-11971,train,0
11894,INC-11972,train,0
11895,INC-11973,train,0
11896,INC-11974,train,1
11897,INC-11975,train,0
11898,INC-11976,test,0
11899,INC-11977,train,1
11900,INC-11978,train,1
11901,INC-11979,train,0
11902,INC-11980,train,0
11903,INC-11981,test,0
11904,INC-11982,train,1
11905,INC-11983,train,0
11906,INC-11984,train,0
11907,INC-11985,train,0
11908,INC-11986,train,1
11909,INC-11987,train,0
11910,INC-11988,test,0
11911,INC-11989,train,1
11912,INC-11990,test,0
11913,INC-11991,train,0
11914,INC-11992,train,0
11915,INC-11993,train,0
11916,INC-11994,test,1
11917,INC-11995,train,0
11918,INC-11996,train,1
11919,INC-11997,train,0
11920,INC-11998,train,0
11921,INC-11999,test,0
11922,INC-12000,train,0
11923,INC-12001,test,1
11924,INC-12002,train,0
11925,INC-12003,train,0
11926,INC-12004,train,0
11927,INC-12005,train,0
11928,INC-12006,train,0
11929,INC-12007,test,0
11930,INC-12008,train,0
11931,INC-12009,train,0
11932,INC-12010,train,1
11933,INC-12011,train,0
11934,INC-12012,train,1
11935,INC-12013,train,0
11936,INC-12014,test,0
11937,INC-12015,test,1
11938,INC-12016,train,0
11939,INC-12017,train,0
11940,INC-12018,train,0
11941,INC-12019,train,0
11942,INC-12020,train,0
11943,INC-12021,train,0
11944,INC-12022,train,0
11945,INC-12023,train,0
11946,INC-12024,train,0
11947,INC-12025,train,0
11948,INC-12026,train,1
11949,INC-12027,test,1
11950,INC-12028,train,1
11951,INC-12029,train,0
11952,INC-12030,train,1
11953,INC-12031,train,0
11954,INC-12032,train,1
11955,INC-12033,train,0
11956,INC-12034,train,0
11957,INC-12035,train,1
11958,INC-12036,train,0
11959,INC-12037,train,0
11960,INC-12038,test,0
11961,INC-12039,test,0
11962,INC-12040,train,0
11963,INC-12041,train,1
11964,INC-12042,train,0
11965,INC-12043,test,0
11966,INC-12044,train,0
11967,INC-12045,train,0
11968,INC-12046,train,0
11969,INC-12047,train,0
11970,INC-12048,train,1
11971,INC-12049,train,0
11972,INC-12050,train,0
11973,INC-12051,train,0
11974,INC-12052,train,0
11975,INC-12053,train,1
11976,INC-12054,train,0
11977,INC-12055,train,0
11978,INC-12056,train,0
11979,INC-12057,test,0
11980,INC-12058,train,0
11981,INC-12059,train,0
11982,INC-12060,train,0
11983,INC-12061,train,1
11984,INC-12062,train,0
11985,INC-12063,train,0
11986,INC-12064,train,0
11987,INC-12065,train,0
11988,INC-12066,train,0
11989,INC-12067,train,0
11990,INC-12068,train,1
11991,INC-12069,train,0
11992,INC-12070,train,0
11993,INC-12071,test,0
11994,INC-12072,train,0
11995,INC-12073,test,0
11996,INC-12074,train,0
11997,INC-12075,train,0
11998,INC-12076,train,0
11999,INC-12077,train,0
12000,INC-12078,train,0
12001,INC-12079,train,0
12002,INC-12080,train,0
12003,INC-12081,train,0
12004,INC-12082,train,0
12005,INC-12083,train,1
12006,INC-12084,train,0
12007,INC-12085,train,0
12008,INC-12086,train,0
12009,INC-12087,train,0
12010,INC-12088,train,0
12011,INC-12089,train,0
12012,INC-12090,train,0
12013,INC-12091,test,0
12014,INC-12092,train,1
12015,INC-12093,train,0
12016,INC-12094,train,0
12017,INC-12095,train,0
12018,INC-12096,train,0
12019,INC-12097,train,0
12020,INC-12098,train,0
12021,INC-12099,train,0
12022,INC-12100,train,1
12023,INC-12101,train,1
12024,INC-12102,train,1
12025,INC-12103,train,0
12026,INC-12104,train,0
12027,INC-12105,test,1
12028,INC-12106,train,0
12029,INC-12107,train,1
12030,INC-12108,train,0
12031,INC-12109,test,0
12032,INC-12110,train,0
12033,INC-12111,train,0
12034,INC-12112,train,1
12035,INC-12113,train,0
12036,INC-12114,test,1
12037,INC-12115,train,1
12038,INC-12116,train,0
12039,INC-12117,test,0
12040,INC-12118,train,0
12041,INC-12119,train,1
12042,INC-12120,train,0
12043,INC-12121,train,0
12044,INC-12122,test,0
12045,INC-12123,test,1
12046,INC-12124,train,1
12047,INC-12125,train,1
12048,INC-12126,test,0
12049,INC-12127,test,0
12050,INC-12128,train,0
12051,INC-12129,test,1
12052,INC-12130,train,1
12053,INC-12131,train,0
12054,INC-12132,train,0
12055,INC-12133,train,0
12056,INC-12134,train,1
12057,INC-12135,train,1
12058,INC-12136,train,1
12059,INC-12137,train,0
12060,INC-12138,train,0
12061,INC-12139,test,0
12062,INC-12140,test,0
12063,INC-12141,train,1
12064,INC-12142,train,1
12065,INC-12143,train,0
12066,INC-12144,train,0
12067,INC-12145,train,0
12068,INC-12146,train,0
12069,INC-12147,test,0
12070,INC-12148,train,0
12071,INC-12149,train,0
12072,INC-12150,train,0
12073,INC-12151,test,0
12074,INC-12152,train,0
12075,INC-12153,test,1
12076,INC-12154,train,0
12077,INC-12155,test,0
12078,INC-12156,train,1
12079,INC-12157,train,0
12080,INC-12158,train,0
12081,INC-12159,test,0
12082,INC-12160,train,1
12083,INC-12161,train,0
12084,INC-12162,test,0
12085,INC-12163,train,0
12086,INC-12164,train,0
12087,INC-12165,train,0
12088,INC-12166,train,0
12089,INC-12167,train,1
12090,INC-12168,train,1
12091,INC-12170,train,1
12092,INC-12171,train,0
12093,INC-12172,train,0
12094,INC-12173,train,0
12095,INC-12174,train,0
12096,INC-12175,test,0
12097,INC-12176,train,1
12098,INC-12177,test,0
12099,INC-12178,train,1
12100,INC-12179,train,0
12101,INC-12180,train,0
12102,INC-12181,test,0
12103,INC-12182,test,0
12104,INC-12183,train,0
12105,INC-12184,train,0
12106,INC-12185,train,0
12107,INC-12186,train,0
12108,INC-12187,train,0
12109,INC-12188,train,0
12110,INC-12189,train,1
12111,INC-12190,train,0
12112,INC-12191,test,1
12113,INC-12192,test,0
12114,INC-12193,train,0
12115,INC-12194,train,0
12116,INC-12195,train,0
12117,INC-12196,test,0
12118,INC-12197,train,0
12119,INC-12198,train,1
12120,INC-12199,train,0
12121,INC-12200,train,0
12122,INC-12201,train,0
12123,INC-12202,train,0
12124,INC-12203,train,1
12125,INC-12204,test,0
12126,INC-12205,train,0
12127,INC-12206,test,0
12128,INC-12207,test,0
12129,INC-12208,train,0
12130,INC-12209,train,0
12131,INC-12210,test,1
12132,INC-12211,train,0
12133,INC-12212,train,1
12134,INC-12213,train,0
12135,INC-12214,train,1
12136,INC-12215,train,0
12137,INC-12216,train,0
12138,INC-12217,train,0
12139,INC-12218,train,0
12140,INC-12219,train,0
12141,INC-12220,train,0
12142,INC-12221,train,0
12143,INC-12222,train,0
12144,INC-12223,test,0
12145,INC-12224,test,1
12146,INC-12225,train,0
12147,INC-12226,train,0
12148,INC-12227,train,0
12149,INC-12228,test,0
12150,INC-12229,train,1
12151,INC-12230,train,1
12152,INC-12231,train,0
12153,INC-12232,train,0
12154,INC-12233,test,0
12155,INC-12234,train,0
12156,INC-12235,test,0
12157,INC-12236,train,1
12158,INC-12237,train,0
12159,INC-12238,train,0
12160,INC-12239,train,0
12161,INC-12240,train,0
12162,INC-12241,train,0
12163,INC-12242,train,1
12164,INC-12243,train,0
12165,INC-12244,test,0
12166,INC-12245,train,0
12167,INC-12246,train,1
12168,INC-12247,train,0
12169,INC-12248,train,0
12170,INC-12249,train,0
12171,INC-12250,train,1
12172,INC-12251,train,0
12173,INC-12252,train,0
12174,INC-12253,train,0
12175,INC-12254,train,0
12176,INC-12255,test,0
12177,INC-12256,train,0
12178,INC-12257,test,0
12179,INC-12258,train,0
12180,INC-12259,train,1
12181,INC-12260,test,1
12182,INC-12261,train,0
12183,INC-12262,train,0
12184,INC-12263,test,0
12185,INC-12264,train,0
12186,INC-12265,test,0
12187,INC-12266,train,0
12188,INC-12267,train,0
12189,INC-12268,train,0
12190,INC-12269,test,0
12191,INC-12270,train,1
12192,INC-12271,test,1
12193,INC-12272,test,0
12194,INC-12273,test,1
12195,INC-12274,train,0
12196,INC-12275,train,1
12197,INC-12276,train,0
12198,INC-12277,train,0
12199,INC-12278,train,0
12200,INC-12279,train,0
12201,INC-12280,train,0
12202,INC-12281,train,0
12203,INC-12282,train,0
12204,INC-12283,train,0
12205,INC-12284,train,0
12206,INC-12285,test,1
12207,INC-12286,train,0
12208,INC-12287,train,0
12209,INC-12288,train,0
12210,INC-12289,train,0
12211,INC-12290,train,1
12212,INC-12291,train,0
12213,INC-12292,train,1
12214,INC-12293,train,1
12215,INC-12294,train,0
12216,INC-12295,train,0
12217,INC-12296,train,0
12218,INC-12297,train,0
12219,INC-12298,train,0
12220,INC-12299,train,0
12221,INC-12300,train,0
12222,INC-12301,test,0
12223,INC-12302,test,0
12224,INC-12303,train,0
12225,INC-12304,train,0
12226,INC-12305,train,0
12227,INC-12306,train,1
12228,INC-12307,train,1
12229,INC-12308,train,0
12230,INC-12309,train,1
12231,INC-12310,test,0
12232,INC-12311,train,1
12233,INC-12312,train,0
12234,INC-12313,train,0
12235,INC-12314,train,0
12236,INC-12315,train,0
12237,INC-12316,train,0
12238,INC-12317,train,0
12239,INC-12318,train,0
12240,INC-12319,train,0
12241,INC-12320,train,1
12242,INC-12321,train,0
12243,INC-12322,train,0
12244,INC-12323,train,0
12245,INC-12324,train,0
12246,INC-12325,train,0
12247,INC-12326,train,1
12248,INC-12327,train,0
12249,INC-12328,test,0
12250,INC-12329,train,0
12251,INC-12330,test,0
12252,INC-12331,train,0
12253,INC-12332,train,0
12254,INC-12333,train,0
12255,INC-12334,train,0
12256,INC-12335,train,1
12257,INC-12336,train,0
12258,INC-12337,train,1
12259,INC-12338,train,0
12260,INC-12339,train,0
12261,INC-12340,train,0
12262,INC-12341,train,0
12263,INC-12342,test,0
12264,INC-12343,train,0
12265,INC-12344,train,1
12266,INC-12345,test,0
12267,INC-12346,test,0
12268,INC-12347,test,0
12269,INC-12348,train,0
12270,INC-12349,train,0
12271,INC-12350,train,1
12272,INC-12351,train,0
12273,INC-12352,train,0
12274,INC-12353,train,0
12275,INC-12354,train,0
12276,INC-12355,train,0
12277,INC-12356,train,1
12278,INC-12357,test,0
12279,INC-12358,test,0
12280,INC-12359,train,0
12281,INC-12360,train,0
12282,INC-12361,train,0
12283,INC-12362,test,0
12284,INC-12363,test,1
12285,INC-12364,test,0
12286,INC-12365,test,0
12287,INC-12366,test,0
12288,INC-12367,train,1
12289,INC-12368,train,0
12290,INC-12369,train,0
12291,INC-12370,train,1
12292,INC-12371,train,0
12293,INC-12372,train,1
12294,INC-12373,test,0
12295,INC-12374,train,1
12296,INC-12375,train,0
12297,INC-12376,train,0
12298,INC-12377,train,0
12299,INC-12378,train,0
12300,INC-12379,train,1
12301,INC-12380,train,0
12302,INC-12381,train,1
12303,INC-12382,test,1
12304,INC-12383,train,1
12305,INC-12384,train,0
12306,INC-12385,test,1
12307,INC-12386,train,1
12308,INC-12387,train,1
12309,INC-12388,test,0
12310,INC-12389,train,1
12311,INC-12390,test,0
12312,INC-12391,train,0
12313,INC-12392,train,1
12314,INC-12393,train,1
12315,INC-12394,train,1
12316,INC-12395,test,0
12317,INC-12396,test,0
12318,INC-12397,test,0
12319,INC-12398,test,0
12320,INC-12399,train,0
12321,INC-12400,train,0
12322,INC-12401,test,1
12323,INC-12402,train,1
12324,INC-12403,train,0
12325,INC-12404,train,0
12326,INC-12405,train,1
12327,INC-12406,train,0
12328,INC-12407,train,0
12329,INC-12408,train,0
12330,INC-12409,train,0
12331,INC-12410,train,0
12332,INC-12411,train,0
12333,INC-12412,train,0
12334,INC-12413,train,0
12335,INC-12414,train,1
12336,INC-12415,train,0
12337,INC-12416,train,0
12338,INC-12417,test,1
12339,INC-12418,train,1
12340,INC-12419,test,0
12341,INC-12420,test,0
12342,INC-12421,train,0
12343,INC-12422,train,1
12344,INC-12423,train,0
12345,INC-12424,test,0
12346,INC-12425,test,0
12347,INC-12426,train,0
12348,INC-12427,train,0
12349,INC-12428,train,0
12350,INC-12429,test,1
12351,INC-12430,test,0
12352,INC-12431,test,1
12353,INC-12432,train,1
12354,INC-12433,train,0
12355,INC-12434,test,1
12356,INC-12435,train,1
12357,INC-12436,train,0
12358,INC-12437,test,0
12359,INC-12438,train,0
12360,INC-12439,train,1
12361,INC-12440,train,0
12362,INC-12441,train,0
12363,INC-12442,train,0
12364,INC-12443,train,0
12365,INC-12444,train,0
12366,INC-12445,train,0
12367,INC-12446,test,0
12368,INC-12447,train,1
12369,INC-12448,train,0
12370,INC-12449,train,1
12371,INC-12450,train,0
12372,INC-12451,train,0
12373,INC-12452,train,1
12374,INC-12453,train,1
12375,INC-12454,train,0
12376,INC-12455,test,0
12377,INC-12456,train,1
12378,INC-12457,test,1
12379,INC-12458,train,0
12380,INC-12459,test,1
12381,INC-12460,test,0
12382,INC-12461,test,0
12383,INC-12462,test,0
12384,INC-12463,train,0
12385,INC-12464,train,0
12386,INC-12465,train,0
12387,INC-12466,train,0
12388,INC-12467,test,0
12389,INC-12468,train,1
12390,INC-12469,train,0
12391,INC-12470,train,0
12392,INC-12471,test,0
12393,INC-12472,train,0
12394,INC-12473,train,0
12395,INC-12474,train,0
12396,INC-12475,test,0
12397,INC-12476,train,0
12398,INC-12477,train,0
12399,INC-12478,train,0
12400,INC-12479,train,0
12401,INC-12480,train,0
12402,INC-12481,train,0
12403,INC-12482,train,0
12404,INC-12483,test,0
12405,INC-12484,train,0
12406,INC-12485,train,0
12407,INC-12486,train,0
12408,INC-12487,test,0
12409,INC-12488,train,1
12410,INC-12489,train,0
12411,INC-12490,test,0
12412,INC-12491,train,0
12413,INC-12492,test,0
12414,INC-12493,test,0
12415,INC-12494,train,0
12416,INC-12495,train,0
12417,INC-12496,train,0
12418,INC-12497,train,0
12419,INC-12498,train,0
12420,INC-12499,train,1
12421,INC-12500,train,0
12422,INC-12501,train,0
12423,INC-12502,train,1
12424,INC-12503,train,1
12425,INC-12504,train,0
12426,INC-12505,train,0
12427,INC-12506,train,0
12428,INC-12507,train,0
12429,INC-12508,train,1
12430,INC-12509,test,0
12431,INC-12510,train,0
12432,INC-12511,train,0
12433,INC-12512,train,0
12434,INC-12513,test,0
12435,INC-12514,train,0
12436,INC-12515,train,0
12437,INC-12516,train,1
12438,INC-12517,train,0
12439,INC-12518,train,1
12440,INC-12519,test,0
12441,INC-12520,train,0
12442,INC-12521,test,0
12443,INC-12522,test,0
12444,INC-12523,test,0
12445,INC-12524,train,0
12446,INC-12525,test,1
12447,INC-12526,train,0
12448,INC-12527,train,0
12449,INC-12528,train,0
12450,INC-12529,test,1
12451,INC-12530,train,1
12452,INC-12531,test,1
12453,INC-12532,test,1
12454,INC-12533,train,0
12455,INC-12534,train,0
12456,INC-12535,train,0
12457,INC-12536,train,0
12458,INC-12537,train,0
12459,INC-12538,test,0
12460,INC-12539,train,0
12461,INC-12540,train,1
12462,INC-12541,train,0
12463,INC-12542,train,0
12464,INC-12543,train,0
12465,INC-12544,test,0
12466,INC-12545,train,0
12467,INC-12546,train,1
12468,INC-12547,train,0
12469,INC-12548,train,0
12470,INC-12549,test,1
12471,INC-12550,train,1
12472,INC-12551,test,0
12473,INC-12552,train,1
12474,INC-12553,test,1
12475,INC-12554,train,0
12476,INC-12555,train,0
12477,INC-12556,train,1
12478,INC-12557,train,1
12479,INC-12558,train,0
12480,INC-12559,train,0
12481,INC-12560,train,0
12482,INC-12561,train,1
12483,INC-12562,train,0
12484,INC-12563,train,0
12485,INC-12564,train,1
12486,INC-12565,test,1
12487,INC-12566,test,0
12488,INC-12567,train,0
12489,INC-12568,train,0
12490,INC-12569,train,1
12491,INC-12570,train,0
12492,INC-12571,train,0
12493,INC-12572,train,1
12494,INC-12573,train,0
12495,INC-12574,train,0
12496,INC-12575,train,0
12497,INC-12576,train,0
12498,INC-12577,train,1
12499,INC-12578,train,1
12500,INC-12579,train,0
12501,INC-12580,train,0
12502,INC-12581,train,0
12503,INC-12582,train,1
12504,INC-12583,train,1
12505,INC-12584,train,0
12506,INC-12585,train,1
12507,INC-12586,train,0
12508,INC-12587,train,0
12509,INC-12588,train,0
12510,INC-12589,train,0
12511,INC-12590,test,1
12512,INC-12591,train,1
12513,INC-12592,train,0
12514,INC-12593,train,0
12515,INC-12594,train,1
12516,INC-12595,train,1
12517,INC-12596,train,0
12518,INC-12597,train,0
12519,INC-12598,train,1
12520,INC-12599,train,0
12521,INC-12600,train,0
12522,INC-12601,train,0
12523,INC-12602,train,0
12524,INC-12603,train,0
12525,INC-12604,train,0
12526,INC-12605,train,0
12527,INC-12606,train,0
12528,INC-12607,train,0
12529,INC-12608,train,0
12530,INC-12609,train,0
12531,INC-12610,train,0
12532,INC-12611,train,1
12533,INC-12612,test,0
12534,INC-12613,train,0
12535,INC-12614,train,0
12536,INC-12615,train,0
12537,INC-12616,train,1
12538,INC-12617,train,0
12539,INC-12618,test,0
12540,INC-12619,test,0
12541,INC-12620,train,0
12542,INC-12621,train,0
12543,INC-12622,train,1
12544,INC-12623,train,0
12545,INC-12624,train,0
12546,INC-12625,train,1
12547,INC-12626,train,0
12548,INC-12627,train,0
12549,INC-12628,train,0
12550,INC-12629,train,1
12551,INC-12630,train,0
12552,INC-12631,train,1
12553,INC-12632,train,0
12554,INC-12633,train,0
12555,INC-12634,train,0
12556,INC-12635,train,0
12557,INC-12636,train,0
12558,INC-12637,train,0
12559,INC-12638,train,0
12560,INC-12639,train,0
12561,INC-12640,train,0
12562,INC-12641,train,0
12563,INC-12642,test,1
12564,INC-12643,train,0
12565,INC-12644,train,0
12566,INC-12645,train,0
12567,INC-12646,train,1
12568,INC-12647,train,0
12569,INC-12648,train,0
12570,INC-12649,train,0
12571,INC-12650,test,0
12572,INC-12651,test,1
12573,INC-12652,train,0
12574,INC-12653,train,0
12575,INC-12654,train,0
12576,INC-12655,train,0
12577,INC-12656,train,0
12578,INC-12657,train,0
12579,INC-12658,train,0
12580,INC-12659,train,0
12581,INC-12660,train,0
12582,INC-12661,train,0
12583,INC-12662,test,0
12584,INC-12663,train,0
12585,INC-12664,train,1
12586,INC-12665,test,0
12587,INC-12666,train,0
12588,INC-12667,test,1
12589,INC-12668,train,0
12590,INC-12669,test,1
12591,INC-12670,train,0
12592,INC-12671,train,0
12593,INC-12672,train,0
12594,INC-12673,train,0
12595,INC-12674,train,0
12596,INC-12675,train,1
12597,INC-12676,train,0
12598,INC-12677,train,1
12599,INC-12678,train,0
12600,INC-12679,train,0
12601,INC-12680,test,0
12602,INC-12681,train,0
12603,INC-12682,train,1
12604,INC-12683,test,0
12605,INC-12684,train,0
12606,INC-12685,train,0
12607,INC-12686,test,0
12608,INC-12687,train,0
12609,INC-12688,train,0
12610,INC-12689,test,0
12611,INC-12690,train,0
12612,INC-12691,test,1
12613,INC-12692,train,1
12614,INC-12693,test,0
12615,INC-12694,train,0
12616,INC-12695,train,0
12617,INC-12696,train,0
12618,INC-12697,test,0
12619,INC-12699,train,0
12620,INC-12700,test,0
12621,INC-12701,train,0
12622,INC-12702,train,0
12623,INC-12703,train,0
12624,INC-12704,train,0
12625,INC-12705,test,1
12626,INC-12706,train,0
12627,INC-12707,train,0
12628,INC-12708,train,0
12629,INC-12709,test,0
12630,INC-12710,test,0
12631,INC-12711,train,0
12632,INC-12712,train,1
12633,INC-12713,train,0
12634,INC-12714,train,0
12635,INC-12715,train,1
12636,INC-12716,test,1
12637,INC-12717,test,0
12638,INC-12718,train,0
12639,INC-12719,train,0
12640,INC-12720,train,0
12641,INC-12721,train,1
12642,INC-12722,train,0
12643,INC-12723,train,0
12644,INC-12724,test,0
12645,INC-12725,train,1
12646,INC-12726,train,1
12647,INC-12727,train,0
12648,INC-12728,train,0
12649,INC-12729,test,0
12650,INC-12730,train,0
12651,INC-12731,train,0
12652,INC-12732,train,0
12653,INC-12733,train,1
12654,INC-12734,train,0
12655,INC-12735,train,0
12656,INC-12736,train,0
12657,INC-12737,train,0
12658,INC-12738,train,0
12659,INC-12739,train,0
12660,INC-12740,train,0
12661,INC-12741,train,0
12662,INC-12742,train,1
12663,INC-12743,train,1
12664,INC-12744,train,0
12665,INC-12745,test,0
12666,INC-12746,train,0
12667,INC-12747,train,0
12668,INC-12748,train,1
12669,INC-12749,train,0
12670,INC-12750,train,0
12671,INC-12751,train,0
12672,INC-12752,train,0
12673,INC-12753,test,1
12674,INC-12754,train,0
12675,INC-12755,test,0
12676,INC-12756,train,1
12677,INC-12757,train,0
12678,INC-12758,train,0
12679,INC-12759,train,0
12680,INC-12760,train,0
12681,INC-12761,train,0
12682,INC-12762,train,0
12683,INC-12763,train,1
12684,INC-12764,train,0
12685,INC-12765,train,0
12686,INC-12766,test,1
12687,INC-12767,train,0
12688,INC-12768,train,0
12689,INC-12769,train,0
12690,INC-12770,train,0
12691,INC-12771,train,0
12692,INC-12772,train,0
12693,INC-12773,test,0
12694,INC-12774,train,1
12695,INC-12775,train,0
12696,INC-12776,train,0
12697,INC-12777,test,1
12698,INC-12778,test,0
12699,INC-12779,train,0
12700,INC-12780,train,0
12701,INC-12781,train,0
12702,INC-12782,train,0
12703,INC-12783,test,0
12704,INC-12784,train,0
12705,INC-12785,train,0
12706,INC-12786,train,0
12707,INC-12787,test,0
12708,INC-12788,train,0
12709,INC-12789,train,0
12710,INC-12790,train,0
12711,INC-12791,train,0
12712,INC-12792,train,0
12713,INC-12793,train,0
12714,INC-12794,train,1
12715,INC-12795,train,0
12716,INC-12796,train,0
12717,INC-12797,train,0
12718,INC-12798,train,0
12719,INC-12799,train,0
12720,INC-12800,train,0
12721,INC-12801,train,1
12722,INC-12802,train,0
12723,INC-12803,train,0
12724,INC-12804,test,0
12725,INC-12805,train,0
12726,INC-12806,train,0
12727,INC-12807,train,0
12728,INC-12808,train,0
12729,INC-12809,train,0
12730,INC-12810,train,1
12731,INC-12811,train,1
12732,INC-12812,train,0
12733,INC-12813,train,0
12734,INC-12814,test,0
12735,INC-12815,train,0
12736,INC-12816,train,0
12737,INC-12817,test,0
12738,INC-12818,train,1
12739,INC-12819,train,0
12740,INC-12820,test,0
12741,INC-12821,train,0
12742,INC-12822,test,0
12743,INC-12823,train,0
12744,INC-12824,test,1
12745,INC-12825,train,1
12746,INC-12826,train,0
12747,INC-12827,test,0
12748,INC-12828,train,0
12749,INC-12829,test,0
12750,INC-12830,train,0
12751,INC-12831,test,0
12752,INC-12832,train,0
12753,INC-12833,test,1
12754,INC-12834,train,0
12755,INC-12835,train,0
12756,INC-12836,train,1
12757,INC-12837,train,0
12758,INC-12838,train,0
12759,INC-12839,train,1
12760,INC-12840,train,0
12761,INC-12841,train,0
12762,INC-12842,test,0
12763,INC-12843,train,0
12764,INC-12844,train,0
12765,INC-12845,train,0
12766,INC-12846,train,1
12767,INC-12847,train,0
12768,INC-12848,train,1
12769,INC-12849,train,0
12770,INC-12850,train,1
12771,INC-12851,train,1
12772,INC-12852,train,0
12773,INC-12853,test,0
12774,INC-12854,train,0
12775,INC-12855,train,0
12776,INC-12856,train,0
12777,INC-12857,test,1
12778,INC-12858,test,0
12779,INC-12859,train,0
12780,INC-12860,test,0
12781,INC-12861,test,0
12782,INC-12862,train,1
12783,INC-12863,train,0
12784,INC-12864,train,0
12785,INC-12865,train,0
12786,INC-12866,test,0
12787,INC-12867,train,0
12788,INC-12868,train,1
12789,INC-12869,test,1
12790,INC-12870,train,1
12791,INC-12871,test,0
12792,INC-12872,train,0
12793,INC-12873,train,0
12794,INC-12874,test,0
12795,INC-12875,train,0
12796,INC-12876,train,0
12797,INC-12877,train,0
12798,INC-12878,train,0
12799,INC-12879,train,0
12800,INC-12880,train,0
12801,INC-12881,train,1
12802,INC-12882,train,1
12803,INC-12883,train,0
12804,INC-12884,train,1
12805,INC-12885,train,0
12806,INC-12886,train,1
12807,INC-12887,train,0
12808,INC-12888,train,0
12809,INC-12889,train,0
12810,INC-12890,train,0
12811,INC-12891,train,0
12812,INC-12892,test,1
12813,INC-12893,train,1
12814,INC-12894,train,1
12815,INC-12895,train,0
12816,INC-12896,test,0
12817,INC-12897,train,0
12818,INC-12898,test,1
12819,INC-12899,train,0
12820,INC-12900,train,0
12821,INC-12901,train,1
12822,INC-12902,train,1
12823,INC-12903,train,0
12824,INC-12904,train,0
12825,INC-12905,train,0
12826,INC-12906,test,0
12827,INC-12907,train,0
12828,INC-12908,train,0
12829,INC-12909,test,1
12830,INC-12910,train,0
12831,INC-12911,test,0
12832,INC-12912,train,1
12833,INC-12913,test,0
12834,INC-12914,train,0
12835,INC-12915,test,0
12836,INC-12916,train,0
12837,INC-12917,test,0
12838,INC-12918,train,0
12839,INC-12919,train,1
12840,INC-12920,test,0
12841,INC-12921,train,0
12842,INC-12922,train,0
12843,INC-12923,train,0
12844,INC-12924,train,1
12845,INC-12925,test,1
12846,INC-12926,train,0
12847,INC-12927,train,0
12848,INC-12928,test,0
12849,INC-12929,train,1
12850,INC-12930,train,0
12851,INC-12931,train,1
12852,INC-12932,train,0
12853,INC-12933,test,0
12854,INC-12934,train,1
12855,INC-12935,train,1
12856,INC-12936,train,0
12857,INC-12937,test,0
12858,INC-12938,train,0
12859,INC-12939,test,1
12860,INC-12940,train,0
12861,INC-12941,test,0
12862,INC-12942,train,0
12863,INC-12943,train,0
12864,INC-12944,train,0
12865,INC-12945,train,0
12866,INC-12946,train,0
12867,INC-12947,train,0
12868,INC-12948,train,0
12869,INC-12949,train,0
12870,INC-12950,train,0
12871,INC-12951,train,0
12872,INC-12952,train,0
12873,INC-12953,test,1
12874,INC-12954,train,0
12875,INC-12955,train,1
12876,INC-12956,train,0
12877,INC-12957,train,0
12878,INC-12958,train,1
12879,INC-12959,test,0
12880,INC-12960,test,0
12881,INC-12961,train,0
12882,INC-12962,train,0
12883,INC-12963,test,1
12884,INC-12964,train,0
12885,INC-12965,train,0
12886,INC-12966,train,0
12887,INC-12967,train,0
12888,INC-12968,test,0
12889,INC-12969,train,1
12890,INC-12970,train,0
12891,INC-12971,train,0
12892,INC-12972,test,0
12893,INC-12973,train,1
12894,INC-12974,train,0
12895,INC-12975,train,1
12896,INC-12976,train,0
12897,INC-12977,train,0
12898,INC-12978,train,1
12899,INC-12979,test,1
12900,INC-12980,train,0
12901,INC-12981,test,0
12902,INC-12982,test,0
12903,INC-12983,train,1
12904,INC-12984,train,0
12905,INC-12985,train,0
12906,INC-12986,train,0
12907,INC-12987,train,1
12908,INC-12988,train,1
12909,INC-12989,test,1
12910,INC-12990,train,1
12911,INC-12991,train,1
12912,INC-12992,train,0
12913,INC-12993,test,0
12914,INC-12994,train,0
12915,INC-12995,train,1
12916,INC-12996,train,0
12917,INC-12997,train,0
12918,INC-12998,train,0
12919,INC-12999,train,0
12920,INC-13000,train,1
12921,INC-13001,train,1
12922,INC-13002,train,0
12923,INC-13003,train,0
12924,INC-13004,train,1
12925,INC-13005,train,1
12926,INC-13006,train,0
12927,INC-13007,train,0
12928,INC-13008,train,0
12929,INC-13009,train,1
12930,INC-13010,train,0
12931,INC-13011,train,0
12932,INC-13012,train,0
12933,INC-13013,train,0
12934,INC-13014,test,0
12935,INC-13015,train,0
12936,INC-13016,train,1
12937,INC-13017,train,0
12938,INC-13018,test,0
12939,INC-13019,test,0
12940,INC-13020,train,0
12941,INC-13021,train,0
12942,INC-13022,train,0
12943,INC-13023,train,1
12944,INC-13024,test,1
12945,INC-13025,train,1
12946,INC-13026,train,0
12947,INC-13027,train,0
12948,INC-13028,train,0
12949,INC-13029,train,0
12950,INC-13030,test,0
12951,INC-13031,train,0
12952,INC-13032,train,0
12953,INC-13033,train,0
12954,INC-13034,train,0
12955,INC-13035,train,0
12956,INC-13036,train,0
12957,INC-13037,train,0
12958,INC-13038,train,0
12959,INC-13039,train,0
12960,INC-13040,train,0
12961,INC-13041,train,0
12962,INC-13042,test,0
12963,INC-13043,train,0
12964,INC-13044,train,1
12965,INC-13045,train,0
12966,INC-13046,train,0
12967,INC-13047,train,0
12968,INC-13048,train,1
12969,INC-13049,train,0
12970,INC-13050,train,0
12971,INC-13051,train,1
12972,INC-13052,train,1
12973,INC-13053,train,1
12974,INC-13054,train,1
12975,INC-13055,train,0
12976,INC-13056,train,0
12977,INC-13057,train,0
12978,INC-13058,test,0
12979,INC-13059,train,0
12980,INC-13060,train,0
12981,INC-13061,train,0
12982,INC-13062,train,1
12983,INC-13063,train,1
12984,INC-13064,train,1
12985,INC-13065,test,1
12986,INC-13066,train,0
12987,INC-13067,train,0
12988,INC-13068,test,0
12989,INC-13069,train,0
12990,INC-13070,test,1
12991,INC-13071,train,0
12992,INC-13072,train,1
12993,INC-13073,train,0
12994,INC-13074,train,0
12995,INC-13075,train,0
12996,INC-13076,train,0
12997,INC-13077,train,0
12998,INC-13078,train,1
12999,INC-13079,train,1
13000,INC-13080,test,1
13001,INC-13081,train,0
13002,INC-13082,train,0
13003,INC-13083,train,1
13004,INC-13084,train,0
13005,INC-13085,test,0
13006,INC-13086,train,0
13007,INC-13087,train,1
13008,INC-13088,train,0
13009,INC-13089,train,0
13010,INC-13090,test,0
13011,INC-13091,test,0
13012,INC-13092,test,1
13013,INC-13093,test,0
13014,INC-13094,train,1
13015,INC-13095,train,0
13016,INC-13096,train,0
13017,INC-13097,train,0
13018,INC-13098,test,0
13019,INC-13099,train,0
13020,INC-13100,train,1
13021,INC-13101,train,0
13022,INC-13102,train,0
13023,INC-13103,test,1
13024,INC-13104,train,0
13025,INC-13105,train,0
13026,INC-13106,train,0
13027,INC-13107,train,0
13028,INC-13108,test,0
13029,INC-13109,train,0
13030,INC-13110,train,0
13031,INC-13111,train,0
13032,INC-13112,train,0
13033,INC-13113,test,0
13034,INC-13114,train,0
13035,INC-13115,train,0
13036,INC-13116,train,0
13037,INC-13117,test,0
13038,INC-13118,train,1
13039,INC-13119,train,1
13040,INC-13120,train,1
13041,INC-13121,test,0
13042,INC-13122,train,0
13043,INC-13123,test,0
13044,INC-13124,train,0
13045,INC-13125,train,0
13046,INC-13126,train,0
13047,INC-13127,train,0
13048,INC-13128,test,0
13049,INC-13129,train,0
13050,INC-13130,train,0
13051,INC-13131,train,0
13052,INC-13132,train,1
13053,INC-13133,train,0
13054,INC-13134,train,0
13055,INC-13135,train,0
13056,INC-13136,test,1
13057,INC-13137,train,0
13058,INC-13138,train,1
13059,INC-13139,test,0
13060,INC-13140,train,1
13061,INC-13141,train,0
13062,INC-13142,train,1
13063,INC-13143,train,0
13064,INC-13144,train,0
13065,INC-13145,train,0
13066,INC-13146,train,0
13067,INC-13147,train,0
13068,INC-13148,train,0
13069,INC-13149,train,0
13070,INC-13150,train,1
13071,INC-13151,train,0
13072,INC-13152,train,1
13073,INC-13153,train,0
13074,INC-13154,train,1
13075,INC-13155,train,0
13076,INC-13156,train,0
13077,INC-13157,train,1
13078,INC-13158,train,1
13079,INC-13159,train,0
13080,INC-13160,train,0
13081,INC-13161,test,0
13082,INC-13162,train,1
13083,INC-13163,train,0
13084,INC-13164,test,0
13085,INC-13165,train,0
13086,INC-13166,train,1
13087,INC-13167,train,0
13088,INC-13168,train,0
13089,INC-13169,train,0
13090,INC-13170,test,0
13091,INC-13171,train,0
13092,INC-13172,train,0
13093,INC-13173,train,1
13094,INC-13174,train,1
13095,INC-13175,train,0
13096,INC-13176,train,0
13097,INC-13177,train,0
13098,INC-13178,train,1
13099,INC-13179,train,1
13100,INC-13180,train,1
13101,INC-13181,train,0
13102,INC-13182,train,0
13103,INC-13183,train,1
13104,INC-13184,train,0
13105,INC-13185,test,1
13106,INC-13186,train,1
13107,INC-13187,train,0
13108,INC-13188,train,1
13109,INC-13189,train,0
13110,INC-13190,train,0
13111,INC-13191,train,0
13112,INC-13192,train,1
13113,INC-13193,train,0
13114,INC-13194,train,0
13115,INC-13195,train,1
13116,INC-13196,train,0
13117,INC-13197,test,0
13118,INC-13198,train,0
13119,INC-13199,test,0
13120,INC-13200,train,1
13121,INC-13201,train,0
13122,INC-13202,train,1
13123,INC-13203,train,0
13124,INC-13204,train,1
13125,INC-13205,train,1
13126,INC-13206,train,0
13127,INC-13207,train,0
13128,INC-13208,test,1
13129,INC-13209,train,1
13130,INC-13210,train,1
13131,INC-13211,train,0
13132,INC-13212,train,0
13133,INC-13213,train,1
13134,INC-13214,train,0
13135,INC-13215,train,1
13136,INC-13216,train,0
13137,INC-13217,train,1
13138,INC-13218,test,0
13139,INC-13219,train,0
13140,INC-13220,test,0
13141,INC-13221,train,1
13142,INC-13222,train,0
13143,INC-13223,train,0
13144,INC-13224,train,0
13145,INC-13225,train,0
13146,INC-13226,train,1
13147,INC-13227,train,0
13148,INC-13228,train,0
13149,INC-13229,train,1
13150,INC-13230,train,1
13151,INC-13231,train,0
13152,INC-13232,train,0
13153,INC-13233,train,0
13154,INC-13234,train,0
13155,INC-13235,train,0
13156,INC-13236,train,1
13157,INC-13237,train,0
13158,INC-13238,train,0
13159,INC-13239,train,0
13160,INC-13240,test,0
13161,INC-13241,train,0
13162,INC-13242,test,0
13163,INC-13243,train,1
13164,INC-13244,test,0
13165,INC-13245,train,0
13166,INC-13246,train,0
13167,INC-13247,train,0
13168,INC-13248,train,0
13169,INC-13249,train,0
13170,INC-13250,train,1
13171,INC-13251,test,1
13172,INC-13252,train,0
13173,INC-13253,test,0
13174,INC-13254,train,0
13175,INC-13255,test,0
13176,INC-13256,train,0
13177,INC-13257,train,0
13178,INC-13258,train,0
13179,INC-13259,test,0
13180,INC-13260,train,0
13181,INC-13261,test,1
13182,INC-13262,train,0
13183,INC-13263,train,1
13184,INC-13264,train,0
13185,INC-13265,train,0
13186,INC-13266,train,0
13187,INC-13267,train,0
13188,INC-13268,test,0
13189,INC-13269,test,0
13190,INC-13270,train,0
13191,INC-13271,train,1
13192,INC-13272,test,0
13193,INC-13273,train,0
13194,INC-13274,train,0
13195,INC-13275,test,0
13196,INC-13276,test,0
13197,INC-13277,train,1
13198,INC-13278,train,1
13199,INC-13279,train,1
13200,INC-13280,train,0
13201,INC-13281,train,1
13202,INC-13282,test,0
13203,INC-13283,train,0
13204,INC-13284,train,0
13205,INC-13285,test,0
13206,INC-13286,train,0
13207,INC-13287,test,1
13208,INC-13288,test,1
13209,INC-13289,train,0
13210,INC-13290,train,0
13211,INC-13291,train,1
13212,INC-13292,train,0
13213,INC-13293,train,1
13214,INC-13294,train,0
13215,INC-13295,train,0
13216,INC-13296,train,0
13217,INC-13297,train,0
13218,INC-13298,train,0
13219,INC-13299,train,0
13220,INC-13300,train,0
13221,INC-13301,train,0
13222,INC-13302,train,0
13223,INC-13303,train,0
13224,INC-13304,train,0
13225,INC-13305,train,1
13226,INC-13306,train,0
13227,INC-13307,test,0
13228,INC-13308,test,0
13229,INC-13309,train,0
13230,INC-13310,test,1
13231,INC-13311,train,1
13232,INC-13312,train,1
13233,INC-13313,train,0
13234,INC-13314,train,0
13235,INC-13315,train,0
13236,INC-13316,train,0
13237,INC-13317,test,0
13238,INC-13318,train,1
13239,INC-13319,train,0
13240,INC-13320,train,0
13241,INC-13321,train,0
13242,INC-13322,train,0
13243,INC-13323,train,1
13244,INC-13324,train,0
13245,INC-13325,test,0
13246,INC-13326,train,0
13247,INC-13327,train,0
13248,INC-13328,train,0
13249,INC-13329,train,0
13250,INC-13330,test,1
13251,INC-13331,train,1
13252,INC-13332,train,0
13253,INC-13333,train,0
13254,INC-13334,train,0
13255,INC-13335,train,0
13256,INC-13336,train,0
13257,INC-13337,train,0
13258,INC-13338,train,1
13259,INC-13339,train,1
13260,INC-13340,train,1
13261,INC-13341,train,0
13262,INC-13342,train,0
13263,INC-13343,train,1
13264,INC-13344,train,0
13265,INC-13345,train,0
13266,INC-13346,train,1
13267,INC-13347,test,0
13268,INC-13348,train,1
13269,INC-13349,train,1
13270,INC-13350,test,0
13271,INC-13351,train,0
13272,INC-13352,train,0
13273,INC-13353,train,0
13274,INC-13354,train,0
13275,INC-13355,train,0
13276,INC-13356,train,1
13277,INC-13357,test,1
13278,INC-13358,test,0
13279,INC-13359,train,0
13280,INC-13360,train,0
13281,INC-13361,train,0
13282,INC-13362,train,1
13283,INC-13363,test,0
13284,INC-13364,test,0
13285,INC-13365,train,1
13286,INC-13366,train,0
13287,INC-13367,train,0
13288,INC-13368,train,1
13289,INC-13369,test,0
13290,INC-13370,train,0
13291,INC-13371,train,0
13292,INC-13372,train,0
13293,INC-13373,train,1
13294,INC-13374,train,0
13295,INC-13375,train,0
13296,INC-13376,train,0
13297,INC-13377,train,0
13298,INC-13378,train,0
13299,INC-13379,train,0
13300,INC-13380,train,0
13301,INC-13381,train,0
13302,INC-13382,train,0
13303,INC-13383,train,0
13304,INC-13384,train,1
13305,INC-13385,train,1
13306,INC-13386,train,0
13307,INC-13387,train,0
13308,INC-13388,train,1
13309,INC-13389,train,1
13310,INC-13390,train,0
13311,INC-13391,train,0
13312,INC-13392,train,0
13313,INC-13393,test,1
13314,INC-13394,train,0
13315,INC-13395,train,1
13316,INC-13396,train,0
13317,INC-13397,train,0
13318,INC-13398,train,1
13319,INC-13399,train,0
13320,INC-13400,test,1
13321,INC-13401,train,0
13322,INC-13402,train,0
13323,INC-13403,test,0
13324,INC-13404,train,0
13325,INC-13405,train,0
13326,INC-13406,train,0
13327,INC-13407,train,1
13328,INC-13408,test,0
13329,INC-13409,train,0
13330,INC-13410,train,1
13331,INC-13411,train,0
13332,INC-13412,test,0
13333,INC-13413,train,0
13334,INC-13414,test,0
13335,INC-13415,train,0
13336,INC-13416,train,0
13337,INC-13417,train,1
13338,INC-13418,train,0
13339,INC-13419,train,0
13340,INC-13420,train,0
13341,INC-13421,train,0
13342,INC-13422,test,0
13343,INC-13423,train,0
13344,INC-13424,test,0
13345,INC-13425,test,0
13346,INC-13426,train,0
13347,INC-13427,train,0
13348,INC-13428,train,1
13349,INC-13429,train,1
13350,INC-13430,test,1
13351,INC-13431,test,0
13352,INC-13432,train,1
13353,INC-13433,test,0
13354,INC-13434,train,1
13355,INC-13435,train,0
13356,INC-13436,train,1
13357,INC-13437,train,0
13358,INC-13438,train,1
13359,INC-13439,train,1
13360,INC-13440,test,0
13361,INC-13441,train,0
13362,INC-13442,train,1
13363,INC-13443,train,0
13364,INC-13444,train,0
13365,INC-13445,train,0
13366,INC-13446,train,0
13367,INC-13447,test,0
13368,INC-13448,test,0
13369,INC-13449,train,0
13370,INC-13450,train,1
13371,INC-13451,train,0
13372,INC-13452,train,0
13373,INC-13453,train,0
13374,INC-13454,train,0
13375,INC-13455,train,1
13376,INC-13456,train,0
13377,INC-13457,train,1
13378,INC-13458,train,0
13379,INC-13459,train,0
13380,INC-13460,train,1
13381,INC-13461,train,0
13382,INC-13462,test,0
13383,INC-13463,train,1
13384,INC-13464,test,0
13385,INC-13465,train,0
13386,INC-13466,train,1
13387,INC-13467,train,0
13388,INC-13468,test,0
13389,INC-13469,train,0
13390,INC-13470,train,1
13391,INC-13471,train,0
13392,INC-13472,train,0
13393,INC-13473,test,0
13394,INC-13474,test,0
13395,INC-13475,train,0
13396,INC-13476,test,1
13397,INC-13477,train,0
13398,INC-13478,test,0
13399,INC-13479,train,0
13400,INC-13480,test,0
13401,INC-13481,test,1
13402,INC-13482,test,0
13403,INC-13483,train,0
13404,INC-13484,train,1
13405,INC-13485,test,0
13406,INC-13486,train,0
13407,INC-13487,train,0
13408,INC-13488,train,0
13409,INC-13489,train,0
13410,INC-13490,test,0
13411,INC-13491,train,0
13412,INC-13492,test,1
13413,INC-13493,train,0
13414,INC-13494,train,0
13415,INC-13495,test,0
13416,INC-13496,train,0
13417,INC-13497,train,0
13418,INC-13498,train,0
13419,INC-13499,train,0
13420,INC-13500,train,0
13421,INC-13501,train,1
13422,INC-13502,train,0
13423,INC-13503,train,1
13424,INC-13504,test,0
13425,INC-13505,train,0
13426,INC-13506,train,0
13427,INC-13507,train,0
13428,INC-13508,train,0
13429,INC-13509,train,0
13430,INC-13510,train,1
13431,INC-13511,train,0
13432,INC-13512,train,1
13433,INC-13513,train,0
13434,INC-13514,train,0
13435,INC-13515,train,0
13436,INC-13516,train,1
13437,INC-13517,train,0
13438,INC-13518,train,0
13439,INC-13519,train,0
13440,INC-13520,test,0
13441,INC-13521,train,0
13442,INC-13522,train,0
13443,INC-13523,train,0
13444,INC-13524,test,0
13445,INC-13525,train,1
13446,INC-13526,train,1
13447,INC-13527,train,0
13448,INC-13528,train,0
13449,INC-13529,train,1
13450,INC-13530,test,0
13451,INC-13531,train,0
13452,INC-13532,train,1
13453,INC-13533,train,0
13454,INC-13534,train,0
13455,INC-13535,train,0
13456,INC-13536,train,0
13457,INC-13537,train,0
13458,INC-13538,train,0
13459,INC-13539,train,0
13460,INC-13540,train,0
13461,INC-13541,train,0
13462,INC-13542,train,0
13463,INC-13543,train,0
13464,INC-13544,test,0
13465,INC-13545,train,1
13466,INC-13546,test,0
13467,INC-13547,train,1
13468,INC-13548,train,0
13469,INC-13549,train,0
13470,INC-13550,train,0
13471,INC-13551,train,0
13472,INC-13552,train,0
13473,INC-13553,train,1
13474,INC-13554,train,0
13475,INC-13555,train,0
13476,INC-13556,train,0
13477,INC-13557,train,0
13478,INC-13558,train,0
13479,INC-13559,test,0
13480,INC-13560,test,0
13481,INC-13561,train,0
13482,INC-13562,train,0
13483,INC-13563,train,0
13484,INC-13564,train,0
13485,INC-13565,train,0
13486,INC-13566,test,0
13487,INC-13567,train,0
13488,INC-13568,test,0
13489,INC-13569,train,0
13490,INC-13570,train,0
13491,INC-13571,train,1
13492,INC-13572,train,1
13493,INC-13573,train,1
13494,INC-13574,train,1
13495,INC-13575,train,0
13496,INC-13576,test,1
13497,INC-13577,train,1
13498,INC-13578,test,0
13499,INC-13579,train,0
13500,INC-13580,train,1
13501,INC-13581,test,0
13502,INC-13582,train,0
13503,INC-13583,train,0
13504,INC-13584,train,1
13505,INC-13585,train,0
13506,INC-13586,train,1
13507,INC-13587,train,1
13508,INC-13588,test,0
13509,INC-13589,train,1
13510,INC-13590,test,0
13511,INC-13591,test,0
13512,INC-13592,train,0
13513,INC-13593,train,0
13514,INC-13594,train,0
13515,INC-13595,train,1
13516,INC-13596,test,0
13517,INC-13597,train,1
13518,INC-13598,train,0
13519,INC-13599,train,0
13520,INC-13600,train,0
13521,INC-13601,train,0
13522,INC-13602,train,1
13523,INC-13603,train,1
13524,INC-13604,train,0
13525,INC-13605,train,0
13526,INC-13606,train,1
13527,INC-13607,train,0
13528,INC-13608,train,0
13529,INC-13609,test,0
13530,INC-13610,train,0
13531,INC-13611,test,0
13532,INC-13612,train,0
13533,INC-13613,test,1
13534,INC-13614,test,1
13535,INC-13615,test,0
13536,INC-13616,test,0
13537,INC-13617,train,0
13538,INC-13618,test,0
13539,INC-13619,test,0
13540,INC-13620,train,0
13541,INC-13621,train,0
13542,INC-13622,train,0
13543,INC-13623,train,0
13544,INC-13624,train,1
13545,INC-13625,train,1
13546,INC-13626,train,1
13547,INC-13627,train,1
13548,INC-13628,train,1
13549,INC-13629,train,1
13550,INC-13630,train,1
13551,INC-13631,train,0
13552,INC-13632,train,0
13553,INC-13633,test,1
13554,INC-13634,test,0
13555,INC-13635,train,0
13556,INC-13636,train,0
13557,INC-13637,train,0
13558,INC-13638,test,0
13559,INC-13639,train,1
13560,INC-13640,train,0
13561,INC-13641,train,1
13562,INC-13642,train,1
13563,INC-13643,train,0
13564,INC-13644,train,0
13565,INC-13645,train,0
13566,INC-13646,train,0
13567,INC-13647,test,1
13568,INC-13648,train,0
13569,INC-13649,train,0
13570,INC-13650,train,1
13571,INC-13651,train,0
13572,INC-13652,train,1
13573,INC-13653,train,0
13574,INC-13654,test,0
13575,INC-13655,train,1
13576,INC-13656,train,0
13577,INC-13657,train,0
13578,INC-13658,train,0
13579,INC-13659,train,0
13580,INC-13660,train,0
13581,INC-13661,train,0
13582,INC-13662,train,1
13583,INC-13663,test,1
13584,INC-13664,train,1
13585,INC-13665,train,0
13586,INC-13666,test,0
13587,INC-13667,test,0
13588,INC-13668,train,0
13589,INC-13669,train,0
13590,INC-13670,train,0
13591,INC-13671,train,0
13592,INC-13672,train,0
13593,INC-13673,test,0
13594,INC-13674,test,0
13595,INC-13675,test,1
13596,INC-13676,train,0
13597,INC-13677,train,0
13598,INC-13678,test,1
13599,INC-13679,train,0
13600,INC-13680,train,1
13601,INC-13681,test,0
13602,INC-13682,train,0
13603,INC-13683,train,0
13604,INC-13684,train,1
13605,INC-13685,train,0
13606,INC-13686,train,1
13607,INC-13687,train,0
13608,INC-13688,train,0
13609,INC-13689,train,0
13610,INC-13690,train,1
13611,INC-13691,train,0
13612,INC-13692,train,0
13613,INC-13693,train,0
13614,INC-13694,train,0
13615,INC-13695,train,0
13616,INC-13696,train,0
13617,INC-13697,train,0
13618,INC-13698,train,0
13619,INC-13699,train,1
13620,INC-13700,train,0
13621,INC-13701,test,0
13622,INC-13702,train,0
13623,INC-13703,train,0
13624,INC-13704,train,0
13625,INC-13705,train,1
13626,INC-13706,train,1
13627,INC-13707,train,0
13628,INC-13708,train,1
13629,INC-13709,test,1
13630,INC-13710,train,0
13631,INC-13711,train,0
13632,INC-13712,test,0
13633,INC-13713,train,0
13634,INC-13714,train,0
13635,INC-13715,train,0
13636,INC-13716,train,1
13637,INC-13717,train,1
13638,INC-13718,train,1
13639,INC-13719,train,0
13640,INC-13720,train,1
13641,INC-13721,test,1
13642,INC-13722,train,0
13643,INC-13723,train,0
13644,INC-13724,train,1
13645,INC-13725,test,0
13646,INC-13726,train,0
13647,INC-13727,train,0
13648,INC-13728,test,0
13649,INC-13729,train,0
13650,INC-13730,train,0
13651,INC-13731,train,0
13652,INC-13732,train,1
13653,INC-13733,train,0
13654,INC-13734,train,1
13655,INC-13735,train,1
13656,INC-13736,train,0
13657,INC-13737,train,1
13658,INC-13738,train,1
13659,INC-13739,train,0
13660,INC-13740,train,0
13661,INC-13741,train,0
13662,INC-13742,train,0
13663,INC-13743,train,0
13664,INC-13744,train,1
13665,INC-13745,train,0
13666,INC-13746,train,0
13667,INC-13747,test,0
13668,INC-13748,train,0
13669,INC-13749,train,0
13670,INC-13750,train,0
13671,INC-13751,train,0
13672,INC-13752,train,0
13673,INC-13753,test,0
13674,INC-13754,train,0
13675,INC-13755,train,0
13676,INC-13756,train,0
13677,INC-13757,train,0
13678,INC-13758,test,0
13679,INC-13759,train,0
13680,INC-13760,train,0
13681,INC-13761,train,0
13682,INC-13762,train,0
13683,INC-13763,train,0
13684,INC-13764,test,0
13685,INC-13765,train,0
13686,INC-13766,train,0
13687,INC-13767,train,1
13688,INC-13768,train,0
13689,INC-13769,test,0
13690,INC-13770,train,0
13691,INC-13771,train,0
13692,INC-13772,train,0
13693,INC-13773,train,0
13694,INC-13774,train,0
13695,INC-13775,train,0
13696,INC-13776,train,0
13697,INC-13777,train,0
13698,INC-13778,test,0
13699,INC-13779,train,0
13700,INC-13780,test,1
13701,INC-13781,train,0
13702,INC-13782,train,1
13703,INC-13783,train,0
13704,INC-13784,train,0
13705,INC-13785,train,0
13706,INC-13786,train,0
13707,INC-13787,train,0
13708,INC-13788,train,0
13709,INC-13789,train,0
13710,INC-13790,train,0
13711,INC-13791,test,0
13712,INC-13792,train,1
13713,INC-13793,train,0
13714,INC-13794,train,0
13715,INC-13795,test,0
13716,INC-13796,train,0
13717,INC-13797,train,0
13718,INC-13798,train,0
13719,INC-13799,train,1
13720,INC-13800,train,0
13721,INC-13801,train,0
13722,INC-13802,train,0
13723,INC-13803,train,0
13724,INC-13804,train,0
13725,INC-13805,test,0
13726,INC-13806,test,0
13727,INC-13807,test,0
13728,INC-13808,train,1
13729,INC-13809,train,0
13730,INC-13810,train,0
13731,INC-13811,train,1
13732,INC-13812,train,0
13733,INC-13813,train,0
13734,INC-13814,train,0
13735,INC-13815,test,0
13736,INC-13816,train,0
13737,INC-13817,test,1
13738,INC-13818,train,1
13739,INC-13819,train,0
13740,INC-13820,train,1
13741,INC-13821,train,0
13742,INC-13822,train,0
13743,INC-13823,train,0
13744,INC-13824,test,0
13745,INC-13825,test,0
13746,INC-13826,test,1
13747,INC-13827,train,1
13748,INC-13828,train,0
13749,INC-13829,test,0
13750,INC-13830,train,1
13751,INC-13831,train,0
13752,INC-13832,train,0
13753,INC-13833,test,1
13754,INC-13834,train,0
13755,INC-13835,train,0
13756,INC-13836,train,0
13757,INC-13837,train,0
13758,INC-13838,train,0
13759,INC-13839,test,0
13760,INC-13840,train,0
13761,INC-13841,train,0
13762,INC-13842,train,0
13763,INC-13843,test,1
13764,INC-13844,test,0
13765,INC-13845,train,0
13766,INC-13846,train,0
13767,INC-13847,train,0
13768,INC-13848,train,1
13769,INC-13849,train,0
13770,INC-13850,train,0
13771,INC-13851,train,1
13772,INC-13852,train,0
13773,INC-13853,train,0
13774,INC-13854,train,0
13775,INC-13855,train,0
13776,INC-13856,train,1
13777,INC-13857,train,0
13778,INC-13858,train,0
13779,INC-13859,train,0
13780,INC-13860,train,0
13781,INC-13861,train,0
13782,INC-13862,train,1
13783,INC-13863,train,0
13784,INC-13864,train,1
13785,INC-13865,train,0
13786,INC-13866,train,0
13787,INC-13867,train,1
13788,INC-13868,train,0
13789,INC-13869,train,0
13790,INC-13870,train,0
13791,INC-13871,train,1
13792,INC-13872,test,0
13793,INC-13873,train,0
13794,INC-13874,train,0
13795,INC-13875,test,1
13796,INC-13876,train,1
13797,INC-13877,train,0
13798,INC-13878,train,0
13799,INC-13879,train,0
13800,INC-13880,test,0
13801,INC-13881,train,0
13802,INC-13882,train,0
13803,INC-13883,train,0
13804,INC-13884,train,0
13805,INC-13885,train,1
13806,INC-13886,train,0
13807,INC-13887,train,0
13808,INC-13888,train,0
13809,INC-13889,train,0
13810,INC-13890,train,0
13811,INC-13891,train,1
13812,INC-13892,train,1
13813,INC-13893,train,0
13814,INC-13894,train,0
13815,INC-13895,test,0
13816,INC-13896,train,0
13817,INC-13897,test,0
13818,INC-13898,train,1
13819,INC-13899,test,0
13820,INC-13900,test,0
13821,INC-13901,train,0
13822,INC-13902,test,0
13823,INC-13903,train,0
13824,INC-13904,train,0
13825,INC-13905,train,1
13826,INC-13906,train,0
13827,INC-13907,train,0
13828,INC-13908,train,0
13829,INC-13909,train,0
13830,INC-13910,train,1
13831,INC-13911,train,1
13832,INC-13912,train,0
13833,INC-13913,train,0
13834,INC-13914,train,0
13835,INC-13915,train,1
13836,INC-13916,train,0
13837,INC-13917,train,1
13838,INC-13918,train,0
13839,INC-13919,train,0
13840,INC-13920,train,1
13841,INC-13921,train,0
13842,INC-13922,test,1
13843,INC-13923,test,0
13844,INC-13924,train,1
13845,INC-13925,test,0
13846,INC-13926,train,0
13847,INC-13927,test,0
13848,INC-13928,test,1
13849,INC-13929,train,0
13850,INC-13930,train,1
13851,INC-13931,train,1
13852,INC-13932,train,0
13853,INC-13933,test,0
13854,INC-13934,test,0
13855,INC-13935,train,0
13856,INC-13936,train,0
13857,INC-13937,test,0
13858,INC-13938,train,0
13859,INC-13939,test,1
13860,INC-13940,train,1
13861,INC-13941,train,0
13862,INC-13942,train,0
13863,INC-13943,train,0
13864,INC-13944,test,0
13865,INC-13945,test,1
13866,INC-13946,train,0
13867,INC-13947,train,0
13868,INC-13948,train,0
13869,INC-13949,train,1
13870,INC-13950,train,0
13871,INC-13951,test,0
13872,INC-13952,test,0
13873,INC-13953,test,0
13874,INC-13954,train,0
13875,INC-13955,train,0
13876,INC-13956,train,1
13877,INC-13957,train,0
13878,INC-13958,test,0
13879,INC-13959,test,1
13880,INC-13960,train,0
13881,INC-13961,train,1
13882,INC-13962,train,0
13883,INC-13963,train,0
13884,INC-13964,train,0
13885,INC-13965,train,0
13886,INC-13966,train,0
13887,INC-13967,train,0
13888,INC-13968,test,0
13889,INC-13969,train,0
13890,INC-13970,train,0
13891,INC-13971,test,0
13892,INC-13972,test,0
13893,INC-13973,train,0
13894,INC-13974,train,1
13895,INC-13975,train,0
13896,INC-13976,train,0
13897,INC-13977,train,1
13898,INC-13978,train,0
13899,INC-13979,train,0
13900,INC-13980,train,1
13901,INC-13981,train,0
13902,INC-13982,train,0
13903,INC-13983,test,1
13904,INC-13984,train,1
13905,INC-13985,train,1
13906,INC-13986,train,0
13907,INC-13987,test,0
13908,INC-13988,train,0
13909,INC-13989,train,1
13910,INC-13990,train,0
13911,INC-13991,train,0
13912,INC-13992,test,0
13913,INC-13993,train,0
13914,INC-13994,train,0
13915,INC-13995,train,0
13916,INC-13996,train,0
13917,INC-13997,train,1
13918,INC-13998,train,1
13919,INC-13999,train,0
13920,INC-14000,train,1
13921,INC-14001,train,0
13922,INC-14002,train,0
13923,INC-14003,train,1
13924,INC-14004,train,0
13925,INC-14005,train,0
13926,INC-14006,train,0
13927,INC-14007,train,0
13928,INC-14008,train,0
13929,INC-14009,train,0
13930,INC-14010,train,0
13931,INC-14011,train,0
13932,INC-14012,test,0
13933,INC-14013,train,0
13934,INC-14014,test,0
13935,INC-14015,train,0
13936,INC-14016,train,0
13937,INC-14017,train,1
13938,INC-14018,train,0
13939,INC-14019,test,0
13940,INC-14020,train,0
13941,INC-14021,train,0
13942,INC-14022,train,0
13943,INC-14023,train,0
13944,INC-14024,train,0
13945,INC-14025,train,0
13946,INC-14026,test,0
13947,INC-14027,train,0
13948,INC-14028,train,0
13949,INC-14029,train,0
13950,INC-14030,train,0
13951,INC-14031,train,0
13952,INC-14032,train,1
13953,INC-14033,train,1
13954,INC-14034,test,1
13955,INC-14035,train,1
13956,INC-14036,train,0
13957,INC-14037,train,1
13958,INC-14038,train,0
13959,INC-14039,train,0
13960,INC-14040,test,0
13961,INC-14041,train,0
13962,INC-14042,train,1
13963,INC-14043,train,1
13964,INC-14044,train,0
13965,INC-14045,train,1
13966,INC-14046,train,0
13967,INC-14047,train,0
13968,INC-14048,train,0
13969,INC-14049,test,0
13970,INC-14050,test,0
13971,INC-14051,train,1
13972,INC-14052,test,0
13973,INC-14053,train,0
13974,INC-14054,train,0
13975,INC-14055,train,0
13976,INC-14056,test,0
13977,INC-14057,train,0
13978,INC-14058,test,0
13979,INC-14059,train,0
13980,INC-14060,test,0
13981,INC-14061,test,0
13982,INC-14062,train,0
13983,INC-14063,train,0
13984,INC-14064,test,0
13985,INC-14065,test,0
13986,INC-14066,train,0
13987,INC-14067,train,1
13988,INC-14068,train,0
13989,INC-14069,train,0
13990,INC-14070,train,1
13991,INC-14071,train,0
13992,INC-14072,train,0
13993,INC-14073,train,0
13994,INC-14074,train,0
13995,INC-14075,train,0
13996,INC-14076,train,0
13997,INC-14077,train,0
13998,INC-14078,train,0
13999,INC-14079,train,1
14000,INC-14080,train,1
14001,INC-14081,train,0
14002,INC-14082,train,0
14003,INC-14083,train,0
14004,INC-14084,train,0
14005,INC-14085,test,0
14006,INC-14086,train,0
14007,INC-14087,train,0
14008,INC-14088,train,1
14009,INC-14089,train,1
14010,INC-14090,train,0
14011,INC-14091,train,0
14012,INC-14092,train,0
14013,INC-14093,train,0
14014,INC-14094,test,0
14015,INC-14095,train,0
14016,INC-14096,train,0
14017,INC-14097,train,1
14018,INC-14098,train,0
14019,INC-14099,train,0
14020,INC-14101,train,0
14021,INC-14102,test,0
14022,INC-14103,train,0
14023,INC-14104,train,0
14024,INC-14105,train,0
14025,INC-14106,train,0
14026,INC-14107,train,0
14027,INC-14108,train,0
14028,INC-14109,train,0
14029,INC-14110,train,0
14030,INC-14111,train,1
14031,INC-14112,test,0
14032,INC-14113,train,1
14033,INC-14114,train,0
14034,INC-14115,train,0
14035,INC-14116,train,0
14036,INC-14117,train,0
14037,INC-14118,train,0
14038,INC-14119,train,0
14039,INC-14120,train,0
14040,INC-14121,train,0
14041,INC-14122,train,0
14042,INC-14123,train,0
14043,INC-14124,test,0
14044,INC-14125,train,1
14045,INC-14126,train,0
14046,INC-14127,test,0
14047,INC-14128,train,0
14048,INC-14129,train,0
14049,INC-14130,train,0
14050,INC-14131,train,1
14051,INC-14132,train,0
14052,INC-14133,train,1
14053,INC-14134,train,0
14054,INC-14135,train,1
14055,INC-14136,train,1
14056,INC-14137,train,1
14057,INC-14138,test,0
14058,INC-14139,train,0
14059,INC-14140,train,0
14060,INC-14141,train,0
14061,INC-14142,train,0
14062,INC-14143,train,0
14063,INC-14144,train,1
14064,INC-14145,test,1
14065,INC-14146,test,0
14066,INC-14147,train,0
14067,INC-14148,train,0
14068,INC-14149,train,0
14069,INC-14150,train,0
14070,INC-14151,train,0
14071,INC-14152,train,0
14072,INC-14153,train,0
14073,INC-14154,train,0
14074,INC-14155,test,0
14075,INC-14156,train,0
14076,INC-14157,train,1
14077,INC-14158,train,1
14078,INC-14159,train,0
14079,INC-14160,train,0
14080,INC-14161,train,0
14081,INC-14162,train,1
14082,INC-14163,train,1
14083,INC-14164,train,1
14084,INC-14165,test,1
14085,INC-14166,train,1
14086,INC-14167,train,1
14087,INC-14168,test,0
14088,INC-14169,train,1
14089,INC-14170,train,1
14090,INC-14171,train,0
14091,INC-14172,train,0
14092,INC-14173,train,0
14093,INC-14174,train,1
14094,INC-14175,train,0
14095,INC-14176,train,0
14096,INC-14177,train,1
14097,INC-14178,test,0
14098,INC-14179,train,0
14099,INC-14180,train,0
14100,INC-14181,train,0
14101,INC-14182,train,1
14102,INC-14183,train,1
14103,INC-14184,train,0
14104,INC-14185,train,0
14105,INC-14186,train,1
14106,INC-14187,test,0
14107,INC-14188,train,0
14108,INC-14189,train,0
14109,INC-14190,train,0
14110,INC-14191,train,0
14111,INC-14192,test,0
14112,INC-14193,train,0
14113,INC-14194,train,1
14114,INC-14195,test,0
14115,INC-14196,test,0
14116,INC-14197,test,0
14117,INC-14198,train,0
14118,INC-14199,test,0
14119,INC-14200,train,0
14120,INC-14201,train,0
14121,INC-14202,test,1
14122,INC-14203,train,0
14123,INC-14204,train,0
14124,INC-14205,train,0
14125,INC-14206,train,0
14126,INC-14207,test,1
14127,INC-14208,train,0
14128,INC-14209,train,0
14129,INC-14210,train,0
14130,INC-14211,train,0
14131,INC-14212,train,0
14132,INC-14213,test,1
14133,INC-14214,train,0
14134,INC-14215,test,0
14135,INC-14216,train,0
14136,INC-14217,train,1
14137,INC-14218,train,1
14138,INC-14219,train,0
14139,INC-14220,test,0
14140,INC-14221,train,0
14141,INC-14222,train,0
14142,INC-14223,test,1
14143,INC-14224,train,1
14144,INC-14225,train,0
14145,INC-14226,test,0
14146,INC-14227,test,0
14147,INC-14228,train,0
14148,INC-14229,train,0
14149,INC-14230,train,0
14150,INC-14231,train,0
14151,INC-14232,train,0
14152,INC-14233,train,0
14153,INC-14234,train,0
14154,INC-14235,test,0
14155,INC-14236,train,1
14156,INC-14237,train,0
14157,INC-14238,test,0
14158,INC-14239,train,0
14159,INC-14240,train,0
14160,INC-14241,test,1
14161,INC-14242,train,0
14162,INC-14243,test,0
14163,INC-14244,train,1
14164,INC-14245,train,0
14165,INC-14246,test,1
14166,INC-14247,train,0
14167,INC-14248,train,1
14168,INC-14249,train,0
14169,INC-14250,train,0
14170,INC-14251,train,0
14171,INC-14252,train,0
14172,INC-14253,train,0
14173,INC-14254,train,0
14174,INC-14255,train,0
14175,INC-14256,train,0
14176,INC-14257,test,0
14177,INC-14258,train,0
14178,INC-14259,test,1
14179,INC-14260,test,0
14180,INC-14261,train,0
14181,INC-14262,train,0
14182,INC-14263,train,0
14183,INC-14264,train,0
14184,INC-14265,train,0
14185,INC-14266,train,1
14186,INC-14267,train,0
14187,INC-14268,train,1
14188,INC-14269,test,0
14189,INC-14270,train,0
14190,INC-14271,train,0
14191,INC-14272,train,0
14192,INC-14273,train,1
14193,INC-14274,test,0
14194,INC-14275,train,1
14195,INC-14276,train,1
14196,INC-14277,train,0
14197,INC-14278,train,1
14198,INC-14279,test,1
14199,INC-14280,test,0
14200,INC-14281,train,0
14201,INC-14282,train,0
14202,INC-14283,train,0
14203,INC-14284,train,0
14204,INC-14285,train,0
14205,INC-14286,train,0
14206,INC-14287,train,0
14207,INC-14288,train,0
14208,INC-14289,train,1
14209,INC-14290,train,0
14210,INC-14291,train,0
14211,INC-14292,train,0
14212,INC-14293,train,1
14213,INC-14294,test,0
14214,INC-14295,test,0
14215,INC-14296,train,0
14216,INC-14297,train,0
14217,INC-14298,train,0
14218,INC-14299,test,0
14219,INC-14300,train,0
14220,INC-14301,train,0
14221,INC-14302,train,0
14222,INC-14303,train,0
14223,INC-14304,train,0
14224,INC-14305,test,0
14225,INC-14306,train,0
14226,INC-14307,train,0
14227,INC-14308,test,0
14228,INC-14309,train,0
14229,INC-14310,test,0
14230,INC-14311,train,0
14231,INC-14312,train,0
14232,INC-14313,train,0
14233,INC-14314,train,0
14234,INC-14315,train,0
14235,INC-14316,train,0
14236,INC-14317,train,0
14237,INC-14318,test,0
14238,INC-14319,test,0
14239,INC-14320,train,0
14240,INC-14321,train,1
14241,INC-14322,test,1
14242,INC-14323,test,1
14243,INC-14324,train,1
14244,INC-14325,train,0
14245,INC-14326,train,0
14246,INC-14327,train,0
14247,INC-14328,train,0
14248,INC-14329,train,0
14249,INC-14330,train,1
14250,INC-14331,test,0
14251,INC-14332,train,0
14252,INC-14333,train,0
14253,INC-14334,train,0
14254,INC-14335,test,0
14255,INC-14336,train,0
14256,INC-14337,test,0
14257,INC-14338,train,0
14258,INC-14339,test,1
14259,INC-14340,train,0
14260,INC-14341,train,0
14261,INC-14342,train,0
14262,INC-14343,train,0
14263,INC-14344,test,0
14264,INC-14345,train,0
14265,INC-14346,train,0
14266,INC-14347,train,1
14267,INC-14348,train,0
14268,INC-14349,train,1
14269,INC-14351,test,0
14270,INC-14352,test,1
14271,INC-14353,train,1
14272,INC-14354,train,0
14273,INC-14355,train,0
14274,INC-14356,train,1
14275,INC-14357,train,0
14276,INC-14358,train,0
14277,INC-14359,test,0
14278,INC-14360,train,0
14279,INC-14361,train,0
14280,INC-14362,train,0
14281,INC-14363,train,1
14282,INC-14364,train,0
14283,INC-14365,test,0
14284,INC-14366,test,0
14285,INC-14367,train,0
14286,INC-14368,train,0
14287,INC-14369,train,1
14288,INC-14370,train,0
14289,INC-14371,train,0
14290,INC-14372,train,0
14291,INC-14373,train,0
14292,INC-14374,train,0
14293,INC-14375,train,0
14294,INC-14376,train,0
14295,INC-14377,test,1
14296,INC-14378,train,0
14297,INC-14379,train,0
14298,INC-14380,train,0
14299,INC-14381,test,1
14300,INC-14382,test,0
14301,INC-14383,train,0
14302,INC-14384,train,0
14303,INC-14385,train,0
14304,INC-14386,train,0
14305,INC-14387,test,0
14306,INC-14388,train,0
14307,INC-14389,train,0
14308,INC-14390,train,0
14309,INC-14391,train,0
14310,INC-14392,train,0
14311,INC-14393,train,0
14312,INC-14394,train,0
14313,INC-14395,train,0
14314,INC-14396,train,0
14315,INC-14397,train,0
14316,INC-14398,train,0
14317,INC-14399,train,0
14318,INC-14400,train,0
14319,INC-14401,train,0
14320,INC-14402,train,1
14321,INC-14403,train,0
14322,INC-14404,train,0
14323,INC-14405,train,0
14324,INC-14406,train,0
14325,INC-14407,train,1
14326,INC-14408,train,0
14327,INC-14409,test,0
14328,INC-14410,train,0
14329,INC-14411,test,0
14330,INC-14412,train,0
14331,INC-14413,train,1
14332,INC-14414,test,0
14333,INC-14415,test,0
14334,INC-14416,train,0
14335,INC-14417,train,0
14336,INC-14418,test,0
14337,INC-14419,train,1
14338,INC-14420,test,0
14339,INC-14421,train,0
14340,INC-14422,train,0
14341,INC-14423,train,0
14342,INC-14424,train,0
14343,INC-14425,train,1
14344,INC-14426,train,1
14345,INC-14427,test,0
14346,INC-14428,test,0
14347,INC-14429,train,1
14348,INC-14430,train,0
14349,INC-14431,train,0
14350,INC-14432,train,0
14351,INC-14433,train,0
14352,INC-14434,test,0
14353,INC-14435,train,0
14354,INC-14436,train,0
14355,INC-14437,train,0
14356,INC-14438,train,0
14357,INC-14439,train,0
14358,INC-14440,train,0
14359,INC-14441,train,0
14360,INC-14442,train,0
14361,INC-14443,train,0
14362,INC-14444,test,1
14363,INC-14445,train,0
14364,INC-14446,train,0
14365,INC-14447,train,0
14366,INC-14448,train,0
14367,INC-14449,train,0
14368,INC-14450,train,0
14369,INC-14451,train,0
14370,INC-14452,train,0
14371,INC-14453,test,1
14372,INC-14454,test,0
14373,INC-14455,train,1
14374,INC-14456,train,0
14375,INC-14457,train,0
14376,INC-14458,train,1
14377,INC-14459,train,0
14378,INC-14460,train,0
14379,INC-14461,train,0
14380,INC-14462,train,1
14381,INC-14463,train,0
14382,INC-14464,train,0
14383,INC-14465,train,1
14384,INC-14466,test,0
14385,INC-14467,test,0
14386,INC-14468,train,0
14387,INC-14469,train,0
14388,INC-14470,test,0
14389,INC-14471,train,0
14390,INC-14472,train,0
14391,INC-14473,train,0
14392,INC-14474,train,0
14393,INC-14475,train,0
14394,INC-14476,train,0
14395,INC-14477,train,0
14396,INC-14478,train,1
14397,INC-14479,train,0
14398,INC-14480,train,0
14399,INC-14481,train,0
14400,INC-14482,train,0
14401,INC-14483,train,0
14402,INC-14484,train,0
14403,INC-14485,train,1
14404,INC-14486,train,1
14405,INC-14487,train,0
14406,INC-14488,train,0
14407,INC-14489,train,1
14408,INC-14490,train,0
14409,INC-14491,train,1
14410,INC-14492,train,0
14411,INC-14493,train,0
14412,INC-14494,test,1
14413,INC-14495,test,0
14414,INC-14496,train,1
14415,INC-14497,train,0
14416,INC-14498,train,1
14417,INC-14499,train,0
14418,INC-14500,train,0
14419,INC-14501,train,1
14420,INC-14502,test,0
14421,INC-14503,train,1
14422,INC-14504,train,0
14423,INC-14505,train,0
14424,INC-14506,train,1
14425,INC-14507,train,0
14426,INC-14508,train,0
14427,INC-14509,train,0
14428,INC-14510,train,0
14429,INC-14511,train,0
14430,INC-14512,train,0
14431,INC-14513,train,0
14432,INC-14514,train,0
14433,INC-14515,train,0
14434,INC-14516,train,1
14435,INC-14517,train,0
14436,INC-14518,train,0
14437,INC-14519,train,0
14438,INC-14520,train,0
14439,INC-14521,train,1
14440,INC-14522,test,0
14441,INC-14523,train,0
14442,INC-14524,train,0
14443,INC-14525,train,1
14444,INC-14526,train,0
14445,INC-14527,train,0
14446,INC-14528,test,0
14447,INC-14529,train,0
14448,INC-14530,test,1
14449,INC-14531,train,0
14450,INC-14532,train,0
14451,INC-14533,train,0
14452,INC-14534,train,0
14453,INC-14535,test,0
14454,INC-14536,train,1
14455,INC-14537,train,0
14456,INC-14538,test,0
14457,INC-14539,train,0
14458,INC-14540,train,0
14459,INC-14541,test,0
14460,INC-14542,train,1
14461,INC-14543,train,1
14462,INC-14544,test,0
14463,INC-14545,train,0
14464,INC-14546,train,0
14465,INC-14547,train,0
14466,INC-14548,test,1
14467,INC-14549,train,1
14468,INC-14550,train,0
14469,INC-14551,test,0
14470,INC-14552,train,1
14471,INC-14553,test,0
14472,INC-14554,train,0
14473,INC-14555,train,1
14474,INC-14556,train,0
14475,INC-14557,train,0
14476,INC-14558,train,0
14477,INC-14559,train,0
14478,INC-14560,test,0
14479,INC-14561,train,0
14480,INC-14562,train,1
14481,INC-14563,train,0
14482,INC-14564,test,0
14483,INC-14565,train,0
14484,INC-14566,train,0
14485,INC-14567,train,1
14486,INC-14568,train,0
14487,INC-14569,train,0
14488,INC-14570,train,0
14489,INC-14571,train,0
14490,INC-14572,train,0
14491,INC-14573,train,0
14492,INC-14574,test,0
14493,INC-14575,test,0
14494,INC-14576,train,0
14495,INC-14577,train,0
14496,INC-14578,test,0
14497,INC-14579,train,0
14498,INC-14580,test,0
14499,INC-14581,train,0
14500,INC-14582,test,1
14501,INC-14583,test,0
14502,INC-14584,train,0
14503,INC-14585,train,0
14504,INC-14586,train,1
14505,INC-14587,train,0
14506,INC-14588,train,0
14507,INC-14589,train,0
14508,INC-14590,train,1
14509,INC-14591,train,1
14510,INC-14592,train,0
14511,INC-14593,train,1
14512,INC-14594,train,1
14513,INC-14595,test,0
14514,INC-14596,train,0
14515,INC-14597,train,0
14516,INC-14598,train,0
14517,INC-14599,train,0
14518,INC-14600,train,0
14519,INC-14601,train,1
14520,INC-14602,train,1
14521,INC-14603,train,0
14522,INC-14604,train,1
14523,INC-14605,train,1
14524,INC-14606,train,0
14525,INC-14607,test,0
14526,INC-14608,train,1
14527,INC-14609,train,1
14528,INC-14610,train,0
14529,INC-14611,train,0
14530,INC-14612,train,0
14531,INC-14613,train,0
14532,INC-14614,train,1
14533,INC-14615,test,0
14534,INC-14616,train,0
14535,INC-14617,train,0
14536,INC-14618,test,1
14537,INC-14619,train,0
14538,INC-14620,train,0
14539,INC-14621,test,1
14540,INC-14622,train,0
14541,INC-14623,train,0
14542,INC-14624,train,1
14543,INC-14625,train,0
14544,INC-14626,train,1
14545,INC-14627,train,0
14546,INC-14628,test,1
14547,INC-14629,test,0
14548,INC-14630,train,0
14549,INC-14631,train,0
14550,INC-14632,train,0
14551,INC-14633,train,1
14552,INC-14634,train,0
14553,INC-14635,train,0
14554,INC-14636,train,1
14555,INC-14637,train,0
14556,INC-14638,train,0
14557,INC-14639,train,0
14558,INC-14640,test,0
14559,INC-14641,train,1
14560,INC-14642,test,0
14561,INC-14643,test,0
14562,INC-14644,train,0
14563,INC-14645,train,0
14564,INC-14646,test,0
14565,INC-14647,train,0
14566,INC-14648,train,0
14567,INC-14649,train,0
14568,INC-14650,train,0
14569,INC-14651,train,0
14570,INC-14652,train,1
14571,INC-14653,test,0
14572,INC-14654,train,0
14573,INC-14655,train,0
14574,INC-14656,test,0
14575,INC-14657,train,0
14576,INC-14658,train,1
14577,INC-14659,train,0
14578,INC-14660,test,0
14579,INC-14661,train,0
14580,INC-14662,train,0
14581,INC-14663,train,0
14582,INC-14664,train,0
14583,INC-14665,train,1
14584,INC-14666,train,1
14585,INC-14667,train,1
14586,INC-14668,train,1
14587,INC-14669,train,0
14588,INC-14670,train,1
14589,INC-14671,test,0
14590,INC-14672,train,0
14591,INC-14673,train,0
14592,INC-14674,train,0
14593,INC-14675,test,0
14594,INC-14676,train,0
14595,INC-14677,train,0
14596,INC-14678,train,0
14597,INC-14679,test,1
14598,INC-14680,test,1
14599,INC-14681,train,0
14600,INC-14682,train,0
14601,INC-14683,train,0
14602,INC-14684,train,0
14603,INC-14685,train,0
14604,INC-14686,train,1
14605,INC-14687,train,0
14606,INC-14688,test,0
14607,INC-14689,train,0
14608,INC-14690,train,0
14609,INC-14691,train,0
14610,INC-14692,train,0
14611,INC-14693,train,0
14612,INC-14694,train,0
14613,INC-14695,train,0
14614,INC-14696,train,0
14615,INC-14697,train,0
14616,INC-14698,test,0
14617,INC-14699,test,0
14618,INC-14700,test,0
14619,INC-14701,train,0
14620,INC-14702,train,0
14621,INC-14703,train,0
14622,INC-14704,train,1
14623,INC-14705,test,0
14624,INC-14706,train,1
14625,INC-14707,test,0
14626,INC-14708,train,0
14627,INC-14709,train,0
14628,INC-14710,test,0
14629,INC-14711,train,0
14630,INC-14712,train,0
14631,INC-14713,test,0
14632,INC-14714,test,0
14633,INC-14715,train,1
14634,INC-14716,train,1
14635,INC-14717,train,0
14636,INC-14718,test,0
14637,INC-14719,test,0
14638,INC-14720,train,0
14639,INC-14721,train,0
14640,INC-14722,train,0
14641,INC-14723,train,0
14642,INC-14724,train,0
14643,INC-14725,train,1
14644,INC-14726,train,1
14645,INC-14727,train,0
14646,INC-14728,train,0
14647,INC-14729,train,0
14648,INC-14730,train,1
14649,INC-14731,train,0
14650,INC-14732,train,0
14651,INC-14733,train,0
14652,INC-14734,train,0
14653,INC-14735,test,0
14654,INC-14736,train,0
14655,INC-14737,test,0
14656,INC-14738,test,0
14657,INC-14739,train,1
14658,INC-14740,train,1
14659,INC-14741,test,0
14660,INC-14742,test,1
14661,INC-14743,train,0
14662,INC-14744,train,0
14663,INC-14745,train,1
14664,INC-14746,train,0
14665,INC-14747,train,0
14666,INC-14748,train,0
14667,INC-14749,test,0
14668,INC-14750,test,0
14669,INC-14751,train,0
14670,INC-14752,test,0
14671,INC-14753,train,0
14672,INC-14754,train,0
14673,INC-14755,train,0
14674,INC-14756,train,1
14675,INC-14757,train,0
14676,INC-14758,train,0
14677,INC-14759,train,0
14678,INC-14760,train,1
14679,INC-14761,test,0
14680,INC-14762,train,0
14681,INC-14763,train,1
14682,INC-14764,train,0
14683,INC-14765,train,0
14684,INC-14766,train,1
14685,INC-14767,train,1
14686,INC-14768,train,0
14687,INC-14769,train,0
14688,INC-14770,train,0
14689,INC-14771,train,0
14690,INC-14772,test,0
14691,INC-14773,train,0
14692,INC-14774,train,0
14693,INC-14775,train,0
14694,INC-14776,train,1
14695,INC-14777,train,0
14696,INC-14778,train,0
14697,INC-14779,train,0
14698,INC-14780,train,0
14699,INC-14781,train,1
14700,INC-14782,train,0
14701,INC-14783,train,0
14702,INC-14784,train,0
14703,INC-14785,train,0
14704,INC-14786,train,0
14705,INC-14787,test,0
14706,INC-14788,test,0
14707,INC-14789,train,0
14708,INC-14790,train,1
14709,INC-14791,train,1
14710,INC-14792,train,0
14711,INC-14793,train,0
14712,INC-14794,train,1
14713,INC-14795,train,0
14714,INC-14796,test,0
14715,INC-14797,train,1
14716,INC-14798,train,0
14717,INC-14799,train,0
14718,INC-14800,train,0
14719,INC-14801,train,0
14720,INC-14802,train,0
14721,INC-14803,train,0
14722,INC-14804,train,0
14723,INC-14805,train,0
14724,INC-14806,train,0
14725,INC-14807,train,0
14726,INC-14808,train,0
14727,INC-14809,train,1
14728,INC-14810,train,0
14729,INC-14811,train,0
14730,INC-14812,train,1
14731,INC-14813,train,0
14732,INC-14814,train,0
14733,INC-14815,test,0
14734,INC-14816,train,1
14735,INC-14817,train,1
14736,INC-14818,test,0
14737,INC-14819,train,0
14738,INC-14820,train,0
14739,INC-14821,train,0
14740,INC-14822,train,0
14741,INC-14823,train,0
14742,INC-14824,train,0
14743,INC-14825,test,0
14744,INC-14826,test,0
14745,INC-14827,test,0
14746,INC-14828,test,1
14747,INC-14829,train,0
14748,INC-14830,train,1
14749,INC-14831,train,0
14750,INC-14832,train,0
14751,INC-14833,train,1
14752,INC-14834,train,0
14753,INC-14835,test,1
14754,INC-14836,train,1
14755,INC-14837,train,1
14756,INC-14838,train,0
14757,INC-14839,train,0
14758,INC-14840,train,0
14759,INC-14841,test,0
14760,INC-14842,train,1
14761,INC-14843,train,1
14762,INC-14844,test,1
14763,INC-14845,train,0
14764,INC-14846,train,0
14765,INC-14847,train,0
14766,INC-14848,test,0
14767,INC-14849,test,0
14768,INC-14850,train,1
14769,INC-14851,train,1
14770,INC-14852,train,0
14771,INC-14853,train,0
14772,INC-14854,test,0
14773,INC-14855,train,0
14774,INC-14856,train,0
14775,INC-14857,train,1
14776,INC-14858,train,0
14777,INC-14859,test,0
14778,INC-14860,test,0
14779,INC-14861,test,1
14780,INC-14862,train,0
14781,INC-14863,train,0
14782,INC-14864,train,1
14783,INC-14865,train,0
14784,INC-14866,train,0
14785,INC-14867,test,0
14786,INC-14868,train,0
14787,INC-14869,train,0
14788,INC-14870,train,0
14789,INC-14871,train,0
14790,INC-14872,train,0
14791,INC-14873,train,0
14792,INC-14874,train,0
14793,INC-14875,train,1
14794,INC-14876,test,0
14795,INC-14877,train,0
14796,INC-14878,train,1
14797,INC-14879,train,0
14798,INC-14880,train,0
14799,INC-14881,train,0
14800,INC-14882,test,0
14801,INC-14883,train,0
14802,INC-14884,train,1
14803,INC-14885,train,0
14804,INC-14886,train,0
14805,INC-14887,train,0
14806,INC-14888,train,0
14807,INC-14889,train,1
14808,INC-14890,train,0
14809,INC-14891,train,0
14810,INC-14892,test,0
14811,INC-14893,train,0
14812,INC-14894,train,0
14813,INC-14895,train,1
14814,INC-14896,test,0
14815,INC-14897,train,1
14816,INC-14898,train,0
14817,INC-14899,test,0
14818,INC-14900,train,0
14819,INC-14901,train,0
14820,INC-14902,test,0
14821,INC-14903,train,0
14822,INC-14904,train,0
14823,INC-14905,train,0
14824,INC-14906,test,0
14825,INC-14907,train,0
14826,INC-14908,train,0
14827,INC-14909,train,0
14828,INC-14910,test,0
14829,INC-14911,train,0
14830,INC-14912,train,0
14831,INC-14913,train,0
14832,INC-14914,test,1
14833,INC-14915,test,0
14834,INC-14916,train,0
14835,INC-14917,train,1
14836,INC-14918,train,0
14837,INC-14919,train,0
14838,INC-14920,train,0
14839,INC-14921,train,1
14840,INC-14922,train,0
14841,INC-14923,train,1
14842,INC-14924,train,0
14843,INC-14925,test,1
14844,INC-14926,train,0
14845,INC-14927,test,0
14846,INC-14928,train,1
14847,INC-14929,train,0
14848,INC-14930,train,0
14849,INC-14931,train,1
14850,INC-14932,test,0
14851,INC-14933,test,0
14852,INC-14934,train,0
14853,INC-14935,train,0
14854,INC-14936,train,0
14855,INC-14937,train,0
14856,INC-14938,train,0
14857,INC-14939,train,0
14858,INC-14940,train,0
14859,INC-14941,train,0
14860,INC-14942,test,0
14861,INC-14943,train,0
14862,INC-14944,train,1
14863,INC-14945,train,0
14864,INC-14946,train,0
14865,INC-14947,train,0
14866,INC-14948,train,0
14867,INC-14949,train,1
14868,INC-14950,train,1
14869,INC-14951,test,1
14870,INC-14952,train,1
14871,INC-14953,train,0
14872,INC-14954,train,0
14873,INC-14955,train,0
14874,INC-14956,train,0
14875,INC-14957,train,0
14876,INC-14958,train,1
14877,INC-14959,train,0
14878,INC-14960,train,0
14879,INC-14961,train,0
14880,INC-14962,train,0
14881,INC-14963,test,1
14882,INC-14964,test,0
14883,INC-14965,train,1
14884,INC-14966,test,0
14885,INC-14967,train,0
14886,INC-14968,test,0
14887,INC-14969,train,0
14888,INC-14970,train,1
14889,INC-14971,test,0
14890,INC-14972,train,0
14891,INC-14973,test,0
14892,INC-14974,test,0
14893,INC-14975,train,0
14894,INC-14976,train,0
14895,INC-14977,train,0
14896,INC-14978,train,0
14897,INC-14979,train,0
14898,INC-14980,train,0
14899,INC-14981,train,0
14900,INC-14982,train,0
14901,INC-14983,train,0
14902,INC-14984,train,0
14903,INC-14985,train,0
14904,INC-14986,train,0
14905,INC-14987,train,0
14906,INC-14988,test,0
14907,INC-14989,train,0
14908,INC-14990,test,0
14909,INC-14991,test,0
14910,INC-14992,train,0
14911,INC-14993,test,1
14912,INC-14994,test,1
14913,INC-14995,train,0
14914,INC-14996,train,0
14915,INC-14997,train,0
14916,INC-14998,train,0
14917,INC-14999,test,0
14918,INC-15000,train,1
14919,INC-15001,test,0
14920,INC-15002,train,0
14921,INC-15003,train,0
14922,INC-15004,train,0
14923,INC-15005,train,0
14924,INC-15006,train,1
14925,INC-15007,test,0
14926,INC-15008,test,0
14927,INC-15009,train,0
14928,INC-15010,test,0
14929,INC-15011,train,0
14930,INC-15012,train,0
14931,INC-15013,train,0
14932,INC-15014,train,0
14933,INC-15015,train,0
14934,INC-15016,train,0
14935,INC-15017,train,0
14936,INC-15018,train,0
14937,INC-15019,test,0
14938,INC-15020,train,0
14939,INC-15021,test,0
14940,INC-15022,train,0
14941,INC-15023,train,0
14942,INC-15024,train,0
14943,INC-15025,test,0
14944,INC-15026,train,0
14945,INC-15027,train,0
14946,INC-15028,train,0
14947,INC-15029,test,0
14948,INC-15030,train,0
14949,INC-15031,train,0
14950,INC-15032,train,0
14951,INC-15033,train,1
14952,INC-15034,train,0
14953,INC-15035,test,1
14954,INC-15036,test,0
14955,INC-15037,train,1
14956,INC-15038,train,0
14957,INC-15039,train,1
14958,INC-15040,train,1
14959,INC-15041,train,1
14960,INC-15042,train,0
14961,INC-15043,train,0
14962,INC-15044,train,0
14963,INC-15045,train,0
14964,INC-15046,train,0
14965,INC-15047,train,0
14966,INC-15048,train,0
14967,INC-15049,train,1
14968,INC-15050,train,0
14969,INC-15051,test,0
14970,INC-15052,train,0
14971,INC-15053,test,0
14972,INC-15054,train,0
14973,INC-15055,train,0
14974,INC-15056,train,0
14975,INC-15057,train,0
14976,INC-15058,train,0
14977,INC-15059,test,0
14978,INC-15060,test,0
14979,INC-15061,train,0
14980,INC-15062,train,0
14981,INC-15063,test,0
14982,INC-15064,train,0
14983,INC-15065,train,0
14984,INC-15066,train,0
14985,INC-15067,train,0
14986,INC-15068,train,1
14987,INC-15069,train,0
14988,INC-15070,test,1
14989,INC-15071,test,1
14990,INC-15072,train,1
14991,INC-15073,train,0
14992,INC-15074,train,0
14993,INC-15075,train,0
14994,INC-15076,test,0
14995,INC-15077,train,0
14996,INC-15078,train,0
14997,INC-15079,test,1
14998,INC-15080,train,0
14999,INC-15081,train,0
15000,INC-15082,train,0
15001,INC-15083,train,0
15002,INC-15084,train,0
15003,INC-15085,train,1
15004,INC-15086,train,0
15005,INC-15087,train,0
15006,INC-15088,train,1
15007,INC-15089,train,0
15008,INC-15090,train,0
15009,INC-15091,train,1
15010,INC-15092,test,1
15011,INC-15093,train,0
15012,INC-15094,train,0
15013,INC-15095,train,0
15014,INC-15096,train,0
15015,INC-15097,train,0
15016,INC-15098,test,0
15017,INC-15099,train,0
15018,INC-15100,train,0
15019,INC-15101,train,0
15020,INC-15102,train,1
15021,INC-15103,train,1
15022,INC-15104,train,0
15023,INC-15105,test,0
15024,INC-15106,train,0
15025,INC-15107,train,0
15026,INC-15108,train,0
15027,INC-15109,test,0
15028,INC-15110,train,0
15029,INC-15111,train,0
15030,INC-15112,train,0
15031,INC-15113,train,1
15032,INC-15114,test,0
15033,INC-15115,train,0
15034,INC-15116,train,0
15035,INC-15117,train,0
15036,INC-15118,train,0
15037,INC-15119,train,0
15038,INC-15120,train,0
15039,INC-15121,test,0
15040,INC-15122,train,1
15041,INC-15123,train,0
15042,INC-15124,train,0
15043,INC-15125,test,0
15044,INC-15126,train,0
15045,INC-15127,train,0
15046,INC-15128,train,0
15047,INC-15129,train,1
15048,INC-15130,train,0
15049,INC-15131,test,0
15050,INC-15132,train,0
15051,INC-15133,train,0
15052,INC-15134,train,0
15053,INC-15135,train,0
15054,INC-15136,train,0
15055,INC-15137,train,1
15056,INC-15138,train,0
15057,INC-15139,train,0
15058,INC-15140,train,0
15059,INC-15141,test,1
15060,INC-15142,train,0
15061,INC-15143,train,0
15062,INC-15144,train,0
15063,INC-15145,train,0
15064,INC-15146,train,0
15065,INC-15147,train,1
15066,INC-15148,train,0
15067,INC-15149,train,0
15068,INC-15150,train,1
15069,INC-15151,train,0
15070,INC-15152,train,0
15071,INC-15153,train,0
15072,INC-15154,train,0
15073,INC-15155,train,0
15074,INC-15156,train,0
15075,INC-15157,train,0
15076,INC-15158,train,0
15077,INC-15159,train,0
15078,INC-15160,train,1
15079,INC-15161,train,0
15080,INC-15162,test,0
15081,INC-15163,train,0
15082,INC-15164,test,0
15083,INC-15165,train,0
15084,INC-15166,train,0
15085,INC-15167,train,0
15086,INC-15168,train,0
15087,INC-15169,train,0
15088,INC-15170,train,0
15089,INC-15171,test,0
15090,INC-15172,test,0
15091,INC-15173,train,0
15092,INC-15174,train,0
15093,INC-15175,test,0
15094,INC-15176,train,0
15095,INC-15177,train,1
15096,INC-15178,train,0
15097,INC-15179,train,0
15098,INC-15180,train,0
15099,INC-15181,train,0
15100,INC-15182,test,0
15101,INC-15183,train,0
15102,INC-15184,test,0
15103,INC-15185,train,0
15104,INC-15186,train,0
15105,INC-15187,train,1
15106,INC-15188,test,0
15107,INC-15189,train,0
15108,INC-15190,train,1
15109,INC-15191,train,0
15110,INC-15192,train,0
15111,INC-15193,train,0
15112,INC-15194,train,0
15113,INC-15195,test,0
15114,INC-15196,train,0
15115,INC-15197,train,1
15116,INC-15198,train,1
15117,INC-15199,test,0
15118,INC-15200,train,0
15119,INC-15201,test,0
15120,INC-15202,test,0
15121,INC-15203,train,1
15122,INC-15204,test,0
15123,INC-15205,test,0
15124,INC-15206,train,0
15125,INC-15207,train,0
15126,INC-15208,train,0
15127,INC-15209,train,0
15128,INC-15210,train,0
15129,INC-15211,test,0
15130,INC-15212,test,1
15131,INC-15213,train,0
15132,INC-15214,train,1
15133,INC-15215,train,0
15134,INC-15216,train,0
15135,INC-15217,train,0
15136,INC-15218,test,0
15137,INC-15219,train,0
15138,INC-15220,test,0
15139,INC-15221,train,1
15140,INC-15222,train,0
15141,INC-15223,train,0
15142,INC-15224,test,0
15143,INC-15225,train,1
15144,INC-15226,train,0
15145,INC-15227,train,0
15146,INC-15228,train,0
15147,INC-15229,train,1
15148,INC-15230,test,0
15149,INC-15231,train,0
15150,INC-15232,train,0
15151,INC-15233,train,0
15152,INC-15234,train,0
15153,INC-15235,test,0
15154,INC-15236,train,0
15155,INC-15237,test,0
15156,INC-15238,train,0
15157,INC-15239,train,1
15158,INC-15240,train,0
15159,INC-15241,train,1
15160,INC-15242,train,0
15161,INC-15243,train,0
15162,INC-15244,train,0
15163,INC-15245,train,0
15164,INC-15246,train,1
15165,INC-15247,train,0
15166,INC-15248,train,0
15167,INC-15249,train,0
15168,INC-15250,test,0
15169,INC-15251,train,0
15170,INC-15252,train,1
15171,INC-15253,train,0
15172,INC-15254,train,1
15173,INC-15255,test,1
15174,INC-15256,train,1
15175,INC-15257,train,1
15176,INC-15258,train,1
15177,INC-15259,train,0
15178,INC-15260,train,1
15179,INC-15261,train,0
15180,INC-15262,train,1
15181,INC-15263,train,0
15182,INC-15264,train,0
15183,INC-15265,train,0
15184,INC-15266,train,0
15185,INC-15267,test,1
15186,INC-15268,train,1
15187,INC-15269,train,1
15188,INC-15270,train,0
15189,INC-15271,train,0
15190,INC-15272,train,0
15191,INC-15273,train,0
15192,INC-15274,train,0
15193,INC-15275,train,0
15194,INC-15276,train,0
15195,INC-15277,train,1
15196,INC-15278,test,0
15197,INC-15279,train,0
15198,INC-15280,train,0
15199,INC-15281,train,0
15200,INC-15282,test,0
15201,INC-15283,train,1
15202,INC-15284,train,0
15203,INC-15285,train,0
15204,INC-15286,test,0
15205,INC-15287,train,0
15206,INC-15288,train,0
15207,INC-15289,train,0
15208,INC-15290,train,0
15209,INC-15291,train,0
15210,INC-15292,train,0
15211,INC-15293,train,0
15212,INC-15294,train,0
15213,INC-15295,train,0
15214,INC-15296,train,1
15215,INC-15297,train,0
15216,INC-15298,train,0
15217,INC-15299,train,0
15218,INC-15300,test,0
15219,INC-15301,train,0
15220,INC-15302,train,1
15221,INC-15303,test,0
15222,INC-15304,train,0
15223,INC-15305,test,0
15224,INC-15306,train,0
15225,INC-15307,train,0
15226,INC-15308,train,0
15227,INC-15309,test,1
15228,INC-15310,train,0
15229,INC-15311,test,0
15230,INC-15312,test,0
15231,INC-15313,test,0
15232,INC-15314,test,0
15233,INC-15315,train,0
15234,INC-15316,train,0
15235,INC-15317,test,0
15236,INC-15318,train,0
15237,INC-15319,train,0
15238,INC-15320,train,0
15239,INC-15321,train,0
15240,INC-15322,train,0
15241,INC-15323,train,0
15242,INC-15324,train,0
15243,INC-15325,test,0
15244,INC-15326,train,0
15245,INC-15327,test,0
15246,INC-15328,train,0
15247,INC-15329,train,0
15248,INC-15330,train,0
15249,INC-15331,train,0
15250,INC-15332,train,0
15251,INC-15333,test,0
15252,INC-15334,test,0
15253,INC-15335,train,0
15254,INC-15336,train,0
15255,INC-15337,train,0
15256,INC-15338,train,0
15257,INC-15339,train,1
15258,INC-15340,test,0
15259,INC-15341,train,1
15260,INC-15342,train,1
15261,INC-15343,train,0
15262,INC-15344,train,0
15263,INC-15345,train,0
15264,INC-15346,test,0
15265,INC-15347,train,0
15266,INC-15348,train,0
15267,INC-15349,test,1
15268,INC-15350,train,1
15269,INC-15351,train,1
15270,INC-15352,test,0
15271,INC-15353,test,0
15272,INC-15354,test,0
15273,INC-15355,test,0
15274,INC-15356,train,0
15275,INC-15357,train,1
15276,INC-15358,train,0
15277,INC-15359,train,0
15278,INC-15360,train,0
15279,INC-15361,train,1
15280,INC-15362,train,0
15281,INC-15363,train,0
15282,INC-15364,test,0
15283,INC-15365,train,0
15284,INC-15366,train,0
15285,INC-15367,train,0
15286,INC-15368,train,0
15287,INC-15369,train,0
15288,INC-15370,train,0
15289,INC-15371,test,0
15290,INC-15372,test,0
15291,INC-15373,train,0
15292,INC-15374,train,0
15293,INC-15375,train,0
15294,INC-15376,train,1
15295,INC-15377,test,0
15296,INC-15378,train,0
15297,INC-15379,train,0
15298,INC-15380,train,0
15299,INC-15381,train,0
15300,INC-15382,test,0
15301,INC-15383,train,0
15302,INC-15384,train,1
15303,INC-15385,train,1
15304,INC-15386,train,0
15305,INC-15387,train,0
15306,INC-15388,train,1
15307,INC-15389,train,0
15308,INC-15390,train,0
15309,INC-15391,test,0
15310,INC-15392,train,0
15311,INC-15393,train,0
15312,INC-15394,train,0
15313,INC-15395,train,0
15314,INC-15396,train,0
15315,INC-15397,train,0
15316,INC-15398,train,0
15317,INC-15399,train,0
15318,INC-15400,train,1
15319,INC-15401,test,0
15320,INC-15402,test,0
15321,INC-15403,test,1
15322,INC-15404,train,0
15323,INC-15405,train,0
15324,INC-15406,train,0
15325,INC-15407,train,0
15326,INC-15408,train,0
15327,INC-15409,train,0
15328,INC-15410,test,0
15329,INC-15411,train,0
15330,INC-15412,train,0
15331,INC-15413,train,0
15332,INC-15414,test,1
15333,INC-15415,train,0
15334,INC-15416,train,0
15335,INC-15417,test,1
15336,INC-15418,train,0
15337,INC-15419,train,1
15338,INC-15420,train,0
15339,INC-15421,train,0
15340,INC-15422,train,1
15341,INC-15423,test,0
15342,INC-15424,train,0
15343,INC-15425,train,0
15344,INC-15426,train,0
15345,INC-15427,test,0
15346,INC-15428,train,0
15347,INC-15429,train,0
15348,INC-15430,train,1
15349,INC-15431,train,0
15350,INC-15432,train,1
15351,INC-15433,train,0
15352,INC-15434,train,1
15353,INC-15435,test,1
15354,INC-15436,train,1
15355,INC-15437,train,1
15356,INC-15438,train,0
15357,INC-15439,test,0
15358,INC-15440,train,0
15359,INC-15441,train,1
15360,INC-15442,test,1
15361,INC-15443,test,0
15362,INC-15444,train,0
15363,INC-15445,train,0
15364,INC-15446,train,1
15365,INC-15447,train,0
15366,INC-15448,test,1
15367,INC-15449,train,0
15368,INC-15450,train,0
15369,INC-15451,train,0
15370,INC-15452,train,0
15371,INC-15453,train,0
15372,INC-15454,train,0
15373,INC-15455,train,0
15374,INC-15456,test,0
15375,INC-15457,train,1
15376,INC-15458,train,0
15377,INC-15459,train,0
15378,INC-15460,train,0
15379,INC-15461,train,0
15380,INC-15462,train,0
15381,INC-15463,train,0
15382,INC-15464,train,0
15383,INC-15465,train,0
15384,INC-15466,train,0
15385,INC-15467,train,1
15386,INC-15468,train,0
15387,INC-15469,test,0
15388,INC-15470,train,0
15389,INC-15471,train,0
15390,INC-15472,train,0
15391,INC-15473,train,0
15392,INC-15474,train,0
15393,INC-15475,train,0
15394,INC-15476,test,0
15395,INC-15477,train,0
15396,INC-15478,test,0
15397,INC-15479,test,0
15398,INC-15480,train,0
15399,INC-15481,train,1
15400,INC-15482,train,1
15401,INC-15483,train,0
15402,INC-15484,test,0
15403,INC-15485,train,0
15404,INC-15486,train,0
15405,INC-15487,test,0
15406,INC-15488,train,0
15407,INC-15489,train,1
15408,INC-15490,train,0
15409,INC-15491,train,1
15410,INC-15492,train,0
15411,INC-15493,test,1
15412,INC-15494,train,1
15413,INC-15495,train,0
15414,INC-15496,train,0
15415,INC-15497,train,1
15416,INC-15498,train,0
15417,INC-15499,test,0
15418,INC-15500,train,0
15419,INC-15501,train,0
15420,INC-15502,train,0
15421,INC-15503,train,0
15422,INC-15504,train,0
15423,INC-15505,train,1
15424,INC-15506,train,0
15425,INC-15507,train,0
15426,INC-15508,train,0
15427,INC-15509,test,0
15428,INC-15510,train,0
15429,INC-15511,test,1
15430,INC-15512,test,1
15431,INC-15513,train,0
15432,INC-15514,train,0
15433,INC-15515,train,0
15434,INC-15516,train,0
15435,INC-15517,train,0
15436,INC-15518,train,0
15437,INC-15519,train,0
15438,INC-15520,train,1
15439,INC-15521,train,1
15440,INC-15522,train,0
15441,INC-15523,train,0
15442,INC-15524,train,0
15443,INC-15525,test,0
15444,INC-15526,train,0
15445,INC-15527,train,0
15446,INC-15528,train,1
15447,INC-15529,train,0
15448,INC-15530,test,1
15449,INC-15531,test,0
15450,INC-15532,train,1
15451,INC-15533,train,0
15452,INC-15534,train,0
15453,INC-15535,train,0
15454,INC-15536,train,0
15455,INC-15537,train,0
15456,INC-15538,train,0
15457,INC-15539,train,0
15458,INC-15540,train,0
15459,INC-15541,train,1
15460,INC-15542,train,1
15461,INC-15543,train,0
15462,INC-15544,test,1
15463,INC-15545,test,0
15464,INC-15546,train,1
15465,INC-15547,train,0
15466,INC-15548,train,0
15467,INC-15549,train,0
15468,INC-15550,test,0
15469,INC-15551,train,0
15470,INC-15552,train,0
15471,INC-15553,test,0
15472,INC-15554,test,1
15473,INC-15555,train,0
15474,INC-15556,train,0
15475,INC-15557,train,0
15476,INC-15558,train,0
15477,INC-15559,test,0
15478,INC-15560,test,1
15479,INC-15561,test,0
15480,INC-15562,train,0
15481,INC-15563,train,0
15482,INC-15564,train,0
15483,INC-15565,train,1
15484,INC-15566,train,1
15485,INC-15567,train,0
15486,INC-15568,train,0
15487,INC-15569,train,0
15488,INC-15570,train,1
15489,INC-15571,train,0
15490,INC-15572,train,1
15491,INC-15573,train,0
15492,INC-15574,test,1
15493,INC-15575,test,0
15494,INC-15576,train,0
15495,INC-15577,train,0
15496,INC-15578,train,0
15497,INC-15579,train,0
15498,INC-15580,train,0
15499,INC-15581,train,0
15500,INC-15582,test,0
15501,INC-15583,train,0
15502,INC-15584,train,1
15503,INC-15585,train,0
15504,INC-15586,train,0
15505,INC-15587,train,0
15506,INC-15588,test,1
15507,INC-15589,train,0
15508,INC-15590,train,1
15509,INC-15591,train,0
15510,INC-15592,train,0
15511,INC-15593,train,0
15512,INC-15594,train,0
15513,INC-15595,train,0
15514,INC-15596,train,0
15515,INC-15597,train,0
15516,INC-15598,train,0
15517,INC-15599,train,0
15518,INC-15600,train,1
15519,INC-15601,test,0
15520,INC-15602,test,1
15521,INC-15603,train,0
15522,INC-15604,train,0
15523,INC-15605,test,0
15524,INC-15606,train,1
15525,INC-15607,train,0
15526,INC-15608,train,0
15527,INC-15609,train,0
15528,INC-15610,train,0
15529,INC-15611,test,0
15530,INC-15612,train,0
15531,INC-15613,train,0
15532,INC-15614,train,0
15533,INC-15615,train,0
15534,INC-15616,train,0
15535,INC-15617,train,0
15536,INC-15618,train,0
15537,INC-15619,train,0
15538,INC-15620,test,0
15539,INC-15621,train,0
15540,INC-15622,train,0
15541,INC-15623,train,1
15542,INC-15624,test,0
15543,INC-15625,test,1
15544,INC-15626,train,0
15545,INC-15627,train,0
15546,INC-15628,train,1
15547,INC-15629,test,0
15548,INC-15630,test,0
15549,INC-15631,train,0
15550,INC-15632,test,0
15551,INC-15633,test,0
15552,INC-15634,train,0
15553,INC-15635,train,0
15554,INC-15636,train,0
15555,INC-15637,train,1
15556,INC-15638,train,1
15557,INC-15639,train,0
15558,INC-15640,test,0
15559,INC-15641,train,0
15560,INC-15642,train,1
15561,INC-15643,train,0
15562,INC-15644,train,1
15563,INC-15645,train,0
15564,INC-15646,train,0
15565,INC-15647,train,0
15566,INC-15648,train,0
15567,INC-15649,train,0
15568,INC-15650,test,1
15569,INC-15651,train,1
15570,INC-15652,train,0
15571,INC-15653,train,1
15572,INC-15654,train,1
15573,INC-15655,train,1
15574,INC-15656,train,0
15575,INC-15657,train,0
15576,INC-15658,train,0
15577,INC-15659,train,0
15578,INC-15660,train,1
15579,INC-15661,train,0
15580,INC-15662,train,0
15581,INC-15663,train,1
15582,INC-15664,train,0
15583,INC-15665,train,1
15584,INC-15666,train,0
15585,INC-15667,test,0
15586,INC-15668,train,0
15587,INC-15669,train,0
15588,INC-15670,train,1
15589,INC-15671,train,0
15590,INC-15672,train,1
15591,INC-15673,train,0
15592,INC-15674,test,1
15593,INC-15675,train,1
15594,INC-15676,train,0
15595,INC-15677,train,0
15596,INC-15678,train,0
15597,INC-15679,test,0
15598,INC-15680,train,1
15599,INC-15681,test,0
15600,INC-15682,train,0
15601,INC-15683,train,0
15602,INC-15684,train,0
15603,INC-15685,test,0
15604,INC-15686,test,0
15605,INC-15687,test,0
15606,INC-15688,test,0
15607,INC-15689,train,0
15608,INC-15690,test,0
15609,INC-15691,test,0
15610,INC-15692,test,0
15611,INC-15693,train,1
15612,INC-15694,test,0
15613,INC-15695,train,0
15614,INC-15696,train,0
15615,INC-15697,train,1
15616,INC-15698,test,0
15617,INC-15699,train,0
15618,INC-15700,train,1
15619,INC-15701,test,0
15620,INC-15702,train,0
15621,INC-15703,train,0
15622,INC-15704,train,0
15623,INC-15705,train,0
15624,INC-15706,train,0
15625,INC-15707,train,0
15626,INC-15708,train,0
15627,INC-15709,test,0
15628,INC-15710,train,0
15629,INC-15711,train,0
15630,INC-15712,test,1
